dataset,domain,model,unique_id,ds,y,y_hat
synthetic_energy,energy,dummy_mean,energy_0,2024-01-10 00:00:00,14.319999999999995,12.15
synthetic_energy,energy,dummy_mean,energy_0,2024-01-10 01:00:00,14.987047612756283,12.15
synthetic_energy,energy,dummy_mean,energy_0,2024-01-10 02:00:00,15.609999999999985,12.15
synthetic_energy,energy,dummy_mean,energy_0,2024-01-10 03:00:00,16.14776695296637,12.15
synthetic_energy,energy,dummy_mean,energy_0,2024-01-10 04:00:00,16.5650635094611,12.15
synthetic_energy,energy,dummy_mean,energy_0,2024-01-10 05:00:00,16.834814565722667,12.15
synthetic_energy,energy,dummy_mean,energy_0,2024-01-10 06:00:00,16.94,12.15
synthetic_energy,energy,dummy_mean,energy_0,2024-01-10 07:00:00,16.87481456572267,12.15
synthetic_energy,energy,dummy_mean,energy_0,2024-01-10 08:00:00,16.645063509461103,12.15
synthetic_energy,energy,dummy_mean,energy_0,2024-01-10 09:00:00,16.267766952966376,12.15
synthetic_energy,energy,dummy_mean,energy_0,2024-01-10 10:00:00,15.770000000000003,12.15
synthetic_energy,energy,dummy_mean,energy_0,2024-01-10 11:00:00,15.18704761275632,12.15
synthetic_energy,energy,dummy_mean,energy_0,2024-01-10 12:00:00,14.560000000000015,12.15
synthetic_energy,energy,dummy_mean,energy_0,2024-01-10 13:00:00,13.93295238724371,12.15
synthetic_energy,energy,dummy_mean,energy_0,2024-01-10 14:00:00,13.34999999999999,12.15
synthetic_energy,energy,dummy_mean,energy_0,2024-01-10 15:00:00,12.852233047033636,12.15
synthetic_energy,energy,dummy_mean,energy_0,2024-01-10 16:00:00,12.474936490538903,12.15
synthetic_energy,energy,dummy_mean,energy_0,2024-01-10 17:00:00,12.245185434277328,12.15
synthetic_energy,energy,dummy_mean,energy_0,2024-01-10 18:00:00,12.18,12.15
synthetic_energy,energy,dummy_mean,energy_0,2024-01-10 19:00:00,12.285185434277327,12.15
synthetic_energy,energy,dummy_mean,energy_0,2024-01-10 20:00:00,12.554936490538902,12.15
synthetic_energy,energy,dummy_mean,energy_0,2024-01-10 21:00:00,12.972233047033619,12.15
synthetic_energy,energy,dummy_mean,energy_0,2024-01-10 22:00:00,13.50999999999999,12.15
synthetic_energy,energy,dummy_mean,energy_0,2024-01-10 23:00:00,14.132952387243687,12.15
synthetic_energy,energy,dummy_mean,energy_1,2024-01-10 00:00:00,15.319999999999995,13.15
synthetic_energy,energy,dummy_mean,energy_1,2024-01-10 01:00:00,15.987047612756283,13.15
synthetic_energy,energy,dummy_mean,energy_1,2024-01-10 02:00:00,16.609999999999985,13.15
synthetic_energy,energy,dummy_mean,energy_1,2024-01-10 03:00:00,17.14776695296637,13.15
synthetic_energy,energy,dummy_mean,energy_1,2024-01-10 04:00:00,17.5650635094611,13.15
synthetic_energy,energy,dummy_mean,energy_1,2024-01-10 05:00:00,17.834814565722667,13.15
synthetic_energy,energy,dummy_mean,energy_1,2024-01-10 06:00:00,17.94,13.15
synthetic_energy,energy,dummy_mean,energy_1,2024-01-10 07:00:00,17.87481456572267,13.15
synthetic_energy,energy,dummy_mean,energy_1,2024-01-10 08:00:00,17.645063509461103,13.15
synthetic_energy,energy,dummy_mean,energy_1,2024-01-10 09:00:00,17.267766952966376,13.15
synthetic_energy,energy,dummy_mean,energy_1,2024-01-10 10:00:00,16.770000000000003,13.15
synthetic_energy,energy,dummy_mean,energy_1,2024-01-10 11:00:00,16.18704761275632,13.15
synthetic_energy,energy,dummy_mean,energy_1,2024-01-10 12:00:00,15.560000000000015,13.15
synthetic_energy,energy,dummy_mean,energy_1,2024-01-10 13:00:00,14.93295238724371,13.15
synthetic_energy,energy,dummy_mean,energy_1,2024-01-10 14:00:00,14.34999999999999,13.15
synthetic_energy,energy,dummy_mean,energy_1,2024-01-10 15:00:00,13.852233047033636,13.15
synthetic_energy,energy,dummy_mean,energy_1,2024-01-10 16:00:00,13.474936490538905,13.15
synthetic_energy,energy,dummy_mean,energy_1,2024-01-10 17:00:00,13.245185434277328,13.15
synthetic_energy,energy,dummy_mean,energy_1,2024-01-10 18:00:00,13.18,13.15
synthetic_energy,energy,dummy_mean,energy_1,2024-01-10 19:00:00,13.285185434277327,13.15
synthetic_energy,energy,dummy_mean,energy_1,2024-01-10 20:00:00,13.5549364905389,13.15
synthetic_energy,energy,dummy_mean,energy_1,2024-01-10 21:00:00,13.972233047033619,13.15
synthetic_energy,energy,dummy_mean,energy_1,2024-01-10 22:00:00,14.50999999999999,13.15
synthetic_energy,energy,dummy_mean,energy_1,2024-01-10 23:00:00,15.132952387243687,13.15
synthetic_energy,energy,dummy_mean,energy_2,2024-01-10 00:00:00,16.319999999999993,14.15
synthetic_energy,energy,dummy_mean,energy_2,2024-01-10 01:00:00,16.987047612756285,14.15
synthetic_energy,energy,dummy_mean,energy_2,2024-01-10 02:00:00,17.609999999999985,14.15
synthetic_energy,energy,dummy_mean,energy_2,2024-01-10 03:00:00,18.14776695296637,14.15
synthetic_energy,energy,dummy_mean,energy_2,2024-01-10 04:00:00,18.5650635094611,14.15
synthetic_energy,energy,dummy_mean,energy_2,2024-01-10 05:00:00,18.834814565722667,14.15
synthetic_energy,energy,dummy_mean,energy_2,2024-01-10 06:00:00,18.94,14.15
synthetic_energy,energy,dummy_mean,energy_2,2024-01-10 07:00:00,18.87481456572267,14.15
synthetic_energy,energy,dummy_mean,energy_2,2024-01-10 08:00:00,18.645063509461103,14.15
synthetic_energy,energy,dummy_mean,energy_2,2024-01-10 09:00:00,18.267766952966376,14.15
synthetic_energy,energy,dummy_mean,energy_2,2024-01-10 10:00:00,17.770000000000003,14.15
synthetic_energy,energy,dummy_mean,energy_2,2024-01-10 11:00:00,17.18704761275632,14.15
synthetic_energy,energy,dummy_mean,energy_2,2024-01-10 12:00:00,16.560000000000016,14.15
synthetic_energy,energy,dummy_mean,energy_2,2024-01-10 13:00:00,15.93295238724371,14.15
synthetic_energy,energy,dummy_mean,energy_2,2024-01-10 14:00:00,15.34999999999999,14.15
synthetic_energy,energy,dummy_mean,energy_2,2024-01-10 15:00:00,14.852233047033636,14.15
synthetic_energy,energy,dummy_mean,energy_2,2024-01-10 16:00:00,14.474936490538905,14.15
synthetic_energy,energy,dummy_mean,energy_2,2024-01-10 17:00:00,14.245185434277328,14.15
synthetic_energy,energy,dummy_mean,energy_2,2024-01-10 18:00:00,14.18,14.15
synthetic_energy,energy,dummy_mean,energy_2,2024-01-10 19:00:00,14.285185434277327,14.15
synthetic_energy,energy,dummy_mean,energy_2,2024-01-10 20:00:00,14.5549364905389,14.15
synthetic_energy,energy,dummy_mean,energy_2,2024-01-10 21:00:00,14.972233047033619,14.15
synthetic_energy,energy,dummy_mean,energy_2,2024-01-10 22:00:00,15.50999999999999,14.15
synthetic_energy,energy,dummy_mean,energy_2,2024-01-10 23:00:00,16.132952387243687,14.15
synthetic_energy,energy,seasonal_naive,energy_0,2024-01-10 00:00:00,14.319999999999995,13.839999999999995
synthetic_energy,energy,seasonal_naive,energy_0,2024-01-10 01:00:00,14.987047612756283,14.5070476127563
synthetic_energy,energy,seasonal_naive,energy_0,2024-01-10 02:00:00,15.609999999999985,15.129999999999985
synthetic_energy,energy,seasonal_naive,energy_0,2024-01-10 03:00:00,16.14776695296637,15.66776695296636
synthetic_energy,energy,seasonal_naive,energy_0,2024-01-10 04:00:00,16.5650635094611,16.085063509461094
synthetic_energy,energy,seasonal_naive,energy_0,2024-01-10 05:00:00,16.834814565722667,16.354814565722666
synthetic_energy,energy,seasonal_naive,energy_0,2024-01-10 06:00:00,16.94,16.46
synthetic_energy,energy,seasonal_naive,energy_0,2024-01-10 07:00:00,16.87481456572267,16.39481456572267
synthetic_energy,energy,seasonal_naive,energy_0,2024-01-10 08:00:00,16.645063509461103,16.165063509461092
synthetic_energy,energy,seasonal_naive,energy_0,2024-01-10 09:00:00,16.267766952966376,15.787766952966376
synthetic_energy,energy,seasonal_naive,energy_0,2024-01-10 10:00:00,15.770000000000003,15.290000000000003
synthetic_energy,energy,seasonal_naive,energy_0,2024-01-10 11:00:00,15.18704761275632,14.707047612756302
synthetic_energy,energy,seasonal_naive,energy_0,2024-01-10 12:00:00,14.560000000000015,14.080000000000014
synthetic_energy,energy,seasonal_naive,energy_0,2024-01-10 13:00:00,13.93295238724371,13.452952387243707
synthetic_energy,energy,seasonal_naive,energy_0,2024-01-10 14:00:00,13.34999999999999,12.870000000000005
synthetic_energy,energy,seasonal_naive,energy_0,2024-01-10 15:00:00,12.852233047033636,12.372233047033646
synthetic_energy,energy,seasonal_naive,energy_0,2024-01-10 16:00:00,12.474936490538903,11.994936490538903
synthetic_energy,energy,seasonal_naive,energy_0,2024-01-10 17:00:00,12.245185434277328,11.765185434277328
synthetic_energy,energy,seasonal_naive,energy_0,2024-01-10 18:00:00,12.18,11.7
synthetic_energy,energy,seasonal_naive,energy_0,2024-01-10 19:00:00,12.285185434277327,11.805185434277327
synthetic_energy,energy,seasonal_naive,energy_0,2024-01-10 20:00:00,12.554936490538902,12.074936490538903
synthetic_energy,energy,seasonal_naive,energy_0,2024-01-10 21:00:00,12.972233047033619,12.492233047033633
synthetic_energy,energy,seasonal_naive,energy_0,2024-01-10 22:00:00,13.50999999999999,13.02999999999999
synthetic_energy,energy,seasonal_naive,energy_0,2024-01-10 23:00:00,14.132952387243687,13.65295238724369
synthetic_energy,energy,seasonal_naive,energy_1,2024-01-10 00:00:00,15.319999999999995,14.839999999999995
synthetic_energy,energy,seasonal_naive,energy_1,2024-01-10 01:00:00,15.987047612756283,15.5070476127563
synthetic_energy,energy,seasonal_naive,energy_1,2024-01-10 02:00:00,16.609999999999985,16.129999999999985
synthetic_energy,energy,seasonal_naive,energy_1,2024-01-10 03:00:00,17.14776695296637,16.66776695296636
synthetic_energy,energy,seasonal_naive,energy_1,2024-01-10 04:00:00,17.5650635094611,17.085063509461094
synthetic_energy,energy,seasonal_naive,energy_1,2024-01-10 05:00:00,17.834814565722667,17.354814565722666
synthetic_energy,energy,seasonal_naive,energy_1,2024-01-10 06:00:00,17.94,17.46
synthetic_energy,energy,seasonal_naive,energy_1,2024-01-10 07:00:00,17.87481456572267,17.39481456572267
synthetic_energy,energy,seasonal_naive,energy_1,2024-01-10 08:00:00,17.645063509461103,17.165063509461092
synthetic_energy,energy,seasonal_naive,energy_1,2024-01-10 09:00:00,17.267766952966376,16.787766952966376
synthetic_energy,energy,seasonal_naive,energy_1,2024-01-10 10:00:00,16.770000000000003,16.290000000000003
synthetic_energy,energy,seasonal_naive,energy_1,2024-01-10 11:00:00,16.18704761275632,15.707047612756302
synthetic_energy,energy,seasonal_naive,energy_1,2024-01-10 12:00:00,15.560000000000015,15.080000000000014
synthetic_energy,energy,seasonal_naive,energy_1,2024-01-10 13:00:00,14.93295238724371,14.452952387243707
synthetic_energy,energy,seasonal_naive,energy_1,2024-01-10 14:00:00,14.34999999999999,13.870000000000005
synthetic_energy,energy,seasonal_naive,energy_1,2024-01-10 15:00:00,13.852233047033636,13.372233047033646
synthetic_energy,energy,seasonal_naive,energy_1,2024-01-10 16:00:00,13.474936490538905,12.994936490538903
synthetic_energy,energy,seasonal_naive,energy_1,2024-01-10 17:00:00,13.245185434277328,12.765185434277328
synthetic_energy,energy,seasonal_naive,energy_1,2024-01-10 18:00:00,13.18,12.7
synthetic_energy,energy,seasonal_naive,energy_1,2024-01-10 19:00:00,13.285185434277327,12.805185434277327
synthetic_energy,energy,seasonal_naive,energy_1,2024-01-10 20:00:00,13.5549364905389,13.074936490538903
synthetic_energy,energy,seasonal_naive,energy_1,2024-01-10 21:00:00,13.972233047033619,13.492233047033633
synthetic_energy,energy,seasonal_naive,energy_1,2024-01-10 22:00:00,14.50999999999999,14.02999999999999
synthetic_energy,energy,seasonal_naive,energy_1,2024-01-10 23:00:00,15.132952387243687,14.65295238724369
synthetic_energy,energy,seasonal_naive,energy_2,2024-01-10 00:00:00,16.319999999999993,15.839999999999995
synthetic_energy,energy,seasonal_naive,energy_2,2024-01-10 01:00:00,16.987047612756285,16.507047612756303
synthetic_energy,energy,seasonal_naive,energy_2,2024-01-10 02:00:00,17.609999999999985,17.129999999999985
synthetic_energy,energy,seasonal_naive,energy_2,2024-01-10 03:00:00,18.14776695296637,17.66776695296636
synthetic_energy,energy,seasonal_naive,energy_2,2024-01-10 04:00:00,18.5650635094611,18.085063509461094
synthetic_energy,energy,seasonal_naive,energy_2,2024-01-10 05:00:00,18.834814565722667,18.354814565722666
synthetic_energy,energy,seasonal_naive,energy_2,2024-01-10 06:00:00,18.94,18.46
synthetic_energy,energy,seasonal_naive,energy_2,2024-01-10 07:00:00,18.87481456572267,18.39481456572267
synthetic_energy,energy,seasonal_naive,energy_2,2024-01-10 08:00:00,18.645063509461103,18.165063509461092
synthetic_energy,energy,seasonal_naive,energy_2,2024-01-10 09:00:00,18.267766952966376,17.787766952966376
synthetic_energy,energy,seasonal_naive,energy_2,2024-01-10 10:00:00,17.770000000000003,17.290000000000003
synthetic_energy,energy,seasonal_naive,energy_2,2024-01-10 11:00:00,17.18704761275632,16.707047612756302
synthetic_energy,energy,seasonal_naive,energy_2,2024-01-10 12:00:00,16.560000000000016,16.080000000000013
synthetic_energy,energy,seasonal_naive,energy_2,2024-01-10 13:00:00,15.93295238724371,15.452952387243707
synthetic_energy,energy,seasonal_naive,energy_2,2024-01-10 14:00:00,15.34999999999999,14.870000000000005
synthetic_energy,energy,seasonal_naive,energy_2,2024-01-10 15:00:00,14.852233047033636,14.372233047033646
synthetic_energy,energy,seasonal_naive,energy_2,2024-01-10 16:00:00,14.474936490538905,13.994936490538903
synthetic_energy,energy,seasonal_naive,energy_2,2024-01-10 17:00:00,14.245185434277328,13.765185434277328
synthetic_energy,energy,seasonal_naive,energy_2,2024-01-10 18:00:00,14.18,13.7
synthetic_energy,energy,seasonal_naive,energy_2,2024-01-10 19:00:00,14.285185434277327,13.805185434277327
synthetic_energy,energy,seasonal_naive,energy_2,2024-01-10 20:00:00,14.5549364905389,14.074936490538903
synthetic_energy,energy,seasonal_naive,energy_2,2024-01-10 21:00:00,14.972233047033619,14.492233047033633
synthetic_energy,energy,seasonal_naive,energy_2,2024-01-10 22:00:00,15.50999999999999,15.02999999999999
synthetic_energy,energy,seasonal_naive,energy_2,2024-01-10 23:00:00,16.132952387243687,15.65295238724369
synthetic_energy,energy,moving_average,energy_0,2024-01-10 00:00:00,14.319999999999995,14.07
synthetic_energy,energy,moving_average,energy_0,2024-01-10 01:00:00,14.987047612756283,14.07
synthetic_energy,energy,moving_average,energy_0,2024-01-10 02:00:00,15.609999999999985,14.07
synthetic_energy,energy,moving_average,energy_0,2024-01-10 03:00:00,16.14776695296637,14.07
synthetic_energy,energy,moving_average,energy_0,2024-01-10 04:00:00,16.5650635094611,14.07
synthetic_energy,energy,moving_average,energy_0,2024-01-10 05:00:00,16.834814565722667,14.07
synthetic_energy,energy,moving_average,energy_0,2024-01-10 06:00:00,16.94,14.07
synthetic_energy,energy,moving_average,energy_0,2024-01-10 07:00:00,16.87481456572267,14.07
synthetic_energy,energy,moving_average,energy_0,2024-01-10 08:00:00,16.645063509461103,14.07
synthetic_energy,energy,moving_average,energy_0,2024-01-10 09:00:00,16.267766952966376,14.07
synthetic_energy,energy,moving_average,energy_0,2024-01-10 10:00:00,15.770000000000003,14.07
synthetic_energy,energy,moving_average,energy_0,2024-01-10 11:00:00,15.18704761275632,14.07
synthetic_energy,energy,moving_average,energy_0,2024-01-10 12:00:00,14.560000000000015,14.07
synthetic_energy,energy,moving_average,energy_0,2024-01-10 13:00:00,13.93295238724371,14.07
synthetic_energy,energy,moving_average,energy_0,2024-01-10 14:00:00,13.34999999999999,14.07
synthetic_energy,energy,moving_average,energy_0,2024-01-10 15:00:00,12.852233047033636,14.07
synthetic_energy,energy,moving_average,energy_0,2024-01-10 16:00:00,12.474936490538903,14.07
synthetic_energy,energy,moving_average,energy_0,2024-01-10 17:00:00,12.245185434277328,14.07
synthetic_energy,energy,moving_average,energy_0,2024-01-10 18:00:00,12.18,14.07
synthetic_energy,energy,moving_average,energy_0,2024-01-10 19:00:00,12.285185434277327,14.07
synthetic_energy,energy,moving_average,energy_0,2024-01-10 20:00:00,12.554936490538902,14.07
synthetic_energy,energy,moving_average,energy_0,2024-01-10 21:00:00,12.972233047033619,14.07
synthetic_energy,energy,moving_average,energy_0,2024-01-10 22:00:00,13.50999999999999,14.07
synthetic_energy,energy,moving_average,energy_0,2024-01-10 23:00:00,14.132952387243687,14.07
synthetic_energy,energy,moving_average,energy_1,2024-01-10 00:00:00,15.319999999999995,15.07
synthetic_energy,energy,moving_average,energy_1,2024-01-10 01:00:00,15.987047612756283,15.07
synthetic_energy,energy,moving_average,energy_1,2024-01-10 02:00:00,16.609999999999985,15.07
synthetic_energy,energy,moving_average,energy_1,2024-01-10 03:00:00,17.14776695296637,15.07
synthetic_energy,energy,moving_average,energy_1,2024-01-10 04:00:00,17.5650635094611,15.07
synthetic_energy,energy,moving_average,energy_1,2024-01-10 05:00:00,17.834814565722667,15.07
synthetic_energy,energy,moving_average,energy_1,2024-01-10 06:00:00,17.94,15.07
synthetic_energy,energy,moving_average,energy_1,2024-01-10 07:00:00,17.87481456572267,15.07
synthetic_energy,energy,moving_average,energy_1,2024-01-10 08:00:00,17.645063509461103,15.07
synthetic_energy,energy,moving_average,energy_1,2024-01-10 09:00:00,17.267766952966376,15.07
synthetic_energy,energy,moving_average,energy_1,2024-01-10 10:00:00,16.770000000000003,15.07
synthetic_energy,energy,moving_average,energy_1,2024-01-10 11:00:00,16.18704761275632,15.07
synthetic_energy,energy,moving_average,energy_1,2024-01-10 12:00:00,15.560000000000015,15.07
synthetic_energy,energy,moving_average,energy_1,2024-01-10 13:00:00,14.93295238724371,15.07
synthetic_energy,energy,moving_average,energy_1,2024-01-10 14:00:00,14.34999999999999,15.07
synthetic_energy,energy,moving_average,energy_1,2024-01-10 15:00:00,13.852233047033636,15.07
synthetic_energy,energy,moving_average,energy_1,2024-01-10 16:00:00,13.474936490538905,15.07
synthetic_energy,energy,moving_average,energy_1,2024-01-10 17:00:00,13.245185434277328,15.07
synthetic_energy,energy,moving_average,energy_1,2024-01-10 18:00:00,13.18,15.07
synthetic_energy,energy,moving_average,energy_1,2024-01-10 19:00:00,13.285185434277327,15.07
synthetic_energy,energy,moving_average,energy_1,2024-01-10 20:00:00,13.5549364905389,15.07
synthetic_energy,energy,moving_average,energy_1,2024-01-10 21:00:00,13.972233047033619,15.07
synthetic_energy,energy,moving_average,energy_1,2024-01-10 22:00:00,14.50999999999999,15.07
synthetic_energy,energy,moving_average,energy_1,2024-01-10 23:00:00,15.132952387243687,15.07
synthetic_energy,energy,moving_average,energy_2,2024-01-10 00:00:00,16.319999999999993,16.07
synthetic_energy,energy,moving_average,energy_2,2024-01-10 01:00:00,16.987047612756285,16.07
synthetic_energy,energy,moving_average,energy_2,2024-01-10 02:00:00,17.609999999999985,16.07
synthetic_energy,energy,moving_average,energy_2,2024-01-10 03:00:00,18.14776695296637,16.07
synthetic_energy,energy,moving_average,energy_2,2024-01-10 04:00:00,18.5650635094611,16.07
synthetic_energy,energy,moving_average,energy_2,2024-01-10 05:00:00,18.834814565722667,16.07
synthetic_energy,energy,moving_average,energy_2,2024-01-10 06:00:00,18.94,16.07
synthetic_energy,energy,moving_average,energy_2,2024-01-10 07:00:00,18.87481456572267,16.07
synthetic_energy,energy,moving_average,energy_2,2024-01-10 08:00:00,18.645063509461103,16.07
synthetic_energy,energy,moving_average,energy_2,2024-01-10 09:00:00,18.267766952966376,16.07
synthetic_energy,energy,moving_average,energy_2,2024-01-10 10:00:00,17.770000000000003,16.07
synthetic_energy,energy,moving_average,energy_2,2024-01-10 11:00:00,17.18704761275632,16.07
synthetic_energy,energy,moving_average,energy_2,2024-01-10 12:00:00,16.560000000000016,16.07
synthetic_energy,energy,moving_average,energy_2,2024-01-10 13:00:00,15.93295238724371,16.07
synthetic_energy,energy,moving_average,energy_2,2024-01-10 14:00:00,15.34999999999999,16.07
synthetic_energy,energy,moving_average,energy_2,2024-01-10 15:00:00,14.852233047033636,16.07
synthetic_energy,energy,moving_average,energy_2,2024-01-10 16:00:00,14.474936490538905,16.07
synthetic_energy,energy,moving_average,energy_2,2024-01-10 17:00:00,14.245185434277328,16.07
synthetic_energy,energy,moving_average,energy_2,2024-01-10 18:00:00,14.18,16.07
synthetic_energy,energy,moving_average,energy_2,2024-01-10 19:00:00,14.285185434277327,16.07
synthetic_energy,energy,moving_average,energy_2,2024-01-10 20:00:00,14.5549364905389,16.07
synthetic_energy,energy,moving_average,energy_2,2024-01-10 21:00:00,14.972233047033619,16.07
synthetic_energy,energy,moving_average,energy_2,2024-01-10 22:00:00,15.50999999999999,16.07
synthetic_energy,energy,moving_average,energy_2,2024-01-10 23:00:00,16.132952387243687,16.07
synthetic_energy,energy,linear_trend,energy_0,2024-01-10 00:00:00,14.319999999999995,14.055031833277027
synthetic_energy,energy,linear_trend,energy_0,2024-01-10 01:00:00,14.987047612756283,14.072589730357922
synthetic_energy,energy,linear_trend,energy_0,2024-01-10 02:00:00,15.609999999999985,14.090147627438817
synthetic_energy,energy,linear_trend,energy_0,2024-01-10 03:00:00,16.14776695296637,14.10770552451971
synthetic_energy,energy,linear_trend,energy_0,2024-01-10 04:00:00,16.5650635094611,14.125263421600605
synthetic_energy,energy,linear_trend,energy_0,2024-01-10 05:00:00,16.834814565722667,14.142821318681499
synthetic_energy,energy,linear_trend,energy_0,2024-01-10 06:00:00,16.94,14.160379215762394
synthetic_energy,energy,linear_trend,energy_0,2024-01-10 07:00:00,16.87481456572267,14.177937112843289
synthetic_energy,energy,linear_trend,energy_0,2024-01-10 08:00:00,16.645063509461103,14.195495009924183
synthetic_energy,energy,linear_trend,energy_0,2024-01-10 09:00:00,16.267766952966376,14.213052907005077
synthetic_energy,energy,linear_trend,energy_0,2024-01-10 10:00:00,15.770000000000003,14.230610804085972
synthetic_energy,energy,linear_trend,energy_0,2024-01-10 11:00:00,15.18704761275632,14.248168701166865
synthetic_energy,energy,linear_trend,energy_0,2024-01-10 12:00:00,14.560000000000015,14.26572659824776
synthetic_energy,energy,linear_trend,energy_0,2024-01-10 13:00:00,13.93295238724371,14.283284495328655
synthetic_energy,energy,linear_trend,energy_0,2024-01-10 14:00:00,13.34999999999999,14.300842392409548
synthetic_energy,energy,linear_trend,energy_0,2024-01-10 15:00:00,12.852233047033636,14.318400289490443
synthetic_energy,energy,linear_trend,energy_0,2024-01-10 16:00:00,12.474936490538903,14.335958186571336
synthetic_energy,energy,linear_trend,energy_0,2024-01-10 17:00:00,12.245185434277328,14.35351608365223
synthetic_energy,energy,linear_trend,energy_0,2024-01-10 18:00:00,12.18,14.371073980733126
synthetic_energy,energy,linear_trend,energy_0,2024-01-10 19:00:00,12.285185434277327,14.38863187781402
synthetic_energy,energy,linear_trend,energy_0,2024-01-10 20:00:00,12.554936490538902,14.406189774894914
synthetic_energy,energy,linear_trend,energy_0,2024-01-10 21:00:00,12.972233047033619,14.423747671975809
synthetic_energy,energy,linear_trend,energy_0,2024-01-10 22:00:00,13.50999999999999,14.441305569056702
synthetic_energy,energy,linear_trend,energy_0,2024-01-10 23:00:00,14.132952387243687,14.458863466137597
synthetic_energy,energy,linear_trend,energy_1,2024-01-10 00:00:00,15.319999999999995,15.055031833277033
synthetic_energy,energy,linear_trend,energy_1,2024-01-10 01:00:00,15.987047612756283,15.072589730357926
synthetic_energy,energy,linear_trend,energy_1,2024-01-10 02:00:00,16.609999999999985,15.09014762743882
synthetic_energy,energy,linear_trend,energy_1,2024-01-10 03:00:00,17.14776695296637,15.107705524519716
synthetic_energy,energy,linear_trend,energy_1,2024-01-10 04:00:00,17.5650635094611,15.125263421600609
synthetic_energy,energy,linear_trend,energy_1,2024-01-10 05:00:00,17.834814565722667,15.142821318681504
synthetic_energy,energy,linear_trend,energy_1,2024-01-10 06:00:00,17.94,15.160379215762397
synthetic_energy,energy,linear_trend,energy_1,2024-01-10 07:00:00,17.87481456572267,15.177937112843292
synthetic_energy,energy,linear_trend,energy_1,2024-01-10 08:00:00,17.645063509461103,15.195495009924187
synthetic_energy,energy,linear_trend,energy_1,2024-01-10 09:00:00,17.267766952966376,15.213052907005082
synthetic_energy,energy,linear_trend,energy_1,2024-01-10 10:00:00,16.770000000000003,15.230610804085975
synthetic_energy,energy,linear_trend,energy_1,2024-01-10 11:00:00,16.18704761275632,15.24816870116687
synthetic_energy,energy,linear_trend,energy_1,2024-01-10 12:00:00,15.560000000000015,15.265726598247763
synthetic_energy,energy,linear_trend,energy_1,2024-01-10 13:00:00,14.93295238724371,15.283284495328658
synthetic_energy,energy,linear_trend,energy_1,2024-01-10 14:00:00,14.34999999999999,15.300842392409553
synthetic_energy,energy,linear_trend,energy_1,2024-01-10 15:00:00,13.852233047033636,15.318400289490448
synthetic_energy,energy,linear_trend,energy_1,2024-01-10 16:00:00,13.474936490538905,15.335958186571341
synthetic_energy,energy,linear_trend,energy_1,2024-01-10 17:00:00,13.245185434277328,15.353516083652234
synthetic_energy,energy,linear_trend,energy_1,2024-01-10 18:00:00,13.18,15.37107398073313
synthetic_energy,energy,linear_trend,energy_1,2024-01-10 19:00:00,13.285185434277327,15.388631877814024
synthetic_energy,energy,linear_trend,energy_1,2024-01-10 20:00:00,13.5549364905389,15.40618977489492
synthetic_energy,energy,linear_trend,energy_1,2024-01-10 21:00:00,13.972233047033619,15.423747671975812
synthetic_energy,energy,linear_trend,energy_1,2024-01-10 22:00:00,14.50999999999999,15.441305569056707
synthetic_energy,energy,linear_trend,energy_1,2024-01-10 23:00:00,15.132952387243687,15.4588634661376
synthetic_energy,energy,linear_trend,energy_2,2024-01-10 00:00:00,16.319999999999993,16.055031833277024
synthetic_energy,energy,linear_trend,energy_2,2024-01-10 01:00:00,16.987047612756285,16.07258973035792
synthetic_energy,energy,linear_trend,energy_2,2024-01-10 02:00:00,17.609999999999985,16.090147627438814
synthetic_energy,energy,linear_trend,energy_2,2024-01-10 03:00:00,18.14776695296637,16.10770552451971
synthetic_energy,energy,linear_trend,energy_2,2024-01-10 04:00:00,18.5650635094611,16.125263421600604
synthetic_energy,energy,linear_trend,energy_2,2024-01-10 05:00:00,18.834814565722667,16.142821318681495
synthetic_energy,energy,linear_trend,energy_2,2024-01-10 06:00:00,18.94,16.16037921576239
synthetic_energy,energy,linear_trend,energy_2,2024-01-10 07:00:00,18.87481456572267,16.177937112843285
synthetic_energy,energy,linear_trend,energy_2,2024-01-10 08:00:00,18.645063509461103,16.19549500992418
synthetic_energy,energy,linear_trend,energy_2,2024-01-10 09:00:00,18.267766952966376,16.213052907005075
synthetic_energy,energy,linear_trend,energy_2,2024-01-10 10:00:00,17.770000000000003,16.23061080408597
synthetic_energy,energy,linear_trend,energy_2,2024-01-10 11:00:00,17.18704761275632,16.24816870116686
synthetic_energy,energy,linear_trend,energy_2,2024-01-10 12:00:00,16.560000000000016,16.265726598247756
synthetic_energy,energy,linear_trend,energy_2,2024-01-10 13:00:00,15.93295238724371,16.28328449532865
synthetic_energy,energy,linear_trend,energy_2,2024-01-10 14:00:00,15.34999999999999,16.300842392409546
synthetic_energy,energy,linear_trend,energy_2,2024-01-10 15:00:00,14.852233047033636,16.31840028949044
synthetic_energy,energy,linear_trend,energy_2,2024-01-10 16:00:00,14.474936490538905,16.335958186571332
synthetic_energy,energy,linear_trend,energy_2,2024-01-10 17:00:00,14.245185434277328,16.353516083652227
synthetic_energy,energy,linear_trend,energy_2,2024-01-10 18:00:00,14.18,16.371073980733122
synthetic_energy,energy,linear_trend,energy_2,2024-01-10 19:00:00,14.285185434277327,16.388631877814017
synthetic_energy,energy,linear_trend,energy_2,2024-01-10 20:00:00,14.5549364905389,16.406189774894912
synthetic_energy,energy,linear_trend,energy_2,2024-01-10 21:00:00,14.972233047033619,16.423747671975804
synthetic_energy,energy,linear_trend,energy_2,2024-01-10 22:00:00,15.50999999999999,16.4413055690567
synthetic_energy,energy,linear_trend,energy_2,2024-01-10 23:00:00,16.132952387243687,16.458863466137593
synthetic_energy,energy,ridge_ar,energy_0,2024-01-10 00:00:00,14.319999999999995,14.327392174703427
synthetic_energy,energy,ridge_ar,energy_0,2024-01-10 01:00:00,14.987047612756283,14.995662898979752
synthetic_energy,energy,ridge_ar,energy_0,2024-01-10 02:00:00,15.609999999999985,15.617044308664374
synthetic_energy,energy,ridge_ar,energy_0,2024-01-10 03:00:00,16.14776695296637,16.1505473735903
synthetic_energy,energy,ridge_ar,energy_0,2024-01-10 04:00:00,16.5650635094611,16.561845705688064
synthetic_energy,energy,ridge_ar,energy_0,2024-01-10 05:00:00,16.834814565722667,16.826198045008084
synthetic_energy,energy,ridge_ar,energy_0,2024-01-10 06:00:00,16.94,16.928363865366354
synthetic_energy,energy,ridge_ar,energy_0,2024-01-10 07:00:00,16.87481456572267,16.86349651637613
synthetic_energy,energy,ridge_ar,energy_0,2024-01-10 08:00:00,16.645063509461103,16.637335956876917
synthetic_energy,energy,ridge_ar,energy_0,2024-01-10 09:00:00,16.267766952966376,16.265969434637775
synthetic_energy,energy,ridge_ar,energy_0,2024-01-10 10:00:00,15.770000000000003,15.775113717837717
synthetic_energy,energy,ridge_ar,energy_0,2024-01-10 11:00:00,15.18704761275632,15.198684488132749
synthetic_energy,energy,ridge_ar,energy_0,2024-01-10 12:00:00,14.560000000000015,14.576690592354975
synthetic_energy,energy,ridge_ar,energy_0,2024-01-10 13:00:00,13.93295238724371,13.952591857996149
synthetic_energy,energy,ridge_ar,energy_0,2024-01-10 14:00:00,13.34999999999999,13.370335765935268
synthetic_energy,energy,ridge_ar,energy_0,2024-01-10 15:00:00,12.852233047033636,12.87132245897424
synthetic_energy,energy,ridge_ar,energy_0,2024-01-10 16:00:00,12.474936490538903,12.491533260883706
synthetic_energy,energy,ridge_ar,energy_0,2024-01-10 17:00:00,12.245185434277328,12.259024417352618
synthetic_energy,energy,ridge_ar,energy_0,2024-01-10 18:00:00,12.18,12.191943419581001
synthetic_energy,energy,ridge_ar,energy_0,2024-01-10 19:00:00,12.285185434277327,12.29717704205454
synthetic_energy,energy,ridge_ar,energy_0,2024-01-10 20:00:00,12.554936490538902,12.569698341353934
synthetic_energy,energy,ridge_ar,energy_0,2024-01-10 21:00:00,12.972233047033619,12.992657778987363
synthetic_energy,energy,ridge_ar,energy_0,2024-01-10 22:00:00,13.50999999999999,13.538271498792144
synthetic_energy,energy,ridge_ar,energy_0,2024-01-10 23:00:00,14.132952387243687,14.169583298742689
synthetic_energy,energy,ridge_ar,energy_1,2024-01-10 00:00:00,15.319999999999995,15.327392174703425
synthetic_energy,energy,ridge_ar,energy_1,2024-01-10 01:00:00,15.987047612756283,15.995662898979749
synthetic_energy,energy,ridge_ar,energy_1,2024-01-10 02:00:00,16.609999999999985,16.617044308664376
synthetic_energy,energy,ridge_ar,energy_1,2024-01-10 03:00:00,17.14776695296637,17.150547373590296
synthetic_energy,energy,ridge_ar,energy_1,2024-01-10 04:00:00,17.5650635094611,17.561845705688064
synthetic_energy,energy,ridge_ar,energy_1,2024-01-10 05:00:00,17.834814565722667,17.826198045008084
synthetic_energy,energy,ridge_ar,energy_1,2024-01-10 06:00:00,17.94,17.928363865366354
synthetic_energy,energy,ridge_ar,energy_1,2024-01-10 07:00:00,17.87481456572267,17.86349651637613
synthetic_energy,energy,ridge_ar,energy_1,2024-01-10 08:00:00,17.645063509461103,17.637335956876917
synthetic_energy,energy,ridge_ar,energy_1,2024-01-10 09:00:00,17.267766952966376,17.265969434637775
synthetic_energy,energy,ridge_ar,energy_1,2024-01-10 10:00:00,16.770000000000003,16.77511371783772
synthetic_energy,energy,ridge_ar,energy_1,2024-01-10 11:00:00,16.18704761275632,16.19868448813275
synthetic_energy,energy,ridge_ar,energy_1,2024-01-10 12:00:00,15.560000000000015,15.576690592354975
synthetic_energy,energy,ridge_ar,energy_1,2024-01-10 13:00:00,14.93295238724371,14.952591857996149
synthetic_energy,energy,ridge_ar,energy_1,2024-01-10 14:00:00,14.34999999999999,14.37033576593527
synthetic_energy,energy,ridge_ar,energy_1,2024-01-10 15:00:00,13.852233047033636,13.87132245897424
synthetic_energy,energy,ridge_ar,energy_1,2024-01-10 16:00:00,13.474936490538905,13.491533260883706
synthetic_energy,energy,ridge_ar,energy_1,2024-01-10 17:00:00,13.245185434277328,13.259024417352618
synthetic_energy,energy,ridge_ar,energy_1,2024-01-10 18:00:00,13.18,13.191943419581001
synthetic_energy,energy,ridge_ar,energy_1,2024-01-10 19:00:00,13.285185434277327,13.29717704205454
synthetic_energy,energy,ridge_ar,energy_1,2024-01-10 20:00:00,13.5549364905389,13.569698341353934
synthetic_energy,energy,ridge_ar,energy_1,2024-01-10 21:00:00,13.972233047033619,13.992657778987363
synthetic_energy,energy,ridge_ar,energy_1,2024-01-10 22:00:00,14.50999999999999,14.538271498792144
synthetic_energy,energy,ridge_ar,energy_1,2024-01-10 23:00:00,15.132952387243687,15.16958329874269
synthetic_energy,energy,ridge_ar,energy_2,2024-01-10 00:00:00,16.319999999999993,16.327392174703427
synthetic_energy,energy,ridge_ar,energy_2,2024-01-10 01:00:00,16.987047612756285,16.99566289897975
synthetic_energy,energy,ridge_ar,energy_2,2024-01-10 02:00:00,17.609999999999985,17.617044308664372
synthetic_energy,energy,ridge_ar,energy_2,2024-01-10 03:00:00,18.14776695296637,18.150547373590296
synthetic_energy,energy,ridge_ar,energy_2,2024-01-10 04:00:00,18.5650635094611,18.561845705688064
synthetic_energy,energy,ridge_ar,energy_2,2024-01-10 05:00:00,18.834814565722667,18.826198045008084
synthetic_energy,energy,ridge_ar,energy_2,2024-01-10 06:00:00,18.94,18.92836386536635
synthetic_energy,energy,ridge_ar,energy_2,2024-01-10 07:00:00,18.87481456572267,18.86349651637613
synthetic_energy,energy,ridge_ar,energy_2,2024-01-10 08:00:00,18.645063509461103,18.637335956876917
synthetic_energy,energy,ridge_ar,energy_2,2024-01-10 09:00:00,18.267766952966376,18.265969434637775
synthetic_energy,energy,ridge_ar,energy_2,2024-01-10 10:00:00,17.770000000000003,17.77511371783772
synthetic_energy,energy,ridge_ar,energy_2,2024-01-10 11:00:00,17.18704761275632,17.19868448813275
synthetic_energy,energy,ridge_ar,energy_2,2024-01-10 12:00:00,16.560000000000016,16.576690592354975
synthetic_energy,energy,ridge_ar,energy_2,2024-01-10 13:00:00,15.93295238724371,15.952591857996149
synthetic_energy,energy,ridge_ar,energy_2,2024-01-10 14:00:00,15.34999999999999,15.37033576593527
synthetic_energy,energy,ridge_ar,energy_2,2024-01-10 15:00:00,14.852233047033636,14.87132245897424
synthetic_energy,energy,ridge_ar,energy_2,2024-01-10 16:00:00,14.474936490538905,14.491533260883706
synthetic_energy,energy,ridge_ar,energy_2,2024-01-10 17:00:00,14.245185434277328,14.259024417352618
synthetic_energy,energy,ridge_ar,energy_2,2024-01-10 18:00:00,14.18,14.191943419581003
synthetic_energy,energy,ridge_ar,energy_2,2024-01-10 19:00:00,14.285185434277327,14.297177042054543
synthetic_energy,energy,ridge_ar,energy_2,2024-01-10 20:00:00,14.5549364905389,14.569698341353938
synthetic_energy,energy,ridge_ar,energy_2,2024-01-10 21:00:00,14.972233047033619,14.992657778987367
synthetic_energy,energy,ridge_ar,energy_2,2024-01-10 22:00:00,15.50999999999999,15.538271498792149
synthetic_energy,energy,ridge_ar,energy_2,2024-01-10 23:00:00,16.132952387243687,16.169583298742694
synthetic_energy,energy,hist_gradient_boosting_ar,energy_0,2024-01-10 00:00:00,14.319999999999995,14.319505924497768
synthetic_energy,energy,hist_gradient_boosting_ar,energy_0,2024-01-10 01:00:00,14.987047612756283,15.02316383313644
synthetic_energy,energy,hist_gradient_boosting_ar,energy_0,2024-01-10 02:00:00,15.609999999999985,15.69397581381399
synthetic_energy,energy,hist_gradient_boosting_ar,energy_0,2024-01-10 03:00:00,16.14776695296637,16.134070432899385
synthetic_energy,energy,hist_gradient_boosting_ar,energy_0,2024-01-10 04:00:00,16.5650635094611,16.262814794979185
synthetic_energy,energy,hist_gradient_boosting_ar,energy_0,2024-01-10 05:00:00,16.834814565722667,16.278941190217274
synthetic_energy,energy,hist_gradient_boosting_ar,energy_0,2024-01-10 06:00:00,16.94,16.278941190217274
synthetic_energy,energy,hist_gradient_boosting_ar,energy_0,2024-01-10 07:00:00,16.87481456572267,16.278941190217274
synthetic_energy,energy,hist_gradient_boosting_ar,energy_0,2024-01-10 08:00:00,16.645063509461103,16.278941190217274
synthetic_energy,energy,hist_gradient_boosting_ar,energy_0,2024-01-10 09:00:00,16.267766952966376,16.264120439750965
synthetic_energy,energy,hist_gradient_boosting_ar,energy_0,2024-01-10 10:00:00,15.770000000000003,15.917951534915852
synthetic_energy,energy,hist_gradient_boosting_ar,energy_0,2024-01-10 11:00:00,15.18704761275632,15.32689544835934
synthetic_energy,energy,hist_gradient_boosting_ar,energy_0,2024-01-10 12:00:00,14.560000000000015,14.556144106211702
synthetic_energy,energy,hist_gradient_boosting_ar,energy_0,2024-01-10 13:00:00,13.93295238724371,13.953072364018734
synthetic_energy,energy,hist_gradient_boosting_ar,energy_0,2024-01-10 14:00:00,13.34999999999999,13.356063474707693
synthetic_energy,energy,hist_gradient_boosting_ar,energy_0,2024-01-10 15:00:00,12.852233047033636,12.872573035410213
synthetic_energy,energy,hist_gradient_boosting_ar,energy_0,2024-01-10 16:00:00,12.474936490538903,12.490558926451575
synthetic_energy,energy,hist_gradient_boosting_ar,energy_0,2024-01-10 17:00:00,12.245185434277328,12.253246708460887
synthetic_energy,energy,hist_gradient_boosting_ar,energy_0,2024-01-10 18:00:00,12.18,12.157888912081429
synthetic_energy,energy,hist_gradient_boosting_ar,energy_0,2024-01-10 19:00:00,12.285185434277327,12.306418732973784
synthetic_energy,energy,hist_gradient_boosting_ar,energy_0,2024-01-10 20:00:00,12.554936490538902,12.552861786951906
synthetic_energy,energy,hist_gradient_boosting_ar,energy_0,2024-01-10 21:00:00,12.972233047033619,12.972936078874016
synthetic_energy,energy,hist_gradient_boosting_ar,energy_0,2024-01-10 22:00:00,13.50999999999999,13.512085663752698
synthetic_energy,energy,hist_gradient_boosting_ar,energy_0,2024-01-10 23:00:00,14.132952387243687,14.153268447728651
synthetic_energy,energy,hist_gradient_boosting_ar,energy_1,2024-01-10 00:00:00,15.319999999999995,15.319505924497767
synthetic_energy,energy,hist_gradient_boosting_ar,energy_1,2024-01-10 01:00:00,15.987047612756283,16.023163833136437
synthetic_energy,energy,hist_gradient_boosting_ar,energy_1,2024-01-10 02:00:00,16.609999999999985,16.69397581381399
synthetic_energy,energy,hist_gradient_boosting_ar,energy_1,2024-01-10 03:00:00,17.14776695296637,17.134070432899385
synthetic_energy,energy,hist_gradient_boosting_ar,energy_1,2024-01-10 04:00:00,17.5650635094611,17.26281479497918
synthetic_energy,energy,hist_gradient_boosting_ar,energy_1,2024-01-10 05:00:00,17.834814565722667,17.278941190217274
synthetic_energy,energy,hist_gradient_boosting_ar,energy_1,2024-01-10 06:00:00,17.94,17.278941190217274
synthetic_energy,energy,hist_gradient_boosting_ar,energy_1,2024-01-10 07:00:00,17.87481456572267,17.278941190217274
synthetic_energy,energy,hist_gradient_boosting_ar,energy_1,2024-01-10 08:00:00,17.645063509461103,17.278941190217274
synthetic_energy,energy,hist_gradient_boosting_ar,energy_1,2024-01-10 09:00:00,17.267766952966376,17.26412043975096
synthetic_energy,energy,hist_gradient_boosting_ar,energy_1,2024-01-10 10:00:00,16.770000000000003,16.91795153491585
synthetic_energy,energy,hist_gradient_boosting_ar,energy_1,2024-01-10 11:00:00,16.18704761275632,16.326895448359338
synthetic_energy,energy,hist_gradient_boosting_ar,energy_1,2024-01-10 12:00:00,15.560000000000015,15.5561441062117
synthetic_energy,energy,hist_gradient_boosting_ar,energy_1,2024-01-10 13:00:00,14.93295238724371,14.953072364018732
synthetic_energy,energy,hist_gradient_boosting_ar,energy_1,2024-01-10 14:00:00,14.34999999999999,14.356063474707693
synthetic_energy,energy,hist_gradient_boosting_ar,energy_1,2024-01-10 15:00:00,13.852233047033636,13.87257303541021
synthetic_energy,energy,hist_gradient_boosting_ar,energy_1,2024-01-10 16:00:00,13.474936490538905,13.490558926451573
synthetic_energy,energy,hist_gradient_boosting_ar,energy_1,2024-01-10 17:00:00,13.245185434277328,13.253246708460885
synthetic_energy,energy,hist_gradient_boosting_ar,energy_1,2024-01-10 18:00:00,13.18,13.157888912081427
synthetic_energy,energy,hist_gradient_boosting_ar,energy_1,2024-01-10 19:00:00,13.285185434277327,13.306418732973782
synthetic_energy,energy,hist_gradient_boosting_ar,energy_1,2024-01-10 20:00:00,13.5549364905389,13.552861786951905
synthetic_energy,energy,hist_gradient_boosting_ar,energy_1,2024-01-10 21:00:00,13.972233047033619,13.972936078874014
synthetic_energy,energy,hist_gradient_boosting_ar,energy_1,2024-01-10 22:00:00,14.50999999999999,14.512085663752696
synthetic_energy,energy,hist_gradient_boosting_ar,energy_1,2024-01-10 23:00:00,15.132952387243687,15.15326844772865
synthetic_energy,energy,hist_gradient_boosting_ar,energy_2,2024-01-10 00:00:00,16.319999999999993,16.31950592449777
synthetic_energy,energy,hist_gradient_boosting_ar,energy_2,2024-01-10 01:00:00,16.987047612756285,17.023163833136437
synthetic_energy,energy,hist_gradient_boosting_ar,energy_2,2024-01-10 02:00:00,17.609999999999985,17.69397581381399
synthetic_energy,energy,hist_gradient_boosting_ar,energy_2,2024-01-10 03:00:00,18.14776695296637,18.134070432899385
synthetic_energy,energy,hist_gradient_boosting_ar,energy_2,2024-01-10 04:00:00,18.5650635094611,18.26281479497918
synthetic_energy,energy,hist_gradient_boosting_ar,energy_2,2024-01-10 05:00:00,18.834814565722667,18.278941190217274
synthetic_energy,energy,hist_gradient_boosting_ar,energy_2,2024-01-10 06:00:00,18.94,18.278941190217274
synthetic_energy,energy,hist_gradient_boosting_ar,energy_2,2024-01-10 07:00:00,18.87481456572267,18.278941190217274
synthetic_energy,energy,hist_gradient_boosting_ar,energy_2,2024-01-10 08:00:00,18.645063509461103,18.278941190217274
synthetic_energy,energy,hist_gradient_boosting_ar,energy_2,2024-01-10 09:00:00,18.267766952966376,18.26412043975096
synthetic_energy,energy,hist_gradient_boosting_ar,energy_2,2024-01-10 10:00:00,17.770000000000003,17.91795153491585
synthetic_energy,energy,hist_gradient_boosting_ar,energy_2,2024-01-10 11:00:00,17.18704761275632,17.326895448359338
synthetic_energy,energy,hist_gradient_boosting_ar,energy_2,2024-01-10 12:00:00,16.560000000000016,16.5561441062117
synthetic_energy,energy,hist_gradient_boosting_ar,energy_2,2024-01-10 13:00:00,15.93295238724371,15.953072364018732
synthetic_energy,energy,hist_gradient_boosting_ar,energy_2,2024-01-10 14:00:00,15.34999999999999,15.356063474707693
synthetic_energy,energy,hist_gradient_boosting_ar,energy_2,2024-01-10 15:00:00,14.852233047033636,14.87257303541021
synthetic_energy,energy,hist_gradient_boosting_ar,energy_2,2024-01-10 16:00:00,14.474936490538905,14.490558926451573
synthetic_energy,energy,hist_gradient_boosting_ar,energy_2,2024-01-10 17:00:00,14.245185434277328,14.253246708460885
synthetic_energy,energy,hist_gradient_boosting_ar,energy_2,2024-01-10 18:00:00,14.18,14.157888912081427
synthetic_energy,energy,hist_gradient_boosting_ar,energy_2,2024-01-10 19:00:00,14.285185434277327,14.306418732973782
synthetic_energy,energy,hist_gradient_boosting_ar,energy_2,2024-01-10 20:00:00,14.5549364905389,14.552861786951905
synthetic_energy,energy,hist_gradient_boosting_ar,energy_2,2024-01-10 21:00:00,14.972233047033619,14.972936078874014
synthetic_energy,energy,hist_gradient_boosting_ar,energy_2,2024-01-10 22:00:00,15.50999999999999,15.512085663752696
synthetic_energy,energy,hist_gradient_boosting_ar,energy_2,2024-01-10 23:00:00,16.132952387243687,16.15326844772865
synthetic_energy,energy,lightgbm_ar,energy_0,2024-01-10 00:00:00,14.319999999999995,14.328874651342131
synthetic_energy,energy,lightgbm_ar,energy_0,2024-01-10 01:00:00,14.987047612756283,14.94636447391223
synthetic_energy,energy,lightgbm_ar,energy_0,2024-01-10 02:00:00,15.609999999999985,15.602983644359234
synthetic_energy,energy,lightgbm_ar,energy_0,2024-01-10 03:00:00,16.14776695296637,16.31024656942408
synthetic_energy,energy,lightgbm_ar,energy_0,2024-01-10 04:00:00,16.5650635094611,16.363601156568603
synthetic_energy,energy,lightgbm_ar,energy_0,2024-01-10 05:00:00,16.834814565722667,16.401576716827314
synthetic_energy,energy,lightgbm_ar,energy_0,2024-01-10 06:00:00,16.94,16.35006229408415
synthetic_energy,energy,lightgbm_ar,energy_0,2024-01-10 07:00:00,16.87481456572267,16.35127039419208
synthetic_energy,energy,lightgbm_ar,energy_0,2024-01-10 08:00:00,16.645063509461103,16.35127039419208
synthetic_energy,energy,lightgbm_ar,energy_0,2024-01-10 09:00:00,16.267766952966376,16.35127039419208
synthetic_energy,energy,lightgbm_ar,energy_0,2024-01-10 10:00:00,15.770000000000003,15.745524255835916
synthetic_energy,energy,lightgbm_ar,energy_0,2024-01-10 11:00:00,15.18704761275632,15.196517547493409
synthetic_energy,energy,lightgbm_ar,energy_0,2024-01-10 12:00:00,14.560000000000015,14.53912049974905
synthetic_energy,energy,lightgbm_ar,energy_0,2024-01-10 13:00:00,13.93295238724371,13.9537516924406
synthetic_energy,energy,lightgbm_ar,energy_0,2024-01-10 14:00:00,13.34999999999999,13.36008164652463
synthetic_energy,energy,lightgbm_ar,energy_0,2024-01-10 15:00:00,12.852233047033636,12.867265509165145
synthetic_energy,energy,lightgbm_ar,energy_0,2024-01-10 16:00:00,12.474936490538903,12.492122406662649
synthetic_energy,energy,lightgbm_ar,energy_0,2024-01-10 17:00:00,12.245185434277328,12.249853043646684
synthetic_energy,energy,lightgbm_ar,energy_0,2024-01-10 18:00:00,12.18,12.159907009625588
synthetic_energy,energy,lightgbm_ar,energy_0,2024-01-10 19:00:00,12.285185434277327,12.307147271918314
synthetic_energy,energy,lightgbm_ar,energy_0,2024-01-10 20:00:00,12.554936490538902,12.54998400997525
synthetic_energy,energy,lightgbm_ar,energy_0,2024-01-10 21:00:00,12.972233047033619,12.973434708080642
synthetic_energy,energy,lightgbm_ar,energy_0,2024-01-10 22:00:00,13.50999999999999,13.515000220148607
synthetic_energy,energy,lightgbm_ar,energy_0,2024-01-10 23:00:00,14.132952387243687,14.164285122679722
synthetic_energy,energy,lightgbm_ar,energy_1,2024-01-10 00:00:00,15.319999999999995,15.32887465134213
synthetic_energy,energy,lightgbm_ar,energy_1,2024-01-10 01:00:00,15.987047612756283,15.94636447391223
synthetic_energy,energy,lightgbm_ar,energy_1,2024-01-10 02:00:00,16.609999999999985,16.602983644359234
synthetic_energy,energy,lightgbm_ar,energy_1,2024-01-10 03:00:00,17.14776695296637,17.31024656942408
synthetic_energy,energy,lightgbm_ar,energy_1,2024-01-10 04:00:00,17.5650635094611,17.3636011565686
synthetic_energy,energy,lightgbm_ar,energy_1,2024-01-10 05:00:00,17.834814565722667,17.401576716827314
synthetic_energy,energy,lightgbm_ar,energy_1,2024-01-10 06:00:00,17.94,17.350062294084147
synthetic_energy,energy,lightgbm_ar,energy_1,2024-01-10 07:00:00,17.87481456572267,17.351270394192078
synthetic_energy,energy,lightgbm_ar,energy_1,2024-01-10 08:00:00,17.645063509461103,17.351270394192078
synthetic_energy,energy,lightgbm_ar,energy_1,2024-01-10 09:00:00,17.267766952966376,17.351270394192078
synthetic_energy,energy,lightgbm_ar,energy_1,2024-01-10 10:00:00,16.770000000000003,16.745524255835914
synthetic_energy,energy,lightgbm_ar,energy_1,2024-01-10 11:00:00,16.18704761275632,16.196517547493407
synthetic_energy,energy,lightgbm_ar,energy_1,2024-01-10 12:00:00,15.560000000000015,15.53912049974905
synthetic_energy,energy,lightgbm_ar,energy_1,2024-01-10 13:00:00,14.93295238724371,14.953751692440598
synthetic_energy,energy,lightgbm_ar,energy_1,2024-01-10 14:00:00,14.34999999999999,14.360081646524629
synthetic_energy,energy,lightgbm_ar,energy_1,2024-01-10 15:00:00,13.852233047033636,13.867265509165144
synthetic_energy,energy,lightgbm_ar,energy_1,2024-01-10 16:00:00,13.474936490538905,13.492122406662647
synthetic_energy,energy,lightgbm_ar,energy_1,2024-01-10 17:00:00,13.245185434277328,13.249853043646683
synthetic_energy,energy,lightgbm_ar,energy_1,2024-01-10 18:00:00,13.18,13.159907009625586
synthetic_energy,energy,lightgbm_ar,energy_1,2024-01-10 19:00:00,13.285185434277327,13.307147271918312
synthetic_energy,energy,lightgbm_ar,energy_1,2024-01-10 20:00:00,13.5549364905389,13.549984009975248
synthetic_energy,energy,lightgbm_ar,energy_1,2024-01-10 21:00:00,13.972233047033619,13.97343470808064
synthetic_energy,energy,lightgbm_ar,energy_1,2024-01-10 22:00:00,14.50999999999999,14.515000220148604
synthetic_energy,energy,lightgbm_ar,energy_1,2024-01-10 23:00:00,15.132952387243687,15.16428512267972
synthetic_energy,energy,lightgbm_ar,energy_2,2024-01-10 00:00:00,16.319999999999993,16.32887465134213
synthetic_energy,energy,lightgbm_ar,energy_2,2024-01-10 01:00:00,16.987047612756285,16.94636447391223
synthetic_energy,energy,lightgbm_ar,energy_2,2024-01-10 02:00:00,17.609999999999985,17.602983644359234
synthetic_energy,energy,lightgbm_ar,energy_2,2024-01-10 03:00:00,18.14776695296637,18.31024656942408
synthetic_energy,energy,lightgbm_ar,energy_2,2024-01-10 04:00:00,18.5650635094611,18.3636011565686
synthetic_energy,energy,lightgbm_ar,energy_2,2024-01-10 05:00:00,18.834814565722667,18.401576716827314
synthetic_energy,energy,lightgbm_ar,energy_2,2024-01-10 06:00:00,18.94,18.350062294084147
synthetic_energy,energy,lightgbm_ar,energy_2,2024-01-10 07:00:00,18.87481456572267,18.351270394192078
synthetic_energy,energy,lightgbm_ar,energy_2,2024-01-10 08:00:00,18.645063509461103,18.351270394192078
synthetic_energy,energy,lightgbm_ar,energy_2,2024-01-10 09:00:00,18.267766952966376,18.351270394192078
synthetic_energy,energy,lightgbm_ar,energy_2,2024-01-10 10:00:00,17.770000000000003,17.745524255835914
synthetic_energy,energy,lightgbm_ar,energy_2,2024-01-10 11:00:00,17.18704761275632,17.196517547493407
synthetic_energy,energy,lightgbm_ar,energy_2,2024-01-10 12:00:00,16.560000000000016,16.53912049974905
synthetic_energy,energy,lightgbm_ar,energy_2,2024-01-10 13:00:00,15.93295238724371,15.953751692440598
synthetic_energy,energy,lightgbm_ar,energy_2,2024-01-10 14:00:00,15.34999999999999,15.360081646524629
synthetic_energy,energy,lightgbm_ar,energy_2,2024-01-10 15:00:00,14.852233047033636,14.867265509165144
synthetic_energy,energy,lightgbm_ar,energy_2,2024-01-10 16:00:00,14.474936490538905,14.492122406662647
synthetic_energy,energy,lightgbm_ar,energy_2,2024-01-10 17:00:00,14.245185434277328,14.249853043646683
synthetic_energy,energy,lightgbm_ar,energy_2,2024-01-10 18:00:00,14.18,14.159907009625586
synthetic_energy,energy,lightgbm_ar,energy_2,2024-01-10 19:00:00,14.285185434277327,14.307147271918312
synthetic_energy,energy,lightgbm_ar,energy_2,2024-01-10 20:00:00,14.5549364905389,14.549984009975248
synthetic_energy,energy,lightgbm_ar,energy_2,2024-01-10 21:00:00,14.972233047033619,14.97343470808064
synthetic_energy,energy,lightgbm_ar,energy_2,2024-01-10 22:00:00,15.50999999999999,15.515000220148604
synthetic_energy,energy,lightgbm_ar,energy_2,2024-01-10 23:00:00,16.132952387243687,16.164285122679722
synthetic_energy,energy,xgboost_ar,energy_0,2024-01-10 00:00:00,14.319999999999995,14.243874105174736
synthetic_energy,energy,xgboost_ar,energy_0,2024-01-10 01:00:00,14.987047612756283,14.953190795676115
synthetic_energy,energy,xgboost_ar,energy_0,2024-01-10 02:00:00,15.609999999999985,15.60285779672268
synthetic_energy,energy,xgboost_ar,energy_0,2024-01-10 03:00:00,16.14776695296637,16.08130618755709
synthetic_energy,energy,xgboost_ar,energy_0,2024-01-10 04:00:00,16.5650635094611,16.441303866388488
synthetic_energy,energy,xgboost_ar,energy_0,2024-01-10 05:00:00,16.834814565722667,16.43189263739492
synthetic_energy,energy,xgboost_ar,energy_0,2024-01-10 06:00:00,16.94,16.43017058272801
synthetic_energy,energy,xgboost_ar,energy_0,2024-01-10 07:00:00,16.87481456572267,16.43017058272801
synthetic_energy,energy,xgboost_ar,energy_0,2024-01-10 08:00:00,16.645063509461103,16.43017058272801
synthetic_energy,energy,xgboost_ar,energy_0,2024-01-10 09:00:00,16.267766952966376,16.160521938277544
synthetic_energy,energy,xgboost_ar,energy_0,2024-01-10 10:00:00,15.770000000000003,15.682642127077628
synthetic_energy,energy,xgboost_ar,energy_0,2024-01-10 11:00:00,15.18704761275632,15.128223833610114
synthetic_energy,energy,xgboost_ar,energy_0,2024-01-10 12:00:00,14.560000000000015,14.538671521275969
synthetic_energy,energy,xgboost_ar,energy_0,2024-01-10 13:00:00,13.93295238724371,13.866815823597527
synthetic_energy,energy,xgboost_ar,energy_0,2024-01-10 14:00:00,13.34999999999999,13.284565927834315
synthetic_energy,energy,xgboost_ar,energy_0,2024-01-10 15:00:00,12.852233047033636,12.787673246271842
synthetic_energy,energy,xgboost_ar,energy_0,2024-01-10 16:00:00,12.474936490538903,12.410078305862445
synthetic_energy,energy,xgboost_ar,energy_0,2024-01-10 17:00:00,12.245185434277328,12.213128446610108
synthetic_energy,energy,xgboost_ar,energy_0,2024-01-10 18:00:00,12.18,12.160228040762647
synthetic_energy,energy,xgboost_ar,energy_0,2024-01-10 19:00:00,12.285185434277327,12.250188420834858
synthetic_energy,energy,xgboost_ar,energy_0,2024-01-10 20:00:00,12.554936490538902,12.550040950226952
synthetic_energy,energy,xgboost_ar,energy_0,2024-01-10 21:00:00,12.972233047033619,12.907578718711417
synthetic_energy,energy,xgboost_ar,energy_0,2024-01-10 22:00:00,13.50999999999999,13.47424508273582
synthetic_energy,energy,xgboost_ar,energy_0,2024-01-10 23:00:00,14.132952387243687,14.07896400961157
synthetic_energy,energy,xgboost_ar,energy_1,2024-01-10 00:00:00,15.319999999999995,15.243874105174735
synthetic_energy,energy,xgboost_ar,energy_1,2024-01-10 01:00:00,15.987047612756283,15.953190795676113
synthetic_energy,energy,xgboost_ar,energy_1,2024-01-10 02:00:00,16.609999999999985,16.602857796722677
synthetic_energy,energy,xgboost_ar,energy_1,2024-01-10 03:00:00,17.14776695296637,17.08130618755709
synthetic_energy,energy,xgboost_ar,energy_1,2024-01-10 04:00:00,17.5650635094611,17.441303866388488
synthetic_energy,energy,xgboost_ar,energy_1,2024-01-10 05:00:00,17.834814565722667,17.431892637394917
synthetic_energy,energy,xgboost_ar,energy_1,2024-01-10 06:00:00,17.94,17.43017058272801
synthetic_energy,energy,xgboost_ar,energy_1,2024-01-10 07:00:00,17.87481456572267,17.43017058272801
synthetic_energy,energy,xgboost_ar,energy_1,2024-01-10 08:00:00,17.645063509461103,17.43017058272801
synthetic_energy,energy,xgboost_ar,energy_1,2024-01-10 09:00:00,17.267766952966376,17.16052193827754
synthetic_energy,energy,xgboost_ar,energy_1,2024-01-10 10:00:00,16.770000000000003,16.682642127077624
synthetic_energy,energy,xgboost_ar,energy_1,2024-01-10 11:00:00,16.18704761275632,16.128223833610114
synthetic_energy,energy,xgboost_ar,energy_1,2024-01-10 12:00:00,15.560000000000015,15.538671521275967
synthetic_energy,energy,xgboost_ar,energy_1,2024-01-10 13:00:00,14.93295238724371,14.866815823597525
synthetic_energy,energy,xgboost_ar,energy_1,2024-01-10 14:00:00,14.34999999999999,14.284565927834313
synthetic_energy,energy,xgboost_ar,energy_1,2024-01-10 15:00:00,13.852233047033636,13.78767324627184
synthetic_energy,energy,xgboost_ar,energy_1,2024-01-10 16:00:00,13.474936490538905,13.410078305862443
synthetic_energy,energy,xgboost_ar,energy_1,2024-01-10 17:00:00,13.245185434277328,13.213128446610106
synthetic_energy,energy,xgboost_ar,energy_1,2024-01-10 18:00:00,13.18,13.160228040762645
synthetic_energy,energy,xgboost_ar,energy_1,2024-01-10 19:00:00,13.285185434277327,13.250188420834856
synthetic_energy,energy,xgboost_ar,energy_1,2024-01-10 20:00:00,13.5549364905389,13.55004095022695
synthetic_energy,energy,xgboost_ar,energy_1,2024-01-10 21:00:00,13.972233047033619,13.907578718711415
synthetic_energy,energy,xgboost_ar,energy_1,2024-01-10 22:00:00,14.50999999999999,14.474245082735818
synthetic_energy,energy,xgboost_ar,energy_1,2024-01-10 23:00:00,15.132952387243687,15.078964009611568
synthetic_energy,energy,xgboost_ar,energy_2,2024-01-10 00:00:00,16.319999999999993,16.243874105174733
synthetic_energy,energy,xgboost_ar,energy_2,2024-01-10 01:00:00,16.987047612756285,16.953190795676115
synthetic_energy,energy,xgboost_ar,energy_2,2024-01-10 02:00:00,17.609999999999985,17.602857796722677
synthetic_energy,energy,xgboost_ar,energy_2,2024-01-10 03:00:00,18.14776695296637,18.08130618755709
synthetic_energy,energy,xgboost_ar,energy_2,2024-01-10 04:00:00,18.5650635094611,18.441303866388488
synthetic_energy,energy,xgboost_ar,energy_2,2024-01-10 05:00:00,18.834814565722667,18.431892637394917
synthetic_energy,energy,xgboost_ar,energy_2,2024-01-10 06:00:00,18.94,18.43017058272801
synthetic_energy,energy,xgboost_ar,energy_2,2024-01-10 07:00:00,18.87481456572267,18.43017058272801
synthetic_energy,energy,xgboost_ar,energy_2,2024-01-10 08:00:00,18.645063509461103,18.43017058272801
synthetic_energy,energy,xgboost_ar,energy_2,2024-01-10 09:00:00,18.267766952966376,18.16052193827754
synthetic_energy,energy,xgboost_ar,energy_2,2024-01-10 10:00:00,17.770000000000003,17.682642127077624
synthetic_energy,energy,xgboost_ar,energy_2,2024-01-10 11:00:00,17.18704761275632,17.128223833610114
synthetic_energy,energy,xgboost_ar,energy_2,2024-01-10 12:00:00,16.560000000000016,16.538671521275965
synthetic_energy,energy,xgboost_ar,energy_2,2024-01-10 13:00:00,15.93295238724371,15.866815823597525
synthetic_energy,energy,xgboost_ar,energy_2,2024-01-10 14:00:00,15.34999999999999,15.284565927834313
synthetic_energy,energy,xgboost_ar,energy_2,2024-01-10 15:00:00,14.852233047033636,14.78767324627184
synthetic_energy,energy,xgboost_ar,energy_2,2024-01-10 16:00:00,14.474936490538905,14.410078305862443
synthetic_energy,energy,xgboost_ar,energy_2,2024-01-10 17:00:00,14.245185434277328,14.213128446610106
synthetic_energy,energy,xgboost_ar,energy_2,2024-01-10 18:00:00,14.18,14.160228040762645
synthetic_energy,energy,xgboost_ar,energy_2,2024-01-10 19:00:00,14.285185434277327,14.250188420834856
synthetic_energy,energy,xgboost_ar,energy_2,2024-01-10 20:00:00,14.5549364905389,14.55004095022695
synthetic_energy,energy,xgboost_ar,energy_2,2024-01-10 21:00:00,14.972233047033619,14.907578718711415
synthetic_energy,energy,xgboost_ar,energy_2,2024-01-10 22:00:00,15.50999999999999,15.474245082735818
synthetic_energy,energy,xgboost_ar,energy_2,2024-01-10 23:00:00,16.132952387243687,16.078964009611568
synthetic_energy,energy,tabpfn_ts,energy_0,2024-01-10 00:00:00,14.319999999999995,13.901230812072754
synthetic_energy,energy,tabpfn_ts,energy_0,2024-01-10 01:00:00,14.987047612756283,14.628823280334473
synthetic_energy,energy,tabpfn_ts,energy_0,2024-01-10 02:00:00,15.609999999999985,15.25210952758789
synthetic_energy,energy,tabpfn_ts,energy_0,2024-01-10 03:00:00,16.14776695296637,15.809738159179688
synthetic_energy,energy,tabpfn_ts,energy_0,2024-01-10 04:00:00,16.5650635094611,16.229475021362305
synthetic_energy,energy,tabpfn_ts,energy_0,2024-01-10 05:00:00,16.834814565722667,16.49242401123047
synthetic_energy,energy,tabpfn_ts,energy_0,2024-01-10 06:00:00,16.94,16.616445541381836
synthetic_energy,energy,tabpfn_ts,energy_0,2024-01-10 07:00:00,16.87481456572267,16.53469467163086
synthetic_energy,energy,tabpfn_ts,energy_0,2024-01-10 08:00:00,16.645063509461103,16.319671630859375
synthetic_energy,energy,tabpfn_ts,energy_0,2024-01-10 09:00:00,16.267766952966376,15.971646308898926
synthetic_energy,energy,tabpfn_ts,energy_0,2024-01-10 10:00:00,15.770000000000003,15.464035987854004
synthetic_energy,energy,tabpfn_ts,energy_0,2024-01-10 11:00:00,15.18704761275632,14.885764122009277
synthetic_energy,energy,tabpfn_ts,energy_0,2024-01-10 12:00:00,14.560000000000015,14.233271598815918
synthetic_energy,energy,tabpfn_ts,energy_0,2024-01-10 13:00:00,13.93295238724371,13.579628944396973
synthetic_energy,energy,tabpfn_ts,energy_0,2024-01-10 14:00:00,13.34999999999999,12.948152542114258
synthetic_energy,energy,tabpfn_ts,energy_0,2024-01-10 15:00:00,12.852233047033636,12.431598663330078
synthetic_energy,energy,tabpfn_ts,energy_0,2024-01-10 16:00:00,12.474936490538903,12.01684856414795
synthetic_energy,energy,tabpfn_ts,energy_0,2024-01-10 17:00:00,12.245185434277328,11.773193359375
synthetic_energy,energy,tabpfn_ts,energy_0,2024-01-10 18:00:00,12.18,11.714492797851562
synthetic_energy,energy,tabpfn_ts,energy_0,2024-01-10 19:00:00,12.285185434277327,11.755632400512695
synthetic_energy,energy,tabpfn_ts,energy_0,2024-01-10 20:00:00,12.554936490538902,12.001049041748047
synthetic_energy,energy,tabpfn_ts,energy_0,2024-01-10 21:00:00,12.972233047033619,12.405424118041992
synthetic_energy,energy,tabpfn_ts,energy_0,2024-01-10 22:00:00,13.50999999999999,12.979601860046387
synthetic_energy,energy,tabpfn_ts,energy_0,2024-01-10 23:00:00,14.132952387243687,13.610787391662598
synthetic_energy,energy,tabpfn_ts,energy_1,2024-01-10 00:00:00,15.319999999999995,14.901230812072754
synthetic_energy,energy,tabpfn_ts,energy_1,2024-01-10 01:00:00,15.987047612756283,15.628823280334473
synthetic_energy,energy,tabpfn_ts,energy_1,2024-01-10 02:00:00,16.609999999999985,16.25210952758789
synthetic_energy,energy,tabpfn_ts,energy_1,2024-01-10 03:00:00,17.14776695296637,16.809738159179688
synthetic_energy,energy,tabpfn_ts,energy_1,2024-01-10 04:00:00,17.5650635094611,17.229475021362305
synthetic_energy,energy,tabpfn_ts,energy_1,2024-01-10 05:00:00,17.834814565722667,17.49242401123047
synthetic_energy,energy,tabpfn_ts,energy_1,2024-01-10 06:00:00,17.94,17.616445541381836
synthetic_energy,energy,tabpfn_ts,energy_1,2024-01-10 07:00:00,17.87481456572267,17.53469467163086
synthetic_energy,energy,tabpfn_ts,energy_1,2024-01-10 08:00:00,17.645063509461103,17.319671630859375
synthetic_energy,energy,tabpfn_ts,energy_1,2024-01-10 09:00:00,17.267766952966376,16.971647262573242
synthetic_energy,energy,tabpfn_ts,energy_1,2024-01-10 10:00:00,16.770000000000003,16.46403694152832
synthetic_energy,energy,tabpfn_ts,energy_1,2024-01-10 11:00:00,16.18704761275632,15.885764122009277
synthetic_energy,energy,tabpfn_ts,energy_1,2024-01-10 12:00:00,15.560000000000015,15.233271598815918
synthetic_energy,energy,tabpfn_ts,energy_1,2024-01-10 13:00:00,14.93295238724371,14.579628944396973
synthetic_energy,energy,tabpfn_ts,energy_1,2024-01-10 14:00:00,14.34999999999999,13.948152542114258
synthetic_energy,energy,tabpfn_ts,energy_1,2024-01-10 15:00:00,13.852233047033636,13.431598663330078
synthetic_energy,energy,tabpfn_ts,energy_1,2024-01-10 16:00:00,13.474936490538905,13.01684856414795
synthetic_energy,energy,tabpfn_ts,energy_1,2024-01-10 17:00:00,13.245185434277328,12.773193359375
synthetic_energy,energy,tabpfn_ts,energy_1,2024-01-10 18:00:00,13.18,12.714492797851562
synthetic_energy,energy,tabpfn_ts,energy_1,2024-01-10 19:00:00,13.285185434277327,12.755632400512695
synthetic_energy,energy,tabpfn_ts,energy_1,2024-01-10 20:00:00,13.5549364905389,13.001049041748047
synthetic_energy,energy,tabpfn_ts,energy_1,2024-01-10 21:00:00,13.972233047033619,13.405424118041992
synthetic_energy,energy,tabpfn_ts,energy_1,2024-01-10 22:00:00,14.50999999999999,13.979601860046387
synthetic_energy,energy,tabpfn_ts,energy_1,2024-01-10 23:00:00,15.132952387243687,14.610787391662598
synthetic_energy,energy,tabpfn_ts,energy_2,2024-01-10 00:00:00,16.319999999999993,15.901230812072754
synthetic_energy,energy,tabpfn_ts,energy_2,2024-01-10 01:00:00,16.987047612756285,16.628822326660156
synthetic_energy,energy,tabpfn_ts,energy_2,2024-01-10 02:00:00,17.609999999999985,17.25210952758789
synthetic_energy,energy,tabpfn_ts,energy_2,2024-01-10 03:00:00,18.14776695296637,17.809738159179688
synthetic_energy,energy,tabpfn_ts,energy_2,2024-01-10 04:00:00,18.5650635094611,18.229475021362305
synthetic_energy,energy,tabpfn_ts,energy_2,2024-01-10 05:00:00,18.834814565722667,18.49242401123047
synthetic_energy,energy,tabpfn_ts,energy_2,2024-01-10 06:00:00,18.94,18.616445541381836
synthetic_energy,energy,tabpfn_ts,energy_2,2024-01-10 07:00:00,18.87481456572267,18.53469467163086
synthetic_energy,energy,tabpfn_ts,energy_2,2024-01-10 08:00:00,18.645063509461103,18.319671630859375
synthetic_energy,energy,tabpfn_ts,energy_2,2024-01-10 09:00:00,18.267766952966376,17.971647262573242
synthetic_energy,energy,tabpfn_ts,energy_2,2024-01-10 10:00:00,17.770000000000003,17.46403694152832
synthetic_energy,energy,tabpfn_ts,energy_2,2024-01-10 11:00:00,17.18704761275632,16.885765075683594
synthetic_energy,energy,tabpfn_ts,energy_2,2024-01-10 12:00:00,16.560000000000016,16.2332706451416
synthetic_energy,energy,tabpfn_ts,energy_2,2024-01-10 13:00:00,15.93295238724371,15.579628944396973
synthetic_energy,energy,tabpfn_ts,energy_2,2024-01-10 14:00:00,15.34999999999999,14.948152542114258
synthetic_energy,energy,tabpfn_ts,energy_2,2024-01-10 15:00:00,14.852233047033636,14.431598663330078
synthetic_energy,energy,tabpfn_ts,energy_2,2024-01-10 16:00:00,14.474936490538905,14.01684856414795
synthetic_energy,energy,tabpfn_ts,energy_2,2024-01-10 17:00:00,14.245185434277328,13.773193359375
synthetic_energy,energy,tabpfn_ts,energy_2,2024-01-10 18:00:00,14.18,13.714492797851562
synthetic_energy,energy,tabpfn_ts,energy_2,2024-01-10 19:00:00,14.285185434277327,13.755632400512695
synthetic_energy,energy,tabpfn_ts,energy_2,2024-01-10 20:00:00,14.5549364905389,14.001049041748047
synthetic_energy,energy,tabpfn_ts,energy_2,2024-01-10 21:00:00,14.972233047033619,14.405424118041992
synthetic_energy,energy,tabpfn_ts,energy_2,2024-01-10 22:00:00,15.50999999999999,14.979601860046387
synthetic_energy,energy,tabpfn_ts,energy_2,2024-01-10 23:00:00,16.132952387243687,15.610787391662598
synthetic_traffic,traffic,dummy_mean,traffic_0,2024-01-10 00:00:00,32.92478373654545,30.44717399609335
synthetic_traffic,traffic,dummy_mean,traffic_0,2024-01-10 01:00:00,34.96832983968731,30.44717399609335
synthetic_traffic,traffic,dummy_mean,traffic_0,2024-01-10 02:00:00,36.86671841735838,30.44717399609335
synthetic_traffic,traffic,dummy_mean,traffic_0,2024-01-10 03:00:00,38.48850424041749,30.44717399609335
synthetic_traffic,traffic,dummy_mean,traffic_0,2024-01-10 04:00:00,39.720824476208136,30.44717399609335
synthetic_traffic,traffic,dummy_mean,traffic_0,2024-01-10 05:00:00,40.47709337792247,30.44717399609335
synthetic_traffic,traffic,dummy_mean,traffic_0,2024-01-10 06:00:00,40.702906603707255,30.44717399609335
synthetic_traffic,traffic,dummy_mean,traffic_0,2024-01-10 07:00:00,40.37975279082637,30.44717399609335
synthetic_traffic,traffic,dummy_mean,traffic_0,2024-01-10 08:00:00,39.526279441628844,30.44717399609335
synthetic_traffic,traffic,dummy_mean,traffic_0,2024-01-10 09:00:00,38.197026847177256,30.44717399609335
synthetic_traffic,traffic,dummy_mean,traffic_0,2024-01-10 10:00:00,36.478716322947996,30.44717399609335
synthetic_traffic,traffic,dummy_mean,traffic_0,2024-01-10 11:00:00,34.48434570012023,30.44717399609335
synthetic_traffic,traffic,dummy_mean,traffic_0,2024-01-10 12:00:00,32.345494447404135,30.44717399609335
synthetic_traffic,traffic,dummy_mean,traffic_0,2024-01-10 13:00:00,30.20336280861623,30.44717399609335
synthetic_traffic,traffic,dummy_mean,traffic_0,2024-01-10 14:00:00,28.19915561548945,30.44717399609335
synthetic_traffic,traffic,dummy_mean,traffic_0,2024-01-10 15:00:00,26.46446609406727,30.44717399609335
synthetic_traffic,traffic,dummy_mean,traffic_0,2024-01-10 16:00:00,25.11231498303725,30.44717399609335
synthetic_traffic,traffic,dummy_mean,traffic_0,2024-01-10 17:00:00,24.229455623521815,30.44717399609335
synthetic_traffic,traffic,dummy_mean,traffic_0,2024-01-10 18:00:00,23.870469405576202,30.44717399609335
synthetic_traffic,traffic,dummy_mean,traffic_0,2024-01-10 19:00:00,24.054053946407954,30.44717399609335
synthetic_traffic,traffic,dummy_mean,traffic_0,2024-01-10 20:00:00,24.761756943915355,30.44717399609335
synthetic_traffic,traffic,dummy_mean,traffic_0,2024-01-10 21:00:00,25.939241980053595,30.44717399609335
synthetic_traffic,traffic,dummy_mean,traffic_0,2024-01-10 22:00:00,27.499999999999968,30.44717399609335
synthetic_traffic,traffic,dummy_mean,traffic_0,2024-01-10 23:00:00,29.33125352399899,30.44717399609335
synthetic_traffic,traffic,dummy_mean,traffic_1,2024-01-10 00:00:00,33.92478373654545,31.44717399609335
synthetic_traffic,traffic,dummy_mean,traffic_1,2024-01-10 01:00:00,35.96832983968731,31.44717399609335
synthetic_traffic,traffic,dummy_mean,traffic_1,2024-01-10 02:00:00,37.86671841735838,31.44717399609335
synthetic_traffic,traffic,dummy_mean,traffic_1,2024-01-10 03:00:00,39.48850424041749,31.44717399609335
synthetic_traffic,traffic,dummy_mean,traffic_1,2024-01-10 04:00:00,40.720824476208136,31.44717399609335
synthetic_traffic,traffic,dummy_mean,traffic_1,2024-01-10 05:00:00,41.47709337792247,31.44717399609335
synthetic_traffic,traffic,dummy_mean,traffic_1,2024-01-10 06:00:00,41.702906603707255,31.44717399609335
synthetic_traffic,traffic,dummy_mean,traffic_1,2024-01-10 07:00:00,41.37975279082637,31.44717399609335
synthetic_traffic,traffic,dummy_mean,traffic_1,2024-01-10 08:00:00,40.526279441628844,31.44717399609335
synthetic_traffic,traffic,dummy_mean,traffic_1,2024-01-10 09:00:00,39.197026847177256,31.44717399609335
synthetic_traffic,traffic,dummy_mean,traffic_1,2024-01-10 10:00:00,37.478716322947996,31.44717399609335
synthetic_traffic,traffic,dummy_mean,traffic_1,2024-01-10 11:00:00,35.48434570012023,31.44717399609335
synthetic_traffic,traffic,dummy_mean,traffic_1,2024-01-10 12:00:00,33.345494447404135,31.44717399609335
synthetic_traffic,traffic,dummy_mean,traffic_1,2024-01-10 13:00:00,31.20336280861623,31.44717399609335
synthetic_traffic,traffic,dummy_mean,traffic_1,2024-01-10 14:00:00,29.19915561548945,31.44717399609335
synthetic_traffic,traffic,dummy_mean,traffic_1,2024-01-10 15:00:00,27.46446609406727,31.44717399609335
synthetic_traffic,traffic,dummy_mean,traffic_1,2024-01-10 16:00:00,26.11231498303725,31.44717399609335
synthetic_traffic,traffic,dummy_mean,traffic_1,2024-01-10 17:00:00,25.229455623521815,31.44717399609335
synthetic_traffic,traffic,dummy_mean,traffic_1,2024-01-10 18:00:00,24.870469405576202,31.44717399609335
synthetic_traffic,traffic,dummy_mean,traffic_1,2024-01-10 19:00:00,25.054053946407954,31.44717399609335
synthetic_traffic,traffic,dummy_mean,traffic_1,2024-01-10 20:00:00,25.761756943915355,31.44717399609335
synthetic_traffic,traffic,dummy_mean,traffic_1,2024-01-10 21:00:00,26.939241980053595,31.44717399609335
synthetic_traffic,traffic,dummy_mean,traffic_1,2024-01-10 22:00:00,28.499999999999968,31.44717399609335
synthetic_traffic,traffic,dummy_mean,traffic_1,2024-01-10 23:00:00,30.33125352399899,31.44717399609335
synthetic_traffic,traffic,dummy_mean,traffic_2,2024-01-10 00:00:00,34.92478373654545,32.44717399609335
synthetic_traffic,traffic,dummy_mean,traffic_2,2024-01-10 01:00:00,36.96832983968731,32.44717399609335
synthetic_traffic,traffic,dummy_mean,traffic_2,2024-01-10 02:00:00,38.86671841735838,32.44717399609335
synthetic_traffic,traffic,dummy_mean,traffic_2,2024-01-10 03:00:00,40.48850424041749,32.44717399609335
synthetic_traffic,traffic,dummy_mean,traffic_2,2024-01-10 04:00:00,41.720824476208136,32.44717399609335
synthetic_traffic,traffic,dummy_mean,traffic_2,2024-01-10 05:00:00,42.47709337792247,32.44717399609335
synthetic_traffic,traffic,dummy_mean,traffic_2,2024-01-10 06:00:00,42.702906603707255,32.44717399609335
synthetic_traffic,traffic,dummy_mean,traffic_2,2024-01-10 07:00:00,42.37975279082637,32.44717399609335
synthetic_traffic,traffic,dummy_mean,traffic_2,2024-01-10 08:00:00,41.526279441628844,32.44717399609335
synthetic_traffic,traffic,dummy_mean,traffic_2,2024-01-10 09:00:00,40.197026847177256,32.44717399609335
synthetic_traffic,traffic,dummy_mean,traffic_2,2024-01-10 10:00:00,38.478716322947996,32.44717399609335
synthetic_traffic,traffic,dummy_mean,traffic_2,2024-01-10 11:00:00,36.48434570012023,32.44717399609335
synthetic_traffic,traffic,dummy_mean,traffic_2,2024-01-10 12:00:00,34.345494447404135,32.44717399609335
synthetic_traffic,traffic,dummy_mean,traffic_2,2024-01-10 13:00:00,32.203362808616234,32.44717399609335
synthetic_traffic,traffic,dummy_mean,traffic_2,2024-01-10 14:00:00,30.19915561548945,32.44717399609335
synthetic_traffic,traffic,dummy_mean,traffic_2,2024-01-10 15:00:00,28.46446609406727,32.44717399609335
synthetic_traffic,traffic,dummy_mean,traffic_2,2024-01-10 16:00:00,27.11231498303725,32.44717399609335
synthetic_traffic,traffic,dummy_mean,traffic_2,2024-01-10 17:00:00,26.229455623521815,32.44717399609335
synthetic_traffic,traffic,dummy_mean,traffic_2,2024-01-10 18:00:00,25.870469405576202,32.44717399609335
synthetic_traffic,traffic,dummy_mean,traffic_2,2024-01-10 19:00:00,26.054053946407954,32.44717399609335
synthetic_traffic,traffic,dummy_mean,traffic_2,2024-01-10 20:00:00,26.761756943915355,32.44717399609335
synthetic_traffic,traffic,dummy_mean,traffic_2,2024-01-10 21:00:00,27.939241980053595,32.44717399609335
synthetic_traffic,traffic,dummy_mean,traffic_2,2024-01-10 22:00:00,29.499999999999968,32.44717399609335
synthetic_traffic,traffic,dummy_mean,traffic_2,2024-01-10 23:00:00,31.33125352399899,32.44717399609335
synthetic_traffic,traffic,seasonal_naive,traffic_0,2024-01-10 00:00:00,32.92478373654545,32.34549444740407
synthetic_traffic,traffic,seasonal_naive,traffic_0,2024-01-10 01:00:00,34.96832983968731,34.484345700120166
synthetic_traffic,traffic,seasonal_naive,traffic_0,2024-01-10 02:00:00,36.86671841735838,36.47871632294794
synthetic_traffic,traffic,seasonal_naive,traffic_0,2024-01-10 03:00:00,38.48850424041749,38.197026847177206
synthetic_traffic,traffic,seasonal_naive,traffic_0,2024-01-10 04:00:00,39.720824476208136,39.526279441628816
synthetic_traffic,traffic,seasonal_naive,traffic_0,2024-01-10 05:00:00,40.47709337792247,40.37975279082636
synthetic_traffic,traffic,seasonal_naive,traffic_0,2024-01-10 06:00:00,40.702906603707255,40.702906603707255
synthetic_traffic,traffic,seasonal_naive,traffic_0,2024-01-10 07:00:00,40.37975279082637,40.47709337792247
synthetic_traffic,traffic,seasonal_naive,traffic_0,2024-01-10 08:00:00,39.526279441628844,39.720824476208115
synthetic_traffic,traffic,seasonal_naive,traffic_0,2024-01-10 09:00:00,38.197026847177256,38.4885042404175
synthetic_traffic,traffic,seasonal_naive,traffic_0,2024-01-10 10:00:00,36.478716322947996,36.86671841735843
synthetic_traffic,traffic,seasonal_naive,traffic_0,2024-01-10 11:00:00,34.48434570012023,34.96832983968737
synthetic_traffic,traffic,seasonal_naive,traffic_0,2024-01-10 12:00:00,32.345494447404135,32.924783736545514
synthetic_traffic,traffic,seasonal_naive,traffic_0,2024-01-10 13:00:00,30.20336280861623,30.87714705887973
synthetic_traffic,traffic,seasonal_naive,traffic_0,2024-01-10 14:00:00,28.19915561548945,28.966492478675402
synthetic_traffic,traffic,seasonal_naive,traffic_0,2024-01-10 15:00:00,26.46446609406727,27.324282380187395
synthetic_traffic,traffic,seasonal_naive,traffic_0,2024-01-10 16:00:00,25.11231498303725,26.06340816126803
synthetic_traffic,traffic,seasonal_naive,traffic_0,2024-01-10 17:00:00,24.229455623521815,25.270495504052647
synthetic_traffic,traffic,seasonal_naive,traffic_0,2024-01-10 18:00:00,23.870469405576202,25.0
synthetic_traffic,traffic,seasonal_naive,traffic_0,2024-01-10 19:00:00,24.054053946407954,25.270495504052647
synthetic_traffic,traffic,seasonal_naive,traffic_0,2024-01-10 20:00:00,24.761756943915355,26.063408161268026
synthetic_traffic,traffic,seasonal_naive,traffic_0,2024-01-10 21:00:00,25.939241980053595,27.324282380187352
synthetic_traffic,traffic,seasonal_naive,traffic_0,2024-01-10 22:00:00,27.499999999999968,28.96649247867535
synthetic_traffic,traffic,seasonal_naive,traffic_0,2024-01-10 23:00:00,29.33125352399899,30.87714705887967
synthetic_traffic,traffic,seasonal_naive,traffic_1,2024-01-10 00:00:00,33.92478373654545,33.34549444740407
synthetic_traffic,traffic,seasonal_naive,traffic_1,2024-01-10 01:00:00,35.96832983968731,35.484345700120166
synthetic_traffic,traffic,seasonal_naive,traffic_1,2024-01-10 02:00:00,37.86671841735838,37.47871632294794
synthetic_traffic,traffic,seasonal_naive,traffic_1,2024-01-10 03:00:00,39.48850424041749,39.197026847177206
synthetic_traffic,traffic,seasonal_naive,traffic_1,2024-01-10 04:00:00,40.720824476208136,40.526279441628816
synthetic_traffic,traffic,seasonal_naive,traffic_1,2024-01-10 05:00:00,41.47709337792247,41.37975279082636
synthetic_traffic,traffic,seasonal_naive,traffic_1,2024-01-10 06:00:00,41.702906603707255,41.702906603707255
synthetic_traffic,traffic,seasonal_naive,traffic_1,2024-01-10 07:00:00,41.37975279082637,41.47709337792247
synthetic_traffic,traffic,seasonal_naive,traffic_1,2024-01-10 08:00:00,40.526279441628844,40.720824476208115
synthetic_traffic,traffic,seasonal_naive,traffic_1,2024-01-10 09:00:00,39.197026847177256,39.4885042404175
synthetic_traffic,traffic,seasonal_naive,traffic_1,2024-01-10 10:00:00,37.478716322947996,37.86671841735843
synthetic_traffic,traffic,seasonal_naive,traffic_1,2024-01-10 11:00:00,35.48434570012023,35.96832983968737
synthetic_traffic,traffic,seasonal_naive,traffic_1,2024-01-10 12:00:00,33.345494447404135,33.924783736545514
synthetic_traffic,traffic,seasonal_naive,traffic_1,2024-01-10 13:00:00,31.20336280861623,31.87714705887973
synthetic_traffic,traffic,seasonal_naive,traffic_1,2024-01-10 14:00:00,29.19915561548945,29.966492478675402
synthetic_traffic,traffic,seasonal_naive,traffic_1,2024-01-10 15:00:00,27.46446609406727,28.324282380187395
synthetic_traffic,traffic,seasonal_naive,traffic_1,2024-01-10 16:00:00,26.11231498303725,27.06340816126803
synthetic_traffic,traffic,seasonal_naive,traffic_1,2024-01-10 17:00:00,25.229455623521815,26.270495504052647
synthetic_traffic,traffic,seasonal_naive,traffic_1,2024-01-10 18:00:00,24.870469405576202,26.0
synthetic_traffic,traffic,seasonal_naive,traffic_1,2024-01-10 19:00:00,25.054053946407954,26.270495504052647
synthetic_traffic,traffic,seasonal_naive,traffic_1,2024-01-10 20:00:00,25.761756943915355,27.063408161268026
synthetic_traffic,traffic,seasonal_naive,traffic_1,2024-01-10 21:00:00,26.939241980053595,28.324282380187352
synthetic_traffic,traffic,seasonal_naive,traffic_1,2024-01-10 22:00:00,28.499999999999968,29.96649247867535
synthetic_traffic,traffic,seasonal_naive,traffic_1,2024-01-10 23:00:00,30.33125352399899,31.87714705887967
synthetic_traffic,traffic,seasonal_naive,traffic_2,2024-01-10 00:00:00,34.92478373654545,34.34549444740407
synthetic_traffic,traffic,seasonal_naive,traffic_2,2024-01-10 01:00:00,36.96832983968731,36.484345700120166
synthetic_traffic,traffic,seasonal_naive,traffic_2,2024-01-10 02:00:00,38.86671841735838,38.47871632294794
synthetic_traffic,traffic,seasonal_naive,traffic_2,2024-01-10 03:00:00,40.48850424041749,40.197026847177206
synthetic_traffic,traffic,seasonal_naive,traffic_2,2024-01-10 04:00:00,41.720824476208136,41.526279441628816
synthetic_traffic,traffic,seasonal_naive,traffic_2,2024-01-10 05:00:00,42.47709337792247,42.37975279082636
synthetic_traffic,traffic,seasonal_naive,traffic_2,2024-01-10 06:00:00,42.702906603707255,42.702906603707255
synthetic_traffic,traffic,seasonal_naive,traffic_2,2024-01-10 07:00:00,42.37975279082637,42.47709337792247
synthetic_traffic,traffic,seasonal_naive,traffic_2,2024-01-10 08:00:00,41.526279441628844,41.720824476208115
synthetic_traffic,traffic,seasonal_naive,traffic_2,2024-01-10 09:00:00,40.197026847177256,40.4885042404175
synthetic_traffic,traffic,seasonal_naive,traffic_2,2024-01-10 10:00:00,38.478716322947996,38.86671841735843
synthetic_traffic,traffic,seasonal_naive,traffic_2,2024-01-10 11:00:00,36.48434570012023,36.96832983968737
synthetic_traffic,traffic,seasonal_naive,traffic_2,2024-01-10 12:00:00,34.345494447404135,34.924783736545514
synthetic_traffic,traffic,seasonal_naive,traffic_2,2024-01-10 13:00:00,32.203362808616234,32.87714705887973
synthetic_traffic,traffic,seasonal_naive,traffic_2,2024-01-10 14:00:00,30.19915561548945,30.966492478675402
synthetic_traffic,traffic,seasonal_naive,traffic_2,2024-01-10 15:00:00,28.46446609406727,29.324282380187395
synthetic_traffic,traffic,seasonal_naive,traffic_2,2024-01-10 16:00:00,27.11231498303725,28.06340816126803
synthetic_traffic,traffic,seasonal_naive,traffic_2,2024-01-10 17:00:00,26.229455623521815,27.270495504052647
synthetic_traffic,traffic,seasonal_naive,traffic_2,2024-01-10 18:00:00,25.870469405576202,27.0
synthetic_traffic,traffic,seasonal_naive,traffic_2,2024-01-10 19:00:00,26.054053946407954,27.270495504052647
synthetic_traffic,traffic,seasonal_naive,traffic_2,2024-01-10 20:00:00,26.761756943915355,28.063408161268026
synthetic_traffic,traffic,seasonal_naive,traffic_2,2024-01-10 21:00:00,27.939241980053595,29.324282380187352
synthetic_traffic,traffic,seasonal_naive,traffic_2,2024-01-10 22:00:00,29.499999999999968,30.96649247867535
synthetic_traffic,traffic,seasonal_naive,traffic_2,2024-01-10 23:00:00,31.33125352399899,32.87714705887967
synthetic_traffic,traffic,moving_average,traffic_0,2024-01-10 00:00:00,32.92478373654545,32.81518447533656
synthetic_traffic,traffic,moving_average,traffic_0,2024-01-10 01:00:00,34.96832983968731,32.81518447533656
synthetic_traffic,traffic,moving_average,traffic_0,2024-01-10 02:00:00,36.86671841735838,32.81518447533656
synthetic_traffic,traffic,moving_average,traffic_0,2024-01-10 03:00:00,38.48850424041749,32.81518447533656
synthetic_traffic,traffic,moving_average,traffic_0,2024-01-10 04:00:00,39.720824476208136,32.81518447533656
synthetic_traffic,traffic,moving_average,traffic_0,2024-01-10 05:00:00,40.47709337792247,32.81518447533656
synthetic_traffic,traffic,moving_average,traffic_0,2024-01-10 06:00:00,40.702906603707255,32.81518447533656
synthetic_traffic,traffic,moving_average,traffic_0,2024-01-10 07:00:00,40.37975279082637,32.81518447533656
synthetic_traffic,traffic,moving_average,traffic_0,2024-01-10 08:00:00,39.526279441628844,32.81518447533656
synthetic_traffic,traffic,moving_average,traffic_0,2024-01-10 09:00:00,38.197026847177256,32.81518447533656
synthetic_traffic,traffic,moving_average,traffic_0,2024-01-10 10:00:00,36.478716322947996,32.81518447533656
synthetic_traffic,traffic,moving_average,traffic_0,2024-01-10 11:00:00,34.48434570012023,32.81518447533656
synthetic_traffic,traffic,moving_average,traffic_0,2024-01-10 12:00:00,32.345494447404135,32.81518447533656
synthetic_traffic,traffic,moving_average,traffic_0,2024-01-10 13:00:00,30.20336280861623,32.81518447533656
synthetic_traffic,traffic,moving_average,traffic_0,2024-01-10 14:00:00,28.19915561548945,32.81518447533656
synthetic_traffic,traffic,moving_average,traffic_0,2024-01-10 15:00:00,26.46446609406727,32.81518447533656
synthetic_traffic,traffic,moving_average,traffic_0,2024-01-10 16:00:00,25.11231498303725,32.81518447533656
synthetic_traffic,traffic,moving_average,traffic_0,2024-01-10 17:00:00,24.229455623521815,32.81518447533656
synthetic_traffic,traffic,moving_average,traffic_0,2024-01-10 18:00:00,23.870469405576202,32.81518447533656
synthetic_traffic,traffic,moving_average,traffic_0,2024-01-10 19:00:00,24.054053946407954,32.81518447533656
synthetic_traffic,traffic,moving_average,traffic_0,2024-01-10 20:00:00,24.761756943915355,32.81518447533656
synthetic_traffic,traffic,moving_average,traffic_0,2024-01-10 21:00:00,25.939241980053595,32.81518447533656
synthetic_traffic,traffic,moving_average,traffic_0,2024-01-10 22:00:00,27.499999999999968,32.81518447533656
synthetic_traffic,traffic,moving_average,traffic_0,2024-01-10 23:00:00,29.33125352399899,32.81518447533656
synthetic_traffic,traffic,moving_average,traffic_1,2024-01-10 00:00:00,33.92478373654545,33.81518447533656
synthetic_traffic,traffic,moving_average,traffic_1,2024-01-10 01:00:00,35.96832983968731,33.81518447533656
synthetic_traffic,traffic,moving_average,traffic_1,2024-01-10 02:00:00,37.86671841735838,33.81518447533656
synthetic_traffic,traffic,moving_average,traffic_1,2024-01-10 03:00:00,39.48850424041749,33.81518447533656
synthetic_traffic,traffic,moving_average,traffic_1,2024-01-10 04:00:00,40.720824476208136,33.81518447533656
synthetic_traffic,traffic,moving_average,traffic_1,2024-01-10 05:00:00,41.47709337792247,33.81518447533656
synthetic_traffic,traffic,moving_average,traffic_1,2024-01-10 06:00:00,41.702906603707255,33.81518447533656
synthetic_traffic,traffic,moving_average,traffic_1,2024-01-10 07:00:00,41.37975279082637,33.81518447533656
synthetic_traffic,traffic,moving_average,traffic_1,2024-01-10 08:00:00,40.526279441628844,33.81518447533656
synthetic_traffic,traffic,moving_average,traffic_1,2024-01-10 09:00:00,39.197026847177256,33.81518447533656
synthetic_traffic,traffic,moving_average,traffic_1,2024-01-10 10:00:00,37.478716322947996,33.81518447533656
synthetic_traffic,traffic,moving_average,traffic_1,2024-01-10 11:00:00,35.48434570012023,33.81518447533656
synthetic_traffic,traffic,moving_average,traffic_1,2024-01-10 12:00:00,33.345494447404135,33.81518447533656
synthetic_traffic,traffic,moving_average,traffic_1,2024-01-10 13:00:00,31.20336280861623,33.81518447533656
synthetic_traffic,traffic,moving_average,traffic_1,2024-01-10 14:00:00,29.19915561548945,33.81518447533656
synthetic_traffic,traffic,moving_average,traffic_1,2024-01-10 15:00:00,27.46446609406727,33.81518447533656
synthetic_traffic,traffic,moving_average,traffic_1,2024-01-10 16:00:00,26.11231498303725,33.81518447533656
synthetic_traffic,traffic,moving_average,traffic_1,2024-01-10 17:00:00,25.229455623521815,33.81518447533656
synthetic_traffic,traffic,moving_average,traffic_1,2024-01-10 18:00:00,24.870469405576202,33.81518447533656
synthetic_traffic,traffic,moving_average,traffic_1,2024-01-10 19:00:00,25.054053946407954,33.81518447533656
synthetic_traffic,traffic,moving_average,traffic_1,2024-01-10 20:00:00,25.761756943915355,33.81518447533656
synthetic_traffic,traffic,moving_average,traffic_1,2024-01-10 21:00:00,26.939241980053595,33.81518447533656
synthetic_traffic,traffic,moving_average,traffic_1,2024-01-10 22:00:00,28.499999999999968,33.81518447533656
synthetic_traffic,traffic,moving_average,traffic_1,2024-01-10 23:00:00,30.33125352399899,33.81518447533656
synthetic_traffic,traffic,moving_average,traffic_2,2024-01-10 00:00:00,34.92478373654545,34.81518447533656
synthetic_traffic,traffic,moving_average,traffic_2,2024-01-10 01:00:00,36.96832983968731,34.81518447533656
synthetic_traffic,traffic,moving_average,traffic_2,2024-01-10 02:00:00,38.86671841735838,34.81518447533656
synthetic_traffic,traffic,moving_average,traffic_2,2024-01-10 03:00:00,40.48850424041749,34.81518447533656
synthetic_traffic,traffic,moving_average,traffic_2,2024-01-10 04:00:00,41.720824476208136,34.81518447533656
synthetic_traffic,traffic,moving_average,traffic_2,2024-01-10 05:00:00,42.47709337792247,34.81518447533656
synthetic_traffic,traffic,moving_average,traffic_2,2024-01-10 06:00:00,42.702906603707255,34.81518447533656
synthetic_traffic,traffic,moving_average,traffic_2,2024-01-10 07:00:00,42.37975279082637,34.81518447533656
synthetic_traffic,traffic,moving_average,traffic_2,2024-01-10 08:00:00,41.526279441628844,34.81518447533656
synthetic_traffic,traffic,moving_average,traffic_2,2024-01-10 09:00:00,40.197026847177256,34.81518447533656
synthetic_traffic,traffic,moving_average,traffic_2,2024-01-10 10:00:00,38.478716322947996,34.81518447533656
synthetic_traffic,traffic,moving_average,traffic_2,2024-01-10 11:00:00,36.48434570012023,34.81518447533656
synthetic_traffic,traffic,moving_average,traffic_2,2024-01-10 12:00:00,34.345494447404135,34.81518447533656
synthetic_traffic,traffic,moving_average,traffic_2,2024-01-10 13:00:00,32.203362808616234,34.81518447533656
synthetic_traffic,traffic,moving_average,traffic_2,2024-01-10 14:00:00,30.19915561548945,34.81518447533656
synthetic_traffic,traffic,moving_average,traffic_2,2024-01-10 15:00:00,28.46446609406727,34.81518447533656
synthetic_traffic,traffic,moving_average,traffic_2,2024-01-10 16:00:00,27.11231498303725,34.81518447533656
synthetic_traffic,traffic,moving_average,traffic_2,2024-01-10 17:00:00,26.229455623521815,34.81518447533656
synthetic_traffic,traffic,moving_average,traffic_2,2024-01-10 18:00:00,25.870469405576202,34.81518447533656
synthetic_traffic,traffic,moving_average,traffic_2,2024-01-10 19:00:00,26.054053946407954,34.81518447533656
synthetic_traffic,traffic,moving_average,traffic_2,2024-01-10 20:00:00,26.761756943915355,34.81518447533656
synthetic_traffic,traffic,moving_average,traffic_2,2024-01-10 21:00:00,27.939241980053595,34.81518447533656
synthetic_traffic,traffic,moving_average,traffic_2,2024-01-10 22:00:00,29.499999999999968,34.81518447533656
synthetic_traffic,traffic,moving_average,traffic_2,2024-01-10 23:00:00,31.33125352399899,34.81518447533656
synthetic_traffic,traffic,linear_trend,traffic_0,2024-01-10 00:00:00,32.92478373654545,28.985190910702702
synthetic_traffic,traffic,linear_trend,traffic_0,2024-01-10 01:00:00,34.96832983968731,28.971716412219838
synthetic_traffic,traffic,linear_trend,traffic_0,2024-01-10 02:00:00,36.86671841735838,28.958241913736977
synthetic_traffic,traffic,linear_trend,traffic_0,2024-01-10 03:00:00,38.48850424041749,28.944767415254113
synthetic_traffic,traffic,linear_trend,traffic_0,2024-01-10 04:00:00,39.720824476208136,28.93129291677125
synthetic_traffic,traffic,linear_trend,traffic_0,2024-01-10 05:00:00,40.47709337792247,28.917818418288384
synthetic_traffic,traffic,linear_trend,traffic_0,2024-01-10 06:00:00,40.702906603707255,28.904343919805523
synthetic_traffic,traffic,linear_trend,traffic_0,2024-01-10 07:00:00,40.37975279082637,28.89086942132266
synthetic_traffic,traffic,linear_trend,traffic_0,2024-01-10 08:00:00,39.526279441628844,28.877394922839798
synthetic_traffic,traffic,linear_trend,traffic_0,2024-01-10 09:00:00,38.197026847177256,28.863920424356934
synthetic_traffic,traffic,linear_trend,traffic_0,2024-01-10 10:00:00,36.478716322947996,28.85044592587407
synthetic_traffic,traffic,linear_trend,traffic_0,2024-01-10 11:00:00,34.48434570012023,28.83697142739121
synthetic_traffic,traffic,linear_trend,traffic_0,2024-01-10 12:00:00,32.345494447404135,28.823496928908344
synthetic_traffic,traffic,linear_trend,traffic_0,2024-01-10 13:00:00,30.20336280861623,28.81002243042548
synthetic_traffic,traffic,linear_trend,traffic_0,2024-01-10 14:00:00,28.19915561548945,28.79654793194262
synthetic_traffic,traffic,linear_trend,traffic_0,2024-01-10 15:00:00,26.46446609406727,28.783073433459755
synthetic_traffic,traffic,linear_trend,traffic_0,2024-01-10 16:00:00,25.11231498303725,28.76959893497689
synthetic_traffic,traffic,linear_trend,traffic_0,2024-01-10 17:00:00,24.229455623521815,28.75612443649403
synthetic_traffic,traffic,linear_trend,traffic_0,2024-01-10 18:00:00,23.870469405576202,28.742649938011166
synthetic_traffic,traffic,linear_trend,traffic_0,2024-01-10 19:00:00,24.054053946407954,28.729175439528305
synthetic_traffic,traffic,linear_trend,traffic_0,2024-01-10 20:00:00,24.761756943915355,28.71570094104544
synthetic_traffic,traffic,linear_trend,traffic_0,2024-01-10 21:00:00,25.939241980053595,28.702226442562576
synthetic_traffic,traffic,linear_trend,traffic_0,2024-01-10 22:00:00,27.499999999999968,28.688751944079716
synthetic_traffic,traffic,linear_trend,traffic_0,2024-01-10 23:00:00,29.33125352399899,28.67527744559685
synthetic_traffic,traffic,linear_trend,traffic_1,2024-01-10 00:00:00,33.92478373654545,29.98519091070271
synthetic_traffic,traffic,linear_trend,traffic_1,2024-01-10 01:00:00,35.96832983968731,29.971716412219845
synthetic_traffic,traffic,linear_trend,traffic_1,2024-01-10 02:00:00,37.86671841735838,29.958241913736984
synthetic_traffic,traffic,linear_trend,traffic_1,2024-01-10 03:00:00,39.48850424041749,29.94476741525412
synthetic_traffic,traffic,linear_trend,traffic_1,2024-01-10 04:00:00,40.720824476208136,29.931292916771255
synthetic_traffic,traffic,linear_trend,traffic_1,2024-01-10 05:00:00,41.47709337792247,29.917818418288395
synthetic_traffic,traffic,linear_trend,traffic_1,2024-01-10 06:00:00,41.702906603707255,29.90434391980553
synthetic_traffic,traffic,linear_trend,traffic_1,2024-01-10 07:00:00,41.37975279082637,29.890869421322666
synthetic_traffic,traffic,linear_trend,traffic_1,2024-01-10 08:00:00,40.526279441628844,29.877394922839805
synthetic_traffic,traffic,linear_trend,traffic_1,2024-01-10 09:00:00,39.197026847177256,29.86392042435694
synthetic_traffic,traffic,linear_trend,traffic_1,2024-01-10 10:00:00,37.478716322947996,29.850445925874077
synthetic_traffic,traffic,linear_trend,traffic_1,2024-01-10 11:00:00,35.48434570012023,29.836971427391216
synthetic_traffic,traffic,linear_trend,traffic_1,2024-01-10 12:00:00,33.345494447404135,29.82349692890835
synthetic_traffic,traffic,linear_trend,traffic_1,2024-01-10 13:00:00,31.20336280861623,29.810022430425487
synthetic_traffic,traffic,linear_trend,traffic_1,2024-01-10 14:00:00,29.19915561548945,29.796547931942627
synthetic_traffic,traffic,linear_trend,traffic_1,2024-01-10 15:00:00,27.46446609406727,29.783073433459762
synthetic_traffic,traffic,linear_trend,traffic_1,2024-01-10 16:00:00,26.11231498303725,29.769598934976898
synthetic_traffic,traffic,linear_trend,traffic_1,2024-01-10 17:00:00,25.229455623521815,29.756124436494037
synthetic_traffic,traffic,linear_trend,traffic_1,2024-01-10 18:00:00,24.870469405576202,29.742649938011173
synthetic_traffic,traffic,linear_trend,traffic_1,2024-01-10 19:00:00,25.054053946407954,29.72917543952831
synthetic_traffic,traffic,linear_trend,traffic_1,2024-01-10 20:00:00,25.761756943915355,29.715700941045448
synthetic_traffic,traffic,linear_trend,traffic_1,2024-01-10 21:00:00,26.939241980053595,29.702226442562583
synthetic_traffic,traffic,linear_trend,traffic_1,2024-01-10 22:00:00,28.499999999999968,29.68875194407972
synthetic_traffic,traffic,linear_trend,traffic_1,2024-01-10 23:00:00,30.33125352399899,29.67527744559686
synthetic_traffic,traffic,linear_trend,traffic_2,2024-01-10 00:00:00,34.92478373654545,30.985190910702695
synthetic_traffic,traffic,linear_trend,traffic_2,2024-01-10 01:00:00,36.96832983968731,30.971716412219834
synthetic_traffic,traffic,linear_trend,traffic_2,2024-01-10 02:00:00,38.86671841735838,30.95824191373697
synthetic_traffic,traffic,linear_trend,traffic_2,2024-01-10 03:00:00,40.48850424041749,30.944767415254105
synthetic_traffic,traffic,linear_trend,traffic_2,2024-01-10 04:00:00,41.720824476208136,30.93129291677124
synthetic_traffic,traffic,linear_trend,traffic_2,2024-01-10 05:00:00,42.47709337792247,30.91781841828838
synthetic_traffic,traffic,linear_trend,traffic_2,2024-01-10 06:00:00,42.702906603707255,30.904343919805516
synthetic_traffic,traffic,linear_trend,traffic_2,2024-01-10 07:00:00,42.37975279082637,30.890869421322655
synthetic_traffic,traffic,linear_trend,traffic_2,2024-01-10 08:00:00,41.526279441628844,30.87739492283979
synthetic_traffic,traffic,linear_trend,traffic_2,2024-01-10 09:00:00,40.197026847177256,30.863920424356927
synthetic_traffic,traffic,linear_trend,traffic_2,2024-01-10 10:00:00,38.478716322947996,30.850445925874066
synthetic_traffic,traffic,linear_trend,traffic_2,2024-01-10 11:00:00,36.48434570012023,30.8369714273912
synthetic_traffic,traffic,linear_trend,traffic_2,2024-01-10 12:00:00,34.345494447404135,30.823496928908337
synthetic_traffic,traffic,linear_trend,traffic_2,2024-01-10 13:00:00,32.203362808616234,30.810022430425477
synthetic_traffic,traffic,linear_trend,traffic_2,2024-01-10 14:00:00,30.19915561548945,30.796547931942612
synthetic_traffic,traffic,linear_trend,traffic_2,2024-01-10 15:00:00,28.46446609406727,30.783073433459748
synthetic_traffic,traffic,linear_trend,traffic_2,2024-01-10 16:00:00,27.11231498303725,30.769598934976887
synthetic_traffic,traffic,linear_trend,traffic_2,2024-01-10 17:00:00,26.229455623521815,30.756124436494023
synthetic_traffic,traffic,linear_trend,traffic_2,2024-01-10 18:00:00,25.870469405576202,30.74264993801116
synthetic_traffic,traffic,linear_trend,traffic_2,2024-01-10 19:00:00,26.054053946407954,30.729175439528298
synthetic_traffic,traffic,linear_trend,traffic_2,2024-01-10 20:00:00,26.761756943915355,30.715700941045434
synthetic_traffic,traffic,linear_trend,traffic_2,2024-01-10 21:00:00,27.939241980053595,30.70222644256257
synthetic_traffic,traffic,linear_trend,traffic_2,2024-01-10 22:00:00,29.499999999999968,30.68875194407971
synthetic_traffic,traffic,linear_trend,traffic_2,2024-01-10 23:00:00,31.33125352399899,30.675277445596844
synthetic_traffic,traffic,ridge_ar,traffic_0,2024-01-10 00:00:00,32.92478373654545,32.842357646178904
synthetic_traffic,traffic,ridge_ar,traffic_0,2024-01-10 01:00:00,34.96832983968731,34.81237664722955
synthetic_traffic,traffic,ridge_ar,traffic_0,2024-01-10 02:00:00,36.86671841735838,36.63271068669806
synthetic_traffic,traffic,ridge_ar,traffic_0,2024-01-10 03:00:00,38.48850424041749,38.21552982213996
synthetic_traffic,traffic,ridge_ar,traffic_0,2024-01-10 04:00:00,39.720824476208136,39.4421064692861
synthetic_traffic,traffic,ridge_ar,traffic_0,2024-01-10 05:00:00,40.47709337792247,40.234615898334994
synthetic_traffic,traffic,ridge_ar,traffic_0,2024-01-10 06:00:00,40.702906603707255,40.5244592181481
synthetic_traffic,traffic,ridge_ar,traffic_0,2024-01-10 07:00:00,40.37975279082637,40.283834373306036
synthetic_traffic,traffic,ridge_ar,traffic_0,2024-01-10 08:00:00,39.526279441628844,39.51527784576191
synthetic_traffic,traffic,ridge_ar,traffic_0,2024-01-10 09:00:00,38.197026847177256,38.262673301237285
synthetic_traffic,traffic,ridge_ar,traffic_0,2024-01-10 10:00:00,36.478716322947996,36.60351747296628
synthetic_traffic,traffic,ridge_ar,traffic_0,2024-01-10 11:00:00,34.48434570012023,34.64723747513726
synthetic_traffic,traffic,ridge_ar,traffic_0,2024-01-10 12:00:00,32.345494447404135,32.52488381681553
synthetic_traffic,traffic,ridge_ar,traffic_0,2024-01-10 13:00:00,30.20336280861623,30.380514090951245
synthetic_traffic,traffic,ridge_ar,traffic_0,2024-01-10 14:00:00,28.19915561548945,28.35943829072177
synthetic_traffic,traffic,ridge_ar,traffic_0,2024-01-10 15:00:00,26.46446609406727,26.597945354652616
synthetic_traffic,traffic,ridge_ar,traffic_0,2024-01-10 16:00:00,25.11231498303725,25.21316072038539
synthetic_traffic,traffic,ridge_ar,traffic_0,2024-01-10 17:00:00,24.229455623521815,24.29512108640073
synthetic_traffic,traffic,ridge_ar,traffic_0,2024-01-10 18:00:00,23.870469405576202,23.900700691349247
synthetic_traffic,traffic,ridge_ar,traffic_0,2024-01-10 19:00:00,24.054053946407954,24.050203549722433
synthetic_traffic,traffic,ridge_ar,traffic_0,2024-01-10 20:00:00,24.761756943915355,24.726393589833744
synthetic_traffic,traffic,ridge_ar,traffic_0,2024-01-10 21:00:00,25.939241980053595,25.87610949224017
synthetic_traffic,traffic,ridge_ar,traffic_0,2024-01-10 22:00:00,27.499999999999968,27.414152274256956
synthetic_traffic,traffic,ridge_ar,traffic_0,2024-01-10 23:00:00,29.33125352399899,29.229227118428227
synthetic_traffic,traffic,ridge_ar,traffic_1,2024-01-10 00:00:00,33.92478373654545,33.842357646178904
synthetic_traffic,traffic,ridge_ar,traffic_1,2024-01-10 01:00:00,35.96832983968731,35.81237664722955
synthetic_traffic,traffic,ridge_ar,traffic_1,2024-01-10 02:00:00,37.86671841735838,37.63271068669806
synthetic_traffic,traffic,ridge_ar,traffic_1,2024-01-10 03:00:00,39.48850424041749,39.21552982213996
synthetic_traffic,traffic,ridge_ar,traffic_1,2024-01-10 04:00:00,40.720824476208136,40.4421064692861
synthetic_traffic,traffic,ridge_ar,traffic_1,2024-01-10 05:00:00,41.47709337792247,41.234615898334994
synthetic_traffic,traffic,ridge_ar,traffic_1,2024-01-10 06:00:00,41.702906603707255,41.5244592181481
synthetic_traffic,traffic,ridge_ar,traffic_1,2024-01-10 07:00:00,41.37975279082637,41.283834373306036
synthetic_traffic,traffic,ridge_ar,traffic_1,2024-01-10 08:00:00,40.526279441628844,40.51527784576191
synthetic_traffic,traffic,ridge_ar,traffic_1,2024-01-10 09:00:00,39.197026847177256,39.262673301237285
synthetic_traffic,traffic,ridge_ar,traffic_1,2024-01-10 10:00:00,37.478716322947996,37.60351747296628
synthetic_traffic,traffic,ridge_ar,traffic_1,2024-01-10 11:00:00,35.48434570012023,35.64723747513726
synthetic_traffic,traffic,ridge_ar,traffic_1,2024-01-10 12:00:00,33.345494447404135,33.52488381681553
synthetic_traffic,traffic,ridge_ar,traffic_1,2024-01-10 13:00:00,31.20336280861623,31.380514090951248
synthetic_traffic,traffic,ridge_ar,traffic_1,2024-01-10 14:00:00,29.19915561548945,29.35943829072177
synthetic_traffic,traffic,ridge_ar,traffic_1,2024-01-10 15:00:00,27.46446609406727,27.59794535465262
synthetic_traffic,traffic,ridge_ar,traffic_1,2024-01-10 16:00:00,26.11231498303725,26.21316072038539
synthetic_traffic,traffic,ridge_ar,traffic_1,2024-01-10 17:00:00,25.229455623521815,25.29512108640073
synthetic_traffic,traffic,ridge_ar,traffic_1,2024-01-10 18:00:00,24.870469405576202,24.900700691349247
synthetic_traffic,traffic,ridge_ar,traffic_1,2024-01-10 19:00:00,25.054053946407954,25.050203549722436
synthetic_traffic,traffic,ridge_ar,traffic_1,2024-01-10 20:00:00,25.761756943915355,25.726393589833748
synthetic_traffic,traffic,ridge_ar,traffic_1,2024-01-10 21:00:00,26.939241980053595,26.876109492240175
synthetic_traffic,traffic,ridge_ar,traffic_1,2024-01-10 22:00:00,28.499999999999968,28.41415227425696
synthetic_traffic,traffic,ridge_ar,traffic_1,2024-01-10 23:00:00,30.33125352399899,30.229227118428227
synthetic_traffic,traffic,ridge_ar,traffic_2,2024-01-10 00:00:00,34.92478373654545,34.842357646178904
synthetic_traffic,traffic,ridge_ar,traffic_2,2024-01-10 01:00:00,36.96832983968731,36.81237664722955
synthetic_traffic,traffic,ridge_ar,traffic_2,2024-01-10 02:00:00,38.86671841735838,38.63271068669806
synthetic_traffic,traffic,ridge_ar,traffic_2,2024-01-10 03:00:00,40.48850424041749,40.21552982213996
synthetic_traffic,traffic,ridge_ar,traffic_2,2024-01-10 04:00:00,41.720824476208136,41.4421064692861
synthetic_traffic,traffic,ridge_ar,traffic_2,2024-01-10 05:00:00,42.47709337792247,42.23461589833499
synthetic_traffic,traffic,ridge_ar,traffic_2,2024-01-10 06:00:00,42.702906603707255,42.524459218148095
synthetic_traffic,traffic,ridge_ar,traffic_2,2024-01-10 07:00:00,42.37975279082637,42.28383437330603
synthetic_traffic,traffic,ridge_ar,traffic_2,2024-01-10 08:00:00,41.526279441628844,41.5152778457619
synthetic_traffic,traffic,ridge_ar,traffic_2,2024-01-10 09:00:00,40.197026847177256,40.262673301237285
synthetic_traffic,traffic,ridge_ar,traffic_2,2024-01-10 10:00:00,38.478716322947996,38.60351747296628
synthetic_traffic,traffic,ridge_ar,traffic_2,2024-01-10 11:00:00,36.48434570012023,36.64723747513726
synthetic_traffic,traffic,ridge_ar,traffic_2,2024-01-10 12:00:00,34.345494447404135,34.52488381681553
synthetic_traffic,traffic,ridge_ar,traffic_2,2024-01-10 13:00:00,32.203362808616234,32.380514090951245
synthetic_traffic,traffic,ridge_ar,traffic_2,2024-01-10 14:00:00,30.19915561548945,30.35943829072177
synthetic_traffic,traffic,ridge_ar,traffic_2,2024-01-10 15:00:00,28.46446609406727,28.597945354652616
synthetic_traffic,traffic,ridge_ar,traffic_2,2024-01-10 16:00:00,27.11231498303725,27.213160720385385
synthetic_traffic,traffic,ridge_ar,traffic_2,2024-01-10 17:00:00,26.229455623521815,26.295121086400727
synthetic_traffic,traffic,ridge_ar,traffic_2,2024-01-10 18:00:00,25.870469405576202,25.900700691349243
synthetic_traffic,traffic,ridge_ar,traffic_2,2024-01-10 19:00:00,26.054053946407954,26.050203549722433
synthetic_traffic,traffic,ridge_ar,traffic_2,2024-01-10 20:00:00,26.761756943915355,26.726393589833744
synthetic_traffic,traffic,ridge_ar,traffic_2,2024-01-10 21:00:00,27.939241980053595,27.876109492240168
synthetic_traffic,traffic,ridge_ar,traffic_2,2024-01-10 22:00:00,29.499999999999968,29.414152274256956
synthetic_traffic,traffic,ridge_ar,traffic_2,2024-01-10 23:00:00,31.33125352399899,31.229227118428227
synthetic_traffic,traffic,hist_gradient_boosting_ar,traffic_0,2024-01-10 00:00:00,32.92478373654545,32.92617696483134
synthetic_traffic,traffic,hist_gradient_boosting_ar,traffic_0,2024-01-10 01:00:00,34.96832983968731,35.05947822239524
synthetic_traffic,traffic,hist_gradient_boosting_ar,traffic_0,2024-01-10 02:00:00,36.86671841735838,36.85397899509912
synthetic_traffic,traffic,hist_gradient_boosting_ar,traffic_0,2024-01-10 03:00:00,38.48850424041749,38.46599083545813
synthetic_traffic,traffic,hist_gradient_boosting_ar,traffic_0,2024-01-10 04:00:00,39.720824476208136,39.623296764546424
synthetic_traffic,traffic,hist_gradient_boosting_ar,traffic_0,2024-01-10 05:00:00,40.47709337792247,39.87220604162009
synthetic_traffic,traffic,hist_gradient_boosting_ar,traffic_0,2024-01-10 06:00:00,40.702906603707255,40.54953399794089
synthetic_traffic,traffic,hist_gradient_boosting_ar,traffic_0,2024-01-10 07:00:00,40.37975279082637,40.11658242136285
synthetic_traffic,traffic,hist_gradient_boosting_ar,traffic_0,2024-01-10 08:00:00,39.526279441628844,39.80478725705829
synthetic_traffic,traffic,hist_gradient_boosting_ar,traffic_0,2024-01-10 09:00:00,38.197026847177256,39.519290711897746
synthetic_traffic,traffic,hist_gradient_boosting_ar,traffic_0,2024-01-10 10:00:00,36.478716322947996,38.40495179651048
synthetic_traffic,traffic,hist_gradient_boosting_ar,traffic_0,2024-01-10 11:00:00,34.48434570012023,36.547137605563336
synthetic_traffic,traffic,hist_gradient_boosting_ar,traffic_0,2024-01-10 12:00:00,32.345494447404135,34.140392750854446
synthetic_traffic,traffic,hist_gradient_boosting_ar,traffic_0,2024-01-10 13:00:00,30.20336280861623,31.429995455414996
synthetic_traffic,traffic,hist_gradient_boosting_ar,traffic_0,2024-01-10 14:00:00,28.19915561548945,29.413044106042015
synthetic_traffic,traffic,hist_gradient_boosting_ar,traffic_0,2024-01-10 15:00:00,26.46446609406727,27.997165521417934
synthetic_traffic,traffic,hist_gradient_boosting_ar,traffic_0,2024-01-10 16:00:00,25.11231498303725,26.12262636435857
synthetic_traffic,traffic,hist_gradient_boosting_ar,traffic_0,2024-01-10 17:00:00,24.229455623521815,24.942298595330016
synthetic_traffic,traffic,hist_gradient_boosting_ar,traffic_0,2024-01-10 18:00:00,23.870469405576202,23.86379148158952
synthetic_traffic,traffic,hist_gradient_boosting_ar,traffic_0,2024-01-10 19:00:00,24.054053946407954,23.61238207698767
synthetic_traffic,traffic,hist_gradient_boosting_ar,traffic_0,2024-01-10 20:00:00,24.761756943915355,24.003613770392395
synthetic_traffic,traffic,hist_gradient_boosting_ar,traffic_0,2024-01-10 21:00:00,25.939241980053595,25.43709569279648
synthetic_traffic,traffic,hist_gradient_boosting_ar,traffic_0,2024-01-10 22:00:00,27.499999999999968,27.199718970823167
synthetic_traffic,traffic,hist_gradient_boosting_ar,traffic_0,2024-01-10 23:00:00,29.33125352399899,29.33511729637904
synthetic_traffic,traffic,hist_gradient_boosting_ar,traffic_1,2024-01-10 00:00:00,33.92478373654545,33.92617696483134
synthetic_traffic,traffic,hist_gradient_boosting_ar,traffic_1,2024-01-10 01:00:00,35.96832983968731,36.05947822239524
synthetic_traffic,traffic,hist_gradient_boosting_ar,traffic_1,2024-01-10 02:00:00,37.86671841735838,37.85397899509912
synthetic_traffic,traffic,hist_gradient_boosting_ar,traffic_1,2024-01-10 03:00:00,39.48850424041749,39.46599083545813
synthetic_traffic,traffic,hist_gradient_boosting_ar,traffic_1,2024-01-10 04:00:00,40.720824476208136,40.623296764546424
synthetic_traffic,traffic,hist_gradient_boosting_ar,traffic_1,2024-01-10 05:00:00,41.47709337792247,40.87220604162009
synthetic_traffic,traffic,hist_gradient_boosting_ar,traffic_1,2024-01-10 06:00:00,41.702906603707255,41.54953399794089
synthetic_traffic,traffic,hist_gradient_boosting_ar,traffic_1,2024-01-10 07:00:00,41.37975279082637,41.11658242136285
synthetic_traffic,traffic,hist_gradient_boosting_ar,traffic_1,2024-01-10 08:00:00,40.526279441628844,40.80478725705829
synthetic_traffic,traffic,hist_gradient_boosting_ar,traffic_1,2024-01-10 09:00:00,39.197026847177256,40.519290711897746
synthetic_traffic,traffic,hist_gradient_boosting_ar,traffic_1,2024-01-10 10:00:00,37.478716322947996,39.40495179651048
synthetic_traffic,traffic,hist_gradient_boosting_ar,traffic_1,2024-01-10 11:00:00,35.48434570012023,37.547137605563336
synthetic_traffic,traffic,hist_gradient_boosting_ar,traffic_1,2024-01-10 12:00:00,33.345494447404135,35.140392750854446
synthetic_traffic,traffic,hist_gradient_boosting_ar,traffic_1,2024-01-10 13:00:00,31.20336280861623,32.429995455414996
synthetic_traffic,traffic,hist_gradient_boosting_ar,traffic_1,2024-01-10 14:00:00,29.19915561548945,30.413044106042015
synthetic_traffic,traffic,hist_gradient_boosting_ar,traffic_1,2024-01-10 15:00:00,27.46446609406727,28.997165521417934
synthetic_traffic,traffic,hist_gradient_boosting_ar,traffic_1,2024-01-10 16:00:00,26.11231498303725,27.12262636435857
synthetic_traffic,traffic,hist_gradient_boosting_ar,traffic_1,2024-01-10 17:00:00,25.229455623521815,25.942298595330016
synthetic_traffic,traffic,hist_gradient_boosting_ar,traffic_1,2024-01-10 18:00:00,24.870469405576202,24.86379148158952
synthetic_traffic,traffic,hist_gradient_boosting_ar,traffic_1,2024-01-10 19:00:00,25.054053946407954,24.61238207698767
synthetic_traffic,traffic,hist_gradient_boosting_ar,traffic_1,2024-01-10 20:00:00,25.761756943915355,25.003613770392395
synthetic_traffic,traffic,hist_gradient_boosting_ar,traffic_1,2024-01-10 21:00:00,26.939241980053595,26.43709569279648
synthetic_traffic,traffic,hist_gradient_boosting_ar,traffic_1,2024-01-10 22:00:00,28.499999999999968,28.199718970823167
synthetic_traffic,traffic,hist_gradient_boosting_ar,traffic_1,2024-01-10 23:00:00,30.33125352399899,30.33511729637904
synthetic_traffic,traffic,hist_gradient_boosting_ar,traffic_2,2024-01-10 00:00:00,34.92478373654545,34.90798206328315
synthetic_traffic,traffic,hist_gradient_boosting_ar,traffic_2,2024-01-10 01:00:00,36.96832983968731,36.958715639091785
synthetic_traffic,traffic,hist_gradient_boosting_ar,traffic_2,2024-01-10 02:00:00,38.86671841735838,38.85842945275955
synthetic_traffic,traffic,hist_gradient_boosting_ar,traffic_2,2024-01-10 03:00:00,40.48850424041749,40.53630283487851
synthetic_traffic,traffic,hist_gradient_boosting_ar,traffic_2,2024-01-10 04:00:00,41.720824476208136,41.63566528013119
synthetic_traffic,traffic,hist_gradient_boosting_ar,traffic_2,2024-01-10 05:00:00,42.47709337792247,41.94001393369302
synthetic_traffic,traffic,hist_gradient_boosting_ar,traffic_2,2024-01-10 06:00:00,42.702906603707255,42.3200737361487
synthetic_traffic,traffic,hist_gradient_boosting_ar,traffic_2,2024-01-10 07:00:00,42.37975279082637,42.11658242136284
synthetic_traffic,traffic,hist_gradient_boosting_ar,traffic_2,2024-01-10 08:00:00,41.526279441628844,41.80478725705828
synthetic_traffic,traffic,hist_gradient_boosting_ar,traffic_2,2024-01-10 09:00:00,40.197026847177256,41.519290711897746
synthetic_traffic,traffic,hist_gradient_boosting_ar,traffic_2,2024-01-10 10:00:00,38.478716322947996,40.404951796510474
synthetic_traffic,traffic,hist_gradient_boosting_ar,traffic_2,2024-01-10 11:00:00,36.48434570012023,38.54713760556333
synthetic_traffic,traffic,hist_gradient_boosting_ar,traffic_2,2024-01-10 12:00:00,34.345494447404135,36.140392750854446
synthetic_traffic,traffic,hist_gradient_boosting_ar,traffic_2,2024-01-10 13:00:00,32.203362808616234,33.429995455414996
synthetic_traffic,traffic,hist_gradient_boosting_ar,traffic_2,2024-01-10 14:00:00,30.19915561548945,31.413044106042012
synthetic_traffic,traffic,hist_gradient_boosting_ar,traffic_2,2024-01-10 15:00:00,28.46446609406727,29.99716552141793
synthetic_traffic,traffic,hist_gradient_boosting_ar,traffic_2,2024-01-10 16:00:00,27.11231498303725,28.122626364358567
synthetic_traffic,traffic,hist_gradient_boosting_ar,traffic_2,2024-01-10 17:00:00,26.229455623521815,26.942298595330012
synthetic_traffic,traffic,hist_gradient_boosting_ar,traffic_2,2024-01-10 18:00:00,25.870469405576202,25.86379148158952
synthetic_traffic,traffic,hist_gradient_boosting_ar,traffic_2,2024-01-10 19:00:00,26.054053946407954,25.612382076987668
synthetic_traffic,traffic,hist_gradient_boosting_ar,traffic_2,2024-01-10 20:00:00,26.761756943915355,26.03156586691452
synthetic_traffic,traffic,hist_gradient_boosting_ar,traffic_2,2024-01-10 21:00:00,27.939241980053595,27.44104596692279
synthetic_traffic,traffic,hist_gradient_boosting_ar,traffic_2,2024-01-10 22:00:00,29.499999999999968,29.199718970823163
synthetic_traffic,traffic,hist_gradient_boosting_ar,traffic_2,2024-01-10 23:00:00,31.33125352399899,31.335117296379035
synthetic_traffic,traffic,lightgbm_ar,traffic_0,2024-01-10 00:00:00,32.92478373654545,32.96298740379145
synthetic_traffic,traffic,lightgbm_ar,traffic_0,2024-01-10 01:00:00,34.96832983968731,34.97308981781779
synthetic_traffic,traffic,lightgbm_ar,traffic_0,2024-01-10 02:00:00,36.86671841735838,36.87451337265168
synthetic_traffic,traffic,lightgbm_ar,traffic_0,2024-01-10 03:00:00,38.48850424041749,38.48640299686393
synthetic_traffic,traffic,lightgbm_ar,traffic_0,2024-01-10 04:00:00,39.720824476208136,39.70350788183323
synthetic_traffic,traffic,lightgbm_ar,traffic_0,2024-01-10 05:00:00,40.47709337792247,39.81875411485822
synthetic_traffic,traffic,lightgbm_ar,traffic_0,2024-01-10 06:00:00,40.702906603707255,40.52072036020505
synthetic_traffic,traffic,lightgbm_ar,traffic_0,2024-01-10 07:00:00,40.37975279082637,40.55880980711326
synthetic_traffic,traffic,lightgbm_ar,traffic_0,2024-01-10 08:00:00,39.526279441628844,39.81831082380579
synthetic_traffic,traffic,lightgbm_ar,traffic_0,2024-01-10 09:00:00,38.197026847177256,39.35033586514814
synthetic_traffic,traffic,lightgbm_ar,traffic_0,2024-01-10 10:00:00,36.478716322947996,37.755119352757305
synthetic_traffic,traffic,lightgbm_ar,traffic_0,2024-01-10 11:00:00,34.48434570012023,35.31845158054435
synthetic_traffic,traffic,lightgbm_ar,traffic_0,2024-01-10 12:00:00,32.345494447404135,33.53195730395908
synthetic_traffic,traffic,lightgbm_ar,traffic_0,2024-01-10 13:00:00,30.20336280861623,31.59482759700602
synthetic_traffic,traffic,lightgbm_ar,traffic_0,2024-01-10 14:00:00,28.19915561548945,29.72559373905074
synthetic_traffic,traffic,lightgbm_ar,traffic_0,2024-01-10 15:00:00,26.46446609406727,27.325996528830384
synthetic_traffic,traffic,lightgbm_ar,traffic_0,2024-01-10 16:00:00,25.11231498303725,25.7590055661563
synthetic_traffic,traffic,lightgbm_ar,traffic_0,2024-01-10 17:00:00,24.229455623521815,24.06787719363556
synthetic_traffic,traffic,lightgbm_ar,traffic_0,2024-01-10 18:00:00,23.870469405576202,23.773152235426224
synthetic_traffic,traffic,lightgbm_ar,traffic_0,2024-01-10 19:00:00,24.054053946407954,23.863531894435297
synthetic_traffic,traffic,lightgbm_ar,traffic_0,2024-01-10 20:00:00,24.761756943915355,24.681765248951997
synthetic_traffic,traffic,lightgbm_ar,traffic_0,2024-01-10 21:00:00,25.939241980053595,25.961624715884238
synthetic_traffic,traffic,lightgbm_ar,traffic_0,2024-01-10 22:00:00,27.499999999999968,27.492444504688486
synthetic_traffic,traffic,lightgbm_ar,traffic_0,2024-01-10 23:00:00,29.33125352399899,29.33757601941434
synthetic_traffic,traffic,lightgbm_ar,traffic_1,2024-01-10 00:00:00,33.92478373654545,33.96298740379145
synthetic_traffic,traffic,lightgbm_ar,traffic_1,2024-01-10 01:00:00,35.96832983968731,35.97308981781779
synthetic_traffic,traffic,lightgbm_ar,traffic_1,2024-01-10 02:00:00,37.86671841735838,37.87451337265168
synthetic_traffic,traffic,lightgbm_ar,traffic_1,2024-01-10 03:00:00,39.48850424041749,39.48640299686393
synthetic_traffic,traffic,lightgbm_ar,traffic_1,2024-01-10 04:00:00,40.720824476208136,40.70350788183323
synthetic_traffic,traffic,lightgbm_ar,traffic_1,2024-01-10 05:00:00,41.47709337792247,40.81875411485822
synthetic_traffic,traffic,lightgbm_ar,traffic_1,2024-01-10 06:00:00,41.702906603707255,41.52072036020505
synthetic_traffic,traffic,lightgbm_ar,traffic_1,2024-01-10 07:00:00,41.37975279082637,41.55880980711326
synthetic_traffic,traffic,lightgbm_ar,traffic_1,2024-01-10 08:00:00,40.526279441628844,40.81831082380579
synthetic_traffic,traffic,lightgbm_ar,traffic_1,2024-01-10 09:00:00,39.197026847177256,40.35033586514814
synthetic_traffic,traffic,lightgbm_ar,traffic_1,2024-01-10 10:00:00,37.478716322947996,38.755119352757305
synthetic_traffic,traffic,lightgbm_ar,traffic_1,2024-01-10 11:00:00,35.48434570012023,36.31845158054435
synthetic_traffic,traffic,lightgbm_ar,traffic_1,2024-01-10 12:00:00,33.345494447404135,34.53195730395908
synthetic_traffic,traffic,lightgbm_ar,traffic_1,2024-01-10 13:00:00,31.20336280861623,32.594827597006024
synthetic_traffic,traffic,lightgbm_ar,traffic_1,2024-01-10 14:00:00,29.19915561548945,30.72559373905074
synthetic_traffic,traffic,lightgbm_ar,traffic_1,2024-01-10 15:00:00,27.46446609406727,28.325996528830384
synthetic_traffic,traffic,lightgbm_ar,traffic_1,2024-01-10 16:00:00,26.11231498303725,26.7590055661563
synthetic_traffic,traffic,lightgbm_ar,traffic_1,2024-01-10 17:00:00,25.229455623521815,25.06787719363556
synthetic_traffic,traffic,lightgbm_ar,traffic_1,2024-01-10 18:00:00,24.870469405576202,24.773152235426224
synthetic_traffic,traffic,lightgbm_ar,traffic_1,2024-01-10 19:00:00,25.054053946407954,24.863531894435297
synthetic_traffic,traffic,lightgbm_ar,traffic_1,2024-01-10 20:00:00,25.761756943915355,25.681765248951997
synthetic_traffic,traffic,lightgbm_ar,traffic_1,2024-01-10 21:00:00,26.939241980053595,26.961624715884238
synthetic_traffic,traffic,lightgbm_ar,traffic_1,2024-01-10 22:00:00,28.499999999999968,28.492444504688486
synthetic_traffic,traffic,lightgbm_ar,traffic_1,2024-01-10 23:00:00,30.33125352399899,30.33757601941434
synthetic_traffic,traffic,lightgbm_ar,traffic_2,2024-01-10 00:00:00,34.92478373654545,34.77783782357822
synthetic_traffic,traffic,lightgbm_ar,traffic_2,2024-01-10 01:00:00,36.96832983968731,36.42771632002706
synthetic_traffic,traffic,lightgbm_ar,traffic_2,2024-01-10 02:00:00,38.86671841735838,38.62102683817689
synthetic_traffic,traffic,lightgbm_ar,traffic_2,2024-01-10 03:00:00,40.48850424041749,39.51027573215686
synthetic_traffic,traffic,lightgbm_ar,traffic_2,2024-01-10 04:00:00,41.720824476208136,41.13039701992302
synthetic_traffic,traffic,lightgbm_ar,traffic_2,2024-01-10 05:00:00,42.47709337792247,42.196936734760776
synthetic_traffic,traffic,lightgbm_ar,traffic_2,2024-01-10 06:00:00,42.702906603707255,42.606984606992484
synthetic_traffic,traffic,lightgbm_ar,traffic_2,2024-01-10 07:00:00,42.37975279082637,42.563187847691054
synthetic_traffic,traffic,lightgbm_ar,traffic_2,2024-01-10 08:00:00,41.526279441628844,41.92069357590436
synthetic_traffic,traffic,lightgbm_ar,traffic_2,2024-01-10 09:00:00,40.197026847177256,41.35033586514813
synthetic_traffic,traffic,lightgbm_ar,traffic_2,2024-01-10 10:00:00,38.478716322947996,40.28794822583096
synthetic_traffic,traffic,lightgbm_ar,traffic_2,2024-01-10 11:00:00,36.48434570012023,38.531854892221546
synthetic_traffic,traffic,lightgbm_ar,traffic_2,2024-01-10 12:00:00,34.345494447404135,35.8236044609745
synthetic_traffic,traffic,lightgbm_ar,traffic_2,2024-01-10 13:00:00,32.203362808616234,33.638268968110665
synthetic_traffic,traffic,lightgbm_ar,traffic_2,2024-01-10 14:00:00,30.19915561548945,31.71724083851822
synthetic_traffic,traffic,lightgbm_ar,traffic_2,2024-01-10 15:00:00,28.46446609406727,29.302477650532822
synthetic_traffic,traffic,lightgbm_ar,traffic_2,2024-01-10 16:00:00,27.11231498303725,27.330709138225927
synthetic_traffic,traffic,lightgbm_ar,traffic_2,2024-01-10 17:00:00,26.229455623521815,26.095678621990785
synthetic_traffic,traffic,lightgbm_ar,traffic_2,2024-01-10 18:00:00,25.870469405576202,25.770617223574128
synthetic_traffic,traffic,lightgbm_ar,traffic_2,2024-01-10 19:00:00,26.054053946407954,26.03837412732248
synthetic_traffic,traffic,lightgbm_ar,traffic_2,2024-01-10 20:00:00,26.761756943915355,26.762691988166374
synthetic_traffic,traffic,lightgbm_ar,traffic_2,2024-01-10 21:00:00,27.939241980053595,28.10171172051787
synthetic_traffic,traffic,lightgbm_ar,traffic_2,2024-01-10 22:00:00,29.499999999999968,29.448984981683964
synthetic_traffic,traffic,lightgbm_ar,traffic_2,2024-01-10 23:00:00,31.33125352399899,31.356594306254397
synthetic_traffic,traffic,xgboost_ar,traffic_0,2024-01-10 00:00:00,32.92478373654545,32.922996901633674
synthetic_traffic,traffic,xgboost_ar,traffic_0,2024-01-10 01:00:00,34.96832983968731,34.86523466765079
synthetic_traffic,traffic,xgboost_ar,traffic_0,2024-01-10 02:00:00,36.86671841735838,36.38742280816673
synthetic_traffic,traffic,xgboost_ar,traffic_0,2024-01-10 03:00:00,38.48850424041749,36.9992347137487
synthetic_traffic,traffic,xgboost_ar,traffic_0,2024-01-10 04:00:00,39.720824476208136,37.997927959533776
synthetic_traffic,traffic,xgboost_ar,traffic_0,2024-01-10 05:00:00,40.47709337792247,38.51086271713697
synthetic_traffic,traffic,xgboost_ar,traffic_0,2024-01-10 06:00:00,40.702906603707255,38.83450763874757
synthetic_traffic,traffic,xgboost_ar,traffic_0,2024-01-10 07:00:00,40.37975279082637,38.41707618793782
synthetic_traffic,traffic,xgboost_ar,traffic_0,2024-01-10 08:00:00,39.526279441628844,37.58186353287055
synthetic_traffic,traffic,xgboost_ar,traffic_0,2024-01-10 09:00:00,38.197026847177256,36.101856937742994
synthetic_traffic,traffic,xgboost_ar,traffic_0,2024-01-10 10:00:00,36.478716322947996,34.46136007278808
synthetic_traffic,traffic,xgboost_ar,traffic_0,2024-01-10 11:00:00,34.48434570012023,32.64232651315741
synthetic_traffic,traffic,xgboost_ar,traffic_0,2024-01-10 12:00:00,32.345494447404135,31.270216812887988
synthetic_traffic,traffic,xgboost_ar,traffic_0,2024-01-10 13:00:00,30.20336280861623,29.499106406693222
synthetic_traffic,traffic,xgboost_ar,traffic_0,2024-01-10 14:00:00,28.19915561548945,27.65414408492106
synthetic_traffic,traffic,xgboost_ar,traffic_0,2024-01-10 15:00:00,26.46446609406727,25.8478774147357
synthetic_traffic,traffic,xgboost_ar,traffic_0,2024-01-10 16:00:00,25.11231498303725,24.185804600809938
synthetic_traffic,traffic,xgboost_ar,traffic_0,2024-01-10 17:00:00,24.229455623521815,23.262637484197192
synthetic_traffic,traffic,xgboost_ar,traffic_0,2024-01-10 18:00:00,23.870469405576202,22.66338329132881
synthetic_traffic,traffic,xgboost_ar,traffic_0,2024-01-10 19:00:00,24.054053946407954,23.5095086804955
synthetic_traffic,traffic,xgboost_ar,traffic_0,2024-01-10 20:00:00,24.761756943915355,23.73549916943258
synthetic_traffic,traffic,xgboost_ar,traffic_0,2024-01-10 21:00:00,25.939241980053595,24.727610723558513
synthetic_traffic,traffic,xgboost_ar,traffic_0,2024-01-10 22:00:00,27.499999999999968,25.99810327392782
synthetic_traffic,traffic,xgboost_ar,traffic_0,2024-01-10 23:00:00,29.33125352399899,28.494624012694324
synthetic_traffic,traffic,xgboost_ar,traffic_1,2024-01-10 00:00:00,33.92478373654545,33.922996901633674
synthetic_traffic,traffic,xgboost_ar,traffic_1,2024-01-10 01:00:00,35.96832983968731,35.86523466765079
synthetic_traffic,traffic,xgboost_ar,traffic_1,2024-01-10 02:00:00,37.86671841735838,37.38742280816673
synthetic_traffic,traffic,xgboost_ar,traffic_1,2024-01-10 03:00:00,39.48850424041749,37.9992347137487
synthetic_traffic,traffic,xgboost_ar,traffic_1,2024-01-10 04:00:00,40.720824476208136,38.997927959533776
synthetic_traffic,traffic,xgboost_ar,traffic_1,2024-01-10 05:00:00,41.47709337792247,39.51086271713697
synthetic_traffic,traffic,xgboost_ar,traffic_1,2024-01-10 06:00:00,41.702906603707255,39.83450763874757
synthetic_traffic,traffic,xgboost_ar,traffic_1,2024-01-10 07:00:00,41.37975279082637,39.41707618793782
synthetic_traffic,traffic,xgboost_ar,traffic_1,2024-01-10 08:00:00,40.526279441628844,38.58186353287055
synthetic_traffic,traffic,xgboost_ar,traffic_1,2024-01-10 09:00:00,39.197026847177256,37.101856937742994
synthetic_traffic,traffic,xgboost_ar,traffic_1,2024-01-10 10:00:00,37.478716322947996,35.46136007278808
synthetic_traffic,traffic,xgboost_ar,traffic_1,2024-01-10 11:00:00,35.48434570012023,33.64232651315741
synthetic_traffic,traffic,xgboost_ar,traffic_1,2024-01-10 12:00:00,33.345494447404135,32.27021681288799
synthetic_traffic,traffic,xgboost_ar,traffic_1,2024-01-10 13:00:00,31.20336280861623,30.499106406693222
synthetic_traffic,traffic,xgboost_ar,traffic_1,2024-01-10 14:00:00,29.19915561548945,28.65414408492106
synthetic_traffic,traffic,xgboost_ar,traffic_1,2024-01-10 15:00:00,27.46446609406727,26.8478774147357
synthetic_traffic,traffic,xgboost_ar,traffic_1,2024-01-10 16:00:00,26.11231498303725,25.185804600809938
synthetic_traffic,traffic,xgboost_ar,traffic_1,2024-01-10 17:00:00,25.229455623521815,24.262637484197192
synthetic_traffic,traffic,xgboost_ar,traffic_1,2024-01-10 18:00:00,24.870469405576202,23.66338329132881
synthetic_traffic,traffic,xgboost_ar,traffic_1,2024-01-10 19:00:00,25.054053946407954,24.5095086804955
synthetic_traffic,traffic,xgboost_ar,traffic_1,2024-01-10 20:00:00,25.761756943915355,24.73549916943258
synthetic_traffic,traffic,xgboost_ar,traffic_1,2024-01-10 21:00:00,26.939241980053595,25.727610723558513
synthetic_traffic,traffic,xgboost_ar,traffic_1,2024-01-10 22:00:00,28.499999999999968,26.99810327392782
synthetic_traffic,traffic,xgboost_ar,traffic_1,2024-01-10 23:00:00,30.33125352399899,29.494624012694324
synthetic_traffic,traffic,xgboost_ar,traffic_2,2024-01-10 00:00:00,34.92478373654545,34.92299690163367
synthetic_traffic,traffic,xgboost_ar,traffic_2,2024-01-10 01:00:00,36.96832983968731,36.86523466765078
synthetic_traffic,traffic,xgboost_ar,traffic_2,2024-01-10 02:00:00,38.86671841735838,38.387422808166725
synthetic_traffic,traffic,xgboost_ar,traffic_2,2024-01-10 03:00:00,40.48850424041749,38.99923471374869
synthetic_traffic,traffic,xgboost_ar,traffic_2,2024-01-10 04:00:00,41.720824476208136,39.99792795953377
synthetic_traffic,traffic,xgboost_ar,traffic_2,2024-01-10 05:00:00,42.47709337792247,40.510862717136966
synthetic_traffic,traffic,xgboost_ar,traffic_2,2024-01-10 06:00:00,42.702906603707255,40.83450763874756
synthetic_traffic,traffic,xgboost_ar,traffic_2,2024-01-10 07:00:00,42.37975279082637,40.417076187937816
synthetic_traffic,traffic,xgboost_ar,traffic_2,2024-01-10 08:00:00,41.526279441628844,39.58186353287054
synthetic_traffic,traffic,xgboost_ar,traffic_2,2024-01-10 09:00:00,40.197026847177256,38.10185693774299
synthetic_traffic,traffic,xgboost_ar,traffic_2,2024-01-10 10:00:00,38.478716322947996,36.461360072788075
synthetic_traffic,traffic,xgboost_ar,traffic_2,2024-01-10 11:00:00,36.48434570012023,34.6423265131574
synthetic_traffic,traffic,xgboost_ar,traffic_2,2024-01-10 12:00:00,34.345494447404135,33.27021681288799
synthetic_traffic,traffic,xgboost_ar,traffic_2,2024-01-10 13:00:00,32.203362808616234,31.49910640669322
synthetic_traffic,traffic,xgboost_ar,traffic_2,2024-01-10 14:00:00,30.19915561548945,29.654144084921057
synthetic_traffic,traffic,xgboost_ar,traffic_2,2024-01-10 15:00:00,28.46446609406727,27.847877414735695
synthetic_traffic,traffic,xgboost_ar,traffic_2,2024-01-10 16:00:00,27.11231498303725,26.185804600809938
synthetic_traffic,traffic,xgboost_ar,traffic_2,2024-01-10 17:00:00,26.229455623521815,25.262637484197192
synthetic_traffic,traffic,xgboost_ar,traffic_2,2024-01-10 18:00:00,25.870469405576202,24.663383291328806
synthetic_traffic,traffic,xgboost_ar,traffic_2,2024-01-10 19:00:00,26.054053946407954,25.509508680495497
synthetic_traffic,traffic,xgboost_ar,traffic_2,2024-01-10 20:00:00,26.761756943915355,25.735499169432575
synthetic_traffic,traffic,xgboost_ar,traffic_2,2024-01-10 21:00:00,27.939241980053595,26.727610723558513
synthetic_traffic,traffic,xgboost_ar,traffic_2,2024-01-10 22:00:00,29.499999999999968,27.998103273927818
synthetic_traffic,traffic,xgboost_ar,traffic_2,2024-01-10 23:00:00,31.33125352399899,30.49462401269432
synthetic_traffic,traffic,tabpfn_ts,traffic_0,2024-01-10 00:00:00,32.92478373654545,32.58036422729492
synthetic_traffic,traffic,tabpfn_ts,traffic_0,2024-01-10 01:00:00,34.96832983968731,34.85661697387695
synthetic_traffic,traffic,tabpfn_ts,traffic_0,2024-01-10 02:00:00,36.86671841735838,36.856266021728516
synthetic_traffic,traffic,tabpfn_ts,traffic_0,2024-01-10 03:00:00,38.48850424041749,38.66775131225586
synthetic_traffic,traffic,tabpfn_ts,traffic_0,2024-01-10 04:00:00,39.720824476208136,39.90099334716797
synthetic_traffic,traffic,tabpfn_ts,traffic_0,2024-01-10 05:00:00,40.47709337792247,40.488101959228516
synthetic_traffic,traffic,tabpfn_ts,traffic_0,2024-01-10 06:00:00,40.702906603707255,40.651493072509766
synthetic_traffic,traffic,tabpfn_ts,traffic_0,2024-01-10 07:00:00,40.37975279082637,40.600624084472656
synthetic_traffic,traffic,tabpfn_ts,traffic_0,2024-01-10 08:00:00,39.526279441628844,39.87401580810547
synthetic_traffic,traffic,tabpfn_ts,traffic_0,2024-01-10 09:00:00,38.197026847177256,38.38278579711914
synthetic_traffic,traffic,tabpfn_ts,traffic_0,2024-01-10 10:00:00,36.478716322947996,36.476871490478516
synthetic_traffic,traffic,tabpfn_ts,traffic_0,2024-01-10 11:00:00,34.48434570012023,34.49726486206055
synthetic_traffic,traffic,tabpfn_ts,traffic_0,2024-01-10 12:00:00,32.345494447404135,32.40546798706055
synthetic_traffic,traffic,tabpfn_ts,traffic_0,2024-01-10 13:00:00,30.20336280861623,30.436952590942383
synthetic_traffic,traffic,tabpfn_ts,traffic_0,2024-01-10 14:00:00,28.19915561548945,28.486318588256836
synthetic_traffic,traffic,tabpfn_ts,traffic_0,2024-01-10 15:00:00,26.46446609406727,26.58235740661621
synthetic_traffic,traffic,tabpfn_ts,traffic_0,2024-01-10 16:00:00,25.11231498303725,25.31422233581543
synthetic_traffic,traffic,tabpfn_ts,traffic_0,2024-01-10 17:00:00,24.229455623521815,24.579593658447266
synthetic_traffic,traffic,tabpfn_ts,traffic_0,2024-01-10 18:00:00,23.870469405576202,24.221885681152344
synthetic_traffic,traffic,tabpfn_ts,traffic_0,2024-01-10 19:00:00,24.054053946407954,24.170814514160156
synthetic_traffic,traffic,tabpfn_ts,traffic_0,2024-01-10 20:00:00,24.761756943915355,24.94390106201172
synthetic_traffic,traffic,tabpfn_ts,traffic_0,2024-01-10 21:00:00,25.939241980053595,26.488096237182617
synthetic_traffic,traffic,tabpfn_ts,traffic_0,2024-01-10 22:00:00,27.499999999999968,28.34674644470215
synthetic_traffic,traffic,tabpfn_ts,traffic_0,2024-01-10 23:00:00,29.33125352399899,30.35968589782715
synthetic_traffic,traffic,tabpfn_ts,traffic_1,2024-01-10 00:00:00,33.92478373654545,33.58036422729492
synthetic_traffic,traffic,tabpfn_ts,traffic_1,2024-01-10 01:00:00,35.96832983968731,35.85661697387695
synthetic_traffic,traffic,tabpfn_ts,traffic_1,2024-01-10 02:00:00,37.86671841735838,37.856266021728516
synthetic_traffic,traffic,tabpfn_ts,traffic_1,2024-01-10 03:00:00,39.48850424041749,39.66775131225586
synthetic_traffic,traffic,tabpfn_ts,traffic_1,2024-01-10 04:00:00,40.720824476208136,40.90099334716797
synthetic_traffic,traffic,tabpfn_ts,traffic_1,2024-01-10 05:00:00,41.47709337792247,41.488101959228516
synthetic_traffic,traffic,tabpfn_ts,traffic_1,2024-01-10 06:00:00,41.702906603707255,41.651493072509766
synthetic_traffic,traffic,tabpfn_ts,traffic_1,2024-01-10 07:00:00,41.37975279082637,41.600624084472656
synthetic_traffic,traffic,tabpfn_ts,traffic_1,2024-01-10 08:00:00,40.526279441628844,40.87401580810547
synthetic_traffic,traffic,tabpfn_ts,traffic_1,2024-01-10 09:00:00,39.197026847177256,39.38278579711914
synthetic_traffic,traffic,tabpfn_ts,traffic_1,2024-01-10 10:00:00,37.478716322947996,37.476871490478516
synthetic_traffic,traffic,tabpfn_ts,traffic_1,2024-01-10 11:00:00,35.48434570012023,35.49726486206055
synthetic_traffic,traffic,tabpfn_ts,traffic_1,2024-01-10 12:00:00,33.345494447404135,33.40546798706055
synthetic_traffic,traffic,tabpfn_ts,traffic_1,2024-01-10 13:00:00,31.20336280861623,31.436952590942383
synthetic_traffic,traffic,tabpfn_ts,traffic_1,2024-01-10 14:00:00,29.19915561548945,29.486318588256836
synthetic_traffic,traffic,tabpfn_ts,traffic_1,2024-01-10 15:00:00,27.46446609406727,27.58235740661621
synthetic_traffic,traffic,tabpfn_ts,traffic_1,2024-01-10 16:00:00,26.11231498303725,26.31422233581543
synthetic_traffic,traffic,tabpfn_ts,traffic_1,2024-01-10 17:00:00,25.229455623521815,25.579593658447266
synthetic_traffic,traffic,tabpfn_ts,traffic_1,2024-01-10 18:00:00,24.870469405576202,25.221885681152344
synthetic_traffic,traffic,tabpfn_ts,traffic_1,2024-01-10 19:00:00,25.054053946407954,25.170814514160156
synthetic_traffic,traffic,tabpfn_ts,traffic_1,2024-01-10 20:00:00,25.761756943915355,25.94390106201172
synthetic_traffic,traffic,tabpfn_ts,traffic_1,2024-01-10 21:00:00,26.939241980053595,27.488096237182617
synthetic_traffic,traffic,tabpfn_ts,traffic_1,2024-01-10 22:00:00,28.499999999999968,29.34674644470215
synthetic_traffic,traffic,tabpfn_ts,traffic_1,2024-01-10 23:00:00,30.33125352399899,31.35968589782715
synthetic_traffic,traffic,tabpfn_ts,traffic_2,2024-01-10 00:00:00,34.92478373654545,34.58036422729492
synthetic_traffic,traffic,tabpfn_ts,traffic_2,2024-01-10 01:00:00,36.96832983968731,36.85661697387695
synthetic_traffic,traffic,tabpfn_ts,traffic_2,2024-01-10 02:00:00,38.86671841735838,38.856266021728516
synthetic_traffic,traffic,tabpfn_ts,traffic_2,2024-01-10 03:00:00,40.48850424041749,40.66775131225586
synthetic_traffic,traffic,tabpfn_ts,traffic_2,2024-01-10 04:00:00,41.720824476208136,41.90099334716797
synthetic_traffic,traffic,tabpfn_ts,traffic_2,2024-01-10 05:00:00,42.47709337792247,42.488101959228516
synthetic_traffic,traffic,tabpfn_ts,traffic_2,2024-01-10 06:00:00,42.702906603707255,42.651493072509766
synthetic_traffic,traffic,tabpfn_ts,traffic_2,2024-01-10 07:00:00,42.37975279082637,42.600624084472656
synthetic_traffic,traffic,tabpfn_ts,traffic_2,2024-01-10 08:00:00,41.526279441628844,41.87401580810547
synthetic_traffic,traffic,tabpfn_ts,traffic_2,2024-01-10 09:00:00,40.197026847177256,40.38278579711914
synthetic_traffic,traffic,tabpfn_ts,traffic_2,2024-01-10 10:00:00,38.478716322947996,38.476871490478516
synthetic_traffic,traffic,tabpfn_ts,traffic_2,2024-01-10 11:00:00,36.48434570012023,36.49726486206055
synthetic_traffic,traffic,tabpfn_ts,traffic_2,2024-01-10 12:00:00,34.345494447404135,34.40546798706055
synthetic_traffic,traffic,tabpfn_ts,traffic_2,2024-01-10 13:00:00,32.203362808616234,32.43695068359375
synthetic_traffic,traffic,tabpfn_ts,traffic_2,2024-01-10 14:00:00,30.19915561548945,30.486318588256836
synthetic_traffic,traffic,tabpfn_ts,traffic_2,2024-01-10 15:00:00,28.46446609406727,28.58235740661621
synthetic_traffic,traffic,tabpfn_ts,traffic_2,2024-01-10 16:00:00,27.11231498303725,27.31422233581543
synthetic_traffic,traffic,tabpfn_ts,traffic_2,2024-01-10 17:00:00,26.229455623521815,26.579593658447266
synthetic_traffic,traffic,tabpfn_ts,traffic_2,2024-01-10 18:00:00,25.870469405576202,26.221885681152344
synthetic_traffic,traffic,tabpfn_ts,traffic_2,2024-01-10 19:00:00,26.054053946407954,26.170814514160156
synthetic_traffic,traffic,tabpfn_ts,traffic_2,2024-01-10 20:00:00,26.761756943915355,26.94390106201172
synthetic_traffic,traffic,tabpfn_ts,traffic_2,2024-01-10 21:00:00,27.939241980053595,28.488096237182617
synthetic_traffic,traffic,tabpfn_ts,traffic_2,2024-01-10 22:00:00,29.499999999999968,30.34674644470215
synthetic_traffic,traffic,tabpfn_ts,traffic_2,2024-01-10 23:00:00,31.33125352399899,32.359683990478516
synthetic_weather,weather,dummy_mean,weather_0,2024-01-09 04:00:00,22.080127018922212,17.54134164237247
synthetic_weather,weather,dummy_mean,weather_0,2024-01-09 04:10:00,22.264044094228257,17.54134164237247
synthetic_weather,weather,dummy_mean,weather_0,2024-01-09 04:20:00,22.444714846349765,17.54134164237247
synthetic_weather,weather,dummy_mean,weather_0,2024-01-09 04:30:00,22.619397662556413,17.54134164237247
synthetic_weather,weather,dummy_mean,weather_0,2024-01-09 04:40:00,22.785287192763008,17.54134164237247
synthetic_weather,weather,dummy_mean,weather_0,2024-01-09 04:50:00,22.93959482540397,17.54134164237247
synthetic_weather,weather,dummy_mean,weather_0,2024-01-09 05:00:00,23.079629131445337,17.54134164237247
synthetic_weather,weather,dummy_mean,weather_0,2024-01-09 05:10:00,23.20287384044293,17.54134164237247
synthetic_weather,weather,dummy_mean,weather_0,2024-01-09 05:20:00,23.307060986620524,17.54134164237247
synthetic_weather,weather,dummy_mean,weather_0,2024-01-09 05:30:00,23.390237008761265,17.54134164237247
synthetic_weather,weather,dummy_mean,weather_0,2024-01-09 05:40:00,23.450819800851676,17.54134164237247
synthetic_weather,weather,dummy_mean,weather_0,2024-01-09 05:50:00,23.48764498441539,17.54134164237247
synthetic_weather,weather,dummy_mean,weather_0,2024-01-09 06:00:00,23.5,17.54134164237247
synthetic_weather,weather,dummy_mean,weather_0,2024-01-09 06:10:00,23.48764498441539,17.54134164237247
synthetic_weather,weather,dummy_mean,weather_0,2024-01-09 06:20:00,23.450819800851686,17.54134164237247
synthetic_weather,weather,dummy_mean,weather_0,2024-01-09 06:30:00,23.39023700876128,17.54134164237247
synthetic_weather,weather,dummy_mean,weather_0,2024-01-09 06:40:00,23.307060986620538,17.54134164237247
synthetic_weather,weather,dummy_mean,weather_0,2024-01-09 06:50:00,23.20287384044295,17.54134164237247
synthetic_weather,weather,dummy_mean,weather_0,2024-01-09 07:00:00,23.07962913144536,17.54134164237247
synthetic_weather,weather,dummy_mean,weather_0,2024-01-09 07:10:00,22.93959482540397,17.54134164237247
synthetic_weather,weather,dummy_mean,weather_0,2024-01-09 07:20:00,22.78528719276301,17.54134164237247
synthetic_weather,weather,dummy_mean,weather_0,2024-01-09 07:30:00,22.61939766255644,17.54134164237247
synthetic_weather,weather,dummy_mean,weather_0,2024-01-09 07:40:00,22.444714846349797,17.54134164237247
synthetic_weather,weather,dummy_mean,weather_0,2024-01-09 07:50:00,22.26404409422829,17.54134164237247
synthetic_weather,weather,dummy_mean,weather_1,2024-01-09 04:00:00,23.080127018922212,18.54134164237247
synthetic_weather,weather,dummy_mean,weather_1,2024-01-09 04:10:00,23.264044094228257,18.54134164237247
synthetic_weather,weather,dummy_mean,weather_1,2024-01-09 04:20:00,23.444714846349765,18.54134164237247
synthetic_weather,weather,dummy_mean,weather_1,2024-01-09 04:30:00,23.619397662556413,18.54134164237247
synthetic_weather,weather,dummy_mean,weather_1,2024-01-09 04:40:00,23.785287192763008,18.54134164237247
synthetic_weather,weather,dummy_mean,weather_1,2024-01-09 04:50:00,23.93959482540397,18.54134164237247
synthetic_weather,weather,dummy_mean,weather_1,2024-01-09 05:00:00,24.079629131445337,18.54134164237247
synthetic_weather,weather,dummy_mean,weather_1,2024-01-09 05:10:00,24.20287384044293,18.54134164237247
synthetic_weather,weather,dummy_mean,weather_1,2024-01-09 05:20:00,24.307060986620524,18.54134164237247
synthetic_weather,weather,dummy_mean,weather_1,2024-01-09 05:30:00,24.390237008761265,18.54134164237247
synthetic_weather,weather,dummy_mean,weather_1,2024-01-09 05:40:00,24.450819800851676,18.54134164237247
synthetic_weather,weather,dummy_mean,weather_1,2024-01-09 05:50:00,24.48764498441539,18.54134164237247
synthetic_weather,weather,dummy_mean,weather_1,2024-01-09 06:00:00,24.5,18.54134164237247
synthetic_weather,weather,dummy_mean,weather_1,2024-01-09 06:10:00,24.48764498441539,18.54134164237247
synthetic_weather,weather,dummy_mean,weather_1,2024-01-09 06:20:00,24.450819800851686,18.54134164237247
synthetic_weather,weather,dummy_mean,weather_1,2024-01-09 06:30:00,24.39023700876128,18.54134164237247
synthetic_weather,weather,dummy_mean,weather_1,2024-01-09 06:40:00,24.307060986620538,18.54134164237247
synthetic_weather,weather,dummy_mean,weather_1,2024-01-09 06:50:00,24.20287384044295,18.54134164237247
synthetic_weather,weather,dummy_mean,weather_1,2024-01-09 07:00:00,24.07962913144536,18.54134164237247
synthetic_weather,weather,dummy_mean,weather_1,2024-01-09 07:10:00,23.93959482540397,18.54134164237247
synthetic_weather,weather,dummy_mean,weather_1,2024-01-09 07:20:00,23.78528719276301,18.54134164237247
synthetic_weather,weather,dummy_mean,weather_1,2024-01-09 07:30:00,23.61939766255644,18.54134164237247
synthetic_weather,weather,dummy_mean,weather_1,2024-01-09 07:40:00,23.444714846349797,18.54134164237247
synthetic_weather,weather,dummy_mean,weather_1,2024-01-09 07:50:00,23.26404409422829,18.54134164237247
synthetic_weather,weather,seasonal_naive,weather_0,2024-01-09 04:00:00,22.080127018922212,18.49999999999999
synthetic_weather,weather,seasonal_naive,weather_0,2024-01-09 04:10:00,22.264044094228257,18.71050081333277
synthetic_weather,weather,seasonal_naive,weather_0,2024-01-09 04:20:00,22.444714846349765,18.90562502413126
synthetic_weather,weather,seasonal_naive,weather_0,2024-01-09 04:30:00,22.619397662556413,19.085643662992485
synthetic_weather,weather,seasonal_naive,weather_0,2024-01-09 04:40:00,22.785287192763008,19.25126310989412
synthetic_weather,weather,seasonal_naive,weather_0,2024-01-09 04:50:00,22.93959482540397,19.40359187453376
synthetic_weather,weather,seasonal_naive,weather_0,2024-01-09 05:00:00,23.079629131445337,19.544095225512603
synthetic_weather,weather,seasonal_naive,weather_0,2024-01-09 05:10:00,23.20287384044293,19.674539069184195
synthetic_weather,weather,seasonal_naive,weather_0,2024-01-09 05:20:00,23.307060986620524,19.796924805461803
synthetic_weather,weather,seasonal_naive,weather_0,2024-01-09 05:30:00,23.390237008761265,19.91341716182544
synthetic_weather,weather,seasonal_naive,weather_0,2024-01-09 05:40:00,23.450819800851676,20.02626721987004
synthetic_weather,weather,seasonal_naive,weather_0,2024-01-09 05:50:00,23.48764498441539,20.137732994512323
synthetic_weather,weather,seasonal_naive,weather_0,2024-01-09 06:00:00,23.5,20.249999999999982
synthetic_weather,weather,seasonal_naive,weather_0,2024-01-09 06:10:00,23.48764498441539,20.36510423689085
synthetic_weather,weather,seasonal_naive,weather_0,2024-01-09 06:20:00,23.450819800851686,20.484859960195738
synthetic_weather,weather,seasonal_naive,weather_0,2024-01-09 06:30:00,23.39023700876128,20.610794443151377
synthetic_weather,weather,seasonal_naive,weather_0,2024-01-09 06:40:00,23.307060986620538,20.744091738039735
synthetic_weather,weather,seasonal_naive,weather_0,2024-01-09 06:50:00,23.20287384044295,20.88554716157221
synthetic_weather,weather,seasonal_naive,weather_0,2024-01-09 07:00:00,23.07962913144536,21.03553390593272
synthetic_weather,weather,seasonal_naive,weather_0,2024-01-09 07:10:00,22.93959482540397,21.193982807544497
synthetic_weather,weather,seasonal_naive,weather_0,2024-01-09 07:20:00,22.78528719276301,21.36037590520191
synthetic_weather,weather,seasonal_naive,weather_0,2024-01-09 07:30:00,22.61939766255644,21.533753999563952
synthetic_weather,weather,seasonal_naive,weather_0,2024-01-09 07:40:00,22.444714846349797,21.712737999885466
synthetic_weather,weather,seasonal_naive,weather_0,2024-01-09 07:50:00,22.26404409422829,21.89556342422115
synthetic_weather,weather,seasonal_naive,weather_1,2024-01-09 04:00:00,23.080127018922212,19.49999999999999
synthetic_weather,weather,seasonal_naive,weather_1,2024-01-09 04:10:00,23.264044094228257,19.71050081333277
synthetic_weather,weather,seasonal_naive,weather_1,2024-01-09 04:20:00,23.444714846349765,19.90562502413126
synthetic_weather,weather,seasonal_naive,weather_1,2024-01-09 04:30:00,23.619397662556413,20.085643662992485
synthetic_weather,weather,seasonal_naive,weather_1,2024-01-09 04:40:00,23.785287192763008,20.25126310989412
synthetic_weather,weather,seasonal_naive,weather_1,2024-01-09 04:50:00,23.93959482540397,20.40359187453376
synthetic_weather,weather,seasonal_naive,weather_1,2024-01-09 05:00:00,24.079629131445337,20.544095225512603
synthetic_weather,weather,seasonal_naive,weather_1,2024-01-09 05:10:00,24.20287384044293,20.674539069184195
synthetic_weather,weather,seasonal_naive,weather_1,2024-01-09 05:20:00,24.307060986620524,20.796924805461803
synthetic_weather,weather,seasonal_naive,weather_1,2024-01-09 05:30:00,24.390237008761265,20.91341716182544
synthetic_weather,weather,seasonal_naive,weather_1,2024-01-09 05:40:00,24.450819800851676,21.02626721987004
synthetic_weather,weather,seasonal_naive,weather_1,2024-01-09 05:50:00,24.48764498441539,21.137732994512323
synthetic_weather,weather,seasonal_naive,weather_1,2024-01-09 06:00:00,24.5,21.249999999999982
synthetic_weather,weather,seasonal_naive,weather_1,2024-01-09 06:10:00,24.48764498441539,21.36510423689085
synthetic_weather,weather,seasonal_naive,weather_1,2024-01-09 06:20:00,24.450819800851686,21.484859960195738
synthetic_weather,weather,seasonal_naive,weather_1,2024-01-09 06:30:00,24.39023700876128,21.610794443151377
synthetic_weather,weather,seasonal_naive,weather_1,2024-01-09 06:40:00,24.307060986620538,21.744091738039735
synthetic_weather,weather,seasonal_naive,weather_1,2024-01-09 06:50:00,24.20287384044295,21.88554716157221
synthetic_weather,weather,seasonal_naive,weather_1,2024-01-09 07:00:00,24.07962913144536,22.03553390593272
synthetic_weather,weather,seasonal_naive,weather_1,2024-01-09 07:10:00,23.93959482540397,22.193982807544497
synthetic_weather,weather,seasonal_naive,weather_1,2024-01-09 07:20:00,23.78528719276301,22.36037590520191
synthetic_weather,weather,seasonal_naive,weather_1,2024-01-09 07:30:00,23.61939766255644,22.533753999563952
synthetic_weather,weather,seasonal_naive,weather_1,2024-01-09 07:40:00,23.444714846349797,22.712737999885466
synthetic_weather,weather,seasonal_naive,weather_1,2024-01-09 07:50:00,23.26404409422829,22.89556342422115
synthetic_weather,weather,moving_average,weather_0,2024-01-09 04:00:00,22.080127018922212,20.209247772643767
synthetic_weather,weather,moving_average,weather_0,2024-01-09 04:10:00,22.264044094228257,20.209247772643767
synthetic_weather,weather,moving_average,weather_0,2024-01-09 04:20:00,22.444714846349765,20.209247772643767
synthetic_weather,weather,moving_average,weather_0,2024-01-09 04:30:00,22.619397662556413,20.209247772643767
synthetic_weather,weather,moving_average,weather_0,2024-01-09 04:40:00,22.785287192763008,20.209247772643767
synthetic_weather,weather,moving_average,weather_0,2024-01-09 04:50:00,22.93959482540397,20.209247772643767
synthetic_weather,weather,moving_average,weather_0,2024-01-09 05:00:00,23.079629131445337,20.209247772643767
synthetic_weather,weather,moving_average,weather_0,2024-01-09 05:10:00,23.20287384044293,20.209247772643767
synthetic_weather,weather,moving_average,weather_0,2024-01-09 05:20:00,23.307060986620524,20.209247772643767
synthetic_weather,weather,moving_average,weather_0,2024-01-09 05:30:00,23.390237008761265,20.209247772643767
synthetic_weather,weather,moving_average,weather_0,2024-01-09 05:40:00,23.450819800851676,20.209247772643767
synthetic_weather,weather,moving_average,weather_0,2024-01-09 05:50:00,23.48764498441539,20.209247772643767
synthetic_weather,weather,moving_average,weather_0,2024-01-09 06:00:00,23.5,20.209247772643767
synthetic_weather,weather,moving_average,weather_0,2024-01-09 06:10:00,23.48764498441539,20.209247772643767
synthetic_weather,weather,moving_average,weather_0,2024-01-09 06:20:00,23.450819800851686,20.209247772643767
synthetic_weather,weather,moving_average,weather_0,2024-01-09 06:30:00,23.39023700876128,20.209247772643767
synthetic_weather,weather,moving_average,weather_0,2024-01-09 06:40:00,23.307060986620538,20.209247772643767
synthetic_weather,weather,moving_average,weather_0,2024-01-09 06:50:00,23.20287384044295,20.209247772643767
synthetic_weather,weather,moving_average,weather_0,2024-01-09 07:00:00,23.07962913144536,20.209247772643767
synthetic_weather,weather,moving_average,weather_0,2024-01-09 07:10:00,22.93959482540397,20.209247772643767
synthetic_weather,weather,moving_average,weather_0,2024-01-09 07:20:00,22.78528719276301,20.209247772643767
synthetic_weather,weather,moving_average,weather_0,2024-01-09 07:30:00,22.61939766255644,20.209247772643767
synthetic_weather,weather,moving_average,weather_0,2024-01-09 07:40:00,22.444714846349797,20.209247772643767
synthetic_weather,weather,moving_average,weather_0,2024-01-09 07:50:00,22.26404409422829,20.209247772643767
synthetic_weather,weather,moving_average,weather_1,2024-01-09 04:00:00,23.080127018922212,21.209247772643767
synthetic_weather,weather,moving_average,weather_1,2024-01-09 04:10:00,23.264044094228257,21.209247772643767
synthetic_weather,weather,moving_average,weather_1,2024-01-09 04:20:00,23.444714846349765,21.209247772643767
synthetic_weather,weather,moving_average,weather_1,2024-01-09 04:30:00,23.619397662556413,21.209247772643767
synthetic_weather,weather,moving_average,weather_1,2024-01-09 04:40:00,23.785287192763008,21.209247772643767
synthetic_weather,weather,moving_average,weather_1,2024-01-09 04:50:00,23.93959482540397,21.209247772643767
synthetic_weather,weather,moving_average,weather_1,2024-01-09 05:00:00,24.079629131445337,21.209247772643767
synthetic_weather,weather,moving_average,weather_1,2024-01-09 05:10:00,24.20287384044293,21.209247772643767
synthetic_weather,weather,moving_average,weather_1,2024-01-09 05:20:00,24.307060986620524,21.209247772643767
synthetic_weather,weather,moving_average,weather_1,2024-01-09 05:30:00,24.390237008761265,21.209247772643767
synthetic_weather,weather,moving_average,weather_1,2024-01-09 05:40:00,24.450819800851676,21.209247772643767
synthetic_weather,weather,moving_average,weather_1,2024-01-09 05:50:00,24.48764498441539,21.209247772643767
synthetic_weather,weather,moving_average,weather_1,2024-01-09 06:00:00,24.5,21.209247772643767
synthetic_weather,weather,moving_average,weather_1,2024-01-09 06:10:00,24.48764498441539,21.209247772643767
synthetic_weather,weather,moving_average,weather_1,2024-01-09 06:20:00,24.450819800851686,21.209247772643767
synthetic_weather,weather,moving_average,weather_1,2024-01-09 06:30:00,24.39023700876128,21.209247772643767
synthetic_weather,weather,moving_average,weather_1,2024-01-09 06:40:00,24.307060986620538,21.209247772643767
synthetic_weather,weather,moving_average,weather_1,2024-01-09 06:50:00,24.20287384044295,21.209247772643767
synthetic_weather,weather,moving_average,weather_1,2024-01-09 07:00:00,24.07962913144536,21.209247772643767
synthetic_weather,weather,moving_average,weather_1,2024-01-09 07:10:00,23.93959482540397,21.209247772643767
synthetic_weather,weather,moving_average,weather_1,2024-01-09 07:20:00,23.78528719276301,21.209247772643767
synthetic_weather,weather,moving_average,weather_1,2024-01-09 07:30:00,23.61939766255644,21.209247772643767
synthetic_weather,weather,moving_average,weather_1,2024-01-09 07:40:00,23.444714846349797,21.209247772643767
synthetic_weather,weather,moving_average,weather_1,2024-01-09 07:50:00,23.26404409422829,21.209247772643767
synthetic_weather,weather,linear_trend,weather_0,2024-01-09 04:00:00,22.080127018922212,18.040942797841925
synthetic_weather,weather,linear_trend,weather_0,2024-01-09 04:10:00,22.264044094228257,18.04353812851969
synthetic_weather,weather,linear_trend,weather_0,2024-01-09 04:20:00,22.444714846349765,18.046133459197453
synthetic_weather,weather,linear_trend,weather_0,2024-01-09 04:30:00,22.619397662556413,18.048728789875216
synthetic_weather,weather,linear_trend,weather_0,2024-01-09 04:40:00,22.785287192763008,18.051324120552977
synthetic_weather,weather,linear_trend,weather_0,2024-01-09 04:50:00,22.93959482540397,18.05391945123074
synthetic_weather,weather,linear_trend,weather_0,2024-01-09 05:00:00,23.079629131445337,18.056514781908504
synthetic_weather,weather,linear_trend,weather_0,2024-01-09 05:10:00,23.20287384044293,18.059110112586268
synthetic_weather,weather,linear_trend,weather_0,2024-01-09 05:20:00,23.307060986620524,18.06170544326403
synthetic_weather,weather,linear_trend,weather_0,2024-01-09 05:30:00,23.390237008761265,18.064300773941795
synthetic_weather,weather,linear_trend,weather_0,2024-01-09 05:40:00,23.450819800851676,18.06689610461956
synthetic_weather,weather,linear_trend,weather_0,2024-01-09 05:50:00,23.48764498441539,18.069491435297323
synthetic_weather,weather,linear_trend,weather_0,2024-01-09 06:00:00,23.5,18.072086765975087
synthetic_weather,weather,linear_trend,weather_0,2024-01-09 06:10:00,23.48764498441539,18.07468209665285
synthetic_weather,weather,linear_trend,weather_0,2024-01-09 06:20:00,23.450819800851686,18.077277427330614
synthetic_weather,weather,linear_trend,weather_0,2024-01-09 06:30:00,23.39023700876128,18.079872758008378
synthetic_weather,weather,linear_trend,weather_0,2024-01-09 06:40:00,23.307060986620538,18.082468088686138
synthetic_weather,weather,linear_trend,weather_0,2024-01-09 06:50:00,23.20287384044295,18.0850634193639
synthetic_weather,weather,linear_trend,weather_0,2024-01-09 07:00:00,23.07962913144536,18.087658750041665
synthetic_weather,weather,linear_trend,weather_0,2024-01-09 07:10:00,22.93959482540397,18.09025408071943
synthetic_weather,weather,linear_trend,weather_0,2024-01-09 07:20:00,22.78528719276301,18.092849411397193
synthetic_weather,weather,linear_trend,weather_0,2024-01-09 07:30:00,22.61939766255644,18.095444742074957
synthetic_weather,weather,linear_trend,weather_0,2024-01-09 07:40:00,22.444714846349797,18.09804007275272
synthetic_weather,weather,linear_trend,weather_0,2024-01-09 07:50:00,22.26404409422829,18.100635403430484
synthetic_weather,weather,linear_trend,weather_1,2024-01-09 04:00:00,23.080127018922212,19.040942797841932
synthetic_weather,weather,linear_trend,weather_1,2024-01-09 04:10:00,23.264044094228257,19.043538128519696
synthetic_weather,weather,linear_trend,weather_1,2024-01-09 04:20:00,23.444714846349765,19.04613345919746
synthetic_weather,weather,linear_trend,weather_1,2024-01-09 04:30:00,23.619397662556413,19.048728789875224
synthetic_weather,weather,linear_trend,weather_1,2024-01-09 04:40:00,23.785287192763008,19.051324120552987
synthetic_weather,weather,linear_trend,weather_1,2024-01-09 04:50:00,23.93959482540397,19.053919451230747
synthetic_weather,weather,linear_trend,weather_1,2024-01-09 05:00:00,24.079629131445337,19.05651478190851
synthetic_weather,weather,linear_trend,weather_1,2024-01-09 05:10:00,24.20287384044293,19.059110112586275
synthetic_weather,weather,linear_trend,weather_1,2024-01-09 05:20:00,24.307060986620524,19.06170544326404
synthetic_weather,weather,linear_trend,weather_1,2024-01-09 05:30:00,24.390237008761265,19.064300773941802
synthetic_weather,weather,linear_trend,weather_1,2024-01-09 05:40:00,24.450819800851676,19.066896104619566
synthetic_weather,weather,linear_trend,weather_1,2024-01-09 05:50:00,24.48764498441539,19.06949143529733
synthetic_weather,weather,linear_trend,weather_1,2024-01-09 06:00:00,24.5,19.072086765975094
synthetic_weather,weather,linear_trend,weather_1,2024-01-09 06:10:00,24.48764498441539,19.074682096652857
synthetic_weather,weather,linear_trend,weather_1,2024-01-09 06:20:00,24.450819800851686,19.07727742733062
synthetic_weather,weather,linear_trend,weather_1,2024-01-09 06:30:00,24.39023700876128,19.079872758008385
synthetic_weather,weather,linear_trend,weather_1,2024-01-09 06:40:00,24.307060986620538,19.08246808868615
synthetic_weather,weather,linear_trend,weather_1,2024-01-09 06:50:00,24.20287384044295,19.085063419363912
synthetic_weather,weather,linear_trend,weather_1,2024-01-09 07:00:00,24.07962913144536,19.087658750041673
synthetic_weather,weather,linear_trend,weather_1,2024-01-09 07:10:00,23.93959482540397,19.090254080719436
synthetic_weather,weather,linear_trend,weather_1,2024-01-09 07:20:00,23.78528719276301,19.0928494113972
synthetic_weather,weather,linear_trend,weather_1,2024-01-09 07:30:00,23.61939766255644,19.095444742074964
synthetic_weather,weather,linear_trend,weather_1,2024-01-09 07:40:00,23.444714846349797,19.098040072752728
synthetic_weather,weather,linear_trend,weather_1,2024-01-09 07:50:00,23.26404409422829,19.10063540343049
synthetic_weather,weather,ridge_ar,weather_0,2024-01-09 04:00:00,22.080127018922212,22.080752772808847
synthetic_weather,weather,ridge_ar,weather_0,2024-01-09 04:10:00,22.264044094228257,22.2536253975006
synthetic_weather,weather,ridge_ar,weather_0,2024-01-09 04:20:00,22.444714846349765,22.419314815087752
synthetic_weather,weather,ridge_ar,weather_0,2024-01-09 04:30:00,22.619397662556413,22.57491266108595
synthetic_weather,weather,ridge_ar,weather_0,2024-01-09 04:40:00,22.785287192763008,22.71788838795368
synthetic_weather,weather,ridge_ar,weather_0,2024-01-09 04:50:00,22.93959482540397,22.847155576325196
synthetic_weather,weather,ridge_ar,weather_0,2024-01-09 05:00:00,23.079629131445337,22.96095658648195
synthetic_weather,weather,ridge_ar,weather_0,2024-01-09 05:10:00,23.20287384044293,23.05786306375451
synthetic_weather,weather,ridge_ar,weather_0,2024-01-09 05:20:00,23.307060986620524,23.136737684594646
synthetic_weather,weather,ridge_ar,weather_0,2024-01-09 05:30:00,23.390237008761265,23.196628562169415
synthetic_weather,weather,ridge_ar,weather_0,2024-01-09 05:40:00,23.450819800851676,23.236889882070937
synthetic_weather,weather,ridge_ar,weather_0,2024-01-09 05:50:00,23.48764498441539,23.257181981074456
synthetic_weather,weather,ridge_ar,weather_0,2024-01-09 06:00:00,23.5,23.257476175186
synthetic_weather,weather,ridge_ar,weather_0,2024-01-09 06:10:00,23.48764498441539,23.23806476679954
synthetic_weather,weather,ridge_ar,weather_0,2024-01-09 06:20:00,23.450819800851686,23.199551228104816
synthetic_weather,weather,ridge_ar,weather_0,2024-01-09 06:30:00,23.39023700876128,23.142833884458444
synthetic_weather,weather,ridge_ar,weather_0,2024-01-09 06:40:00,23.307060986620538,23.069081546026975
synthetic_weather,weather,ridge_ar,weather_0,2024-01-09 06:50:00,23.20287384044295,22.979700405101372
synthetic_weather,weather,ridge_ar,weather_0,2024-01-09 07:00:00,23.07962913144536,22.87629438624702
synthetic_weather,weather,ridge_ar,weather_0,2024-01-09 07:10:00,22.93959482540397,22.76061982851867
synthetic_weather,weather,ridge_ar,weather_0,2024-01-09 07:20:00,22.78528719276301,22.634535837869112
synthetic_weather,weather,ridge_ar,weather_0,2024-01-09 07:30:00,22.61939766255644,22.49995191777154
synthetic_weather,weather,ridge_ar,weather_0,2024-01-09 07:40:00,22.444714846349797,22.35877443599088
synthetic_weather,weather,ridge_ar,weather_0,2024-01-09 07:50:00,22.26404409422829,22.21285356063673
synthetic_weather,weather,ridge_ar,weather_1,2024-01-09 04:00:00,23.080127018922212,23.080752772808847
synthetic_weather,weather,ridge_ar,weather_1,2024-01-09 04:10:00,23.264044094228257,23.2536253975006
synthetic_weather,weather,ridge_ar,weather_1,2024-01-09 04:20:00,23.444714846349765,23.419314815087752
synthetic_weather,weather,ridge_ar,weather_1,2024-01-09 04:30:00,23.619397662556413,23.57491266108595
synthetic_weather,weather,ridge_ar,weather_1,2024-01-09 04:40:00,23.785287192763008,23.71788838795368
synthetic_weather,weather,ridge_ar,weather_1,2024-01-09 04:50:00,23.93959482540397,23.847155576325196
synthetic_weather,weather,ridge_ar,weather_1,2024-01-09 05:00:00,24.079629131445337,23.96095658648195
synthetic_weather,weather,ridge_ar,weather_1,2024-01-09 05:10:00,24.20287384044293,24.05786306375451
synthetic_weather,weather,ridge_ar,weather_1,2024-01-09 05:20:00,24.307060986620524,24.136737684594646
synthetic_weather,weather,ridge_ar,weather_1,2024-01-09 05:30:00,24.390237008761265,24.196628562169415
synthetic_weather,weather,ridge_ar,weather_1,2024-01-09 05:40:00,24.450819800851676,24.236889882070937
synthetic_weather,weather,ridge_ar,weather_1,2024-01-09 05:50:00,24.48764498441539,24.257181981074456
synthetic_weather,weather,ridge_ar,weather_1,2024-01-09 06:00:00,24.5,24.257476175185996
synthetic_weather,weather,ridge_ar,weather_1,2024-01-09 06:10:00,24.48764498441539,24.23806476679954
synthetic_weather,weather,ridge_ar,weather_1,2024-01-09 06:20:00,24.450819800851686,24.199551228104816
synthetic_weather,weather,ridge_ar,weather_1,2024-01-09 06:30:00,24.39023700876128,24.142833884458444
synthetic_weather,weather,ridge_ar,weather_1,2024-01-09 06:40:00,24.307060986620538,24.069081546026975
synthetic_weather,weather,ridge_ar,weather_1,2024-01-09 06:50:00,24.20287384044295,23.97970040510137
synthetic_weather,weather,ridge_ar,weather_1,2024-01-09 07:00:00,24.07962913144536,23.876294386247018
synthetic_weather,weather,ridge_ar,weather_1,2024-01-09 07:10:00,23.93959482540397,23.76061982851867
synthetic_weather,weather,ridge_ar,weather_1,2024-01-09 07:20:00,23.78528719276301,23.634535837869112
synthetic_weather,weather,ridge_ar,weather_1,2024-01-09 07:30:00,23.61939766255644,23.49995191777154
synthetic_weather,weather,ridge_ar,weather_1,2024-01-09 07:40:00,23.444714846349797,23.35877443599088
synthetic_weather,weather,ridge_ar,weather_1,2024-01-09 07:50:00,23.26404409422829,23.21285356063673
synthetic_weather,weather,hist_gradient_boosting_ar,weather_0,2024-01-09 04:00:00,22.080127018922212,22.075929619096655
synthetic_weather,weather,hist_gradient_boosting_ar,weather_0,2024-01-09 04:10:00,22.264044094228257,22.256078160131004
synthetic_weather,weather,hist_gradient_boosting_ar,weather_0,2024-01-09 04:20:00,22.444714846349765,22.42867426617341
synthetic_weather,weather,hist_gradient_boosting_ar,weather_0,2024-01-09 04:30:00,22.619397662556413,22.59390357962195
synthetic_weather,weather,hist_gradient_boosting_ar,weather_0,2024-01-09 04:40:00,22.785287192763008,22.78231002016043
synthetic_weather,weather,hist_gradient_boosting_ar,weather_0,2024-01-09 04:50:00,22.93959482540397,22.885227045668834
synthetic_weather,weather,hist_gradient_boosting_ar,weather_0,2024-01-09 05:00:00,23.079629131445337,23.07738093409306
synthetic_weather,weather,hist_gradient_boosting_ar,weather_0,2024-01-09 05:10:00,23.20287384044293,23.193772350542865
synthetic_weather,weather,hist_gradient_boosting_ar,weather_0,2024-01-09 05:20:00,23.307060986620524,23.301629561702747
synthetic_weather,weather,hist_gradient_boosting_ar,weather_0,2024-01-09 05:30:00,23.390237008761265,23.382568412946995
synthetic_weather,weather,hist_gradient_boosting_ar,weather_0,2024-01-09 05:40:00,23.450819800851676,23.452777795205616
synthetic_weather,weather,hist_gradient_boosting_ar,weather_0,2024-01-09 05:50:00,23.48764498441539,23.485164480693665
synthetic_weather,weather,hist_gradient_boosting_ar,weather_0,2024-01-09 06:00:00,23.5,23.486132370338073
synthetic_weather,weather,hist_gradient_boosting_ar,weather_0,2024-01-09 06:10:00,23.48764498441539,23.48226966872719
synthetic_weather,weather,hist_gradient_boosting_ar,weather_0,2024-01-09 06:20:00,23.450819800851686,23.44449592119252
synthetic_weather,weather,hist_gradient_boosting_ar,weather_0,2024-01-09 06:30:00,23.39023700876128,23.393717111730986
synthetic_weather,weather,hist_gradient_boosting_ar,weather_0,2024-01-09 06:40:00,23.307060986620538,23.299078838127123
synthetic_weather,weather,hist_gradient_boosting_ar,weather_0,2024-01-09 06:50:00,23.20287384044295,23.17463112384179
synthetic_weather,weather,hist_gradient_boosting_ar,weather_0,2024-01-09 07:00:00,23.07962913144536,23.064916616553745
synthetic_weather,weather,hist_gradient_boosting_ar,weather_0,2024-01-09 07:10:00,22.93959482540397,22.937815787354026
synthetic_weather,weather,hist_gradient_boosting_ar,weather_0,2024-01-09 07:20:00,22.78528719276301,22.78668376931287
synthetic_weather,weather,hist_gradient_boosting_ar,weather_0,2024-01-09 07:30:00,22.61939766255644,22.72160823955389
synthetic_weather,weather,hist_gradient_boosting_ar,weather_0,2024-01-09 07:40:00,22.444714846349797,22.536073453465566
synthetic_weather,weather,hist_gradient_boosting_ar,weather_0,2024-01-09 07:50:00,22.26404409422829,22.39793441143452
synthetic_weather,weather,hist_gradient_boosting_ar,weather_1,2024-01-09 04:00:00,23.080127018922212,23.075929619096655
synthetic_weather,weather,hist_gradient_boosting_ar,weather_1,2024-01-09 04:10:00,23.264044094228257,23.256078160131004
synthetic_weather,weather,hist_gradient_boosting_ar,weather_1,2024-01-09 04:20:00,23.444714846349765,23.42867426617341
synthetic_weather,weather,hist_gradient_boosting_ar,weather_1,2024-01-09 04:30:00,23.619397662556413,23.59390357962195
synthetic_weather,weather,hist_gradient_boosting_ar,weather_1,2024-01-09 04:40:00,23.785287192763008,23.78231002016043
synthetic_weather,weather,hist_gradient_boosting_ar,weather_1,2024-01-09 04:50:00,23.93959482540397,23.885227045668834
synthetic_weather,weather,hist_gradient_boosting_ar,weather_1,2024-01-09 05:00:00,24.079629131445337,24.07738093409306
synthetic_weather,weather,hist_gradient_boosting_ar,weather_1,2024-01-09 05:10:00,24.20287384044293,24.193772350542865
synthetic_weather,weather,hist_gradient_boosting_ar,weather_1,2024-01-09 05:20:00,24.307060986620524,24.301629561702747
synthetic_weather,weather,hist_gradient_boosting_ar,weather_1,2024-01-09 05:30:00,24.390237008761265,24.382568412946995
synthetic_weather,weather,hist_gradient_boosting_ar,weather_1,2024-01-09 05:40:00,24.450819800851676,24.452777795205616
synthetic_weather,weather,hist_gradient_boosting_ar,weather_1,2024-01-09 05:50:00,24.48764498441539,24.485164480693665
synthetic_weather,weather,hist_gradient_boosting_ar,weather_1,2024-01-09 06:00:00,24.5,24.486132370338073
synthetic_weather,weather,hist_gradient_boosting_ar,weather_1,2024-01-09 06:10:00,24.48764498441539,24.48226966872719
synthetic_weather,weather,hist_gradient_boosting_ar,weather_1,2024-01-09 06:20:00,24.450819800851686,24.44449592119252
synthetic_weather,weather,hist_gradient_boosting_ar,weather_1,2024-01-09 06:30:00,24.39023700876128,24.393717111730986
synthetic_weather,weather,hist_gradient_boosting_ar,weather_1,2024-01-09 06:40:00,24.307060986620538,24.299078838127123
synthetic_weather,weather,hist_gradient_boosting_ar,weather_1,2024-01-09 06:50:00,24.20287384044295,24.17463112384179
synthetic_weather,weather,hist_gradient_boosting_ar,weather_1,2024-01-09 07:00:00,24.07962913144536,24.064916616553745
synthetic_weather,weather,hist_gradient_boosting_ar,weather_1,2024-01-09 07:10:00,23.93959482540397,23.937815787354026
synthetic_weather,weather,hist_gradient_boosting_ar,weather_1,2024-01-09 07:20:00,23.78528719276301,23.78668376931287
synthetic_weather,weather,hist_gradient_boosting_ar,weather_1,2024-01-09 07:30:00,23.61939766255644,23.72160823955389
synthetic_weather,weather,hist_gradient_boosting_ar,weather_1,2024-01-09 07:40:00,23.444714846349797,23.536073453465566
synthetic_weather,weather,hist_gradient_boosting_ar,weather_1,2024-01-09 07:50:00,23.26404409422829,23.39793441143452
synthetic_weather,weather,lightgbm_ar,weather_0,2024-01-09 04:00:00,22.080127018922212,22.08494208163664
synthetic_weather,weather,lightgbm_ar,weather_0,2024-01-09 04:10:00,22.264044094228257,22.275955087575035
synthetic_weather,weather,lightgbm_ar,weather_0,2024-01-09 04:20:00,22.444714846349765,22.44658946451637
synthetic_weather,weather,lightgbm_ar,weather_0,2024-01-09 04:30:00,22.619397662556413,22.618368416604888
synthetic_weather,weather,lightgbm_ar,weather_0,2024-01-09 04:40:00,22.785287192763008,22.783773935584136
synthetic_weather,weather,lightgbm_ar,weather_0,2024-01-09 04:50:00,22.93959482540397,22.930622873673443
synthetic_weather,weather,lightgbm_ar,weather_0,2024-01-09 05:00:00,23.079629131445337,23.07967433037836
synthetic_weather,weather,lightgbm_ar,weather_0,2024-01-09 05:10:00,23.20287384044293,23.278112640743625
synthetic_weather,weather,lightgbm_ar,weather_0,2024-01-09 05:20:00,23.307060986620524,23.410560249076283
synthetic_weather,weather,lightgbm_ar,weather_0,2024-01-09 05:30:00,23.390237008761265,23.44719746243008
synthetic_weather,weather,lightgbm_ar,weather_0,2024-01-09 05:40:00,23.450819800851676,23.487770397418068
synthetic_weather,weather,lightgbm_ar,weather_0,2024-01-09 05:50:00,23.48764498441539,23.492668121780866
synthetic_weather,weather,lightgbm_ar,weather_0,2024-01-09 06:00:00,23.5,23.49086941284799
synthetic_weather,weather,lightgbm_ar,weather_0,2024-01-09 06:10:00,23.48764498441539,23.485286368183097
synthetic_weather,weather,lightgbm_ar,weather_0,2024-01-09 06:20:00,23.450819800851686,23.454132483705564
synthetic_weather,weather,lightgbm_ar,weather_0,2024-01-09 06:30:00,23.39023700876128,23.441174845821156
synthetic_weather,weather,lightgbm_ar,weather_0,2024-01-09 06:40:00,23.307060986620538,23.32943097153835
synthetic_weather,weather,lightgbm_ar,weather_0,2024-01-09 06:50:00,23.20287384044295,23.22130360722018
synthetic_weather,weather,lightgbm_ar,weather_0,2024-01-09 07:00:00,23.07962913144536,23.100024359427017
synthetic_weather,weather,lightgbm_ar,weather_0,2024-01-09 07:10:00,22.93959482540397,22.963253761115237
synthetic_weather,weather,lightgbm_ar,weather_0,2024-01-09 07:20:00,22.78528719276301,22.790500399831075
synthetic_weather,weather,lightgbm_ar,weather_0,2024-01-09 07:30:00,22.61939766255644,22.729764707278157
synthetic_weather,weather,lightgbm_ar,weather_0,2024-01-09 07:40:00,22.444714846349797,22.490667258372625
synthetic_weather,weather,lightgbm_ar,weather_0,2024-01-09 07:50:00,22.26404409422829,22.297843683284007
synthetic_weather,weather,lightgbm_ar,weather_1,2024-01-09 04:00:00,23.080127018922212,23.08494208163664
synthetic_weather,weather,lightgbm_ar,weather_1,2024-01-09 04:10:00,23.264044094228257,23.275955087575035
synthetic_weather,weather,lightgbm_ar,weather_1,2024-01-09 04:20:00,23.444714846349765,23.44658946451637
synthetic_weather,weather,lightgbm_ar,weather_1,2024-01-09 04:30:00,23.619397662556413,23.618368416604888
synthetic_weather,weather,lightgbm_ar,weather_1,2024-01-09 04:40:00,23.785287192763008,23.783773935584136
synthetic_weather,weather,lightgbm_ar,weather_1,2024-01-09 04:50:00,23.93959482540397,23.930622873673443
synthetic_weather,weather,lightgbm_ar,weather_1,2024-01-09 05:00:00,24.079629131445337,24.07967433037836
synthetic_weather,weather,lightgbm_ar,weather_1,2024-01-09 05:10:00,24.20287384044293,24.278112640743625
synthetic_weather,weather,lightgbm_ar,weather_1,2024-01-09 05:20:00,24.307060986620524,24.410560249076283
synthetic_weather,weather,lightgbm_ar,weather_1,2024-01-09 05:30:00,24.390237008761265,24.44719746243008
synthetic_weather,weather,lightgbm_ar,weather_1,2024-01-09 05:40:00,24.450819800851676,24.487770397418068
synthetic_weather,weather,lightgbm_ar,weather_1,2024-01-09 05:50:00,24.48764498441539,24.492668121780866
synthetic_weather,weather,lightgbm_ar,weather_1,2024-01-09 06:00:00,24.5,24.49086941284799
synthetic_weather,weather,lightgbm_ar,weather_1,2024-01-09 06:10:00,24.48764498441539,24.485286368183097
synthetic_weather,weather,lightgbm_ar,weather_1,2024-01-09 06:20:00,24.450819800851686,24.454132483705564
synthetic_weather,weather,lightgbm_ar,weather_1,2024-01-09 06:30:00,24.39023700876128,24.441174845821156
synthetic_weather,weather,lightgbm_ar,weather_1,2024-01-09 06:40:00,24.307060986620538,24.32943097153835
synthetic_weather,weather,lightgbm_ar,weather_1,2024-01-09 06:50:00,24.20287384044295,24.22130360722018
synthetic_weather,weather,lightgbm_ar,weather_1,2024-01-09 07:00:00,24.07962913144536,24.100024359427017
synthetic_weather,weather,lightgbm_ar,weather_1,2024-01-09 07:10:00,23.93959482540397,23.963253761115237
synthetic_weather,weather,lightgbm_ar,weather_1,2024-01-09 07:20:00,23.78528719276301,23.790500399831075
synthetic_weather,weather,lightgbm_ar,weather_1,2024-01-09 07:30:00,23.61939766255644,23.729764707278157
synthetic_weather,weather,lightgbm_ar,weather_1,2024-01-09 07:40:00,23.444714846349797,23.490667258372625
synthetic_weather,weather,lightgbm_ar,weather_1,2024-01-09 07:50:00,23.26404409422829,23.297843683284007
synthetic_weather,weather,xgboost_ar,weather_0,2024-01-09 04:00:00,22.080127018922212,22.07383166886338
synthetic_weather,weather,xgboost_ar,weather_0,2024-01-09 04:10:00,22.264044094228257,22.066530821564676
synthetic_weather,weather,xgboost_ar,weather_0,2024-01-09 04:20:00,22.444714846349765,22.065243458116875
synthetic_weather,weather,xgboost_ar,weather_0,2024-01-09 04:30:00,22.619397662556413,22.065243458116875
synthetic_weather,weather,xgboost_ar,weather_0,2024-01-09 04:40:00,22.785287192763008,22.064884616924616
synthetic_weather,weather,xgboost_ar,weather_0,2024-01-09 04:50:00,22.93959482540397,22.064884616924616
synthetic_weather,weather,xgboost_ar,weather_0,2024-01-09 05:00:00,23.079629131445337,22.06383992603425
synthetic_weather,weather,xgboost_ar,weather_0,2024-01-09 05:10:00,23.20287384044293,22.06383992603425
synthetic_weather,weather,xgboost_ar,weather_0,2024-01-09 05:20:00,23.307060986620524,22.06383992603425
synthetic_weather,weather,xgboost_ar,weather_0,2024-01-09 05:30:00,23.390237008761265,22.06323965251909
synthetic_weather,weather,xgboost_ar,weather_0,2024-01-09 05:40:00,23.450819800851676,22.06323965251909
synthetic_weather,weather,xgboost_ar,weather_0,2024-01-09 05:50:00,23.48764498441539,22.06306725991866
synthetic_weather,weather,xgboost_ar,weather_0,2024-01-09 06:00:00,23.5,22.06306725991866
synthetic_weather,weather,xgboost_ar,weather_0,2024-01-09 06:10:00,23.48764498441539,22.06306725991866
synthetic_weather,weather,xgboost_ar,weather_0,2024-01-09 06:20:00,23.450819800851686,22.06306725991866
synthetic_weather,weather,xgboost_ar,weather_0,2024-01-09 06:30:00,23.39023700876128,22.055975598844935
synthetic_weather,weather,xgboost_ar,weather_0,2024-01-09 06:40:00,23.307060986620538,22.011262249961227
synthetic_weather,weather,xgboost_ar,weather_0,2024-01-09 06:50:00,23.20287384044295,21.985131748533746
synthetic_weather,weather,xgboost_ar,weather_0,2024-01-09 07:00:00,23.07962913144536,21.936472800181246
synthetic_weather,weather,xgboost_ar,weather_0,2024-01-09 07:10:00,22.93959482540397,21.89126377089487
synthetic_weather,weather,xgboost_ar,weather_0,2024-01-09 07:20:00,22.78528719276301,21.761430231962358
synthetic_weather,weather,xgboost_ar,weather_0,2024-01-09 07:30:00,22.61939766255644,21.761430231962358
synthetic_weather,weather,xgboost_ar,weather_0,2024-01-09 07:40:00,22.444714846349797,21.75578427094546
synthetic_weather,weather,xgboost_ar,weather_0,2024-01-09 07:50:00,22.26404409422829,21.713098292115706
synthetic_weather,weather,xgboost_ar,weather_1,2024-01-09 04:00:00,23.080127018922212,23.07383166886338
synthetic_weather,weather,xgboost_ar,weather_1,2024-01-09 04:10:00,23.264044094228257,23.066530821564676
synthetic_weather,weather,xgboost_ar,weather_1,2024-01-09 04:20:00,23.444714846349765,23.065243458116875
synthetic_weather,weather,xgboost_ar,weather_1,2024-01-09 04:30:00,23.619397662556413,23.065243458116875
synthetic_weather,weather,xgboost_ar,weather_1,2024-01-09 04:40:00,23.785287192763008,23.064884616924616
synthetic_weather,weather,xgboost_ar,weather_1,2024-01-09 04:50:00,23.93959482540397,23.064884616924616
synthetic_weather,weather,xgboost_ar,weather_1,2024-01-09 05:00:00,24.079629131445337,23.06383992603425
synthetic_weather,weather,xgboost_ar,weather_1,2024-01-09 05:10:00,24.20287384044293,23.06383992603425
synthetic_weather,weather,xgboost_ar,weather_1,2024-01-09 05:20:00,24.307060986620524,23.06383992603425
synthetic_weather,weather,xgboost_ar,weather_1,2024-01-09 05:30:00,24.390237008761265,23.06323965251909
synthetic_weather,weather,xgboost_ar,weather_1,2024-01-09 05:40:00,24.450819800851676,23.06323965251909
synthetic_weather,weather,xgboost_ar,weather_1,2024-01-09 05:50:00,24.48764498441539,23.06306725991866
synthetic_weather,weather,xgboost_ar,weather_1,2024-01-09 06:00:00,24.5,23.06306725991866
synthetic_weather,weather,xgboost_ar,weather_1,2024-01-09 06:10:00,24.48764498441539,23.06306725991866
synthetic_weather,weather,xgboost_ar,weather_1,2024-01-09 06:20:00,24.450819800851686,23.06306725991866
synthetic_weather,weather,xgboost_ar,weather_1,2024-01-09 06:30:00,24.39023700876128,23.055975598844935
synthetic_weather,weather,xgboost_ar,weather_1,2024-01-09 06:40:00,24.307060986620538,23.011262249961227
synthetic_weather,weather,xgboost_ar,weather_1,2024-01-09 06:50:00,24.20287384044295,22.985131748533746
synthetic_weather,weather,xgboost_ar,weather_1,2024-01-09 07:00:00,24.07962913144536,22.936472800181246
synthetic_weather,weather,xgboost_ar,weather_1,2024-01-09 07:10:00,23.93959482540397,22.89126377089487
synthetic_weather,weather,xgboost_ar,weather_1,2024-01-09 07:20:00,23.78528719276301,22.761430231962358
synthetic_weather,weather,xgboost_ar,weather_1,2024-01-09 07:30:00,23.61939766255644,22.761430231962358
synthetic_weather,weather,xgboost_ar,weather_1,2024-01-09 07:40:00,23.444714846349797,22.75578427094546
synthetic_weather,weather,xgboost_ar,weather_1,2024-01-09 07:50:00,23.26404409422829,22.713098292115706
synthetic_weather,weather,tabpfn_ts,weather_0,2024-01-09 04:00:00,22.080127018922212,22.20103645324707
synthetic_weather,weather,tabpfn_ts,weather_0,2024-01-09 04:10:00,22.264044094228257,22.340652465820312
synthetic_weather,weather,tabpfn_ts,weather_0,2024-01-09 04:20:00,22.444714846349765,22.481290817260742
synthetic_weather,weather,tabpfn_ts,weather_0,2024-01-09 04:30:00,22.619397662556413,22.57457733154297
synthetic_weather,weather,tabpfn_ts,weather_0,2024-01-09 04:40:00,22.785287192763008,22.655672073364258
synthetic_weather,weather,tabpfn_ts,weather_0,2024-01-09 04:50:00,22.93959482540397,22.72934341430664
synthetic_weather,weather,tabpfn_ts,weather_0,2024-01-09 05:00:00,23.079629131445337,23.03997230529785
synthetic_weather,weather,tabpfn_ts,weather_0,2024-01-09 05:10:00,23.20287384044293,23.134967803955078
synthetic_weather,weather,tabpfn_ts,weather_0,2024-01-09 05:20:00,23.307060986620524,23.23604965209961
synthetic_weather,weather,tabpfn_ts,weather_0,2024-01-09 05:30:00,23.390237008761265,23.3376407623291
synthetic_weather,weather,tabpfn_ts,weather_0,2024-01-09 05:40:00,23.450819800851676,23.430484771728516
synthetic_weather,weather,tabpfn_ts,weather_0,2024-01-09 05:50:00,23.48764498441539,23.496370315551758
synthetic_weather,weather,tabpfn_ts,weather_0,2024-01-09 06:00:00,23.5,23.63527488708496
synthetic_weather,weather,tabpfn_ts,weather_0,2024-01-09 06:10:00,23.48764498441539,23.69890594482422
synthetic_weather,weather,tabpfn_ts,weather_0,2024-01-09 06:20:00,23.450819800851686,23.767499923706055
synthetic_weather,weather,tabpfn_ts,weather_0,2024-01-09 06:30:00,23.39023700876128,23.783952713012695
synthetic_weather,weather,tabpfn_ts,weather_0,2024-01-09 06:40:00,23.307060986620538,23.80051612854004
synthetic_weather,weather,tabpfn_ts,weather_0,2024-01-09 06:50:00,23.20287384044295,23.801563262939453
synthetic_weather,weather,tabpfn_ts,weather_0,2024-01-09 07:00:00,23.07962913144536,23.705690383911133
synthetic_weather,weather,tabpfn_ts,weather_0,2024-01-09 07:10:00,22.93959482540397,23.68412208557129
synthetic_weather,weather,tabpfn_ts,weather_0,2024-01-09 07:20:00,22.78528719276301,23.67814826965332
synthetic_weather,weather,tabpfn_ts,weather_0,2024-01-09 07:30:00,22.61939766255644,23.661855697631836
synthetic_weather,weather,tabpfn_ts,weather_0,2024-01-09 07:40:00,22.444714846349797,23.642257690429688
synthetic_weather,weather,tabpfn_ts,weather_0,2024-01-09 07:50:00,22.26404409422829,23.61349105834961
synthetic_weather,weather,tabpfn_ts,weather_1,2024-01-09 04:00:00,23.080127018922212,23.20103645324707
synthetic_weather,weather,tabpfn_ts,weather_1,2024-01-09 04:10:00,23.264044094228257,23.340652465820312
synthetic_weather,weather,tabpfn_ts,weather_1,2024-01-09 04:20:00,23.444714846349765,23.481290817260742
synthetic_weather,weather,tabpfn_ts,weather_1,2024-01-09 04:30:00,23.619397662556413,23.57457733154297
synthetic_weather,weather,tabpfn_ts,weather_1,2024-01-09 04:40:00,23.785287192763008,23.655672073364258
synthetic_weather,weather,tabpfn_ts,weather_1,2024-01-09 04:50:00,23.93959482540397,23.72934341430664
synthetic_weather,weather,tabpfn_ts,weather_1,2024-01-09 05:00:00,24.079629131445337,24.03997230529785
synthetic_weather,weather,tabpfn_ts,weather_1,2024-01-09 05:10:00,24.20287384044293,24.134967803955078
synthetic_weather,weather,tabpfn_ts,weather_1,2024-01-09 05:20:00,24.307060986620524,24.23604965209961
synthetic_weather,weather,tabpfn_ts,weather_1,2024-01-09 05:30:00,24.390237008761265,24.3376407623291
synthetic_weather,weather,tabpfn_ts,weather_1,2024-01-09 05:40:00,24.450819800851676,24.430484771728516
synthetic_weather,weather,tabpfn_ts,weather_1,2024-01-09 05:50:00,24.48764498441539,24.496370315551758
synthetic_weather,weather,tabpfn_ts,weather_1,2024-01-09 06:00:00,24.5,24.63527488708496
synthetic_weather,weather,tabpfn_ts,weather_1,2024-01-09 06:10:00,24.48764498441539,24.69890594482422
synthetic_weather,weather,tabpfn_ts,weather_1,2024-01-09 06:20:00,24.450819800851686,24.767499923706055
synthetic_weather,weather,tabpfn_ts,weather_1,2024-01-09 06:30:00,24.39023700876128,24.783952713012695
synthetic_weather,weather,tabpfn_ts,weather_1,2024-01-09 06:40:00,24.307060986620538,24.80051612854004
synthetic_weather,weather,tabpfn_ts,weather_1,2024-01-09 06:50:00,24.20287384044295,24.801563262939453
synthetic_weather,weather,tabpfn_ts,weather_1,2024-01-09 07:00:00,24.07962913144536,24.705690383911133
synthetic_weather,weather,tabpfn_ts,weather_1,2024-01-09 07:10:00,23.93959482540397,24.68412208557129
synthetic_weather,weather,tabpfn_ts,weather_1,2024-01-09 07:20:00,23.78528719276301,24.67814826965332
synthetic_weather,weather,tabpfn_ts,weather_1,2024-01-09 07:30:00,23.61939766255644,24.661855697631836
synthetic_weather,weather,tabpfn_ts,weather_1,2024-01-09 07:40:00,23.444714846349797,24.642257690429688
synthetic_weather,weather,tabpfn_ts,weather_1,2024-01-09 07:50:00,23.26404409422829,24.61349105834961
synthetic_exchange,economics,dummy_mean,exchange_0,2025-01-31 00:00:00,4.9252893008705945,3.0350903924456496
synthetic_exchange,economics,dummy_mean,exchange_0,2025-02-01 00:00:00,4.892005767025455,3.0350903924456496
synthetic_exchange,economics,dummy_mean,exchange_0,2025-02-02 00:00:00,4.917453481402558,3.0350903924456496
synthetic_exchange,economics,dummy_mean,exchange_0,2025-02-03 00:00:00,4.9899999999999975,3.0350903924456496
synthetic_exchange,economics,dummy_mean,exchange_0,2025-02-04 00:00:00,5.062546518597442,3.0350903924456496
synthetic_exchange,economics,dummy_mean,exchange_0,2025-02-05 00:00:00,5.0879942329745464,3.0350903924456496
synthetic_exchange,economics,dummy_mean,exchange_0,2025-02-06 00:00:00,5.054710699129407,3.0350903924456496
synthetic_exchange,economics,dummy_mean,exchange_0,2025-02-07 00:00:00,4.9952893008706,3.0350903924456496
synthetic_exchange,economics,dummy_mean,exchange_0,2025-02-08 00:00:00,4.962005767025454,3.0350903924456496
synthetic_exchange,economics,dummy_mean,exchange_0,2025-02-09 00:00:00,4.987453481402556,3.0350903924456496
synthetic_exchange,economics,dummy_mean,exchange_0,2025-02-10 00:00:00,5.0600000000000005,3.0350903924456496
synthetic_exchange,economics,dummy_mean,exchange_0,2025-02-11 00:00:00,5.132546518597444,3.0350903924456496
synthetic_exchange,economics,dummy_mean,exchange_0,2025-02-12 00:00:00,5.157994232974546,3.0350903924456496
synthetic_exchange,economics,dummy_mean,exchange_0,2025-02-13 00:00:00,5.124710699129404,3.0350903924456496
synthetic_exchange,economics,dummy_mean,exchange_0,2025-02-14 00:00:00,5.065289300870597,3.0350903924456496
synthetic_exchange,economics,dummy_mean,exchange_0,2025-02-15 00:00:00,5.0320057670254545,3.0350903924456496
synthetic_exchange,economics,dummy_mean,exchange_0,2025-02-16 00:00:00,5.057453481402556,3.0350903924456496
synthetic_exchange,economics,dummy_mean,exchange_0,2025-02-17 00:00:00,5.129999999999998,3.0350903924456496
synthetic_exchange,economics,dummy_mean,exchange_0,2025-02-18 00:00:00,5.2025465185974396,3.0350903924456496
synthetic_exchange,economics,dummy_mean,exchange_0,2025-02-19 00:00:00,5.227994232974547,3.0350903924456496
synthetic_exchange,economics,dummy_mean,exchange_0,2025-02-20 00:00:00,5.194710699129402,3.0350903924456496
synthetic_exchange,economics,dummy_mean,exchange_0,2025-02-21 00:00:00,5.135289300870594,3.0350903924456496
synthetic_exchange,economics,dummy_mean,exchange_0,2025-02-22 00:00:00,5.102005767025453,3.0350903924456496
synthetic_exchange,economics,dummy_mean,exchange_0,2025-02-23 00:00:00,5.127453481402558,3.0350903924456496
synthetic_exchange,economics,dummy_mean,exchange_1,2025-01-31 00:00:00,4.955289300870595,3.0650903924456494
synthetic_exchange,economics,dummy_mean,exchange_1,2025-02-01 00:00:00,4.922005767025455,3.0650903924456494
synthetic_exchange,economics,dummy_mean,exchange_1,2025-02-02 00:00:00,4.947453481402558,3.0650903924456494
synthetic_exchange,economics,dummy_mean,exchange_1,2025-02-03 00:00:00,5.019999999999998,3.0650903924456494
synthetic_exchange,economics,dummy_mean,exchange_1,2025-02-04 00:00:00,5.092546518597442,3.0650903924456494
synthetic_exchange,economics,dummy_mean,exchange_1,2025-02-05 00:00:00,5.117994232974547,3.0650903924456494
synthetic_exchange,economics,dummy_mean,exchange_1,2025-02-06 00:00:00,5.084710699129407,3.0650903924456494
synthetic_exchange,economics,dummy_mean,exchange_1,2025-02-07 00:00:00,5.0252893008706,3.0650903924456494
synthetic_exchange,economics,dummy_mean,exchange_1,2025-02-08 00:00:00,4.9920057670254545,3.0650903924456494
synthetic_exchange,economics,dummy_mean,exchange_1,2025-02-09 00:00:00,5.017453481402557,3.0650903924456494
synthetic_exchange,economics,dummy_mean,exchange_1,2025-02-10 00:00:00,5.090000000000001,3.0650903924456494
synthetic_exchange,economics,dummy_mean,exchange_1,2025-02-11 00:00:00,5.162546518597444,3.0650903924456494
synthetic_exchange,economics,dummy_mean,exchange_1,2025-02-12 00:00:00,5.187994232974546,3.0650903924456494
synthetic_exchange,economics,dummy_mean,exchange_1,2025-02-13 00:00:00,5.154710699129404,3.0650903924456494
synthetic_exchange,economics,dummy_mean,exchange_1,2025-02-14 00:00:00,5.095289300870597,3.0650903924456494
synthetic_exchange,economics,dummy_mean,exchange_1,2025-02-15 00:00:00,5.062005767025455,3.0650903924456494
synthetic_exchange,economics,dummy_mean,exchange_1,2025-02-16 00:00:00,5.087453481402556,3.0650903924456494
synthetic_exchange,economics,dummy_mean,exchange_1,2025-02-17 00:00:00,5.159999999999998,3.0650903924456494
synthetic_exchange,economics,dummy_mean,exchange_1,2025-02-18 00:00:00,5.23254651859744,3.0650903924456494
synthetic_exchange,economics,dummy_mean,exchange_1,2025-02-19 00:00:00,5.257994232974547,3.0650903924456494
synthetic_exchange,economics,dummy_mean,exchange_1,2025-02-20 00:00:00,5.224710699129402,3.0650903924456494
synthetic_exchange,economics,dummy_mean,exchange_1,2025-02-21 00:00:00,5.165289300870595,3.0650903924456494
synthetic_exchange,economics,dummy_mean,exchange_1,2025-02-22 00:00:00,5.132005767025453,3.0650903924456494
synthetic_exchange,economics,dummy_mean,exchange_1,2025-02-23 00:00:00,5.157453481402558,3.0650903924456494
synthetic_exchange,economics,dummy_mean,exchange_2,2025-01-31 00:00:00,4.985289300870594,3.0950903924456497
synthetic_exchange,economics,dummy_mean,exchange_2,2025-02-01 00:00:00,4.9520057670254545,3.0950903924456497
synthetic_exchange,economics,dummy_mean,exchange_2,2025-02-02 00:00:00,4.9774534814025575,3.0950903924456497
synthetic_exchange,economics,dummy_mean,exchange_2,2025-02-03 00:00:00,5.049999999999997,3.0950903924456497
synthetic_exchange,economics,dummy_mean,exchange_2,2025-02-04 00:00:00,5.122546518597441,3.0950903924456497
synthetic_exchange,economics,dummy_mean,exchange_2,2025-02-05 00:00:00,5.147994232974546,3.0950903924456497
synthetic_exchange,economics,dummy_mean,exchange_2,2025-02-06 00:00:00,5.1147106991294065,3.0950903924456497
synthetic_exchange,economics,dummy_mean,exchange_2,2025-02-07 00:00:00,5.0552893008706,3.0950903924456497
synthetic_exchange,economics,dummy_mean,exchange_2,2025-02-08 00:00:00,5.022005767025454,3.0950903924456497
synthetic_exchange,economics,dummy_mean,exchange_2,2025-02-09 00:00:00,5.047453481402556,3.0950903924456497
synthetic_exchange,economics,dummy_mean,exchange_2,2025-02-10 00:00:00,5.12,3.0950903924456497
synthetic_exchange,economics,dummy_mean,exchange_2,2025-02-11 00:00:00,5.192546518597443,3.0950903924456497
synthetic_exchange,economics,dummy_mean,exchange_2,2025-02-12 00:00:00,5.2179942329745455,3.0950903924456497
synthetic_exchange,economics,dummy_mean,exchange_2,2025-02-13 00:00:00,5.184710699129403,3.0950903924456497
synthetic_exchange,economics,dummy_mean,exchange_2,2025-02-14 00:00:00,5.125289300870596,3.0950903924456497
synthetic_exchange,economics,dummy_mean,exchange_2,2025-02-15 00:00:00,5.092005767025454,3.0950903924456497
synthetic_exchange,economics,dummy_mean,exchange_2,2025-02-16 00:00:00,5.117453481402555,3.0950903924456497
synthetic_exchange,economics,dummy_mean,exchange_2,2025-02-17 00:00:00,5.189999999999998,3.0950903924456497
synthetic_exchange,economics,dummy_mean,exchange_2,2025-02-18 00:00:00,5.262546518597439,3.0950903924456497
synthetic_exchange,economics,dummy_mean,exchange_2,2025-02-19 00:00:00,5.287994232974547,3.0950903924456497
synthetic_exchange,economics,dummy_mean,exchange_2,2025-02-20 00:00:00,5.254710699129402,3.0950903924456497
synthetic_exchange,economics,dummy_mean,exchange_2,2025-02-21 00:00:00,5.195289300870594,3.0950903924456497
synthetic_exchange,economics,dummy_mean,exchange_2,2025-02-22 00:00:00,5.162005767025453,3.0950903924456497
synthetic_exchange,economics,dummy_mean,exchange_2,2025-02-23 00:00:00,5.1874534814025575,3.0950903924456497
synthetic_exchange,economics,seasonal_naive,exchange_0,2025-01-31 00:00:00,4.9252893008705945,4.7825465185974405
synthetic_exchange,economics,seasonal_naive,exchange_0,2025-02-01 00:00:00,4.892005767025455,4.807994232974547
synthetic_exchange,economics,seasonal_naive,exchange_0,2025-02-02 00:00:00,4.917453481402558,4.774710699129405
synthetic_exchange,economics,seasonal_naive,exchange_0,2025-02-03 00:00:00,4.9899999999999975,4.715289300870598
synthetic_exchange,economics,seasonal_naive,exchange_0,2025-02-04 00:00:00,5.062546518597442,4.682005767025454
synthetic_exchange,economics,seasonal_naive,exchange_0,2025-02-05 00:00:00,5.0879942329745464,4.707453481402554
synthetic_exchange,economics,seasonal_naive,exchange_0,2025-02-06 00:00:00,5.054710699129407,4.780000000000003
synthetic_exchange,economics,seasonal_naive,exchange_0,2025-02-07 00:00:00,4.9952893008706,4.852546518597442
synthetic_exchange,economics,seasonal_naive,exchange_0,2025-02-08 00:00:00,4.962005767025454,4.8779942329745465
synthetic_exchange,economics,seasonal_naive,exchange_0,2025-02-09 00:00:00,4.987453481402556,4.844710699129407
synthetic_exchange,economics,seasonal_naive,exchange_0,2025-02-10 00:00:00,5.0600000000000005,4.785289300870596
synthetic_exchange,economics,seasonal_naive,exchange_0,2025-02-11 00:00:00,5.132546518597444,4.752005767025455
synthetic_exchange,economics,seasonal_naive,exchange_0,2025-02-12 00:00:00,5.157994232974546,4.777453481402556
synthetic_exchange,economics,seasonal_naive,exchange_0,2025-02-13 00:00:00,5.124710699129404,4.8500000000000005
synthetic_exchange,economics,seasonal_naive,exchange_0,2025-02-14 00:00:00,5.065289300870597,4.92254651859744
synthetic_exchange,economics,seasonal_naive,exchange_0,2025-02-15 00:00:00,5.0320057670254545,4.947994232974546
synthetic_exchange,economics,seasonal_naive,exchange_0,2025-02-16 00:00:00,5.057453481402556,4.914710699129407
synthetic_exchange,economics,seasonal_naive,exchange_0,2025-02-17 00:00:00,5.129999999999998,4.855289300870598
synthetic_exchange,economics,seasonal_naive,exchange_0,2025-02-18 00:00:00,5.2025465185974396,4.8220057670254555
synthetic_exchange,economics,seasonal_naive,exchange_0,2025-02-19 00:00:00,5.227994232974547,4.8474534814025585
synthetic_exchange,economics,seasonal_naive,exchange_0,2025-02-20 00:00:00,5.194710699129402,4.919999999999999
synthetic_exchange,economics,seasonal_naive,exchange_0,2025-02-21 00:00:00,5.135289300870594,4.992546518597442
synthetic_exchange,economics,seasonal_naive,exchange_0,2025-02-22 00:00:00,5.102005767025453,5.017994232974546
synthetic_exchange,economics,seasonal_naive,exchange_0,2025-02-23 00:00:00,5.127453481402558,4.984710699129406
synthetic_exchange,economics,seasonal_naive,exchange_1,2025-01-31 00:00:00,4.955289300870595,4.812546518597441
synthetic_exchange,economics,seasonal_naive,exchange_1,2025-02-01 00:00:00,4.922005767025455,4.837994232974547
synthetic_exchange,economics,seasonal_naive,exchange_1,2025-02-02 00:00:00,4.947453481402558,4.804710699129405
synthetic_exchange,economics,seasonal_naive,exchange_1,2025-02-03 00:00:00,5.019999999999998,4.745289300870598
synthetic_exchange,economics,seasonal_naive,exchange_1,2025-02-04 00:00:00,5.092546518597442,4.712005767025454
synthetic_exchange,economics,seasonal_naive,exchange_1,2025-02-05 00:00:00,5.117994232974547,4.737453481402555
synthetic_exchange,economics,seasonal_naive,exchange_1,2025-02-06 00:00:00,5.084710699129407,4.810000000000003
synthetic_exchange,economics,seasonal_naive,exchange_1,2025-02-07 00:00:00,5.0252893008706,4.882546518597442
synthetic_exchange,economics,seasonal_naive,exchange_1,2025-02-08 00:00:00,4.9920057670254545,4.907994232974547
synthetic_exchange,economics,seasonal_naive,exchange_1,2025-02-09 00:00:00,5.017453481402557,4.874710699129407
synthetic_exchange,economics,seasonal_naive,exchange_1,2025-02-10 00:00:00,5.090000000000001,4.815289300870596
synthetic_exchange,economics,seasonal_naive,exchange_1,2025-02-11 00:00:00,5.162546518597444,4.782005767025455
synthetic_exchange,economics,seasonal_naive,exchange_1,2025-02-12 00:00:00,5.187994232974546,4.807453481402557
synthetic_exchange,economics,seasonal_naive,exchange_1,2025-02-13 00:00:00,5.154710699129404,4.880000000000001
synthetic_exchange,economics,seasonal_naive,exchange_1,2025-02-14 00:00:00,5.095289300870597,4.95254651859744
synthetic_exchange,economics,seasonal_naive,exchange_1,2025-02-15 00:00:00,5.062005767025455,4.977994232974546
synthetic_exchange,economics,seasonal_naive,exchange_1,2025-02-16 00:00:00,5.087453481402556,4.944710699129407
synthetic_exchange,economics,seasonal_naive,exchange_1,2025-02-17 00:00:00,5.159999999999998,4.885289300870598
synthetic_exchange,economics,seasonal_naive,exchange_1,2025-02-18 00:00:00,5.23254651859744,4.852005767025456
synthetic_exchange,economics,seasonal_naive,exchange_1,2025-02-19 00:00:00,5.257994232974547,4.877453481402559
synthetic_exchange,economics,seasonal_naive,exchange_1,2025-02-20 00:00:00,5.224710699129402,4.949999999999999
synthetic_exchange,economics,seasonal_naive,exchange_1,2025-02-21 00:00:00,5.165289300870595,5.0225465185974425
synthetic_exchange,economics,seasonal_naive,exchange_1,2025-02-22 00:00:00,5.132005767025453,5.047994232974546
synthetic_exchange,economics,seasonal_naive,exchange_1,2025-02-23 00:00:00,5.157453481402558,5.014710699129406
synthetic_exchange,economics,seasonal_naive,exchange_2,2025-01-31 00:00:00,4.985289300870594,4.84254651859744
synthetic_exchange,economics,seasonal_naive,exchange_2,2025-02-01 00:00:00,4.9520057670254545,4.867994232974547
synthetic_exchange,economics,seasonal_naive,exchange_2,2025-02-02 00:00:00,4.9774534814025575,4.834710699129404
synthetic_exchange,economics,seasonal_naive,exchange_2,2025-02-03 00:00:00,5.049999999999997,4.775289300870598
synthetic_exchange,economics,seasonal_naive,exchange_2,2025-02-04 00:00:00,5.122546518597441,4.742005767025454
synthetic_exchange,economics,seasonal_naive,exchange_2,2025-02-05 00:00:00,5.147994232974546,4.767453481402554
synthetic_exchange,economics,seasonal_naive,exchange_2,2025-02-06 00:00:00,5.1147106991294065,4.8400000000000025
synthetic_exchange,economics,seasonal_naive,exchange_2,2025-02-07 00:00:00,5.0552893008706,4.912546518597441
synthetic_exchange,economics,seasonal_naive,exchange_2,2025-02-08 00:00:00,5.022005767025454,4.937994232974546
synthetic_exchange,economics,seasonal_naive,exchange_2,2025-02-09 00:00:00,5.047453481402556,4.9047106991294065
synthetic_exchange,economics,seasonal_naive,exchange_2,2025-02-10 00:00:00,5.12,4.845289300870595
synthetic_exchange,economics,seasonal_naive,exchange_2,2025-02-11 00:00:00,5.192546518597443,4.812005767025455
synthetic_exchange,economics,seasonal_naive,exchange_2,2025-02-12 00:00:00,5.2179942329745455,4.837453481402556
synthetic_exchange,economics,seasonal_naive,exchange_2,2025-02-13 00:00:00,5.184710699129403,4.91
synthetic_exchange,economics,seasonal_naive,exchange_2,2025-02-14 00:00:00,5.125289300870596,4.98254651859744
synthetic_exchange,economics,seasonal_naive,exchange_2,2025-02-15 00:00:00,5.092005767025454,5.0079942329745455
synthetic_exchange,economics,seasonal_naive,exchange_2,2025-02-16 00:00:00,5.117453481402555,4.974710699129407
synthetic_exchange,economics,seasonal_naive,exchange_2,2025-02-17 00:00:00,5.189999999999998,4.915289300870597
synthetic_exchange,economics,seasonal_naive,exchange_2,2025-02-18 00:00:00,5.262546518597439,4.882005767025455
synthetic_exchange,economics,seasonal_naive,exchange_2,2025-02-19 00:00:00,5.287994232974547,4.907453481402558
synthetic_exchange,economics,seasonal_naive,exchange_2,2025-02-20 00:00:00,5.254710699129402,4.979999999999999
synthetic_exchange,economics,seasonal_naive,exchange_2,2025-02-21 00:00:00,5.195289300870594,5.052546518597442
synthetic_exchange,economics,seasonal_naive,exchange_2,2025-02-22 00:00:00,5.162005767025453,5.077994232974546
synthetic_exchange,economics,seasonal_naive,exchange_2,2025-02-23 00:00:00,5.1874534814025575,5.044710699129405
synthetic_exchange,economics,moving_average,exchange_0,2025-01-31 00:00:00,4.9252893008705945,4.842302143779225
synthetic_exchange,economics,moving_average,exchange_0,2025-02-01 00:00:00,4.892005767025455,4.842302143779225
synthetic_exchange,economics,moving_average,exchange_0,2025-02-02 00:00:00,4.917453481402558,4.842302143779225
synthetic_exchange,economics,moving_average,exchange_0,2025-02-03 00:00:00,4.9899999999999975,4.842302143779225
synthetic_exchange,economics,moving_average,exchange_0,2025-02-04 00:00:00,5.062546518597442,4.842302143779225
synthetic_exchange,economics,moving_average,exchange_0,2025-02-05 00:00:00,5.0879942329745464,4.842302143779225
synthetic_exchange,economics,moving_average,exchange_0,2025-02-06 00:00:00,5.054710699129407,4.842302143779225
synthetic_exchange,economics,moving_average,exchange_0,2025-02-07 00:00:00,4.9952893008706,4.842302143779225
synthetic_exchange,economics,moving_average,exchange_0,2025-02-08 00:00:00,4.962005767025454,4.842302143779225
synthetic_exchange,economics,moving_average,exchange_0,2025-02-09 00:00:00,4.987453481402556,4.842302143779225
synthetic_exchange,economics,moving_average,exchange_0,2025-02-10 00:00:00,5.0600000000000005,4.842302143779225
synthetic_exchange,economics,moving_average,exchange_0,2025-02-11 00:00:00,5.132546518597444,4.842302143779225
synthetic_exchange,economics,moving_average,exchange_0,2025-02-12 00:00:00,5.157994232974546,4.842302143779225
synthetic_exchange,economics,moving_average,exchange_0,2025-02-13 00:00:00,5.124710699129404,4.842302143779225
synthetic_exchange,economics,moving_average,exchange_0,2025-02-14 00:00:00,5.065289300870597,4.842302143779225
synthetic_exchange,economics,moving_average,exchange_0,2025-02-15 00:00:00,5.0320057670254545,4.842302143779225
synthetic_exchange,economics,moving_average,exchange_0,2025-02-16 00:00:00,5.057453481402556,4.842302143779225
synthetic_exchange,economics,moving_average,exchange_0,2025-02-17 00:00:00,5.129999999999998,4.842302143779225
synthetic_exchange,economics,moving_average,exchange_0,2025-02-18 00:00:00,5.2025465185974396,4.842302143779225
synthetic_exchange,economics,moving_average,exchange_0,2025-02-19 00:00:00,5.227994232974547,4.842302143779225
synthetic_exchange,economics,moving_average,exchange_0,2025-02-20 00:00:00,5.194710699129402,4.842302143779225
synthetic_exchange,economics,moving_average,exchange_0,2025-02-21 00:00:00,5.135289300870594,4.842302143779225
synthetic_exchange,economics,moving_average,exchange_0,2025-02-22 00:00:00,5.102005767025453,4.842302143779225
synthetic_exchange,economics,moving_average,exchange_0,2025-02-23 00:00:00,5.127453481402558,4.842302143779225
synthetic_exchange,economics,moving_average,exchange_1,2025-01-31 00:00:00,4.955289300870595,4.872302143779225
synthetic_exchange,economics,moving_average,exchange_1,2025-02-01 00:00:00,4.922005767025455,4.872302143779225
synthetic_exchange,economics,moving_average,exchange_1,2025-02-02 00:00:00,4.947453481402558,4.872302143779225
synthetic_exchange,economics,moving_average,exchange_1,2025-02-03 00:00:00,5.019999999999998,4.872302143779225
synthetic_exchange,economics,moving_average,exchange_1,2025-02-04 00:00:00,5.092546518597442,4.872302143779225
synthetic_exchange,economics,moving_average,exchange_1,2025-02-05 00:00:00,5.117994232974547,4.872302143779225
synthetic_exchange,economics,moving_average,exchange_1,2025-02-06 00:00:00,5.084710699129407,4.872302143779225
synthetic_exchange,economics,moving_average,exchange_1,2025-02-07 00:00:00,5.0252893008706,4.872302143779225
synthetic_exchange,economics,moving_average,exchange_1,2025-02-08 00:00:00,4.9920057670254545,4.872302143779225
synthetic_exchange,economics,moving_average,exchange_1,2025-02-09 00:00:00,5.017453481402557,4.872302143779225
synthetic_exchange,economics,moving_average,exchange_1,2025-02-10 00:00:00,5.090000000000001,4.872302143779225
synthetic_exchange,economics,moving_average,exchange_1,2025-02-11 00:00:00,5.162546518597444,4.872302143779225
synthetic_exchange,economics,moving_average,exchange_1,2025-02-12 00:00:00,5.187994232974546,4.872302143779225
synthetic_exchange,economics,moving_average,exchange_1,2025-02-13 00:00:00,5.154710699129404,4.872302143779225
synthetic_exchange,economics,moving_average,exchange_1,2025-02-14 00:00:00,5.095289300870597,4.872302143779225
synthetic_exchange,economics,moving_average,exchange_1,2025-02-15 00:00:00,5.062005767025455,4.872302143779225
synthetic_exchange,economics,moving_average,exchange_1,2025-02-16 00:00:00,5.087453481402556,4.872302143779225
synthetic_exchange,economics,moving_average,exchange_1,2025-02-17 00:00:00,5.159999999999998,4.872302143779225
synthetic_exchange,economics,moving_average,exchange_1,2025-02-18 00:00:00,5.23254651859744,4.872302143779225
synthetic_exchange,economics,moving_average,exchange_1,2025-02-19 00:00:00,5.257994232974547,4.872302143779225
synthetic_exchange,economics,moving_average,exchange_1,2025-02-20 00:00:00,5.224710699129402,4.872302143779225
synthetic_exchange,economics,moving_average,exchange_1,2025-02-21 00:00:00,5.165289300870595,4.872302143779225
synthetic_exchange,economics,moving_average,exchange_1,2025-02-22 00:00:00,5.132005767025453,4.872302143779225
synthetic_exchange,economics,moving_average,exchange_1,2025-02-23 00:00:00,5.157453481402558,4.872302143779225
synthetic_exchange,economics,moving_average,exchange_2,2025-01-31 00:00:00,4.985289300870594,4.902302143779225
synthetic_exchange,economics,moving_average,exchange_2,2025-02-01 00:00:00,4.9520057670254545,4.902302143779225
synthetic_exchange,economics,moving_average,exchange_2,2025-02-02 00:00:00,4.9774534814025575,4.902302143779225
synthetic_exchange,economics,moving_average,exchange_2,2025-02-03 00:00:00,5.049999999999997,4.902302143779225
synthetic_exchange,economics,moving_average,exchange_2,2025-02-04 00:00:00,5.122546518597441,4.902302143779225
synthetic_exchange,economics,moving_average,exchange_2,2025-02-05 00:00:00,5.147994232974546,4.902302143779225
synthetic_exchange,economics,moving_average,exchange_2,2025-02-06 00:00:00,5.1147106991294065,4.902302143779225
synthetic_exchange,economics,moving_average,exchange_2,2025-02-07 00:00:00,5.0552893008706,4.902302143779225
synthetic_exchange,economics,moving_average,exchange_2,2025-02-08 00:00:00,5.022005767025454,4.902302143779225
synthetic_exchange,economics,moving_average,exchange_2,2025-02-09 00:00:00,5.047453481402556,4.902302143779225
synthetic_exchange,economics,moving_average,exchange_2,2025-02-10 00:00:00,5.12,4.902302143779225
synthetic_exchange,economics,moving_average,exchange_2,2025-02-11 00:00:00,5.192546518597443,4.902302143779225
synthetic_exchange,economics,moving_average,exchange_2,2025-02-12 00:00:00,5.2179942329745455,4.902302143779225
synthetic_exchange,economics,moving_average,exchange_2,2025-02-13 00:00:00,5.184710699129403,4.902302143779225
synthetic_exchange,economics,moving_average,exchange_2,2025-02-14 00:00:00,5.125289300870596,4.902302143779225
synthetic_exchange,economics,moving_average,exchange_2,2025-02-15 00:00:00,5.092005767025454,4.902302143779225
synthetic_exchange,economics,moving_average,exchange_2,2025-02-16 00:00:00,5.117453481402555,4.902302143779225
synthetic_exchange,economics,moving_average,exchange_2,2025-02-17 00:00:00,5.189999999999998,4.902302143779225
synthetic_exchange,economics,moving_average,exchange_2,2025-02-18 00:00:00,5.262546518597439,4.902302143779225
synthetic_exchange,economics,moving_average,exchange_2,2025-02-19 00:00:00,5.287994232974547,4.902302143779225
synthetic_exchange,economics,moving_average,exchange_2,2025-02-20 00:00:00,5.254710699129402,4.902302143779225
synthetic_exchange,economics,moving_average,exchange_2,2025-02-21 00:00:00,5.195289300870594,4.902302143779225
synthetic_exchange,economics,moving_average,exchange_2,2025-02-22 00:00:00,5.162005767025453,4.902302143779225
synthetic_exchange,economics,moving_average,exchange_2,2025-02-23 00:00:00,5.1874534814025575,4.902302143779225
synthetic_exchange,economics,linear_trend,exchange_0,2025-01-31 00:00:00,4.9252893008705945,4.961265799161968
synthetic_exchange,economics,linear_trend,exchange_0,2025-02-01 00:00:00,4.892005767025455,4.971271905170884
synthetic_exchange,economics,linear_trend,exchange_0,2025-02-02 00:00:00,4.917453481402558,4.9812780111798
synthetic_exchange,economics,linear_trend,exchange_0,2025-02-03 00:00:00,4.9899999999999975,4.991284117188716
synthetic_exchange,economics,linear_trend,exchange_0,2025-02-04 00:00:00,5.062546518597442,5.001290223197632
synthetic_exchange,economics,linear_trend,exchange_0,2025-02-05 00:00:00,5.0879942329745464,5.011296329206548
synthetic_exchange,economics,linear_trend,exchange_0,2025-02-06 00:00:00,5.054710699129407,5.021302435215464
synthetic_exchange,economics,linear_trend,exchange_0,2025-02-07 00:00:00,4.9952893008706,5.031308541224379
synthetic_exchange,economics,linear_trend,exchange_0,2025-02-08 00:00:00,4.962005767025454,5.041314647233295
synthetic_exchange,economics,linear_trend,exchange_0,2025-02-09 00:00:00,4.987453481402556,5.051320753242211
synthetic_exchange,economics,linear_trend,exchange_0,2025-02-10 00:00:00,5.0600000000000005,5.061326859251127
synthetic_exchange,economics,linear_trend,exchange_0,2025-02-11 00:00:00,5.132546518597444,5.0713329652600425
synthetic_exchange,economics,linear_trend,exchange_0,2025-02-12 00:00:00,5.157994232974546,5.081339071268959
synthetic_exchange,economics,linear_trend,exchange_0,2025-02-13 00:00:00,5.124710699129404,5.091345177277875
synthetic_exchange,economics,linear_trend,exchange_0,2025-02-14 00:00:00,5.065289300870597,5.101351283286791
synthetic_exchange,economics,linear_trend,exchange_0,2025-02-15 00:00:00,5.0320057670254545,5.111357389295707
synthetic_exchange,economics,linear_trend,exchange_0,2025-02-16 00:00:00,5.057453481402556,5.121363495304623
synthetic_exchange,economics,linear_trend,exchange_0,2025-02-17 00:00:00,5.129999999999998,5.131369601313539
synthetic_exchange,economics,linear_trend,exchange_0,2025-02-18 00:00:00,5.2025465185974396,5.141375707322455
synthetic_exchange,economics,linear_trend,exchange_0,2025-02-19 00:00:00,5.227994232974547,5.151381813331371
synthetic_exchange,economics,linear_trend,exchange_0,2025-02-20 00:00:00,5.194710699129402,5.161387919340287
synthetic_exchange,economics,linear_trend,exchange_0,2025-02-21 00:00:00,5.135289300870594,5.171394025349203
synthetic_exchange,economics,linear_trend,exchange_0,2025-02-22 00:00:00,5.102005767025453,5.181400131358119
synthetic_exchange,economics,linear_trend,exchange_0,2025-02-23 00:00:00,5.127453481402558,5.191406237367035
synthetic_exchange,economics,linear_trend,exchange_1,2025-01-31 00:00:00,4.955289300870595,4.991265799161971
synthetic_exchange,economics,linear_trend,exchange_1,2025-02-01 00:00:00,4.922005767025455,5.001271905170887
synthetic_exchange,economics,linear_trend,exchange_1,2025-02-02 00:00:00,4.947453481402558,5.011278011179803
synthetic_exchange,economics,linear_trend,exchange_1,2025-02-03 00:00:00,5.019999999999998,5.021284117188718
synthetic_exchange,economics,linear_trend,exchange_1,2025-02-04 00:00:00,5.092546518597442,5.031290223197634
synthetic_exchange,economics,linear_trend,exchange_1,2025-02-05 00:00:00,5.117994232974547,5.04129632920655
synthetic_exchange,economics,linear_trend,exchange_1,2025-02-06 00:00:00,5.084710699129407,5.051302435215466
synthetic_exchange,economics,linear_trend,exchange_1,2025-02-07 00:00:00,5.0252893008706,5.061308541224382
synthetic_exchange,economics,linear_trend,exchange_1,2025-02-08 00:00:00,4.9920057670254545,5.071314647233298
synthetic_exchange,economics,linear_trend,exchange_1,2025-02-09 00:00:00,5.017453481402557,5.081320753242214
synthetic_exchange,economics,linear_trend,exchange_1,2025-02-10 00:00:00,5.090000000000001,5.09132685925113
synthetic_exchange,economics,linear_trend,exchange_1,2025-02-11 00:00:00,5.162546518597444,5.101332965260046
synthetic_exchange,economics,linear_trend,exchange_1,2025-02-12 00:00:00,5.187994232974546,5.1113390712689615
synthetic_exchange,economics,linear_trend,exchange_1,2025-02-13 00:00:00,5.154710699129404,5.1213451772778775
synthetic_exchange,economics,linear_trend,exchange_1,2025-02-14 00:00:00,5.095289300870597,5.131351283286794
synthetic_exchange,economics,linear_trend,exchange_1,2025-02-15 00:00:00,5.062005767025455,5.14135738929571
synthetic_exchange,economics,linear_trend,exchange_1,2025-02-16 00:00:00,5.087453481402556,5.151363495304626
synthetic_exchange,economics,linear_trend,exchange_1,2025-02-17 00:00:00,5.159999999999998,5.161369601313542
synthetic_exchange,economics,linear_trend,exchange_1,2025-02-18 00:00:00,5.23254651859744,5.171375707322457
synthetic_exchange,economics,linear_trend,exchange_1,2025-02-19 00:00:00,5.257994232974547,5.181381813331373
synthetic_exchange,economics,linear_trend,exchange_1,2025-02-20 00:00:00,5.224710699129402,5.191387919340289
synthetic_exchange,economics,linear_trend,exchange_1,2025-02-21 00:00:00,5.165289300870595,5.201394025349205
synthetic_exchange,economics,linear_trend,exchange_1,2025-02-22 00:00:00,5.132005767025453,5.211400131358121
synthetic_exchange,economics,linear_trend,exchange_1,2025-02-23 00:00:00,5.157453481402558,5.221406237367037
synthetic_exchange,economics,linear_trend,exchange_2,2025-01-31 00:00:00,4.985289300870594,5.021265799161967
synthetic_exchange,economics,linear_trend,exchange_2,2025-02-01 00:00:00,4.9520057670254545,5.031271905170883
synthetic_exchange,economics,linear_trend,exchange_2,2025-02-02 00:00:00,4.9774534814025575,5.0412780111797995
synthetic_exchange,economics,linear_trend,exchange_2,2025-02-03 00:00:00,5.049999999999997,5.0512841171887155
synthetic_exchange,economics,linear_trend,exchange_2,2025-02-04 00:00:00,5.122546518597441,5.0612902231976316
synthetic_exchange,economics,linear_trend,exchange_2,2025-02-05 00:00:00,5.147994232974546,5.071296329206547
synthetic_exchange,economics,linear_trend,exchange_2,2025-02-06 00:00:00,5.1147106991294065,5.081302435215463
synthetic_exchange,economics,linear_trend,exchange_2,2025-02-07 00:00:00,5.0552893008706,5.091308541224379
synthetic_exchange,economics,linear_trend,exchange_2,2025-02-08 00:00:00,5.022005767025454,5.101314647233295
synthetic_exchange,economics,linear_trend,exchange_2,2025-02-09 00:00:00,5.047453481402556,5.111320753242211
synthetic_exchange,economics,linear_trend,exchange_2,2025-02-10 00:00:00,5.12,5.121326859251127
synthetic_exchange,economics,linear_trend,exchange_2,2025-02-11 00:00:00,5.192546518597443,5.131332965260043
synthetic_exchange,economics,linear_trend,exchange_2,2025-02-12 00:00:00,5.2179942329745455,5.141339071268959
synthetic_exchange,economics,linear_trend,exchange_2,2025-02-13 00:00:00,5.184710699129403,5.151345177277874
synthetic_exchange,economics,linear_trend,exchange_2,2025-02-14 00:00:00,5.125289300870596,5.16135128328679
synthetic_exchange,economics,linear_trend,exchange_2,2025-02-15 00:00:00,5.092005767025454,5.171357389295706
synthetic_exchange,economics,linear_trend,exchange_2,2025-02-16 00:00:00,5.117453481402555,5.181363495304622
synthetic_exchange,economics,linear_trend,exchange_2,2025-02-17 00:00:00,5.189999999999998,5.191369601313538
synthetic_exchange,economics,linear_trend,exchange_2,2025-02-18 00:00:00,5.262546518597439,5.2013757073224545
synthetic_exchange,economics,linear_trend,exchange_2,2025-02-19 00:00:00,5.287994232974547,5.21138181333137
synthetic_exchange,economics,linear_trend,exchange_2,2025-02-20 00:00:00,5.254710699129402,5.221387919340286
synthetic_exchange,economics,linear_trend,exchange_2,2025-02-21 00:00:00,5.195289300870594,5.231394025349202
synthetic_exchange,economics,linear_trend,exchange_2,2025-02-22 00:00:00,5.162005767025453,5.241400131358118
synthetic_exchange,economics,linear_trend,exchange_2,2025-02-23 00:00:00,5.1874534814025575,5.251406237367034
synthetic_exchange,economics,ridge_ar,exchange_0,2025-01-31 00:00:00,4.9252893008705945,4.92948785020031
synthetic_exchange,economics,ridge_ar,exchange_0,2025-02-01 00:00:00,4.892005767025455,4.903914431122295
synthetic_exchange,economics,ridge_ar,exchange_0,2025-02-02 00:00:00,4.917453481402558,4.931849023376563
synthetic_exchange,economics,ridge_ar,exchange_0,2025-02-03 00:00:00,4.9899999999999975,4.998091807290754
synthetic_exchange,economics,ridge_ar,exchange_0,2025-02-04 00:00:00,5.062546518597442,5.0588027925872066
synthetic_exchange,economics,ridge_ar,exchange_0,2025-02-05 00:00:00,5.0879942329745464,5.075083552142917
synthetic_exchange,economics,ridge_ar,exchange_0,2025-02-06 00:00:00,5.054710699129407,5.0418033551422035
synthetic_exchange,economics,ridge_ar,exchange_0,2025-02-07 00:00:00,4.9952893008706,4.991665088910069
synthetic_exchange,economics,ridge_ar,exchange_0,2025-02-08 00:00:00,4.962005767025454,4.970110065472147
synthetic_exchange,economics,ridge_ar,exchange_0,2025-02-09 00:00:00,4.987453481402556,5.000914512184432
synthetic_exchange,economics,ridge_ar,exchange_0,2025-02-10 00:00:00,5.0600000000000005,5.068520061760853
synthetic_exchange,economics,ridge_ar,exchange_0,2025-02-11 00:00:00,5.132546518597444,5.129773661968286
synthetic_exchange,economics,ridge_ar,exchange_0,2025-02-12 00:00:00,5.157994232974546,5.146097857169302
synthetic_exchange,economics,ridge_ar,exchange_0,2025-02-13 00:00:00,5.124710699129404,5.11270004387122
synthetic_exchange,economics,ridge_ar,exchange_0,2025-02-14 00:00:00,5.065289300870597,5.0624177285104235
synthetic_exchange,economics,ridge_ar,exchange_0,2025-02-15 00:00:00,5.0320057670254545,5.040765045086481
synthetic_exchange,economics,ridge_ar,exchange_0,2025-02-16 00:00:00,5.057453481402556,5.07151828504277
synthetic_exchange,economics,ridge_ar,exchange_0,2025-02-17 00:00:00,5.129999999999998,5.139101363755874
synthetic_exchange,economics,ridge_ar,exchange_0,2025-02-18 00:00:00,5.2025465185974396,5.200338509396573
synthetic_exchange,economics,ridge_ar,exchange_0,2025-02-19 00:00:00,5.227994232974547,5.216642113028602
synthetic_exchange,economics,ridge_ar,exchange_0,2025-02-20 00:00:00,5.194710699129402,5.183221586568332
synthetic_exchange,economics,ridge_ar,exchange_0,2025-02-21 00:00:00,5.135289300870594,5.132922940104624
synthetic_exchange,economics,ridge_ar,exchange_0,2025-02-22 00:00:00,5.102005767025453,5.111265783940723
synthetic_exchange,economics,ridge_ar,exchange_0,2025-02-23 00:00:00,5.127453481402558,5.142023828741268
synthetic_exchange,economics,ridge_ar,exchange_1,2025-01-31 00:00:00,4.955289300870595,4.95948785020031
synthetic_exchange,economics,ridge_ar,exchange_1,2025-02-01 00:00:00,4.922005767025455,4.933914431122295
synthetic_exchange,economics,ridge_ar,exchange_1,2025-02-02 00:00:00,4.947453481402558,4.961849023376564
synthetic_exchange,economics,ridge_ar,exchange_1,2025-02-03 00:00:00,5.019999999999998,5.028091807290753
synthetic_exchange,economics,ridge_ar,exchange_1,2025-02-04 00:00:00,5.092546518597442,5.088802792587206
synthetic_exchange,economics,ridge_ar,exchange_1,2025-02-05 00:00:00,5.117994232974547,5.105083552142918
synthetic_exchange,economics,ridge_ar,exchange_1,2025-02-06 00:00:00,5.084710699129407,5.071803355142204
synthetic_exchange,economics,ridge_ar,exchange_1,2025-02-07 00:00:00,5.0252893008706,5.021665088910069
synthetic_exchange,economics,ridge_ar,exchange_1,2025-02-08 00:00:00,4.9920057670254545,5.000110065472146
synthetic_exchange,economics,ridge_ar,exchange_1,2025-02-09 00:00:00,5.017453481402557,5.030914512184432
synthetic_exchange,economics,ridge_ar,exchange_1,2025-02-10 00:00:00,5.090000000000001,5.098520061760853
synthetic_exchange,economics,ridge_ar,exchange_1,2025-02-11 00:00:00,5.162546518597444,5.159773661968286
synthetic_exchange,economics,ridge_ar,exchange_1,2025-02-12 00:00:00,5.187994232974546,5.176097857169303
synthetic_exchange,economics,ridge_ar,exchange_1,2025-02-13 00:00:00,5.154710699129404,5.14270004387122
synthetic_exchange,economics,ridge_ar,exchange_1,2025-02-14 00:00:00,5.095289300870597,5.092417728510424
synthetic_exchange,economics,ridge_ar,exchange_1,2025-02-15 00:00:00,5.062005767025455,5.070765045086482
synthetic_exchange,economics,ridge_ar,exchange_1,2025-02-16 00:00:00,5.087453481402556,5.10151828504277
synthetic_exchange,economics,ridge_ar,exchange_1,2025-02-17 00:00:00,5.159999999999998,5.169101363755874
synthetic_exchange,economics,ridge_ar,exchange_1,2025-02-18 00:00:00,5.23254651859744,5.230338509396573
synthetic_exchange,economics,ridge_ar,exchange_1,2025-02-19 00:00:00,5.257994232974547,5.246642113028601
synthetic_exchange,economics,ridge_ar,exchange_1,2025-02-20 00:00:00,5.224710699129402,5.2132215865683325
synthetic_exchange,economics,ridge_ar,exchange_1,2025-02-21 00:00:00,5.165289300870595,5.162922940104624
synthetic_exchange,economics,ridge_ar,exchange_1,2025-02-22 00:00:00,5.132005767025453,5.141265783940723
synthetic_exchange,economics,ridge_ar,exchange_1,2025-02-23 00:00:00,5.157453481402558,5.172023828741269
synthetic_exchange,economics,ridge_ar,exchange_2,2025-01-31 00:00:00,4.985289300870594,4.98948785020031
synthetic_exchange,economics,ridge_ar,exchange_2,2025-02-01 00:00:00,4.9520057670254545,4.963914431122294
synthetic_exchange,economics,ridge_ar,exchange_2,2025-02-02 00:00:00,4.9774534814025575,4.991849023376562
synthetic_exchange,economics,ridge_ar,exchange_2,2025-02-03 00:00:00,5.049999999999997,5.058091807290753
synthetic_exchange,economics,ridge_ar,exchange_2,2025-02-04 00:00:00,5.122546518597441,5.118802792587205
synthetic_exchange,economics,ridge_ar,exchange_2,2025-02-05 00:00:00,5.147994232974546,5.135083552142917
synthetic_exchange,economics,ridge_ar,exchange_2,2025-02-06 00:00:00,5.1147106991294065,5.101803355142203
synthetic_exchange,economics,ridge_ar,exchange_2,2025-02-07 00:00:00,5.0552893008706,5.0516650889100685
synthetic_exchange,economics,ridge_ar,exchange_2,2025-02-08 00:00:00,5.022005767025454,5.030110065472146
synthetic_exchange,economics,ridge_ar,exchange_2,2025-02-09 00:00:00,5.047453481402556,5.060914512184431
synthetic_exchange,economics,ridge_ar,exchange_2,2025-02-10 00:00:00,5.12,5.128520061760852
synthetic_exchange,economics,ridge_ar,exchange_2,2025-02-11 00:00:00,5.192546518597443,5.189773661968285
synthetic_exchange,economics,ridge_ar,exchange_2,2025-02-12 00:00:00,5.2179942329745455,5.206097857169302
synthetic_exchange,economics,ridge_ar,exchange_2,2025-02-13 00:00:00,5.184710699129403,5.172700043871219
synthetic_exchange,economics,ridge_ar,exchange_2,2025-02-14 00:00:00,5.125289300870596,5.122417728510423
synthetic_exchange,economics,ridge_ar,exchange_2,2025-02-15 00:00:00,5.092005767025454,5.100765045086481
synthetic_exchange,economics,ridge_ar,exchange_2,2025-02-16 00:00:00,5.117453481402555,5.13151828504277
synthetic_exchange,economics,ridge_ar,exchange_2,2025-02-17 00:00:00,5.189999999999998,5.199101363755872
synthetic_exchange,economics,ridge_ar,exchange_2,2025-02-18 00:00:00,5.262546518597439,5.260338509396572
synthetic_exchange,economics,ridge_ar,exchange_2,2025-02-19 00:00:00,5.287994232974547,5.2766421130286005
synthetic_exchange,economics,ridge_ar,exchange_2,2025-02-20 00:00:00,5.254710699129402,5.243221586568332
synthetic_exchange,economics,ridge_ar,exchange_2,2025-02-21 00:00:00,5.195289300870594,5.192922940104624
synthetic_exchange,economics,ridge_ar,exchange_2,2025-02-22 00:00:00,5.162005767025453,5.171265783940722
synthetic_exchange,economics,ridge_ar,exchange_2,2025-02-23 00:00:00,5.1874534814025575,5.202023828741268
synthetic_exchange,economics,hist_gradient_boosting_ar,exchange_0,2025-01-31 00:00:00,4.9252893008705945,4.928983491809386
synthetic_exchange,economics,hist_gradient_boosting_ar,exchange_0,2025-02-01 00:00:00,4.892005767025455,4.965121407011591
synthetic_exchange,economics,hist_gradient_boosting_ar,exchange_0,2025-02-02 00:00:00,4.917453481402558,4.965121407011591
synthetic_exchange,economics,hist_gradient_boosting_ar,exchange_0,2025-02-03 00:00:00,4.9899999999999975,4.965121407011591
synthetic_exchange,economics,hist_gradient_boosting_ar,exchange_0,2025-02-04 00:00:00,5.062546518597442,4.965121407011591
synthetic_exchange,economics,hist_gradient_boosting_ar,exchange_0,2025-02-05 00:00:00,5.0879942329745464,4.965121407011591
synthetic_exchange,economics,hist_gradient_boosting_ar,exchange_0,2025-02-06 00:00:00,5.054710699129407,4.965121407011591
synthetic_exchange,economics,hist_gradient_boosting_ar,exchange_0,2025-02-07 00:00:00,4.9952893008706,4.965121407011591
synthetic_exchange,economics,hist_gradient_boosting_ar,exchange_0,2025-02-08 00:00:00,4.962005767025454,4.965121407011591
synthetic_exchange,economics,hist_gradient_boosting_ar,exchange_0,2025-02-09 00:00:00,4.987453481402556,4.965121407011591
synthetic_exchange,economics,hist_gradient_boosting_ar,exchange_0,2025-02-10 00:00:00,5.0600000000000005,4.965121407011591
synthetic_exchange,economics,hist_gradient_boosting_ar,exchange_0,2025-02-11 00:00:00,5.132546518597444,4.965121407011591
synthetic_exchange,economics,hist_gradient_boosting_ar,exchange_0,2025-02-12 00:00:00,5.157994232974546,4.965121407011591
synthetic_exchange,economics,hist_gradient_boosting_ar,exchange_0,2025-02-13 00:00:00,5.124710699129404,4.965121407011591
synthetic_exchange,economics,hist_gradient_boosting_ar,exchange_0,2025-02-14 00:00:00,5.065289300870597,4.965121407011591
synthetic_exchange,economics,hist_gradient_boosting_ar,exchange_0,2025-02-15 00:00:00,5.0320057670254545,4.965121407011591
synthetic_exchange,economics,hist_gradient_boosting_ar,exchange_0,2025-02-16 00:00:00,5.057453481402556,4.965121407011591
synthetic_exchange,economics,hist_gradient_boosting_ar,exchange_0,2025-02-17 00:00:00,5.129999999999998,4.965121407011591
synthetic_exchange,economics,hist_gradient_boosting_ar,exchange_0,2025-02-18 00:00:00,5.2025465185974396,4.965121407011591
synthetic_exchange,economics,hist_gradient_boosting_ar,exchange_0,2025-02-19 00:00:00,5.227994232974547,4.965121407011591
synthetic_exchange,economics,hist_gradient_boosting_ar,exchange_0,2025-02-20 00:00:00,5.194710699129402,4.965121407011591
synthetic_exchange,economics,hist_gradient_boosting_ar,exchange_0,2025-02-21 00:00:00,5.135289300870594,4.965121407011591
synthetic_exchange,economics,hist_gradient_boosting_ar,exchange_0,2025-02-22 00:00:00,5.102005767025453,4.965121407011591
synthetic_exchange,economics,hist_gradient_boosting_ar,exchange_0,2025-02-23 00:00:00,5.127453481402558,4.965121407011591
synthetic_exchange,economics,hist_gradient_boosting_ar,exchange_1,2025-01-31 00:00:00,4.955289300870595,4.958983491809386
synthetic_exchange,economics,hist_gradient_boosting_ar,exchange_1,2025-02-01 00:00:00,4.922005767025455,4.995121407011591
synthetic_exchange,economics,hist_gradient_boosting_ar,exchange_1,2025-02-02 00:00:00,4.947453481402558,4.995121407011591
synthetic_exchange,economics,hist_gradient_boosting_ar,exchange_1,2025-02-03 00:00:00,5.019999999999998,4.995121407011591
synthetic_exchange,economics,hist_gradient_boosting_ar,exchange_1,2025-02-04 00:00:00,5.092546518597442,4.995121407011591
synthetic_exchange,economics,hist_gradient_boosting_ar,exchange_1,2025-02-05 00:00:00,5.117994232974547,4.995121407011591
synthetic_exchange,economics,hist_gradient_boosting_ar,exchange_1,2025-02-06 00:00:00,5.084710699129407,4.995121407011591
synthetic_exchange,economics,hist_gradient_boosting_ar,exchange_1,2025-02-07 00:00:00,5.0252893008706,4.995121407011591
synthetic_exchange,economics,hist_gradient_boosting_ar,exchange_1,2025-02-08 00:00:00,4.9920057670254545,4.995121407011591
synthetic_exchange,economics,hist_gradient_boosting_ar,exchange_1,2025-02-09 00:00:00,5.017453481402557,4.995121407011591
synthetic_exchange,economics,hist_gradient_boosting_ar,exchange_1,2025-02-10 00:00:00,5.090000000000001,4.995121407011591
synthetic_exchange,economics,hist_gradient_boosting_ar,exchange_1,2025-02-11 00:00:00,5.162546518597444,4.995121407011591
synthetic_exchange,economics,hist_gradient_boosting_ar,exchange_1,2025-02-12 00:00:00,5.187994232974546,4.995121407011591
synthetic_exchange,economics,hist_gradient_boosting_ar,exchange_1,2025-02-13 00:00:00,5.154710699129404,4.995121407011591
synthetic_exchange,economics,hist_gradient_boosting_ar,exchange_1,2025-02-14 00:00:00,5.095289300870597,4.995121407011591
synthetic_exchange,economics,hist_gradient_boosting_ar,exchange_1,2025-02-15 00:00:00,5.062005767025455,4.995121407011591
synthetic_exchange,economics,hist_gradient_boosting_ar,exchange_1,2025-02-16 00:00:00,5.087453481402556,4.995121407011591
synthetic_exchange,economics,hist_gradient_boosting_ar,exchange_1,2025-02-17 00:00:00,5.159999999999998,4.995121407011591
synthetic_exchange,economics,hist_gradient_boosting_ar,exchange_1,2025-02-18 00:00:00,5.23254651859744,4.995121407011591
synthetic_exchange,economics,hist_gradient_boosting_ar,exchange_1,2025-02-19 00:00:00,5.257994232974547,4.995121407011591
synthetic_exchange,economics,hist_gradient_boosting_ar,exchange_1,2025-02-20 00:00:00,5.224710699129402,4.995121407011591
synthetic_exchange,economics,hist_gradient_boosting_ar,exchange_1,2025-02-21 00:00:00,5.165289300870595,4.995121407011591
synthetic_exchange,economics,hist_gradient_boosting_ar,exchange_1,2025-02-22 00:00:00,5.132005767025453,4.995121407011591
synthetic_exchange,economics,hist_gradient_boosting_ar,exchange_1,2025-02-23 00:00:00,5.157453481402558,4.995121407011591
synthetic_exchange,economics,hist_gradient_boosting_ar,exchange_2,2025-01-31 00:00:00,4.985289300870594,4.988983491809385
synthetic_exchange,economics,hist_gradient_boosting_ar,exchange_2,2025-02-01 00:00:00,4.9520057670254545,5.025121407011591
synthetic_exchange,economics,hist_gradient_boosting_ar,exchange_2,2025-02-02 00:00:00,4.9774534814025575,5.025121407011591
synthetic_exchange,economics,hist_gradient_boosting_ar,exchange_2,2025-02-03 00:00:00,5.049999999999997,5.025121407011591
synthetic_exchange,economics,hist_gradient_boosting_ar,exchange_2,2025-02-04 00:00:00,5.122546518597441,5.025121407011591
synthetic_exchange,economics,hist_gradient_boosting_ar,exchange_2,2025-02-05 00:00:00,5.147994232974546,5.025121407011591
synthetic_exchange,economics,hist_gradient_boosting_ar,exchange_2,2025-02-06 00:00:00,5.1147106991294065,5.025121407011591
synthetic_exchange,economics,hist_gradient_boosting_ar,exchange_2,2025-02-07 00:00:00,5.0552893008706,5.025121407011591
synthetic_exchange,economics,hist_gradient_boosting_ar,exchange_2,2025-02-08 00:00:00,5.022005767025454,5.025121407011591
synthetic_exchange,economics,hist_gradient_boosting_ar,exchange_2,2025-02-09 00:00:00,5.047453481402556,5.025121407011591
synthetic_exchange,economics,hist_gradient_boosting_ar,exchange_2,2025-02-10 00:00:00,5.12,5.025121407011591
synthetic_exchange,economics,hist_gradient_boosting_ar,exchange_2,2025-02-11 00:00:00,5.192546518597443,5.025121407011591
synthetic_exchange,economics,hist_gradient_boosting_ar,exchange_2,2025-02-12 00:00:00,5.2179942329745455,5.025121407011591
synthetic_exchange,economics,hist_gradient_boosting_ar,exchange_2,2025-02-13 00:00:00,5.184710699129403,5.025121407011591
synthetic_exchange,economics,hist_gradient_boosting_ar,exchange_2,2025-02-14 00:00:00,5.125289300870596,5.025121407011591
synthetic_exchange,economics,hist_gradient_boosting_ar,exchange_2,2025-02-15 00:00:00,5.092005767025454,5.025121407011591
synthetic_exchange,economics,hist_gradient_boosting_ar,exchange_2,2025-02-16 00:00:00,5.117453481402555,5.025121407011591
synthetic_exchange,economics,hist_gradient_boosting_ar,exchange_2,2025-02-17 00:00:00,5.189999999999998,5.025121407011591
synthetic_exchange,economics,hist_gradient_boosting_ar,exchange_2,2025-02-18 00:00:00,5.262546518597439,5.025121407011591
synthetic_exchange,economics,hist_gradient_boosting_ar,exchange_2,2025-02-19 00:00:00,5.287994232974547,5.025121407011591
synthetic_exchange,economics,hist_gradient_boosting_ar,exchange_2,2025-02-20 00:00:00,5.254710699129402,5.025121407011591
synthetic_exchange,economics,hist_gradient_boosting_ar,exchange_2,2025-02-21 00:00:00,5.195289300870594,5.025121407011591
synthetic_exchange,economics,hist_gradient_boosting_ar,exchange_2,2025-02-22 00:00:00,5.162005767025453,5.025121407011591
synthetic_exchange,economics,hist_gradient_boosting_ar,exchange_2,2025-02-23 00:00:00,5.1874534814025575,5.025121407011591
synthetic_exchange,economics,lightgbm_ar,exchange_0,2025-01-31 00:00:00,4.9252893008705945,4.94462494329097
synthetic_exchange,economics,lightgbm_ar,exchange_0,2025-02-01 00:00:00,4.892005767025455,4.952908692174757
synthetic_exchange,economics,lightgbm_ar,exchange_0,2025-02-02 00:00:00,4.917453481402558,4.988936697838664
synthetic_exchange,economics,lightgbm_ar,exchange_0,2025-02-03 00:00:00,4.9899999999999975,4.988936697838664
synthetic_exchange,economics,lightgbm_ar,exchange_0,2025-02-04 00:00:00,5.062546518597442,4.988936697838664
synthetic_exchange,economics,lightgbm_ar,exchange_0,2025-02-05 00:00:00,5.0879942329745464,4.990602101903265
synthetic_exchange,economics,lightgbm_ar,exchange_0,2025-02-06 00:00:00,5.054710699129407,4.990602101903265
synthetic_exchange,economics,lightgbm_ar,exchange_0,2025-02-07 00:00:00,4.9952893008706,4.988936697838664
synthetic_exchange,economics,lightgbm_ar,exchange_0,2025-02-08 00:00:00,4.962005767025454,4.988936697838664
synthetic_exchange,economics,lightgbm_ar,exchange_0,2025-02-09 00:00:00,4.987453481402556,4.988936697838664
synthetic_exchange,economics,lightgbm_ar,exchange_0,2025-02-10 00:00:00,5.0600000000000005,4.988936697838664
synthetic_exchange,economics,lightgbm_ar,exchange_0,2025-02-11 00:00:00,5.132546518597444,4.988936697838664
synthetic_exchange,economics,lightgbm_ar,exchange_0,2025-02-12 00:00:00,5.157994232974546,4.988936697838664
synthetic_exchange,economics,lightgbm_ar,exchange_0,2025-02-13 00:00:00,5.124710699129404,4.988936697838664
synthetic_exchange,economics,lightgbm_ar,exchange_0,2025-02-14 00:00:00,5.065289300870597,4.988936697838664
synthetic_exchange,economics,lightgbm_ar,exchange_0,2025-02-15 00:00:00,5.0320057670254545,4.988936697838664
synthetic_exchange,economics,lightgbm_ar,exchange_0,2025-02-16 00:00:00,5.057453481402556,4.988936697838664
synthetic_exchange,economics,lightgbm_ar,exchange_0,2025-02-17 00:00:00,5.129999999999998,4.988936697838664
synthetic_exchange,economics,lightgbm_ar,exchange_0,2025-02-18 00:00:00,5.2025465185974396,4.988936697838664
synthetic_exchange,economics,lightgbm_ar,exchange_0,2025-02-19 00:00:00,5.227994232974547,4.988936697838664
synthetic_exchange,economics,lightgbm_ar,exchange_0,2025-02-20 00:00:00,5.194710699129402,4.988936697838664
synthetic_exchange,economics,lightgbm_ar,exchange_0,2025-02-21 00:00:00,5.135289300870594,4.988936697838664
synthetic_exchange,economics,lightgbm_ar,exchange_0,2025-02-22 00:00:00,5.102005767025453,4.988936697838664
synthetic_exchange,economics,lightgbm_ar,exchange_0,2025-02-23 00:00:00,5.127453481402558,4.988936697838664
synthetic_exchange,economics,lightgbm_ar,exchange_1,2025-01-31 00:00:00,4.955289300870595,4.974624943290969
synthetic_exchange,economics,lightgbm_ar,exchange_1,2025-02-01 00:00:00,4.922005767025455,4.982908692174757
synthetic_exchange,economics,lightgbm_ar,exchange_1,2025-02-02 00:00:00,4.947453481402558,5.018936697838663
synthetic_exchange,economics,lightgbm_ar,exchange_1,2025-02-03 00:00:00,5.019999999999998,5.018936697838663
synthetic_exchange,economics,lightgbm_ar,exchange_1,2025-02-04 00:00:00,5.092546518597442,5.018936697838663
synthetic_exchange,economics,lightgbm_ar,exchange_1,2025-02-05 00:00:00,5.117994232974547,5.020602101903266
synthetic_exchange,economics,lightgbm_ar,exchange_1,2025-02-06 00:00:00,5.084710699129407,5.020602101903266
synthetic_exchange,economics,lightgbm_ar,exchange_1,2025-02-07 00:00:00,5.0252893008706,5.018936697838663
synthetic_exchange,economics,lightgbm_ar,exchange_1,2025-02-08 00:00:00,4.9920057670254545,5.018936697838663
synthetic_exchange,economics,lightgbm_ar,exchange_1,2025-02-09 00:00:00,5.017453481402557,5.018936697838663
synthetic_exchange,economics,lightgbm_ar,exchange_1,2025-02-10 00:00:00,5.090000000000001,5.018936697838663
synthetic_exchange,economics,lightgbm_ar,exchange_1,2025-02-11 00:00:00,5.162546518597444,5.018936697838663
synthetic_exchange,economics,lightgbm_ar,exchange_1,2025-02-12 00:00:00,5.187994232974546,5.018936697838663
synthetic_exchange,economics,lightgbm_ar,exchange_1,2025-02-13 00:00:00,5.154710699129404,5.018936697838663
synthetic_exchange,economics,lightgbm_ar,exchange_1,2025-02-14 00:00:00,5.095289300870597,5.018936697838663
synthetic_exchange,economics,lightgbm_ar,exchange_1,2025-02-15 00:00:00,5.062005767025455,5.018936697838663
synthetic_exchange,economics,lightgbm_ar,exchange_1,2025-02-16 00:00:00,5.087453481402556,5.018936697838663
synthetic_exchange,economics,lightgbm_ar,exchange_1,2025-02-17 00:00:00,5.159999999999998,5.018936697838663
synthetic_exchange,economics,lightgbm_ar,exchange_1,2025-02-18 00:00:00,5.23254651859744,5.018936697838663
synthetic_exchange,economics,lightgbm_ar,exchange_1,2025-02-19 00:00:00,5.257994232974547,5.018936697838663
synthetic_exchange,economics,lightgbm_ar,exchange_1,2025-02-20 00:00:00,5.224710699129402,5.018936697838663
synthetic_exchange,economics,lightgbm_ar,exchange_1,2025-02-21 00:00:00,5.165289300870595,5.018936697838663
synthetic_exchange,economics,lightgbm_ar,exchange_1,2025-02-22 00:00:00,5.132005767025453,5.018936697838663
synthetic_exchange,economics,lightgbm_ar,exchange_1,2025-02-23 00:00:00,5.157453481402558,5.018936697838663
synthetic_exchange,economics,lightgbm_ar,exchange_2,2025-01-31 00:00:00,4.985289300870594,5.004624943290969
synthetic_exchange,economics,lightgbm_ar,exchange_2,2025-02-01 00:00:00,4.9520057670254545,5.012908692174757
synthetic_exchange,economics,lightgbm_ar,exchange_2,2025-02-02 00:00:00,4.9774534814025575,5.048936697838664
synthetic_exchange,economics,lightgbm_ar,exchange_2,2025-02-03 00:00:00,5.049999999999997,5.048936697838664
synthetic_exchange,economics,lightgbm_ar,exchange_2,2025-02-04 00:00:00,5.122546518597441,5.048936697838664
synthetic_exchange,economics,lightgbm_ar,exchange_2,2025-02-05 00:00:00,5.147994232974546,5.050602101903265
synthetic_exchange,economics,lightgbm_ar,exchange_2,2025-02-06 00:00:00,5.1147106991294065,5.050602101903265
synthetic_exchange,economics,lightgbm_ar,exchange_2,2025-02-07 00:00:00,5.0552893008706,5.048936697838664
synthetic_exchange,economics,lightgbm_ar,exchange_2,2025-02-08 00:00:00,5.022005767025454,5.048936697838664
synthetic_exchange,economics,lightgbm_ar,exchange_2,2025-02-09 00:00:00,5.047453481402556,5.048936697838664
synthetic_exchange,economics,lightgbm_ar,exchange_2,2025-02-10 00:00:00,5.12,5.048936697838664
synthetic_exchange,economics,lightgbm_ar,exchange_2,2025-02-11 00:00:00,5.192546518597443,5.048936697838664
synthetic_exchange,economics,lightgbm_ar,exchange_2,2025-02-12 00:00:00,5.2179942329745455,5.048936697838664
synthetic_exchange,economics,lightgbm_ar,exchange_2,2025-02-13 00:00:00,5.184710699129403,5.048936697838664
synthetic_exchange,economics,lightgbm_ar,exchange_2,2025-02-14 00:00:00,5.125289300870596,5.048936697838664
synthetic_exchange,economics,lightgbm_ar,exchange_2,2025-02-15 00:00:00,5.092005767025454,5.048936697838664
synthetic_exchange,economics,lightgbm_ar,exchange_2,2025-02-16 00:00:00,5.117453481402555,5.048936697838664
synthetic_exchange,economics,lightgbm_ar,exchange_2,2025-02-17 00:00:00,5.189999999999998,5.048936697838664
synthetic_exchange,economics,lightgbm_ar,exchange_2,2025-02-18 00:00:00,5.262546518597439,5.048936697838664
synthetic_exchange,economics,lightgbm_ar,exchange_2,2025-02-19 00:00:00,5.287994232974547,5.048936697838664
synthetic_exchange,economics,lightgbm_ar,exchange_2,2025-02-20 00:00:00,5.254710699129402,5.048936697838664
synthetic_exchange,economics,lightgbm_ar,exchange_2,2025-02-21 00:00:00,5.195289300870594,5.048936697838664
synthetic_exchange,economics,lightgbm_ar,exchange_2,2025-02-22 00:00:00,5.162005767025453,5.048936697838664
synthetic_exchange,economics,lightgbm_ar,exchange_2,2025-02-23 00:00:00,5.1874534814025575,5.048936697838664
synthetic_exchange,economics,xgboost_ar,exchange_0,2025-01-31 00:00:00,4.9252893008705945,4.958713319110103
synthetic_exchange,economics,xgboost_ar,exchange_0,2025-02-01 00:00:00,4.892005767025455,4.964878268412235
synthetic_exchange,economics,xgboost_ar,exchange_0,2025-02-02 00:00:00,4.917453481402558,4.983764615225218
synthetic_exchange,economics,xgboost_ar,exchange_0,2025-02-03 00:00:00,4.9899999999999975,4.983764615225218
synthetic_exchange,economics,xgboost_ar,exchange_0,2025-02-04 00:00:00,5.062546518597442,4.983764615225218
synthetic_exchange,economics,xgboost_ar,exchange_0,2025-02-05 00:00:00,5.0879942329745464,4.983764615225218
synthetic_exchange,economics,xgboost_ar,exchange_0,2025-02-06 00:00:00,5.054710699129407,4.983764615225218
synthetic_exchange,economics,xgboost_ar,exchange_0,2025-02-07 00:00:00,4.9952893008706,4.983764615225218
synthetic_exchange,economics,xgboost_ar,exchange_0,2025-02-08 00:00:00,4.962005767025454,4.983764615225218
synthetic_exchange,economics,xgboost_ar,exchange_0,2025-02-09 00:00:00,4.987453481402556,4.983764615225218
synthetic_exchange,economics,xgboost_ar,exchange_0,2025-02-10 00:00:00,5.0600000000000005,4.983764615225218
synthetic_exchange,economics,xgboost_ar,exchange_0,2025-02-11 00:00:00,5.132546518597444,4.983764615225218
synthetic_exchange,economics,xgboost_ar,exchange_0,2025-02-12 00:00:00,5.157994232974546,4.983764615225218
synthetic_exchange,economics,xgboost_ar,exchange_0,2025-02-13 00:00:00,5.124710699129404,4.983764615225218
synthetic_exchange,economics,xgboost_ar,exchange_0,2025-02-14 00:00:00,5.065289300870597,4.983764615225218
synthetic_exchange,economics,xgboost_ar,exchange_0,2025-02-15 00:00:00,5.0320057670254545,4.983764615225218
synthetic_exchange,economics,xgboost_ar,exchange_0,2025-02-16 00:00:00,5.057453481402556,4.983764615225218
synthetic_exchange,economics,xgboost_ar,exchange_0,2025-02-17 00:00:00,5.129999999999998,4.983764615225218
synthetic_exchange,economics,xgboost_ar,exchange_0,2025-02-18 00:00:00,5.2025465185974396,4.983764615225218
synthetic_exchange,economics,xgboost_ar,exchange_0,2025-02-19 00:00:00,5.227994232974547,4.983764615225218
synthetic_exchange,economics,xgboost_ar,exchange_0,2025-02-20 00:00:00,5.194710699129402,4.983764615225218
synthetic_exchange,economics,xgboost_ar,exchange_0,2025-02-21 00:00:00,5.135289300870594,4.983764615225218
synthetic_exchange,economics,xgboost_ar,exchange_0,2025-02-22 00:00:00,5.102005767025453,4.983764615225218
synthetic_exchange,economics,xgboost_ar,exchange_0,2025-02-23 00:00:00,5.127453481402558,4.983764615225218
synthetic_exchange,economics,xgboost_ar,exchange_1,2025-01-31 00:00:00,4.955289300870595,4.9887133191101025
synthetic_exchange,economics,xgboost_ar,exchange_1,2025-02-01 00:00:00,4.922005767025455,4.994878268412235
synthetic_exchange,economics,xgboost_ar,exchange_1,2025-02-02 00:00:00,4.947453481402558,5.013764615225218
synthetic_exchange,economics,xgboost_ar,exchange_1,2025-02-03 00:00:00,5.019999999999998,5.013764615225218
synthetic_exchange,economics,xgboost_ar,exchange_1,2025-02-04 00:00:00,5.092546518597442,5.013764615225218
synthetic_exchange,economics,xgboost_ar,exchange_1,2025-02-05 00:00:00,5.117994232974547,5.013764615225218
synthetic_exchange,economics,xgboost_ar,exchange_1,2025-02-06 00:00:00,5.084710699129407,5.013764615225218
synthetic_exchange,economics,xgboost_ar,exchange_1,2025-02-07 00:00:00,5.0252893008706,5.013764615225218
synthetic_exchange,economics,xgboost_ar,exchange_1,2025-02-08 00:00:00,4.9920057670254545,5.013764615225218
synthetic_exchange,economics,xgboost_ar,exchange_1,2025-02-09 00:00:00,5.017453481402557,5.013764615225218
synthetic_exchange,economics,xgboost_ar,exchange_1,2025-02-10 00:00:00,5.090000000000001,5.013764615225218
synthetic_exchange,economics,xgboost_ar,exchange_1,2025-02-11 00:00:00,5.162546518597444,5.013764615225218
synthetic_exchange,economics,xgboost_ar,exchange_1,2025-02-12 00:00:00,5.187994232974546,5.013764615225218
synthetic_exchange,economics,xgboost_ar,exchange_1,2025-02-13 00:00:00,5.154710699129404,5.013764615225218
synthetic_exchange,economics,xgboost_ar,exchange_1,2025-02-14 00:00:00,5.095289300870597,5.013764615225218
synthetic_exchange,economics,xgboost_ar,exchange_1,2025-02-15 00:00:00,5.062005767025455,5.013764615225218
synthetic_exchange,economics,xgboost_ar,exchange_1,2025-02-16 00:00:00,5.087453481402556,5.013764615225218
synthetic_exchange,economics,xgboost_ar,exchange_1,2025-02-17 00:00:00,5.159999999999998,5.013764615225218
synthetic_exchange,economics,xgboost_ar,exchange_1,2025-02-18 00:00:00,5.23254651859744,5.013764615225218
synthetic_exchange,economics,xgboost_ar,exchange_1,2025-02-19 00:00:00,5.257994232974547,5.013764615225218
synthetic_exchange,economics,xgboost_ar,exchange_1,2025-02-20 00:00:00,5.224710699129402,5.013764615225218
synthetic_exchange,economics,xgboost_ar,exchange_1,2025-02-21 00:00:00,5.165289300870595,5.013764615225218
synthetic_exchange,economics,xgboost_ar,exchange_1,2025-02-22 00:00:00,5.132005767025453,5.013764615225218
synthetic_exchange,economics,xgboost_ar,exchange_1,2025-02-23 00:00:00,5.157453481402558,5.013764615225218
synthetic_exchange,economics,xgboost_ar,exchange_2,2025-01-31 00:00:00,4.985289300870594,5.018713319110103
synthetic_exchange,economics,xgboost_ar,exchange_2,2025-02-01 00:00:00,4.9520057670254545,5.024878268412234
synthetic_exchange,economics,xgboost_ar,exchange_2,2025-02-02 00:00:00,4.9774534814025575,5.043764615225218
synthetic_exchange,economics,xgboost_ar,exchange_2,2025-02-03 00:00:00,5.049999999999997,5.043764615225218
synthetic_exchange,economics,xgboost_ar,exchange_2,2025-02-04 00:00:00,5.122546518597441,5.043764615225218
synthetic_exchange,economics,xgboost_ar,exchange_2,2025-02-05 00:00:00,5.147994232974546,5.043764615225218
synthetic_exchange,economics,xgboost_ar,exchange_2,2025-02-06 00:00:00,5.1147106991294065,5.043764615225218
synthetic_exchange,economics,xgboost_ar,exchange_2,2025-02-07 00:00:00,5.0552893008706,5.043764615225218
synthetic_exchange,economics,xgboost_ar,exchange_2,2025-02-08 00:00:00,5.022005767025454,5.043764615225218
synthetic_exchange,economics,xgboost_ar,exchange_2,2025-02-09 00:00:00,5.047453481402556,5.043764615225218
synthetic_exchange,economics,xgboost_ar,exchange_2,2025-02-10 00:00:00,5.12,5.043764615225218
synthetic_exchange,economics,xgboost_ar,exchange_2,2025-02-11 00:00:00,5.192546518597443,5.043764615225218
synthetic_exchange,economics,xgboost_ar,exchange_2,2025-02-12 00:00:00,5.2179942329745455,5.043764615225218
synthetic_exchange,economics,xgboost_ar,exchange_2,2025-02-13 00:00:00,5.184710699129403,5.043764615225218
synthetic_exchange,economics,xgboost_ar,exchange_2,2025-02-14 00:00:00,5.125289300870596,5.043764615225218
synthetic_exchange,economics,xgboost_ar,exchange_2,2025-02-15 00:00:00,5.092005767025454,5.043764615225218
synthetic_exchange,economics,xgboost_ar,exchange_2,2025-02-16 00:00:00,5.117453481402555,5.043764615225218
synthetic_exchange,economics,xgboost_ar,exchange_2,2025-02-17 00:00:00,5.189999999999998,5.043764615225218
synthetic_exchange,economics,xgboost_ar,exchange_2,2025-02-18 00:00:00,5.262546518597439,5.043764615225218
synthetic_exchange,economics,xgboost_ar,exchange_2,2025-02-19 00:00:00,5.287994232974547,5.043764615225218
synthetic_exchange,economics,xgboost_ar,exchange_2,2025-02-20 00:00:00,5.254710699129402,5.043764615225218
synthetic_exchange,economics,xgboost_ar,exchange_2,2025-02-21 00:00:00,5.195289300870594,5.043764615225218
synthetic_exchange,economics,xgboost_ar,exchange_2,2025-02-22 00:00:00,5.162005767025453,5.043764615225218
synthetic_exchange,economics,xgboost_ar,exchange_2,2025-02-23 00:00:00,5.1874534814025575,5.043764615225218
synthetic_exchange,economics,tabpfn_ts,exchange_0,2025-01-31 00:00:00,4.9252893008705945,4.89703369140625
synthetic_exchange,economics,tabpfn_ts,exchange_0,2025-02-01 00:00:00,4.892005767025455,4.927207946777344
synthetic_exchange,economics,tabpfn_ts,exchange_0,2025-02-02 00:00:00,4.917453481402558,4.962733745574951
synthetic_exchange,economics,tabpfn_ts,exchange_0,2025-02-03 00:00:00,4.9899999999999975,5.010215759277344
synthetic_exchange,economics,tabpfn_ts,exchange_0,2025-02-04 00:00:00,5.062546518597442,5.05068302154541
synthetic_exchange,economics,tabpfn_ts,exchange_0,2025-02-05 00:00:00,5.0879942329745464,5.057188510894775
synthetic_exchange,economics,tabpfn_ts,exchange_0,2025-02-06 00:00:00,5.054710699129407,5.022363662719727
synthetic_exchange,economics,tabpfn_ts,exchange_0,2025-02-07 00:00:00,4.9952893008706,5.006484508514404
synthetic_exchange,economics,tabpfn_ts,exchange_0,2025-02-08 00:00:00,4.962005767025454,4.97920036315918
synthetic_exchange,economics,tabpfn_ts,exchange_0,2025-02-09 00:00:00,4.987453481402556,5.010557651519775
synthetic_exchange,economics,tabpfn_ts,exchange_0,2025-02-10 00:00:00,5.0600000000000005,5.048959255218506
synthetic_exchange,economics,tabpfn_ts,exchange_0,2025-02-11 00:00:00,5.132546518597444,5.0935750007629395
synthetic_exchange,economics,tabpfn_ts,exchange_0,2025-02-12 00:00:00,5.157994232974546,5.100229740142822
synthetic_exchange,economics,tabpfn_ts,exchange_0,2025-02-13 00:00:00,5.124710699129404,5.072349548339844
synthetic_exchange,economics,tabpfn_ts,exchange_0,2025-02-14 00:00:00,5.065289300870597,5.034340858459473
synthetic_exchange,economics,tabpfn_ts,exchange_0,2025-02-15 00:00:00,5.0320057670254545,5.010754108428955
synthetic_exchange,economics,tabpfn_ts,exchange_0,2025-02-16 00:00:00,5.057453481402556,5.038765907287598
synthetic_exchange,economics,tabpfn_ts,exchange_0,2025-02-17 00:00:00,5.129999999999998,5.084083557128906
synthetic_exchange,economics,tabpfn_ts,exchange_0,2025-02-18 00:00:00,5.2025465185974396,5.122997760772705
synthetic_exchange,economics,tabpfn_ts,exchange_0,2025-02-19 00:00:00,5.227994232974547,5.128866672515869
synthetic_exchange,economics,tabpfn_ts,exchange_0,2025-02-20 00:00:00,5.194710699129402,5.099669456481934
synthetic_exchange,economics,tabpfn_ts,exchange_0,2025-02-21 00:00:00,5.135289300870594,5.0802788734436035
synthetic_exchange,economics,tabpfn_ts,exchange_0,2025-02-22 00:00:00,5.102005767025453,5.054544925689697
synthetic_exchange,economics,tabpfn_ts,exchange_0,2025-02-23 00:00:00,5.127453481402558,5.079849720001221
synthetic_exchange,economics,tabpfn_ts,exchange_1,2025-01-31 00:00:00,4.955289300870595,4.9270339012146
synthetic_exchange,economics,tabpfn_ts,exchange_1,2025-02-01 00:00:00,4.922005767025455,4.957208156585693
synthetic_exchange,economics,tabpfn_ts,exchange_1,2025-02-02 00:00:00,4.947453481402558,4.992733955383301
synthetic_exchange,economics,tabpfn_ts,exchange_1,2025-02-03 00:00:00,5.019999999999998,5.040215969085693
synthetic_exchange,economics,tabpfn_ts,exchange_1,2025-02-04 00:00:00,5.092546518597442,5.08068323135376
synthetic_exchange,economics,tabpfn_ts,exchange_1,2025-02-05 00:00:00,5.117994232974547,5.087188720703125
synthetic_exchange,economics,tabpfn_ts,exchange_1,2025-02-06 00:00:00,5.084710699129407,5.052363872528076
synthetic_exchange,economics,tabpfn_ts,exchange_1,2025-02-07 00:00:00,5.0252893008706,5.036484241485596
synthetic_exchange,economics,tabpfn_ts,exchange_1,2025-02-08 00:00:00,4.9920057670254545,5.009200572967529
synthetic_exchange,economics,tabpfn_ts,exchange_1,2025-02-09 00:00:00,5.017453481402557,5.040557861328125
synthetic_exchange,economics,tabpfn_ts,exchange_1,2025-02-10 00:00:00,5.090000000000001,5.0789594650268555
synthetic_exchange,economics,tabpfn_ts,exchange_1,2025-02-11 00:00:00,5.162546518597444,5.123574733734131
synthetic_exchange,economics,tabpfn_ts,exchange_1,2025-02-12 00:00:00,5.187994232974546,5.130229473114014
synthetic_exchange,economics,tabpfn_ts,exchange_1,2025-02-13 00:00:00,5.154710699129404,5.102349281311035
synthetic_exchange,economics,tabpfn_ts,exchange_1,2025-02-14 00:00:00,5.095289300870597,5.064340591430664
synthetic_exchange,economics,tabpfn_ts,exchange_1,2025-02-15 00:00:00,5.062005767025455,5.040754318237305
synthetic_exchange,economics,tabpfn_ts,exchange_1,2025-02-16 00:00:00,5.087453481402556,5.068765640258789
synthetic_exchange,economics,tabpfn_ts,exchange_1,2025-02-17 00:00:00,5.159999999999998,5.114083766937256
synthetic_exchange,economics,tabpfn_ts,exchange_1,2025-02-18 00:00:00,5.23254651859744,5.152997970581055
synthetic_exchange,economics,tabpfn_ts,exchange_1,2025-02-19 00:00:00,5.257994232974547,5.1588664054870605
synthetic_exchange,economics,tabpfn_ts,exchange_1,2025-02-20 00:00:00,5.224710699129402,5.129669189453125
synthetic_exchange,economics,tabpfn_ts,exchange_1,2025-02-21 00:00:00,5.165289300870595,5.110279083251953
synthetic_exchange,economics,tabpfn_ts,exchange_1,2025-02-22 00:00:00,5.132005767025453,5.084545135498047
synthetic_exchange,economics,tabpfn_ts,exchange_1,2025-02-23 00:00:00,5.157453481402558,5.10984992980957
synthetic_exchange,economics,tabpfn_ts,exchange_2,2025-01-31 00:00:00,4.985289300870594,4.957033634185791
synthetic_exchange,economics,tabpfn_ts,exchange_2,2025-02-01 00:00:00,4.9520057670254545,4.987207889556885
synthetic_exchange,economics,tabpfn_ts,exchange_2,2025-02-02 00:00:00,4.9774534814025575,5.022733688354492
synthetic_exchange,economics,tabpfn_ts,exchange_2,2025-02-03 00:00:00,5.049999999999997,5.070215702056885
synthetic_exchange,economics,tabpfn_ts,exchange_2,2025-02-04 00:00:00,5.122546518597441,5.110683441162109
synthetic_exchange,economics,tabpfn_ts,exchange_2,2025-02-05 00:00:00,5.147994232974546,5.117188453674316
synthetic_exchange,economics,tabpfn_ts,exchange_2,2025-02-06 00:00:00,5.1147106991294065,5.082363605499268
synthetic_exchange,economics,tabpfn_ts,exchange_2,2025-02-07 00:00:00,5.0552893008706,5.066484451293945
synthetic_exchange,economics,tabpfn_ts,exchange_2,2025-02-08 00:00:00,5.022005767025454,5.039200305938721
synthetic_exchange,economics,tabpfn_ts,exchange_2,2025-02-09 00:00:00,5.047453481402556,5.070557594299316
synthetic_exchange,economics,tabpfn_ts,exchange_2,2025-02-10 00:00:00,5.12,5.108959674835205
synthetic_exchange,economics,tabpfn_ts,exchange_2,2025-02-11 00:00:00,5.192546518597443,5.153574466705322
synthetic_exchange,economics,tabpfn_ts,exchange_2,2025-02-12 00:00:00,5.2179942329745455,5.160229206085205
synthetic_exchange,economics,tabpfn_ts,exchange_2,2025-02-13 00:00:00,5.184710699129403,5.132349491119385
synthetic_exchange,economics,tabpfn_ts,exchange_2,2025-02-14 00:00:00,5.125289300870596,5.0943403244018555
synthetic_exchange,economics,tabpfn_ts,exchange_2,2025-02-15 00:00:00,5.092005767025454,5.070754051208496
synthetic_exchange,economics,tabpfn_ts,exchange_2,2025-02-16 00:00:00,5.117453481402555,5.098765850067139
synthetic_exchange,economics,tabpfn_ts,exchange_2,2025-02-17 00:00:00,5.189999999999998,5.1440839767456055
synthetic_exchange,economics,tabpfn_ts,exchange_2,2025-02-18 00:00:00,5.262546518597439,5.182997703552246
synthetic_exchange,economics,tabpfn_ts,exchange_2,2025-02-19 00:00:00,5.287994232974547,5.188866138458252
synthetic_exchange,economics,tabpfn_ts,exchange_2,2025-02-20 00:00:00,5.254710699129402,5.159668922424316
synthetic_exchange,economics,tabpfn_ts,exchange_2,2025-02-21 00:00:00,5.195289300870594,5.140279293060303
synthetic_exchange,economics,tabpfn_ts,exchange_2,2025-02-22 00:00:00,5.162005767025453,5.114544868469238
synthetic_exchange,economics,tabpfn_ts,exchange_2,2025-02-23 00:00:00,5.1874534814025575,5.13985013961792
stock_provided,finance,dummy_mean,0002.HK_1h,2026-03-17 13:30:00,73.25,73.29570313294728
stock_provided,finance,dummy_mean,0002.HK_1h,2026-03-17 14:30:00,73.25,73.29570313294728
stock_provided,finance,dummy_mean,0002.HK_1h,2026-03-17 15:30:00,73.44999694824219,73.29570313294728
stock_provided,finance,dummy_mean,0002.HK_1h,2026-03-18 09:30:00,73.75,73.29570313294728
stock_provided,finance,dummy_mean,0002.HK_1h,2026-03-18 10:30:00,73.80000305175781,73.29570313294728
stock_provided,finance,dummy_mean,0002.HK_1h,2026-03-18 11:30:00,73.8499984741211,73.29570313294728
stock_provided,finance,dummy_mean,0002.HK_1h,2026-03-18 12:30:00,74.0999984741211,73.29570313294728
stock_provided,finance,dummy_mean,0002.HK_1h,2026-03-18 13:30:00,74.30000305175781,73.29570313294728
stock_provided,finance,dummy_mean,0002.HK_1h,2026-03-18 14:30:00,74.0999984741211,73.29570313294728
stock_provided,finance,dummy_mean,0002.HK_1h,2026-03-18 15:30:00,74.30000305175781,73.29570313294728
stock_provided,finance,dummy_mean,0002.HK_1h,2026-03-19 09:30:00,73.94999694824219,73.29570313294728
stock_provided,finance,dummy_mean,0002.HK_1h,2026-03-19 10:30:00,73.6500015258789,73.29570313294728
stock_provided,finance,dummy_mean,0002.HK_1h,2026-03-19 11:30:00,73.75,73.29570313294728
stock_provided,finance,dummy_mean,0002.HK_1h,2026-03-19 12:30:00,73.5999984741211,73.29570313294728
stock_provided,finance,dummy_mean,0002.HK_1h,2026-03-19 13:30:00,73.55000305175781,73.29570313294728
stock_provided,finance,dummy_mean,0002.HK_1h,2026-03-19 14:30:00,73.75,73.29570313294728
stock_provided,finance,dummy_mean,0002.HK_1h,2026-03-19 15:30:00,73.75,73.29570313294728
stock_provided,finance,dummy_mean,0002.HK_1h,2026-03-20 09:30:00,73.5999984741211,73.29570313294728
stock_provided,finance,dummy_mean,0002.HK_1h,2026-03-20 10:30:00,73.55000305175781,73.29570313294728
stock_provided,finance,dummy_mean,0002.HK_1h,2026-03-20 11:30:00,73.6500015258789,73.29570313294728
stock_provided,finance,dummy_mean,0002.HK_1h,2026-03-20 12:30:00,73.55000305175781,73.29570313294728
stock_provided,finance,dummy_mean,0002.HK_1h,2026-03-20 13:30:00,73.5,73.29570313294728
stock_provided,finance,dummy_mean,0002.HK_1h,2026-03-20 14:30:00,73.6500015258789,73.29570313294728
stock_provided,finance,dummy_mean,0002.HK_1h,2026-03-20 15:30:00,73.5999984741211,73.29570313294728
stock_provided,finance,dummy_mean,0003.HK_1h,2026-03-17 13:30:00,7.260000228881836,7.362916681915522
stock_provided,finance,dummy_mean,0003.HK_1h,2026-03-17 14:30:00,7.269999980926514,7.362916681915522
stock_provided,finance,dummy_mean,0003.HK_1h,2026-03-17 15:30:00,7.260000228881836,7.362916681915522
stock_provided,finance,dummy_mean,0003.HK_1h,2026-03-18 09:30:00,7.25,7.362916681915522
stock_provided,finance,dummy_mean,0003.HK_1h,2026-03-18 10:30:00,7.239999771118164,7.362916681915522
stock_provided,finance,dummy_mean,0003.HK_1h,2026-03-18 11:30:00,7.239999771118164,7.362916681915522
stock_provided,finance,dummy_mean,0003.HK_1h,2026-03-18 12:30:00,7.269999980926514,7.362916681915522
stock_provided,finance,dummy_mean,0003.HK_1h,2026-03-18 13:30:00,7.289999961853027,7.362916681915522
stock_provided,finance,dummy_mean,0003.HK_1h,2026-03-18 14:30:00,7.300000190734863,7.362916681915522
stock_provided,finance,dummy_mean,0003.HK_1h,2026-03-18 15:30:00,7.289999961853027,7.362916681915522
stock_provided,finance,dummy_mean,0003.HK_1h,2026-03-19 09:30:00,7.340000152587891,7.362916681915522
stock_provided,finance,dummy_mean,0003.HK_1h,2026-03-19 10:30:00,7.340000152587891,7.362916681915522
stock_provided,finance,dummy_mean,0003.HK_1h,2026-03-19 11:30:00,7.360000133514404,7.362916681915522
stock_provided,finance,dummy_mean,0003.HK_1h,2026-03-19 12:30:00,7.380000114440918,7.362916681915522
stock_provided,finance,dummy_mean,0003.HK_1h,2026-03-19 13:30:00,7.389999866485596,7.362916681915522
stock_provided,finance,dummy_mean,0003.HK_1h,2026-03-19 14:30:00,7.389999866485596,7.362916681915522
stock_provided,finance,dummy_mean,0003.HK_1h,2026-03-19 15:30:00,7.420000076293945,7.362916681915522
stock_provided,finance,dummy_mean,0003.HK_1h,2026-03-20 09:30:00,7.389999866485596,7.362916681915522
stock_provided,finance,dummy_mean,0003.HK_1h,2026-03-20 10:30:00,7.349999904632568,7.362916681915522
stock_provided,finance,dummy_mean,0003.HK_1h,2026-03-20 11:30:00,7.340000152587891,7.362916681915522
stock_provided,finance,dummy_mean,0003.HK_1h,2026-03-20 12:30:00,7.349999904632568,7.362916681915522
stock_provided,finance,dummy_mean,0003.HK_1h,2026-03-20 13:30:00,7.320000171661377,7.362916681915522
stock_provided,finance,dummy_mean,0003.HK_1h,2026-03-20 14:30:00,7.329999923706055,7.362916681915522
stock_provided,finance,dummy_mean,0003.HK_1h,2026-03-20 15:30:00,7.340000152587891,7.362916681915522
stock_provided,finance,dummy_mean,0006.HK_1h,2026-03-17 13:30:00,61.5,59.54531248410543
stock_provided,finance,dummy_mean,0006.HK_1h,2026-03-17 14:30:00,61.34999847412109,59.54531248410543
stock_provided,finance,dummy_mean,0006.HK_1h,2026-03-17 15:30:00,61.45000076293945,59.54531248410543
stock_provided,finance,dummy_mean,0006.HK_1h,2026-03-18 09:30:00,61.900001525878906,59.54531248410543
stock_provided,finance,dummy_mean,0006.HK_1h,2026-03-18 10:30:00,61.84999847412109,59.54531248410543
stock_provided,finance,dummy_mean,0006.HK_1h,2026-03-18 11:30:00,61.900001525878906,59.54531248410543
stock_provided,finance,dummy_mean,0006.HK_1h,2026-03-18 12:30:00,62.20000076293945,59.54531248410543
stock_provided,finance,dummy_mean,0006.HK_1h,2026-03-18 13:30:00,62.54999923706055,59.54531248410543
stock_provided,finance,dummy_mean,0006.HK_1h,2026-03-18 14:30:00,62.25,59.54531248410543
stock_provided,finance,dummy_mean,0006.HK_1h,2026-03-18 15:30:00,62.25,59.54531248410543
stock_provided,finance,dummy_mean,0006.HK_1h,2026-03-19 09:30:00,62.45000076293945,59.54531248410543
stock_provided,finance,dummy_mean,0006.HK_1h,2026-03-19 10:30:00,61.95000076293945,59.54531248410543
stock_provided,finance,dummy_mean,0006.HK_1h,2026-03-19 11:30:00,62.04999923706055,59.54531248410543
stock_provided,finance,dummy_mean,0006.HK_1h,2026-03-19 12:30:00,62.400001525878906,59.54531248410543
stock_provided,finance,dummy_mean,0006.HK_1h,2026-03-19 13:30:00,62.20000076293945,59.54531248410543
stock_provided,finance,dummy_mean,0006.HK_1h,2026-03-19 14:30:00,62.25,59.54531248410543
stock_provided,finance,dummy_mean,0006.HK_1h,2026-03-19 15:30:00,62.0,59.54531248410543
stock_provided,finance,dummy_mean,0006.HK_1h,2026-03-20 09:30:00,61.900001525878906,59.54531248410543
stock_provided,finance,dummy_mean,0006.HK_1h,2026-03-20 10:30:00,62.0,59.54531248410543
stock_provided,finance,dummy_mean,0006.HK_1h,2026-03-20 11:30:00,62.09999847412109,59.54531248410543
stock_provided,finance,dummy_mean,0006.HK_1h,2026-03-20 12:30:00,61.95000076293945,59.54531248410543
stock_provided,finance,dummy_mean,0006.HK_1h,2026-03-20 13:30:00,61.900001525878906,59.54531248410543
stock_provided,finance,dummy_mean,0006.HK_1h,2026-03-20 14:30:00,61.900001525878906,59.54531248410543
stock_provided,finance,dummy_mean,0006.HK_1h,2026-03-20 15:30:00,61.79999923706055,59.54531248410543
stock_provided,finance,seasonal_naive,0002.HK_1h,2026-03-17 13:30:00,73.25,72.94999694824219
stock_provided,finance,seasonal_naive,0002.HK_1h,2026-03-17 14:30:00,73.25,72.8499984741211
stock_provided,finance,seasonal_naive,0002.HK_1h,2026-03-17 15:30:00,73.44999694824219,73.0
stock_provided,finance,seasonal_naive,0002.HK_1h,2026-03-18 09:30:00,73.75,73.0
stock_provided,finance,seasonal_naive,0002.HK_1h,2026-03-18 10:30:00,73.80000305175781,73.0
stock_provided,finance,seasonal_naive,0002.HK_1h,2026-03-18 11:30:00,73.8499984741211,73.1500015258789
stock_provided,finance,seasonal_naive,0002.HK_1h,2026-03-18 12:30:00,74.0999984741211,73.9000015258789
stock_provided,finance,seasonal_naive,0002.HK_1h,2026-03-18 13:30:00,74.30000305175781,73.94999694824219
stock_provided,finance,seasonal_naive,0002.HK_1h,2026-03-18 14:30:00,74.0999984741211,74.0
stock_provided,finance,seasonal_naive,0002.HK_1h,2026-03-18 15:30:00,74.30000305175781,73.94999694824219
stock_provided,finance,seasonal_naive,0002.HK_1h,2026-03-19 09:30:00,73.94999694824219,73.94999694824219
stock_provided,finance,seasonal_naive,0002.HK_1h,2026-03-19 10:30:00,73.6500015258789,73.6500015258789
stock_provided,finance,seasonal_naive,0002.HK_1h,2026-03-19 11:30:00,73.75,73.5999984741211
stock_provided,finance,seasonal_naive,0002.HK_1h,2026-03-19 12:30:00,73.5999984741211,73.19999694824219
stock_provided,finance,seasonal_naive,0002.HK_1h,2026-03-19 13:30:00,73.55000305175781,73.19999694824219
stock_provided,finance,seasonal_naive,0002.HK_1h,2026-03-19 14:30:00,73.75,73.1500015258789
stock_provided,finance,seasonal_naive,0002.HK_1h,2026-03-19 15:30:00,73.75,72.80000305175781
stock_provided,finance,seasonal_naive,0002.HK_1h,2026-03-20 09:30:00,73.5999984741211,73.0999984741211
stock_provided,finance,seasonal_naive,0002.HK_1h,2026-03-20 10:30:00,73.55000305175781,73.05000305175781
stock_provided,finance,seasonal_naive,0002.HK_1h,2026-03-20 11:30:00,73.6500015258789,73.0999984741211
stock_provided,finance,seasonal_naive,0002.HK_1h,2026-03-20 12:30:00,73.55000305175781,73.30000305175781
stock_provided,finance,seasonal_naive,0002.HK_1h,2026-03-20 13:30:00,73.5,73.0999984741211
stock_provided,finance,seasonal_naive,0002.HK_1h,2026-03-20 14:30:00,73.6500015258789,73.19999694824219
stock_provided,finance,seasonal_naive,0002.HK_1h,2026-03-20 15:30:00,73.5999984741211,73.19999694824219
stock_provided,finance,seasonal_naive,0003.HK_1h,2026-03-17 13:30:00,7.260000228881836,7.440000057220459
stock_provided,finance,seasonal_naive,0003.HK_1h,2026-03-17 14:30:00,7.269999980926514,7.480000019073486
stock_provided,finance,seasonal_naive,0003.HK_1h,2026-03-17 15:30:00,7.260000228881836,7.460000038146973
stock_provided,finance,seasonal_naive,0003.HK_1h,2026-03-18 09:30:00,7.25,7.46999979019165
stock_provided,finance,seasonal_naive,0003.HK_1h,2026-03-18 10:30:00,7.239999771118164,7.489999771118164
stock_provided,finance,seasonal_naive,0003.HK_1h,2026-03-18 11:30:00,7.239999771118164,7.489999771118164
stock_provided,finance,seasonal_naive,0003.HK_1h,2026-03-18 12:30:00,7.269999980926514,7.510000228881836
stock_provided,finance,seasonal_naive,0003.HK_1h,2026-03-18 13:30:00,7.289999961853027,7.510000228881836
stock_provided,finance,seasonal_naive,0003.HK_1h,2026-03-18 14:30:00,7.300000190734863,7.489999771118164
stock_provided,finance,seasonal_naive,0003.HK_1h,2026-03-18 15:30:00,7.289999961853027,7.489999771118164
stock_provided,finance,seasonal_naive,0003.HK_1h,2026-03-19 09:30:00,7.340000152587891,7.489999771118164
stock_provided,finance,seasonal_naive,0003.HK_1h,2026-03-19 10:30:00,7.340000152587891,7.460000038146973
stock_provided,finance,seasonal_naive,0003.HK_1h,2026-03-19 11:30:00,7.360000133514404,7.460000038146973
stock_provided,finance,seasonal_naive,0003.HK_1h,2026-03-19 12:30:00,7.380000114440918,7.369999885559082
stock_provided,finance,seasonal_naive,0003.HK_1h,2026-03-19 13:30:00,7.389999866485596,7.309999942779541
stock_provided,finance,seasonal_naive,0003.HK_1h,2026-03-19 14:30:00,7.389999866485596,7.340000152587891
stock_provided,finance,seasonal_naive,0003.HK_1h,2026-03-19 15:30:00,7.420000076293945,7.309999942779541
stock_provided,finance,seasonal_naive,0003.HK_1h,2026-03-20 09:30:00,7.389999866485596,7.329999923706055
stock_provided,finance,seasonal_naive,0003.HK_1h,2026-03-20 10:30:00,7.349999904632568,7.329999923706055
stock_provided,finance,seasonal_naive,0003.HK_1h,2026-03-20 11:30:00,7.340000152587891,7.340000152587891
stock_provided,finance,seasonal_naive,0003.HK_1h,2026-03-20 12:30:00,7.349999904632568,7.309999942779541
stock_provided,finance,seasonal_naive,0003.HK_1h,2026-03-20 13:30:00,7.320000171661377,7.269999980926514
stock_provided,finance,seasonal_naive,0003.HK_1h,2026-03-20 14:30:00,7.329999923706055,7.289999961853027
stock_provided,finance,seasonal_naive,0003.HK_1h,2026-03-20 15:30:00,7.340000152587891,7.289999961853027
stock_provided,finance,seasonal_naive,0006.HK_1h,2026-03-17 13:30:00,61.5,61.20000076293945
stock_provided,finance,seasonal_naive,0006.HK_1h,2026-03-17 14:30:00,61.34999847412109,61.09999847412109
stock_provided,finance,seasonal_naive,0006.HK_1h,2026-03-17 15:30:00,61.45000076293945,61.09999847412109
stock_provided,finance,seasonal_naive,0006.HK_1h,2026-03-18 09:30:00,61.900001525878906,61.34999847412109
stock_provided,finance,seasonal_naive,0006.HK_1h,2026-03-18 10:30:00,61.84999847412109,61.59999847412109
stock_provided,finance,seasonal_naive,0006.HK_1h,2026-03-18 11:30:00,61.900001525878906,61.70000076293945
stock_provided,finance,seasonal_naive,0006.HK_1h,2026-03-18 12:30:00,62.20000076293945,61.900001525878906
stock_provided,finance,seasonal_naive,0006.HK_1h,2026-03-18 13:30:00,62.54999923706055,61.75
stock_provided,finance,seasonal_naive,0006.HK_1h,2026-03-18 14:30:00,62.25,61.79999923706055
stock_provided,finance,seasonal_naive,0006.HK_1h,2026-03-18 15:30:00,62.25,61.54999923706055
stock_provided,finance,seasonal_naive,0006.HK_1h,2026-03-19 09:30:00,62.45000076293945,61.75
stock_provided,finance,seasonal_naive,0006.HK_1h,2026-03-19 10:30:00,61.95000076293945,61.650001525878906
stock_provided,finance,seasonal_naive,0006.HK_1h,2026-03-19 11:30:00,62.04999923706055,61.70000076293945
stock_provided,finance,seasonal_naive,0006.HK_1h,2026-03-19 12:30:00,62.400001525878906,60.95000076293945
stock_provided,finance,seasonal_naive,0006.HK_1h,2026-03-19 13:30:00,62.20000076293945,61.150001525878906
stock_provided,finance,seasonal_naive,0006.HK_1h,2026-03-19 14:30:00,62.25,61.25
stock_provided,finance,seasonal_naive,0006.HK_1h,2026-03-19 15:30:00,62.0,60.79999923706055
stock_provided,finance,seasonal_naive,0006.HK_1h,2026-03-20 09:30:00,61.900001525878906,61.20000076293945
stock_provided,finance,seasonal_naive,0006.HK_1h,2026-03-20 10:30:00,62.0,61.09999847412109
stock_provided,finance,seasonal_naive,0006.HK_1h,2026-03-20 11:30:00,62.09999847412109,61.20000076293945
stock_provided,finance,seasonal_naive,0006.HK_1h,2026-03-20 12:30:00,61.95000076293945,61.59999847412109
stock_provided,finance,seasonal_naive,0006.HK_1h,2026-03-20 13:30:00,61.900001525878906,61.5
stock_provided,finance,seasonal_naive,0006.HK_1h,2026-03-20 14:30:00,61.900001525878906,61.59999847412109
stock_provided,finance,seasonal_naive,0006.HK_1h,2026-03-20 15:30:00,61.79999923706055,61.54999923706055
stock_provided,finance,moving_average,0002.HK_1h,2026-03-17 13:30:00,73.25,73.30624930063884
stock_provided,finance,moving_average,0002.HK_1h,2026-03-17 14:30:00,73.25,73.30624930063884
stock_provided,finance,moving_average,0002.HK_1h,2026-03-17 15:30:00,73.44999694824219,73.30624930063884
stock_provided,finance,moving_average,0002.HK_1h,2026-03-18 09:30:00,73.75,73.30624930063884
stock_provided,finance,moving_average,0002.HK_1h,2026-03-18 10:30:00,73.80000305175781,73.30624930063884
stock_provided,finance,moving_average,0002.HK_1h,2026-03-18 11:30:00,73.8499984741211,73.30624930063884
stock_provided,finance,moving_average,0002.HK_1h,2026-03-18 12:30:00,74.0999984741211,73.30624930063884
stock_provided,finance,moving_average,0002.HK_1h,2026-03-18 13:30:00,74.30000305175781,73.30624930063884
stock_provided,finance,moving_average,0002.HK_1h,2026-03-18 14:30:00,74.0999984741211,73.30624930063884
stock_provided,finance,moving_average,0002.HK_1h,2026-03-18 15:30:00,74.30000305175781,73.30624930063884
stock_provided,finance,moving_average,0002.HK_1h,2026-03-19 09:30:00,73.94999694824219,73.30624930063884
stock_provided,finance,moving_average,0002.HK_1h,2026-03-19 10:30:00,73.6500015258789,73.30624930063884
stock_provided,finance,moving_average,0002.HK_1h,2026-03-19 11:30:00,73.75,73.30624930063884
stock_provided,finance,moving_average,0002.HK_1h,2026-03-19 12:30:00,73.5999984741211,73.30624930063884
stock_provided,finance,moving_average,0002.HK_1h,2026-03-19 13:30:00,73.55000305175781,73.30624930063884
stock_provided,finance,moving_average,0002.HK_1h,2026-03-19 14:30:00,73.75,73.30624930063884
stock_provided,finance,moving_average,0002.HK_1h,2026-03-19 15:30:00,73.75,73.30624930063884
stock_provided,finance,moving_average,0002.HK_1h,2026-03-20 09:30:00,73.5999984741211,73.30624930063884
stock_provided,finance,moving_average,0002.HK_1h,2026-03-20 10:30:00,73.55000305175781,73.30624930063884
stock_provided,finance,moving_average,0002.HK_1h,2026-03-20 11:30:00,73.6500015258789,73.30624930063884
stock_provided,finance,moving_average,0002.HK_1h,2026-03-20 12:30:00,73.55000305175781,73.30624930063884
stock_provided,finance,moving_average,0002.HK_1h,2026-03-20 13:30:00,73.5,73.30624930063884
stock_provided,finance,moving_average,0002.HK_1h,2026-03-20 14:30:00,73.6500015258789,73.30624930063884
stock_provided,finance,moving_average,0002.HK_1h,2026-03-20 15:30:00,73.5999984741211,73.30624930063884
stock_provided,finance,moving_average,0003.HK_1h,2026-03-17 13:30:00,7.260000228881836,7.405416627724965
stock_provided,finance,moving_average,0003.HK_1h,2026-03-17 14:30:00,7.269999980926514,7.405416627724965
stock_provided,finance,moving_average,0003.HK_1h,2026-03-17 15:30:00,7.260000228881836,7.405416627724965
stock_provided,finance,moving_average,0003.HK_1h,2026-03-18 09:30:00,7.25,7.405416627724965
stock_provided,finance,moving_average,0003.HK_1h,2026-03-18 10:30:00,7.239999771118164,7.405416627724965
stock_provided,finance,moving_average,0003.HK_1h,2026-03-18 11:30:00,7.239999771118164,7.405416627724965
stock_provided,finance,moving_average,0003.HK_1h,2026-03-18 12:30:00,7.269999980926514,7.405416627724965
stock_provided,finance,moving_average,0003.HK_1h,2026-03-18 13:30:00,7.289999961853027,7.405416627724965
stock_provided,finance,moving_average,0003.HK_1h,2026-03-18 14:30:00,7.300000190734863,7.405416627724965
stock_provided,finance,moving_average,0003.HK_1h,2026-03-18 15:30:00,7.289999961853027,7.405416627724965
stock_provided,finance,moving_average,0003.HK_1h,2026-03-19 09:30:00,7.340000152587891,7.405416627724965
stock_provided,finance,moving_average,0003.HK_1h,2026-03-19 10:30:00,7.340000152587891,7.405416627724965
stock_provided,finance,moving_average,0003.HK_1h,2026-03-19 11:30:00,7.360000133514404,7.405416627724965
stock_provided,finance,moving_average,0003.HK_1h,2026-03-19 12:30:00,7.380000114440918,7.405416627724965
stock_provided,finance,moving_average,0003.HK_1h,2026-03-19 13:30:00,7.389999866485596,7.405416627724965
stock_provided,finance,moving_average,0003.HK_1h,2026-03-19 14:30:00,7.389999866485596,7.405416627724965
stock_provided,finance,moving_average,0003.HK_1h,2026-03-19 15:30:00,7.420000076293945,7.405416627724965
stock_provided,finance,moving_average,0003.HK_1h,2026-03-20 09:30:00,7.389999866485596,7.405416627724965
stock_provided,finance,moving_average,0003.HK_1h,2026-03-20 10:30:00,7.349999904632568,7.405416627724965
stock_provided,finance,moving_average,0003.HK_1h,2026-03-20 11:30:00,7.340000152587891,7.405416627724965
stock_provided,finance,moving_average,0003.HK_1h,2026-03-20 12:30:00,7.349999904632568,7.405416627724965
stock_provided,finance,moving_average,0003.HK_1h,2026-03-20 13:30:00,7.320000171661377,7.405416627724965
stock_provided,finance,moving_average,0003.HK_1h,2026-03-20 14:30:00,7.329999923706055,7.405416627724965
stock_provided,finance,moving_average,0003.HK_1h,2026-03-20 15:30:00,7.340000152587891,7.405416627724965
stock_provided,finance,moving_average,0006.HK_1h,2026-03-17 13:30:00,61.5,61.41874980926514
stock_provided,finance,moving_average,0006.HK_1h,2026-03-17 14:30:00,61.34999847412109,61.41874980926514
stock_provided,finance,moving_average,0006.HK_1h,2026-03-17 15:30:00,61.45000076293945,61.41874980926514
stock_provided,finance,moving_average,0006.HK_1h,2026-03-18 09:30:00,61.900001525878906,61.41874980926514
stock_provided,finance,moving_average,0006.HK_1h,2026-03-18 10:30:00,61.84999847412109,61.41874980926514
stock_provided,finance,moving_average,0006.HK_1h,2026-03-18 11:30:00,61.900001525878906,61.41874980926514
stock_provided,finance,moving_average,0006.HK_1h,2026-03-18 12:30:00,62.20000076293945,61.41874980926514
stock_provided,finance,moving_average,0006.HK_1h,2026-03-18 13:30:00,62.54999923706055,61.41874980926514
stock_provided,finance,moving_average,0006.HK_1h,2026-03-18 14:30:00,62.25,61.41874980926514
stock_provided,finance,moving_average,0006.HK_1h,2026-03-18 15:30:00,62.25,61.41874980926514
stock_provided,finance,moving_average,0006.HK_1h,2026-03-19 09:30:00,62.45000076293945,61.41874980926514
stock_provided,finance,moving_average,0006.HK_1h,2026-03-19 10:30:00,61.95000076293945,61.41874980926514
stock_provided,finance,moving_average,0006.HK_1h,2026-03-19 11:30:00,62.04999923706055,61.41874980926514
stock_provided,finance,moving_average,0006.HK_1h,2026-03-19 12:30:00,62.400001525878906,61.41874980926514
stock_provided,finance,moving_average,0006.HK_1h,2026-03-19 13:30:00,62.20000076293945,61.41874980926514
stock_provided,finance,moving_average,0006.HK_1h,2026-03-19 14:30:00,62.25,61.41874980926514
stock_provided,finance,moving_average,0006.HK_1h,2026-03-19 15:30:00,62.0,61.41874980926514
stock_provided,finance,moving_average,0006.HK_1h,2026-03-20 09:30:00,61.900001525878906,61.41874980926514
stock_provided,finance,moving_average,0006.HK_1h,2026-03-20 10:30:00,62.0,61.41874980926514
stock_provided,finance,moving_average,0006.HK_1h,2026-03-20 11:30:00,62.09999847412109,61.41874980926514
stock_provided,finance,moving_average,0006.HK_1h,2026-03-20 12:30:00,61.95000076293945,61.41874980926514
stock_provided,finance,moving_average,0006.HK_1h,2026-03-20 13:30:00,61.900001525878906,61.41874980926514
stock_provided,finance,moving_average,0006.HK_1h,2026-03-20 14:30:00,61.900001525878906,61.41874980926514
stock_provided,finance,moving_average,0006.HK_1h,2026-03-20 15:30:00,61.79999923706055,61.41874980926514
stock_provided,finance,linear_trend,0002.HK_1h,2026-03-17 13:30:00,73.25,76.19064736252143
stock_provided,finance,linear_trend,0002.HK_1h,2026-03-17 14:30:00,73.25,76.2056860338439
stock_provided,finance,linear_trend,0002.HK_1h,2026-03-17 15:30:00,73.44999694824219,76.22072470516636
stock_provided,finance,linear_trend,0002.HK_1h,2026-03-18 09:30:00,73.75,76.23576337648882
stock_provided,finance,linear_trend,0002.HK_1h,2026-03-18 10:30:00,73.80000305175781,76.25080204781129
stock_provided,finance,linear_trend,0002.HK_1h,2026-03-18 11:30:00,73.8499984741211,76.26584071913375
stock_provided,finance,linear_trend,0002.HK_1h,2026-03-18 12:30:00,74.0999984741211,76.28087939045622
stock_provided,finance,linear_trend,0002.HK_1h,2026-03-18 13:30:00,74.30000305175781,76.29591806177868
stock_provided,finance,linear_trend,0002.HK_1h,2026-03-18 14:30:00,74.0999984741211,76.31095673310114
stock_provided,finance,linear_trend,0002.HK_1h,2026-03-18 15:30:00,74.30000305175781,76.32599540442361
stock_provided,finance,linear_trend,0002.HK_1h,2026-03-19 09:30:00,73.94999694824219,76.34103407574607
stock_provided,finance,linear_trend,0002.HK_1h,2026-03-19 10:30:00,73.6500015258789,76.35607274706854
stock_provided,finance,linear_trend,0002.HK_1h,2026-03-19 11:30:00,73.75,76.371111418391
stock_provided,finance,linear_trend,0002.HK_1h,2026-03-19 12:30:00,73.5999984741211,76.38615008971345
stock_provided,finance,linear_trend,0002.HK_1h,2026-03-19 13:30:00,73.55000305175781,76.40118876103593
stock_provided,finance,linear_trend,0002.HK_1h,2026-03-19 14:30:00,73.75,76.41622743235838
stock_provided,finance,linear_trend,0002.HK_1h,2026-03-19 15:30:00,73.75,76.43126610368085
stock_provided,finance,linear_trend,0002.HK_1h,2026-03-20 09:30:00,73.5999984741211,76.44630477500331
stock_provided,finance,linear_trend,0002.HK_1h,2026-03-20 10:30:00,73.55000305175781,76.46134344632577
stock_provided,finance,linear_trend,0002.HK_1h,2026-03-20 11:30:00,73.6500015258789,76.47638211764824
stock_provided,finance,linear_trend,0002.HK_1h,2026-03-20 12:30:00,73.55000305175781,76.4914207889707
stock_provided,finance,linear_trend,0002.HK_1h,2026-03-20 13:30:00,73.5,76.50645946029317
stock_provided,finance,linear_trend,0002.HK_1h,2026-03-20 14:30:00,73.6500015258789,76.52149813161563
stock_provided,finance,linear_trend,0002.HK_1h,2026-03-20 15:30:00,73.5999984741211,76.53653680293809
stock_provided,finance,linear_trend,0003.HK_1h,2026-03-17 13:30:00,7.260000228881836,7.665446860905411
stock_provided,finance,linear_trend,0003.HK_1h,2026-03-17 14:30:00,7.269999980926514,7.667018446250813
stock_provided,finance,linear_trend,0003.HK_1h,2026-03-17 15:30:00,7.260000228881836,7.668590031596215
stock_provided,finance,linear_trend,0003.HK_1h,2026-03-18 09:30:00,7.25,7.670161616941617
stock_provided,finance,linear_trend,0003.HK_1h,2026-03-18 10:30:00,7.239999771118164,7.671733202287019
stock_provided,finance,linear_trend,0003.HK_1h,2026-03-18 11:30:00,7.239999771118164,7.673304787632421
stock_provided,finance,linear_trend,0003.HK_1h,2026-03-18 12:30:00,7.269999980926514,7.674876372977823
stock_provided,finance,linear_trend,0003.HK_1h,2026-03-18 13:30:00,7.289999961853027,7.676447958323225
stock_provided,finance,linear_trend,0003.HK_1h,2026-03-18 14:30:00,7.300000190734863,7.678019543668627
stock_provided,finance,linear_trend,0003.HK_1h,2026-03-18 15:30:00,7.289999961853027,7.679591129014029
stock_provided,finance,linear_trend,0003.HK_1h,2026-03-19 09:30:00,7.340000152587891,7.681162714359432
stock_provided,finance,linear_trend,0003.HK_1h,2026-03-19 10:30:00,7.340000152587891,7.682734299704833
stock_provided,finance,linear_trend,0003.HK_1h,2026-03-19 11:30:00,7.360000133514404,7.684305885050235
stock_provided,finance,linear_trend,0003.HK_1h,2026-03-19 12:30:00,7.380000114440918,7.685877470395638
stock_provided,finance,linear_trend,0003.HK_1h,2026-03-19 13:30:00,7.389999866485596,7.687449055741039
stock_provided,finance,linear_trend,0003.HK_1h,2026-03-19 14:30:00,7.389999866485596,7.689020641086442
stock_provided,finance,linear_trend,0003.HK_1h,2026-03-19 15:30:00,7.420000076293945,7.690592226431844
stock_provided,finance,linear_trend,0003.HK_1h,2026-03-20 09:30:00,7.389999866485596,7.692163811777245
stock_provided,finance,linear_trend,0003.HK_1h,2026-03-20 10:30:00,7.349999904632568,7.693735397122648
stock_provided,finance,linear_trend,0003.HK_1h,2026-03-20 11:30:00,7.340000152587891,7.69530698246805
stock_provided,finance,linear_trend,0003.HK_1h,2026-03-20 12:30:00,7.349999904632568,7.696878567813451
stock_provided,finance,linear_trend,0003.HK_1h,2026-03-20 13:30:00,7.320000171661377,7.698450153158854
stock_provided,finance,linear_trend,0003.HK_1h,2026-03-20 14:30:00,7.329999923706055,7.7000217385042555
stock_provided,finance,linear_trend,0003.HK_1h,2026-03-20 15:30:00,7.340000152587891,7.701593323849657
stock_provided,finance,linear_trend,0006.HK_1h,2026-03-17 13:30:00,61.5,64.10163584494194
stock_provided,finance,linear_trend,0006.HK_1h,2026-03-17 14:30:00,61.34999847412109,64.12530505720602
stock_provided,finance,linear_trend,0006.HK_1h,2026-03-17 15:30:00,61.45000076293945,64.1489742694701
stock_provided,finance,linear_trend,0006.HK_1h,2026-03-18 09:30:00,61.900001525878906,64.1726434817342
stock_provided,finance,linear_trend,0006.HK_1h,2026-03-18 10:30:00,61.84999847412109,64.19631269399828
stock_provided,finance,linear_trend,0006.HK_1h,2026-03-18 11:30:00,61.900001525878906,64.21998190626236
stock_provided,finance,linear_trend,0006.HK_1h,2026-03-18 12:30:00,62.20000076293945,64.24365111852646
stock_provided,finance,linear_trend,0006.HK_1h,2026-03-18 13:30:00,62.54999923706055,64.26732033079054
stock_provided,finance,linear_trend,0006.HK_1h,2026-03-18 14:30:00,62.25,64.29098954305462
stock_provided,finance,linear_trend,0006.HK_1h,2026-03-18 15:30:00,62.25,64.3146587553187
stock_provided,finance,linear_trend,0006.HK_1h,2026-03-19 09:30:00,62.45000076293945,64.3383279675828
stock_provided,finance,linear_trend,0006.HK_1h,2026-03-19 10:30:00,61.95000076293945,64.36199717984688
stock_provided,finance,linear_trend,0006.HK_1h,2026-03-19 11:30:00,62.04999923706055,64.38566639211096
stock_provided,finance,linear_trend,0006.HK_1h,2026-03-19 12:30:00,62.400001525878906,64.40933560437506
stock_provided,finance,linear_trend,0006.HK_1h,2026-03-19 13:30:00,62.20000076293945,64.43300481663914
stock_provided,finance,linear_trend,0006.HK_1h,2026-03-19 14:30:00,62.25,64.45667402890322
stock_provided,finance,linear_trend,0006.HK_1h,2026-03-19 15:30:00,62.0,64.4803432411673
stock_provided,finance,linear_trend,0006.HK_1h,2026-03-20 09:30:00,61.900001525878906,64.5040124534314
stock_provided,finance,linear_trend,0006.HK_1h,2026-03-20 10:30:00,62.0,64.52768166569548
stock_provided,finance,linear_trend,0006.HK_1h,2026-03-20 11:30:00,62.09999847412109,64.55135087795956
stock_provided,finance,linear_trend,0006.HK_1h,2026-03-20 12:30:00,61.95000076293945,64.57502009022366
stock_provided,finance,linear_trend,0006.HK_1h,2026-03-20 13:30:00,61.900001525878906,64.59868930248774
stock_provided,finance,linear_trend,0006.HK_1h,2026-03-20 14:30:00,61.900001525878906,64.62235851475182
stock_provided,finance,linear_trend,0006.HK_1h,2026-03-20 15:30:00,61.79999923706055,64.6460277270159
stock_provided,finance,ridge_ar,0002.HK_1h,2026-03-17 13:30:00,73.25,73.22846147186456
stock_provided,finance,ridge_ar,0002.HK_1h,2026-03-17 14:30:00,73.25,73.2516511642712
stock_provided,finance,ridge_ar,0002.HK_1h,2026-03-17 15:30:00,73.44999694824219,73.28503799372331
stock_provided,finance,ridge_ar,0002.HK_1h,2026-03-18 09:30:00,73.75,73.31672357692798
stock_provided,finance,ridge_ar,0002.HK_1h,2026-03-18 10:30:00,73.80000305175781,73.34704463582229
stock_provided,finance,ridge_ar,0002.HK_1h,2026-03-18 11:30:00,73.8499984741211,73.37077813209663
stock_provided,finance,ridge_ar,0002.HK_1h,2026-03-18 12:30:00,74.0999984741211,73.38413109100122
stock_provided,finance,ridge_ar,0002.HK_1h,2026-03-18 13:30:00,74.30000305175781,73.39903341021599
stock_provided,finance,ridge_ar,0002.HK_1h,2026-03-18 14:30:00,74.0999984741211,73.4103627621831
stock_provided,finance,ridge_ar,0002.HK_1h,2026-03-18 15:30:00,74.30000305175781,73.41281543059031
stock_provided,finance,ridge_ar,0002.HK_1h,2026-03-19 09:30:00,73.94999694824219,73.41570032646791
stock_provided,finance,ridge_ar,0002.HK_1h,2026-03-19 10:30:00,73.6500015258789,73.41970399929555
stock_provided,finance,ridge_ar,0002.HK_1h,2026-03-19 11:30:00,73.75,73.41932966836164
stock_provided,finance,ridge_ar,0002.HK_1h,2026-03-19 12:30:00,73.5999984741211,73.4207691594333
stock_provided,finance,ridge_ar,0002.HK_1h,2026-03-19 13:30:00,73.55000305175781,73.42189742724268
stock_provided,finance,ridge_ar,0002.HK_1h,2026-03-19 14:30:00,73.75,73.42090418076097
stock_provided,finance,ridge_ar,0002.HK_1h,2026-03-19 15:30:00,73.75,73.43820274997104
stock_provided,finance,ridge_ar,0002.HK_1h,2026-03-20 09:30:00,73.5999984741211,73.45360728140761
stock_provided,finance,ridge_ar,0002.HK_1h,2026-03-20 10:30:00,73.55000305175781,73.47092343960244
stock_provided,finance,ridge_ar,0002.HK_1h,2026-03-20 11:30:00,73.6500015258789,73.4892161267649
stock_provided,finance,ridge_ar,0002.HK_1h,2026-03-20 12:30:00,73.55000305175781,73.50248074065043
stock_provided,finance,ridge_ar,0002.HK_1h,2026-03-20 13:30:00,73.5,73.51845820182857
stock_provided,finance,ridge_ar,0002.HK_1h,2026-03-20 14:30:00,73.6500015258789,73.52986894373947
stock_provided,finance,ridge_ar,0002.HK_1h,2026-03-20 15:30:00,73.5999984741211,73.543638201244
stock_provided,finance,ridge_ar,0003.HK_1h,2026-03-17 13:30:00,7.260000228881836,7.295266835387634
stock_provided,finance,ridge_ar,0003.HK_1h,2026-03-17 14:30:00,7.269999980926514,7.300019021698429
stock_provided,finance,ridge_ar,0003.HK_1h,2026-03-17 15:30:00,7.260000228881836,7.306702993915733
stock_provided,finance,ridge_ar,0003.HK_1h,2026-03-18 09:30:00,7.25,7.313170757165899
stock_provided,finance,ridge_ar,0003.HK_1h,2026-03-18 10:30:00,7.239999771118164,7.318868265755792
stock_provided,finance,ridge_ar,0003.HK_1h,2026-03-18 11:30:00,7.239999771118164,7.323936038838875
stock_provided,finance,ridge_ar,0003.HK_1h,2026-03-18 12:30:00,7.269999980926514,7.328674613095851
stock_provided,finance,ridge_ar,0003.HK_1h,2026-03-18 13:30:00,7.289999961853027,7.333319047787848
stock_provided,finance,ridge_ar,0003.HK_1h,2026-03-18 14:30:00,7.300000190734863,7.338094287762166
stock_provided,finance,ridge_ar,0003.HK_1h,2026-03-18 15:30:00,7.289999961853027,7.342272693555364
stock_provided,finance,ridge_ar,0003.HK_1h,2026-03-19 09:30:00,7.340000152587891,7.346128477757588
stock_provided,finance,ridge_ar,0003.HK_1h,2026-03-19 10:30:00,7.340000152587891,7.350247956375546
stock_provided,finance,ridge_ar,0003.HK_1h,2026-03-19 11:30:00,7.360000133514404,7.353652919057496
stock_provided,finance,ridge_ar,0003.HK_1h,2026-03-19 12:30:00,7.380000114440918,7.357711738912532
stock_provided,finance,ridge_ar,0003.HK_1h,2026-03-19 13:30:00,7.389999866485596,7.361782147239472
stock_provided,finance,ridge_ar,0003.HK_1h,2026-03-19 14:30:00,7.389999866485596,7.365121206308049
stock_provided,finance,ridge_ar,0003.HK_1h,2026-03-19 15:30:00,7.420000076293945,7.367527829109763
stock_provided,finance,ridge_ar,0003.HK_1h,2026-03-20 09:30:00,7.389999866485596,7.369684332984107
stock_provided,finance,ridge_ar,0003.HK_1h,2026-03-20 10:30:00,7.349999904632568,7.371959332417731
stock_provided,finance,ridge_ar,0003.HK_1h,2026-03-20 11:30:00,7.340000152587891,7.3738845570770355
stock_provided,finance,ridge_ar,0003.HK_1h,2026-03-20 12:30:00,7.349999904632568,7.375533253335959
stock_provided,finance,ridge_ar,0003.HK_1h,2026-03-20 13:30:00,7.320000171661377,7.377367833141246
stock_provided,finance,ridge_ar,0003.HK_1h,2026-03-20 14:30:00,7.329999923706055,7.378463884028946
stock_provided,finance,ridge_ar,0003.HK_1h,2026-03-20 15:30:00,7.340000152587891,7.380462342412676
stock_provided,finance,ridge_ar,0006.HK_1h,2026-03-17 13:30:00,61.5,61.55378805522767
stock_provided,finance,ridge_ar,0006.HK_1h,2026-03-17 14:30:00,61.34999847412109,61.553727974505996
stock_provided,finance,ridge_ar,0006.HK_1h,2026-03-17 15:30:00,61.45000076293945,61.57006259010511
stock_provided,finance,ridge_ar,0006.HK_1h,2026-03-18 09:30:00,61.900001525878906,61.584899713394556
stock_provided,finance,ridge_ar,0006.HK_1h,2026-03-18 10:30:00,61.84999847412109,61.59360400507862
stock_provided,finance,ridge_ar,0006.HK_1h,2026-03-18 11:30:00,61.900001525878906,61.59685111559118
stock_provided,finance,ridge_ar,0006.HK_1h,2026-03-18 12:30:00,62.20000076293945,61.59606051060882
stock_provided,finance,ridge_ar,0006.HK_1h,2026-03-18 13:30:00,62.54999923706055,61.60010895432928
stock_provided,finance,ridge_ar,0006.HK_1h,2026-03-18 14:30:00,62.25,61.60344821548403
stock_provided,finance,ridge_ar,0006.HK_1h,2026-03-18 15:30:00,62.25,61.60110787026851
stock_provided,finance,ridge_ar,0006.HK_1h,2026-03-19 09:30:00,62.45000076293945,61.59433187935651
stock_provided,finance,ridge_ar,0006.HK_1h,2026-03-19 10:30:00,61.95000076293945,61.588281166232015
stock_provided,finance,ridge_ar,0006.HK_1h,2026-03-19 11:30:00,62.04999923706055,61.57731773348539
stock_provided,finance,ridge_ar,0006.HK_1h,2026-03-19 12:30:00,62.400001525878906,61.57188164573126
stock_provided,finance,ridge_ar,0006.HK_1h,2026-03-19 13:30:00,62.20000076293945,61.564206707660674
stock_provided,finance,ridge_ar,0006.HK_1h,2026-03-19 14:30:00,62.25,61.55314947966049
stock_provided,finance,ridge_ar,0006.HK_1h,2026-03-19 15:30:00,62.0,61.55045291243609
stock_provided,finance,ridge_ar,0006.HK_1h,2026-03-20 09:30:00,61.900001525878906,61.54104542077625
stock_provided,finance,ridge_ar,0006.HK_1h,2026-03-20 10:30:00,62.0,61.52945321222258
stock_provided,finance,ridge_ar,0006.HK_1h,2026-03-20 11:30:00,62.09999847412109,61.515182268204626
stock_provided,finance,ridge_ar,0006.HK_1h,2026-03-20 12:30:00,61.95000076293945,61.495584159206004
stock_provided,finance,ridge_ar,0006.HK_1h,2026-03-20 13:30:00,61.900001525878906,61.475644830058684
stock_provided,finance,ridge_ar,0006.HK_1h,2026-03-20 14:30:00,61.900001525878906,61.45099681789559
stock_provided,finance,ridge_ar,0006.HK_1h,2026-03-20 15:30:00,61.79999923706055,61.44013142014847
stock_provided,finance,hist_gradient_boosting_ar,0002.HK_1h,2026-03-17 13:30:00,73.25,73.05346797904869
stock_provided,finance,hist_gradient_boosting_ar,0002.HK_1h,2026-03-17 14:30:00,73.25,73.0213681253252
stock_provided,finance,hist_gradient_boosting_ar,0002.HK_1h,2026-03-17 15:30:00,73.44999694824219,73.33077712179366
stock_provided,finance,hist_gradient_boosting_ar,0002.HK_1h,2026-03-18 09:30:00,73.75,73.42985769316694
stock_provided,finance,hist_gradient_boosting_ar,0002.HK_1h,2026-03-18 10:30:00,73.80000305175781,73.50999816984225
stock_provided,finance,hist_gradient_boosting_ar,0002.HK_1h,2026-03-18 11:30:00,73.8499984741211,73.49104567466554
stock_provided,finance,hist_gradient_boosting_ar,0002.HK_1h,2026-03-18 12:30:00,74.0999984741211,73.57802183937986
stock_provided,finance,hist_gradient_boosting_ar,0002.HK_1h,2026-03-18 13:30:00,74.30000305175781,73.66917398463637
stock_provided,finance,hist_gradient_boosting_ar,0002.HK_1h,2026-03-18 14:30:00,74.0999984741211,73.92970032936178
stock_provided,finance,hist_gradient_boosting_ar,0002.HK_1h,2026-03-18 15:30:00,74.30000305175781,74.05575779383577
stock_provided,finance,hist_gradient_boosting_ar,0002.HK_1h,2026-03-19 09:30:00,73.94999694824219,74.21811776029264
stock_provided,finance,hist_gradient_boosting_ar,0002.HK_1h,2026-03-19 10:30:00,73.6500015258789,74.46702846876471
stock_provided,finance,hist_gradient_boosting_ar,0002.HK_1h,2026-03-19 11:30:00,73.75,74.65621563103313
stock_provided,finance,hist_gradient_boosting_ar,0002.HK_1h,2026-03-19 12:30:00,73.5999984741211,74.60920980799848
stock_provided,finance,hist_gradient_boosting_ar,0002.HK_1h,2026-03-19 13:30:00,73.55000305175781,74.59109315545733
stock_provided,finance,hist_gradient_boosting_ar,0002.HK_1h,2026-03-19 14:30:00,73.75,74.5112392086508
stock_provided,finance,hist_gradient_boosting_ar,0002.HK_1h,2026-03-19 15:30:00,73.75,74.5782958335088
stock_provided,finance,hist_gradient_boosting_ar,0002.HK_1h,2026-03-20 09:30:00,73.5999984741211,74.64684486246757
stock_provided,finance,hist_gradient_boosting_ar,0002.HK_1h,2026-03-20 10:30:00,73.55000305175781,74.68913001693018
stock_provided,finance,hist_gradient_boosting_ar,0002.HK_1h,2026-03-20 11:30:00,73.6500015258789,74.63639705139592
stock_provided,finance,hist_gradient_boosting_ar,0002.HK_1h,2026-03-20 12:30:00,73.55000305175781,74.62523023723024
stock_provided,finance,hist_gradient_boosting_ar,0002.HK_1h,2026-03-20 13:30:00,73.5,74.55221793557354
stock_provided,finance,hist_gradient_boosting_ar,0002.HK_1h,2026-03-20 14:30:00,73.6500015258789,74.58434707948715
stock_provided,finance,hist_gradient_boosting_ar,0002.HK_1h,2026-03-20 15:30:00,73.5999984741211,74.64792512348578
stock_provided,finance,hist_gradient_boosting_ar,0003.HK_1h,2026-03-17 13:30:00,7.260000228881836,7.305033872064509
stock_provided,finance,hist_gradient_boosting_ar,0003.HK_1h,2026-03-17 14:30:00,7.269999980926514,7.338085232064301
stock_provided,finance,hist_gradient_boosting_ar,0003.HK_1h,2026-03-17 15:30:00,7.260000228881836,7.3635177935314315
stock_provided,finance,hist_gradient_boosting_ar,0003.HK_1h,2026-03-18 09:30:00,7.25,7.365107532207302
stock_provided,finance,hist_gradient_boosting_ar,0003.HK_1h,2026-03-18 10:30:00,7.239999771118164,7.3689544211551885
stock_provided,finance,hist_gradient_boosting_ar,0003.HK_1h,2026-03-18 11:30:00,7.239999771118164,7.375445216046132
stock_provided,finance,hist_gradient_boosting_ar,0003.HK_1h,2026-03-18 12:30:00,7.269999980926514,7.376622934298913
stock_provided,finance,hist_gradient_boosting_ar,0003.HK_1h,2026-03-18 13:30:00,7.289999961853027,7.379286491083104
stock_provided,finance,hist_gradient_boosting_ar,0003.HK_1h,2026-03-18 14:30:00,7.300000190734863,7.386556273199555
stock_provided,finance,hist_gradient_boosting_ar,0003.HK_1h,2026-03-18 15:30:00,7.289999961853027,7.38448557167285
stock_provided,finance,hist_gradient_boosting_ar,0003.HK_1h,2026-03-19 09:30:00,7.340000152587891,7.385090572633259
stock_provided,finance,hist_gradient_boosting_ar,0003.HK_1h,2026-03-19 10:30:00,7.340000152587891,7.382988973783458
stock_provided,finance,hist_gradient_boosting_ar,0003.HK_1h,2026-03-19 11:30:00,7.360000133514404,7.381501608747835
stock_provided,finance,hist_gradient_boosting_ar,0003.HK_1h,2026-03-19 12:30:00,7.380000114440918,7.387559698331479
stock_provided,finance,hist_gradient_boosting_ar,0003.HK_1h,2026-03-19 13:30:00,7.389999866485596,7.365003730233725
stock_provided,finance,hist_gradient_boosting_ar,0003.HK_1h,2026-03-19 14:30:00,7.389999866485596,7.367308185938356
stock_provided,finance,hist_gradient_boosting_ar,0003.HK_1h,2026-03-19 15:30:00,7.420000076293945,7.354501650597304
stock_provided,finance,hist_gradient_boosting_ar,0003.HK_1h,2026-03-20 09:30:00,7.389999866485596,7.349161407331101
stock_provided,finance,hist_gradient_boosting_ar,0003.HK_1h,2026-03-20 10:30:00,7.349999904632568,7.347465105103982
stock_provided,finance,hist_gradient_boosting_ar,0003.HK_1h,2026-03-20 11:30:00,7.340000152587891,7.340764546916931
stock_provided,finance,hist_gradient_boosting_ar,0003.HK_1h,2026-03-20 12:30:00,7.349999904632568,7.34446345345016
stock_provided,finance,hist_gradient_boosting_ar,0003.HK_1h,2026-03-20 13:30:00,7.320000171661377,7.344910163892264
stock_provided,finance,hist_gradient_boosting_ar,0003.HK_1h,2026-03-20 14:30:00,7.329999923706055,7.34475277370476
stock_provided,finance,hist_gradient_boosting_ar,0003.HK_1h,2026-03-20 15:30:00,7.340000152587891,7.347219442796601
stock_provided,finance,hist_gradient_boosting_ar,0006.HK_1h,2026-03-17 13:30:00,61.5,61.65734336296742
stock_provided,finance,hist_gradient_boosting_ar,0006.HK_1h,2026-03-17 14:30:00,61.34999847412109,61.48760612583308
stock_provided,finance,hist_gradient_boosting_ar,0006.HK_1h,2026-03-17 15:30:00,61.45000076293945,61.57757333055208
stock_provided,finance,hist_gradient_boosting_ar,0006.HK_1h,2026-03-18 09:30:00,61.900001525878906,61.618399216591314
stock_provided,finance,hist_gradient_boosting_ar,0006.HK_1h,2026-03-18 10:30:00,61.84999847412109,61.650468415143614
stock_provided,finance,hist_gradient_boosting_ar,0006.HK_1h,2026-03-18 11:30:00,61.900001525878906,61.61170753596567
stock_provided,finance,hist_gradient_boosting_ar,0006.HK_1h,2026-03-18 12:30:00,62.20000076293945,61.68181836821937
stock_provided,finance,hist_gradient_boosting_ar,0006.HK_1h,2026-03-18 13:30:00,62.54999923706055,61.51248473192921
stock_provided,finance,hist_gradient_boosting_ar,0006.HK_1h,2026-03-18 14:30:00,62.25,61.640040275110586
stock_provided,finance,hist_gradient_boosting_ar,0006.HK_1h,2026-03-18 15:30:00,62.25,61.60416833308361
stock_provided,finance,hist_gradient_boosting_ar,0006.HK_1h,2026-03-19 09:30:00,62.45000076293945,61.62943836133765
stock_provided,finance,hist_gradient_boosting_ar,0006.HK_1h,2026-03-19 10:30:00,61.95000076293945,61.612106540090316
stock_provided,finance,hist_gradient_boosting_ar,0006.HK_1h,2026-03-19 11:30:00,62.04999923706055,61.514475710400404
stock_provided,finance,hist_gradient_boosting_ar,0006.HK_1h,2026-03-19 12:30:00,62.400001525878906,61.576411385516295
stock_provided,finance,hist_gradient_boosting_ar,0006.HK_1h,2026-03-19 13:30:00,62.20000076293945,61.5647584660391
stock_provided,finance,hist_gradient_boosting_ar,0006.HK_1h,2026-03-19 14:30:00,62.25,61.55970612515149
stock_provided,finance,hist_gradient_boosting_ar,0006.HK_1h,2026-03-19 15:30:00,62.0,61.57562999673741
stock_provided,finance,hist_gradient_boosting_ar,0006.HK_1h,2026-03-20 09:30:00,61.900001525878906,61.44065505563322
stock_provided,finance,hist_gradient_boosting_ar,0006.HK_1h,2026-03-20 10:30:00,62.0,61.4342526390244
stock_provided,finance,hist_gradient_boosting_ar,0006.HK_1h,2026-03-20 11:30:00,62.09999847412109,61.485814141555714
stock_provided,finance,hist_gradient_boosting_ar,0006.HK_1h,2026-03-20 12:30:00,61.95000076293945,61.5081380251381
stock_provided,finance,hist_gradient_boosting_ar,0006.HK_1h,2026-03-20 13:30:00,61.900001525878906,61.601128728346495
stock_provided,finance,hist_gradient_boosting_ar,0006.HK_1h,2026-03-20 14:30:00,61.900001525878906,61.66018656072829
stock_provided,finance,hist_gradient_boosting_ar,0006.HK_1h,2026-03-20 15:30:00,61.79999923706055,61.741698607269534
stock_provided,finance,lightgbm_ar,0002.HK_1h,2026-03-17 13:30:00,73.25,73.0109411519777
stock_provided,finance,lightgbm_ar,0002.HK_1h,2026-03-17 14:30:00,73.25,72.92887923605832
stock_provided,finance,lightgbm_ar,0002.HK_1h,2026-03-17 15:30:00,73.44999694824219,73.13190559049221
stock_provided,finance,lightgbm_ar,0002.HK_1h,2026-03-18 09:30:00,73.75,73.36055624601197
stock_provided,finance,lightgbm_ar,0002.HK_1h,2026-03-18 10:30:00,73.80000305175781,73.40774400271629
stock_provided,finance,lightgbm_ar,0002.HK_1h,2026-03-18 11:30:00,73.8499984741211,73.38049829588115
stock_provided,finance,lightgbm_ar,0002.HK_1h,2026-03-18 12:30:00,74.0999984741211,73.39543989938016
stock_provided,finance,lightgbm_ar,0002.HK_1h,2026-03-18 13:30:00,74.30000305175781,73.59480238713547
stock_provided,finance,lightgbm_ar,0002.HK_1h,2026-03-18 14:30:00,74.0999984741211,73.58151985384171
stock_provided,finance,lightgbm_ar,0002.HK_1h,2026-03-18 15:30:00,74.30000305175781,73.42040430846826
stock_provided,finance,lightgbm_ar,0002.HK_1h,2026-03-19 09:30:00,73.94999694824219,73.30911314120429
stock_provided,finance,lightgbm_ar,0002.HK_1h,2026-03-19 10:30:00,73.6500015258789,73.36853218057162
stock_provided,finance,lightgbm_ar,0002.HK_1h,2026-03-19 11:30:00,73.75,73.45502116599897
stock_provided,finance,lightgbm_ar,0002.HK_1h,2026-03-19 12:30:00,73.5999984741211,73.47781965948947
stock_provided,finance,lightgbm_ar,0002.HK_1h,2026-03-19 13:30:00,73.55000305175781,73.62203764231053
stock_provided,finance,lightgbm_ar,0002.HK_1h,2026-03-19 14:30:00,73.75,73.82230747977819
stock_provided,finance,lightgbm_ar,0002.HK_1h,2026-03-19 15:30:00,73.75,74.0827036332106
stock_provided,finance,lightgbm_ar,0002.HK_1h,2026-03-20 09:30:00,73.5999984741211,74.27579839601708
stock_provided,finance,lightgbm_ar,0002.HK_1h,2026-03-20 10:30:00,73.55000305175781,74.55426823580916
stock_provided,finance,lightgbm_ar,0002.HK_1h,2026-03-20 11:30:00,73.6500015258789,74.74388293227175
stock_provided,finance,lightgbm_ar,0002.HK_1h,2026-03-20 12:30:00,73.55000305175781,74.78793566010772
stock_provided,finance,lightgbm_ar,0002.HK_1h,2026-03-20 13:30:00,73.5,74.83656074834566
stock_provided,finance,lightgbm_ar,0002.HK_1h,2026-03-20 14:30:00,73.6500015258789,74.82075684343113
stock_provided,finance,lightgbm_ar,0002.HK_1h,2026-03-20 15:30:00,73.5999984741211,74.83285139425242
stock_provided,finance,lightgbm_ar,0003.HK_1h,2026-03-17 13:30:00,7.260000228881836,7.299165054073591
stock_provided,finance,lightgbm_ar,0003.HK_1h,2026-03-17 14:30:00,7.269999980926514,7.329565008364725
stock_provided,finance,lightgbm_ar,0003.HK_1h,2026-03-17 15:30:00,7.260000228881836,7.361804047106701
stock_provided,finance,lightgbm_ar,0003.HK_1h,2026-03-18 09:30:00,7.25,7.365000622529842
stock_provided,finance,lightgbm_ar,0003.HK_1h,2026-03-18 10:30:00,7.239999771118164,7.3659558550127455
stock_provided,finance,lightgbm_ar,0003.HK_1h,2026-03-18 11:30:00,7.239999771118164,7.382198392163036
stock_provided,finance,lightgbm_ar,0003.HK_1h,2026-03-18 12:30:00,7.269999980926514,7.382816688268559
stock_provided,finance,lightgbm_ar,0003.HK_1h,2026-03-18 13:30:00,7.289999961853027,7.385835717295559
stock_provided,finance,lightgbm_ar,0003.HK_1h,2026-03-18 14:30:00,7.300000190734863,7.388025309927261
stock_provided,finance,lightgbm_ar,0003.HK_1h,2026-03-18 15:30:00,7.289999961853027,7.386846882173922
stock_provided,finance,lightgbm_ar,0003.HK_1h,2026-03-19 09:30:00,7.340000152587891,7.387375731131153
stock_provided,finance,lightgbm_ar,0003.HK_1h,2026-03-19 10:30:00,7.340000152587891,7.385887104525281
stock_provided,finance,lightgbm_ar,0003.HK_1h,2026-03-19 11:30:00,7.360000133514404,7.384407423564376
stock_provided,finance,lightgbm_ar,0003.HK_1h,2026-03-19 12:30:00,7.380000114440918,7.390155955618528
stock_provided,finance,lightgbm_ar,0003.HK_1h,2026-03-19 13:30:00,7.389999866485596,7.364781533336323
stock_provided,finance,lightgbm_ar,0003.HK_1h,2026-03-19 14:30:00,7.389999866485596,7.359645478211291
stock_provided,finance,lightgbm_ar,0003.HK_1h,2026-03-19 15:30:00,7.420000076293945,7.350110955363505
stock_provided,finance,lightgbm_ar,0003.HK_1h,2026-03-20 09:30:00,7.389999866485596,7.336299941142556
stock_provided,finance,lightgbm_ar,0003.HK_1h,2026-03-20 10:30:00,7.349999904632568,7.330190209331322
stock_provided,finance,lightgbm_ar,0003.HK_1h,2026-03-20 11:30:00,7.340000152587891,7.338021581773457
stock_provided,finance,lightgbm_ar,0003.HK_1h,2026-03-20 12:30:00,7.349999904632568,7.345085302902484
stock_provided,finance,lightgbm_ar,0003.HK_1h,2026-03-20 13:30:00,7.320000171661377,7.3513841074292055
stock_provided,finance,lightgbm_ar,0003.HK_1h,2026-03-20 14:30:00,7.329999923706055,7.34737403214632
stock_provided,finance,lightgbm_ar,0003.HK_1h,2026-03-20 15:30:00,7.340000152587891,7.338661403186504
stock_provided,finance,lightgbm_ar,0006.HK_1h,2026-03-17 13:30:00,61.5,61.57966413323371
stock_provided,finance,lightgbm_ar,0006.HK_1h,2026-03-17 14:30:00,61.34999847412109,61.60395322673982
stock_provided,finance,lightgbm_ar,0006.HK_1h,2026-03-17 15:30:00,61.45000076293945,61.553199708450215
stock_provided,finance,lightgbm_ar,0006.HK_1h,2026-03-18 09:30:00,61.900001525878906,61.583068301154285
stock_provided,finance,lightgbm_ar,0006.HK_1h,2026-03-18 10:30:00,61.84999847412109,61.63536351888455
stock_provided,finance,lightgbm_ar,0006.HK_1h,2026-03-18 11:30:00,61.900001525878906,61.57990082420964
stock_provided,finance,lightgbm_ar,0006.HK_1h,2026-03-18 12:30:00,62.20000076293945,61.5958206206846
stock_provided,finance,lightgbm_ar,0006.HK_1h,2026-03-18 13:30:00,62.54999923706055,61.57455867366239
stock_provided,finance,lightgbm_ar,0006.HK_1h,2026-03-18 14:30:00,62.25,61.59383227756075
stock_provided,finance,lightgbm_ar,0006.HK_1h,2026-03-18 15:30:00,62.25,61.69129386596389
stock_provided,finance,lightgbm_ar,0006.HK_1h,2026-03-19 09:30:00,62.45000076293945,61.65160493016482
stock_provided,finance,lightgbm_ar,0006.HK_1h,2026-03-19 10:30:00,61.95000076293945,61.61348267180933
stock_provided,finance,lightgbm_ar,0006.HK_1h,2026-03-19 11:30:00,62.04999923706055,61.43021758023656
stock_provided,finance,lightgbm_ar,0006.HK_1h,2026-03-19 12:30:00,62.400001525878906,61.516822432983325
stock_provided,finance,lightgbm_ar,0006.HK_1h,2026-03-19 13:30:00,62.20000076293945,61.57931797771863
stock_provided,finance,lightgbm_ar,0006.HK_1h,2026-03-19 14:30:00,62.25,61.59048334930519
stock_provided,finance,lightgbm_ar,0006.HK_1h,2026-03-19 15:30:00,62.0,61.598096288494276
stock_provided,finance,lightgbm_ar,0006.HK_1h,2026-03-20 09:30:00,61.900001525878906,61.597595433127985
stock_provided,finance,lightgbm_ar,0006.HK_1h,2026-03-20 10:30:00,62.0,61.47824843822085
stock_provided,finance,lightgbm_ar,0006.HK_1h,2026-03-20 11:30:00,62.09999847412109,61.39455986488913
stock_provided,finance,lightgbm_ar,0006.HK_1h,2026-03-20 12:30:00,61.95000076293945,61.5794555888944
stock_provided,finance,lightgbm_ar,0006.HK_1h,2026-03-20 13:30:00,61.900001525878906,61.75541928505994
stock_provided,finance,lightgbm_ar,0006.HK_1h,2026-03-20 14:30:00,61.900001525878906,61.7987766542756
stock_provided,finance,lightgbm_ar,0006.HK_1h,2026-03-20 15:30:00,61.79999923706055,61.876463355138945
stock_provided,finance,xgboost_ar,0002.HK_1h,2026-03-17 13:30:00,73.25,73.15326110451363
stock_provided,finance,xgboost_ar,0002.HK_1h,2026-03-17 14:30:00,73.25,73.13495245426782
stock_provided,finance,xgboost_ar,0002.HK_1h,2026-03-17 15:30:00,73.44999694824219,73.19140279336162
stock_provided,finance,xgboost_ar,0002.HK_1h,2026-03-18 09:30:00,73.75,73.21568821867483
stock_provided,finance,xgboost_ar,0002.HK_1h,2026-03-18 10:30:00,73.80000305175781,73.20457476733684
stock_provided,finance,xgboost_ar,0002.HK_1h,2026-03-18 11:30:00,73.8499984741211,73.17978360430585
stock_provided,finance,xgboost_ar,0002.HK_1h,2026-03-18 12:30:00,74.0999984741211,73.17880027189261
stock_provided,finance,xgboost_ar,0002.HK_1h,2026-03-18 13:30:00,74.30000305175781,73.20501713677189
stock_provided,finance,xgboost_ar,0002.HK_1h,2026-03-18 14:30:00,74.0999984741211,73.1837880690396
stock_provided,finance,xgboost_ar,0002.HK_1h,2026-03-18 15:30:00,74.30000305175781,73.16255766599272
stock_provided,finance,xgboost_ar,0002.HK_1h,2026-03-19 09:30:00,73.94999694824219,73.16873913295237
stock_provided,finance,xgboost_ar,0002.HK_1h,2026-03-19 10:30:00,73.6500015258789,73.16957885143806
stock_provided,finance,xgboost_ar,0002.HK_1h,2026-03-19 11:30:00,73.75,73.15361315428507
stock_provided,finance,xgboost_ar,0002.HK_1h,2026-03-19 12:30:00,73.5999984741211,73.17015007872946
stock_provided,finance,xgboost_ar,0002.HK_1h,2026-03-19 13:30:00,73.55000305175781,73.3426009400547
stock_provided,finance,xgboost_ar,0002.HK_1h,2026-03-19 14:30:00,73.75,73.64376677064082
stock_provided,finance,xgboost_ar,0002.HK_1h,2026-03-19 15:30:00,73.75,73.70942865055162
stock_provided,finance,xgboost_ar,0002.HK_1h,2026-03-20 09:30:00,73.5999984741211,73.95056918800395
stock_provided,finance,xgboost_ar,0002.HK_1h,2026-03-20 10:30:00,73.55000305175781,73.97653561378976
stock_provided,finance,xgboost_ar,0002.HK_1h,2026-03-20 11:30:00,73.6500015258789,74.01416633352933
stock_provided,finance,xgboost_ar,0002.HK_1h,2026-03-20 12:30:00,73.55000305175781,74.11128623027834
stock_provided,finance,xgboost_ar,0002.HK_1h,2026-03-20 13:30:00,73.5,74.1887444143558
stock_provided,finance,xgboost_ar,0002.HK_1h,2026-03-20 14:30:00,73.6500015258789,74.32594065103491
stock_provided,finance,xgboost_ar,0002.HK_1h,2026-03-20 15:30:00,73.5999984741211,74.348258050853
stock_provided,finance,xgboost_ar,0003.HK_1h,2026-03-17 13:30:00,7.260000228881836,7.313892166694188
stock_provided,finance,xgboost_ar,0003.HK_1h,2026-03-17 14:30:00,7.269999980926514,7.322453354017188
stock_provided,finance,xgboost_ar,0003.HK_1h,2026-03-17 15:30:00,7.260000228881836,7.335512519406156
stock_provided,finance,xgboost_ar,0003.HK_1h,2026-03-18 09:30:00,7.25,7.342117940853597
stock_provided,finance,xgboost_ar,0003.HK_1h,2026-03-18 10:30:00,7.239999771118164,7.348684485786308
stock_provided,finance,xgboost_ar,0003.HK_1h,2026-03-18 11:30:00,7.239999771118164,7.351463396981423
stock_provided,finance,xgboost_ar,0003.HK_1h,2026-03-18 12:30:00,7.269999980926514,7.3506737643481435
stock_provided,finance,xgboost_ar,0003.HK_1h,2026-03-18 13:30:00,7.289999961853027,7.34961787062807
stock_provided,finance,xgboost_ar,0003.HK_1h,2026-03-18 14:30:00,7.300000190734863,7.350934184643296
stock_provided,finance,xgboost_ar,0003.HK_1h,2026-03-18 15:30:00,7.289999961853027,7.352873125120441
stock_provided,finance,xgboost_ar,0003.HK_1h,2026-03-19 09:30:00,7.340000152587891,7.351817229794431
stock_provided,finance,xgboost_ar,0003.HK_1h,2026-03-19 10:30:00,7.340000152587891,7.353402610467801
stock_provided,finance,xgboost_ar,0003.HK_1h,2026-03-19 11:30:00,7.360000133514404,7.3533621207896935
stock_provided,finance,xgboost_ar,0003.HK_1h,2026-03-19 12:30:00,7.380000114440918,7.354438975195087
stock_provided,finance,xgboost_ar,0003.HK_1h,2026-03-19 13:30:00,7.389999866485596,7.34889175760761
stock_provided,finance,xgboost_ar,0003.HK_1h,2026-03-19 14:30:00,7.389999866485596,7.349094513535015
stock_provided,finance,xgboost_ar,0003.HK_1h,2026-03-19 15:30:00,7.420000076293945,7.348702019402791
stock_provided,finance,xgboost_ar,0003.HK_1h,2026-03-20 09:30:00,7.389999866485596,7.347293482868776
stock_provided,finance,xgboost_ar,0003.HK_1h,2026-03-20 10:30:00,7.349999904632568,7.3492451632414655
stock_provided,finance,xgboost_ar,0003.HK_1h,2026-03-20 11:30:00,7.340000152587891,7.350301033675457
stock_provided,finance,xgboost_ar,0003.HK_1h,2026-03-20 12:30:00,7.349999904632568,7.34995916749949
stock_provided,finance,xgboost_ar,0003.HK_1h,2026-03-20 13:30:00,7.320000171661377,7.346722591656443
stock_provided,finance,xgboost_ar,0003.HK_1h,2026-03-20 14:30:00,7.329999923706055,7.346666057868108
stock_provided,finance,xgboost_ar,0003.HK_1h,2026-03-20 15:30:00,7.340000152587891,7.348165045572773
stock_provided,finance,xgboost_ar,0006.HK_1h,2026-03-17 13:30:00,61.5,61.61981609621181
stock_provided,finance,xgboost_ar,0006.HK_1h,2026-03-17 14:30:00,61.34999847412109,61.64838643314989
stock_provided,finance,xgboost_ar,0006.HK_1h,2026-03-17 15:30:00,61.45000076293945,61.651469838412766
stock_provided,finance,xgboost_ar,0006.HK_1h,2026-03-18 09:30:00,61.900001525878906,61.651469838412766
stock_provided,finance,xgboost_ar,0006.HK_1h,2026-03-18 10:30:00,61.84999847412109,61.67722988499802
stock_provided,finance,xgboost_ar,0006.HK_1h,2026-03-18 11:30:00,61.900001525878906,61.63361667537864
stock_provided,finance,xgboost_ar,0006.HK_1h,2026-03-18 12:30:00,62.20000076293945,61.59736205043796
stock_provided,finance,xgboost_ar,0006.HK_1h,2026-03-18 13:30:00,62.54999923706055,61.597453261162336
stock_provided,finance,xgboost_ar,0006.HK_1h,2026-03-18 14:30:00,62.25,61.63655438487196
stock_provided,finance,xgboost_ar,0006.HK_1h,2026-03-18 15:30:00,62.25,61.63658990360394
stock_provided,finance,xgboost_ar,0006.HK_1h,2026-03-19 09:30:00,62.45000076293945,61.603434891502864
stock_provided,finance,xgboost_ar,0006.HK_1h,2026-03-19 10:30:00,61.95000076293945,61.63658990360394
stock_provided,finance,xgboost_ar,0006.HK_1h,2026-03-19 11:30:00,62.04999923706055,61.641259754755296
stock_provided,finance,xgboost_ar,0006.HK_1h,2026-03-19 12:30:00,62.400001525878906,61.64669584495985
stock_provided,finance,xgboost_ar,0006.HK_1h,2026-03-19 13:30:00,62.20000076293945,61.64416746298955
stock_provided,finance,xgboost_ar,0006.HK_1h,2026-03-19 14:30:00,62.25,61.64416746298955
stock_provided,finance,xgboost_ar,0006.HK_1h,2026-03-19 15:30:00,62.0,61.64202599380849
stock_provided,finance,xgboost_ar,0006.HK_1h,2026-03-20 09:30:00,61.900001525878906,61.65829960779529
stock_provided,finance,xgboost_ar,0006.HK_1h,2026-03-20 10:30:00,62.0,61.61235095533715
stock_provided,finance,xgboost_ar,0006.HK_1h,2026-03-20 11:30:00,62.09999847412109,61.60543894112375
stock_provided,finance,xgboost_ar,0006.HK_1h,2026-03-20 12:30:00,61.95000076293945,61.54838982281402
stock_provided,finance,xgboost_ar,0006.HK_1h,2026-03-20 13:30:00,61.900001525878906,61.56953881381884
stock_provided,finance,xgboost_ar,0006.HK_1h,2026-03-20 14:30:00,61.900001525878906,61.611008485204806
stock_provided,finance,xgboost_ar,0006.HK_1h,2026-03-20 15:30:00,61.79999923706055,61.693932482505154
stock_provided,finance,tabpfn_ts,0002.HK_1h,2026-03-17 13:30:00,73.25,73.1786880493164
stock_provided,finance,tabpfn_ts,0002.HK_1h,2026-03-17 14:30:00,73.25,73.1847152709961
stock_provided,finance,tabpfn_ts,0002.HK_1h,2026-03-17 15:30:00,73.44999694824219,73.18896484375
stock_provided,finance,tabpfn_ts,0002.HK_1h,2026-03-18 09:30:00,73.75,73.19576263427734
stock_provided,finance,tabpfn_ts,0002.HK_1h,2026-03-18 10:30:00,73.80000305175781,73.201416015625
stock_provided,finance,tabpfn_ts,0002.HK_1h,2026-03-18 11:30:00,73.8499984741211,73.20639038085938
stock_provided,finance,tabpfn_ts,0002.HK_1h,2026-03-18 12:30:00,74.0999984741211,73.20893859863281
stock_provided,finance,tabpfn_ts,0002.HK_1h,2026-03-18 13:30:00,74.30000305175781,73.21043395996094
stock_provided,finance,tabpfn_ts,0002.HK_1h,2026-03-18 14:30:00,74.0999984741211,73.206787109375
stock_provided,finance,tabpfn_ts,0002.HK_1h,2026-03-18 15:30:00,74.30000305175781,73.20499420166016
stock_provided,finance,tabpfn_ts,0002.HK_1h,2026-03-19 09:30:00,73.94999694824219,73.20478820800781
stock_provided,finance,tabpfn_ts,0002.HK_1h,2026-03-19 10:30:00,73.6500015258789,73.19793701171875
stock_provided,finance,tabpfn_ts,0002.HK_1h,2026-03-19 11:30:00,73.75,73.19210052490234
stock_provided,finance,tabpfn_ts,0002.HK_1h,2026-03-19 12:30:00,73.5999984741211,73.18609619140625
stock_provided,finance,tabpfn_ts,0002.HK_1h,2026-03-19 13:30:00,73.55000305175781,73.18415069580078
stock_provided,finance,tabpfn_ts,0002.HK_1h,2026-03-19 14:30:00,73.75,73.18196105957031
stock_provided,finance,tabpfn_ts,0002.HK_1h,2026-03-19 15:30:00,73.75,73.18388366699219
stock_provided,finance,tabpfn_ts,0002.HK_1h,2026-03-20 09:30:00,73.5999984741211,73.19176483154297
stock_provided,finance,tabpfn_ts,0002.HK_1h,2026-03-20 10:30:00,73.55000305175781,73.19245147705078
stock_provided,finance,tabpfn_ts,0002.HK_1h,2026-03-20 11:30:00,73.6500015258789,73.1912841796875
stock_provided,finance,tabpfn_ts,0002.HK_1h,2026-03-20 12:30:00,73.55000305175781,73.19442749023438
stock_provided,finance,tabpfn_ts,0002.HK_1h,2026-03-20 13:30:00,73.5,73.19277954101562
stock_provided,finance,tabpfn_ts,0002.HK_1h,2026-03-20 14:30:00,73.6500015258789,73.19237518310547
stock_provided,finance,tabpfn_ts,0002.HK_1h,2026-03-20 15:30:00,73.5999984741211,73.19120025634766
stock_provided,finance,tabpfn_ts,0003.HK_1h,2026-03-17 13:30:00,7.260000228881836,7.300165176391602
stock_provided,finance,tabpfn_ts,0003.HK_1h,2026-03-17 14:30:00,7.269999980926514,7.299939155578613
stock_provided,finance,tabpfn_ts,0003.HK_1h,2026-03-17 15:30:00,7.260000228881836,7.300185680389404
stock_provided,finance,tabpfn_ts,0003.HK_1h,2026-03-18 09:30:00,7.25,7.299428462982178
stock_provided,finance,tabpfn_ts,0003.HK_1h,2026-03-18 10:30:00,7.239999771118164,7.300299644470215
stock_provided,finance,tabpfn_ts,0003.HK_1h,2026-03-18 11:30:00,7.239999771118164,7.301064491271973
stock_provided,finance,tabpfn_ts,0003.HK_1h,2026-03-18 12:30:00,7.269999980926514,7.301070690155029
stock_provided,finance,tabpfn_ts,0003.HK_1h,2026-03-18 13:30:00,7.289999961853027,7.300765514373779
stock_provided,finance,tabpfn_ts,0003.HK_1h,2026-03-18 14:30:00,7.300000190734863,7.3007378578186035
stock_provided,finance,tabpfn_ts,0003.HK_1h,2026-03-18 15:30:00,7.289999961853027,7.2997541427612305
stock_provided,finance,tabpfn_ts,0003.HK_1h,2026-03-19 09:30:00,7.340000152587891,7.297776699066162
stock_provided,finance,tabpfn_ts,0003.HK_1h,2026-03-19 10:30:00,7.340000152587891,7.296616077423096
stock_provided,finance,tabpfn_ts,0003.HK_1h,2026-03-19 11:30:00,7.360000133514404,7.297848224639893
stock_provided,finance,tabpfn_ts,0003.HK_1h,2026-03-19 12:30:00,7.380000114440918,7.299038410186768
stock_provided,finance,tabpfn_ts,0003.HK_1h,2026-03-19 13:30:00,7.389999866485596,7.299820423126221
stock_provided,finance,tabpfn_ts,0003.HK_1h,2026-03-19 14:30:00,7.389999866485596,7.301089763641357
stock_provided,finance,tabpfn_ts,0003.HK_1h,2026-03-19 15:30:00,7.420000076293945,7.301942348480225
stock_provided,finance,tabpfn_ts,0003.HK_1h,2026-03-20 09:30:00,7.389999866485596,7.303153991699219
stock_provided,finance,tabpfn_ts,0003.HK_1h,2026-03-20 10:30:00,7.349999904632568,7.304158687591553
stock_provided,finance,tabpfn_ts,0003.HK_1h,2026-03-20 11:30:00,7.340000152587891,7.305480003356934
stock_provided,finance,tabpfn_ts,0003.HK_1h,2026-03-20 12:30:00,7.349999904632568,7.305996417999268
stock_provided,finance,tabpfn_ts,0003.HK_1h,2026-03-20 13:30:00,7.320000171661377,7.306613922119141
stock_provided,finance,tabpfn_ts,0003.HK_1h,2026-03-20 14:30:00,7.329999923706055,7.3069257736206055
stock_provided,finance,tabpfn_ts,0003.HK_1h,2026-03-20 15:30:00,7.340000152587891,7.307661056518555
stock_provided,finance,tabpfn_ts,0006.HK_1h,2026-03-17 13:30:00,61.5,61.54275894165039
stock_provided,finance,tabpfn_ts,0006.HK_1h,2026-03-17 14:30:00,61.34999847412109,61.53596878051758
stock_provided,finance,tabpfn_ts,0006.HK_1h,2026-03-17 15:30:00,61.45000076293945,61.538150787353516
stock_provided,finance,tabpfn_ts,0006.HK_1h,2026-03-18 09:30:00,61.900001525878906,61.56917190551758
stock_provided,finance,tabpfn_ts,0006.HK_1h,2026-03-18 10:30:00,61.84999847412109,61.572025299072266
stock_provided,finance,tabpfn_ts,0006.HK_1h,2026-03-18 11:30:00,61.900001525878906,61.58198547363281
stock_provided,finance,tabpfn_ts,0006.HK_1h,2026-03-18 12:30:00,62.20000076293945,61.581871032714844
stock_provided,finance,tabpfn_ts,0006.HK_1h,2026-03-18 13:30:00,62.54999923706055,61.57227325439453
stock_provided,finance,tabpfn_ts,0006.HK_1h,2026-03-18 14:30:00,62.25,61.57285690307617
stock_provided,finance,tabpfn_ts,0006.HK_1h,2026-03-18 15:30:00,62.25,61.57212829589844
stock_provided,finance,tabpfn_ts,0006.HK_1h,2026-03-19 09:30:00,62.45000076293945,61.59174728393555
stock_provided,finance,tabpfn_ts,0006.HK_1h,2026-03-19 10:30:00,61.95000076293945,61.588462829589844
stock_provided,finance,tabpfn_ts,0006.HK_1h,2026-03-19 11:30:00,62.04999923706055,61.58797073364258
stock_provided,finance,tabpfn_ts,0006.HK_1h,2026-03-19 12:30:00,62.400001525878906,61.58927917480469
stock_provided,finance,tabpfn_ts,0006.HK_1h,2026-03-19 13:30:00,62.20000076293945,61.58839416503906
stock_provided,finance,tabpfn_ts,0006.HK_1h,2026-03-19 14:30:00,62.25,61.58455276489258
stock_provided,finance,tabpfn_ts,0006.HK_1h,2026-03-19 15:30:00,62.0,61.572017669677734
stock_provided,finance,tabpfn_ts,0006.HK_1h,2026-03-20 09:30:00,61.900001525878906,61.614444732666016
stock_provided,finance,tabpfn_ts,0006.HK_1h,2026-03-20 10:30:00,62.0,61.61075210571289
stock_provided,finance,tabpfn_ts,0006.HK_1h,2026-03-20 11:30:00,62.09999847412109,61.60564041137695
stock_provided,finance,tabpfn_ts,0006.HK_1h,2026-03-20 12:30:00,61.95000076293945,61.604801177978516
stock_provided,finance,tabpfn_ts,0006.HK_1h,2026-03-20 13:30:00,61.900001525878906,61.60110855102539
stock_provided,finance,tabpfn_ts,0006.HK_1h,2026-03-20 14:30:00,61.900001525878906,61.60036087036133
stock_provided,finance,tabpfn_ts,0006.HK_1h,2026-03-20 15:30:00,61.79999923706055,61.59785079956055
