dataset,domain,model,unique_id,ds,y,y_hat
synthetic_energy,energy,dummy_mean,energy_0,2024-01-09 00:00:00,13.839999999999995,11.910000000000002
synthetic_energy,energy,dummy_mean,energy_0,2024-01-09 01:00:00,14.5070476127563,11.910000000000002
synthetic_energy,energy,dummy_mean,energy_0,2024-01-09 02:00:00,15.129999999999985,11.910000000000002
synthetic_energy,energy,dummy_mean,energy_0,2024-01-09 03:00:00,15.66776695296636,11.910000000000002
synthetic_energy,energy,dummy_mean,energy_0,2024-01-09 04:00:00,16.085063509461094,11.910000000000002
synthetic_energy,energy,dummy_mean,energy_0,2024-01-09 05:00:00,16.354814565722666,11.910000000000002
synthetic_energy,energy,dummy_mean,energy_0,2024-01-09 06:00:00,16.46,11.910000000000002
synthetic_energy,energy,dummy_mean,energy_0,2024-01-09 07:00:00,16.39481456572267,11.910000000000002
synthetic_energy,energy,dummy_mean,energy_0,2024-01-09 08:00:00,16.165063509461092,11.910000000000002
synthetic_energy,energy,dummy_mean,energy_0,2024-01-09 09:00:00,15.787766952966376,11.910000000000002
synthetic_energy,energy,dummy_mean,energy_0,2024-01-09 10:00:00,15.290000000000003,11.910000000000002
synthetic_energy,energy,dummy_mean,energy_0,2024-01-09 11:00:00,14.707047612756302,11.910000000000002
synthetic_energy,energy,dummy_mean,energy_0,2024-01-09 12:00:00,14.080000000000014,11.910000000000002
synthetic_energy,energy,dummy_mean,energy_0,2024-01-09 13:00:00,13.452952387243707,11.910000000000002
synthetic_energy,energy,dummy_mean,energy_0,2024-01-09 14:00:00,12.870000000000005,11.910000000000002
synthetic_energy,energy,dummy_mean,energy_0,2024-01-09 15:00:00,12.372233047033646,11.910000000000002
synthetic_energy,energy,dummy_mean,energy_0,2024-01-09 16:00:00,11.994936490538903,11.910000000000002
synthetic_energy,energy,dummy_mean,energy_0,2024-01-09 17:00:00,11.765185434277328,11.910000000000002
synthetic_energy,energy,dummy_mean,energy_0,2024-01-09 18:00:00,11.7,11.910000000000002
synthetic_energy,energy,dummy_mean,energy_0,2024-01-09 19:00:00,11.805185434277327,11.910000000000002
synthetic_energy,energy,dummy_mean,energy_0,2024-01-09 20:00:00,12.074936490538903,11.910000000000002
synthetic_energy,energy,dummy_mean,energy_0,2024-01-09 21:00:00,12.492233047033633,11.910000000000002
synthetic_energy,energy,dummy_mean,energy_0,2024-01-09 22:00:00,13.02999999999999,11.910000000000002
synthetic_energy,energy,dummy_mean,energy_0,2024-01-09 23:00:00,13.65295238724369,11.910000000000002
synthetic_energy,energy,dummy_mean,energy_0,2024-01-10 00:00:00,14.319999999999995,11.910000000000002
synthetic_energy,energy,dummy_mean,energy_0,2024-01-10 01:00:00,14.987047612756283,11.910000000000002
synthetic_energy,energy,dummy_mean,energy_0,2024-01-10 02:00:00,15.609999999999985,11.910000000000002
synthetic_energy,energy,dummy_mean,energy_0,2024-01-10 03:00:00,16.14776695296637,11.910000000000002
synthetic_energy,energy,dummy_mean,energy_0,2024-01-10 04:00:00,16.5650635094611,11.910000000000002
synthetic_energy,energy,dummy_mean,energy_0,2024-01-10 05:00:00,16.834814565722667,11.910000000000002
synthetic_energy,energy,dummy_mean,energy_0,2024-01-10 06:00:00,16.94,11.910000000000002
synthetic_energy,energy,dummy_mean,energy_0,2024-01-10 07:00:00,16.87481456572267,11.910000000000002
synthetic_energy,energy,dummy_mean,energy_0,2024-01-10 08:00:00,16.645063509461103,11.910000000000002
synthetic_energy,energy,dummy_mean,energy_0,2024-01-10 09:00:00,16.267766952966376,11.910000000000002
synthetic_energy,energy,dummy_mean,energy_0,2024-01-10 10:00:00,15.770000000000003,11.910000000000002
synthetic_energy,energy,dummy_mean,energy_0,2024-01-10 11:00:00,15.18704761275632,11.910000000000002
synthetic_energy,energy,dummy_mean,energy_0,2024-01-10 12:00:00,14.560000000000015,11.910000000000002
synthetic_energy,energy,dummy_mean,energy_0,2024-01-10 13:00:00,13.93295238724371,11.910000000000002
synthetic_energy,energy,dummy_mean,energy_0,2024-01-10 14:00:00,13.34999999999999,11.910000000000002
synthetic_energy,energy,dummy_mean,energy_0,2024-01-10 15:00:00,12.852233047033636,11.910000000000002
synthetic_energy,energy,dummy_mean,energy_0,2024-01-10 16:00:00,12.474936490538903,11.910000000000002
synthetic_energy,energy,dummy_mean,energy_0,2024-01-10 17:00:00,12.245185434277328,11.910000000000002
synthetic_energy,energy,dummy_mean,energy_0,2024-01-10 18:00:00,12.18,11.910000000000002
synthetic_energy,energy,dummy_mean,energy_0,2024-01-10 19:00:00,12.285185434277327,11.910000000000002
synthetic_energy,energy,dummy_mean,energy_0,2024-01-10 20:00:00,12.554936490538902,11.910000000000002
synthetic_energy,energy,dummy_mean,energy_0,2024-01-10 21:00:00,12.972233047033619,11.910000000000002
synthetic_energy,energy,dummy_mean,energy_0,2024-01-10 22:00:00,13.50999999999999,11.910000000000002
synthetic_energy,energy,dummy_mean,energy_0,2024-01-10 23:00:00,14.132952387243687,11.910000000000002
synthetic_energy,energy,dummy_mean,energy_1,2024-01-09 00:00:00,14.839999999999995,12.910000000000002
synthetic_energy,energy,dummy_mean,energy_1,2024-01-09 01:00:00,15.5070476127563,12.910000000000002
synthetic_energy,energy,dummy_mean,energy_1,2024-01-09 02:00:00,16.129999999999985,12.910000000000002
synthetic_energy,energy,dummy_mean,energy_1,2024-01-09 03:00:00,16.66776695296636,12.910000000000002
synthetic_energy,energy,dummy_mean,energy_1,2024-01-09 04:00:00,17.085063509461094,12.910000000000002
synthetic_energy,energy,dummy_mean,energy_1,2024-01-09 05:00:00,17.354814565722666,12.910000000000002
synthetic_energy,energy,dummy_mean,energy_1,2024-01-09 06:00:00,17.46,12.910000000000002
synthetic_energy,energy,dummy_mean,energy_1,2024-01-09 07:00:00,17.39481456572267,12.910000000000002
synthetic_energy,energy,dummy_mean,energy_1,2024-01-09 08:00:00,17.165063509461092,12.910000000000002
synthetic_energy,energy,dummy_mean,energy_1,2024-01-09 09:00:00,16.787766952966376,12.910000000000002
synthetic_energy,energy,dummy_mean,energy_1,2024-01-09 10:00:00,16.290000000000003,12.910000000000002
synthetic_energy,energy,dummy_mean,energy_1,2024-01-09 11:00:00,15.707047612756302,12.910000000000002
synthetic_energy,energy,dummy_mean,energy_1,2024-01-09 12:00:00,15.080000000000014,12.910000000000002
synthetic_energy,energy,dummy_mean,energy_1,2024-01-09 13:00:00,14.452952387243707,12.910000000000002
synthetic_energy,energy,dummy_mean,energy_1,2024-01-09 14:00:00,13.870000000000005,12.910000000000002
synthetic_energy,energy,dummy_mean,energy_1,2024-01-09 15:00:00,13.372233047033646,12.910000000000002
synthetic_energy,energy,dummy_mean,energy_1,2024-01-09 16:00:00,12.994936490538903,12.910000000000002
synthetic_energy,energy,dummy_mean,energy_1,2024-01-09 17:00:00,12.765185434277328,12.910000000000002
synthetic_energy,energy,dummy_mean,energy_1,2024-01-09 18:00:00,12.7,12.910000000000002
synthetic_energy,energy,dummy_mean,energy_1,2024-01-09 19:00:00,12.805185434277327,12.910000000000002
synthetic_energy,energy,dummy_mean,energy_1,2024-01-09 20:00:00,13.074936490538903,12.910000000000002
synthetic_energy,energy,dummy_mean,energy_1,2024-01-09 21:00:00,13.492233047033633,12.910000000000002
synthetic_energy,energy,dummy_mean,energy_1,2024-01-09 22:00:00,14.02999999999999,12.910000000000002
synthetic_energy,energy,dummy_mean,energy_1,2024-01-09 23:00:00,14.65295238724369,12.910000000000002
synthetic_energy,energy,dummy_mean,energy_1,2024-01-10 00:00:00,15.319999999999995,12.910000000000002
synthetic_energy,energy,dummy_mean,energy_1,2024-01-10 01:00:00,15.987047612756283,12.910000000000002
synthetic_energy,energy,dummy_mean,energy_1,2024-01-10 02:00:00,16.609999999999985,12.910000000000002
synthetic_energy,energy,dummy_mean,energy_1,2024-01-10 03:00:00,17.14776695296637,12.910000000000002
synthetic_energy,energy,dummy_mean,energy_1,2024-01-10 04:00:00,17.5650635094611,12.910000000000002
synthetic_energy,energy,dummy_mean,energy_1,2024-01-10 05:00:00,17.834814565722667,12.910000000000002
synthetic_energy,energy,dummy_mean,energy_1,2024-01-10 06:00:00,17.94,12.910000000000002
synthetic_energy,energy,dummy_mean,energy_1,2024-01-10 07:00:00,17.87481456572267,12.910000000000002
synthetic_energy,energy,dummy_mean,energy_1,2024-01-10 08:00:00,17.645063509461103,12.910000000000002
synthetic_energy,energy,dummy_mean,energy_1,2024-01-10 09:00:00,17.267766952966376,12.910000000000002
synthetic_energy,energy,dummy_mean,energy_1,2024-01-10 10:00:00,16.770000000000003,12.910000000000002
synthetic_energy,energy,dummy_mean,energy_1,2024-01-10 11:00:00,16.18704761275632,12.910000000000002
synthetic_energy,energy,dummy_mean,energy_1,2024-01-10 12:00:00,15.560000000000015,12.910000000000002
synthetic_energy,energy,dummy_mean,energy_1,2024-01-10 13:00:00,14.93295238724371,12.910000000000002
synthetic_energy,energy,dummy_mean,energy_1,2024-01-10 14:00:00,14.34999999999999,12.910000000000002
synthetic_energy,energy,dummy_mean,energy_1,2024-01-10 15:00:00,13.852233047033636,12.910000000000002
synthetic_energy,energy,dummy_mean,energy_1,2024-01-10 16:00:00,13.474936490538905,12.910000000000002
synthetic_energy,energy,dummy_mean,energy_1,2024-01-10 17:00:00,13.245185434277328,12.910000000000002
synthetic_energy,energy,dummy_mean,energy_1,2024-01-10 18:00:00,13.18,12.910000000000002
synthetic_energy,energy,dummy_mean,energy_1,2024-01-10 19:00:00,13.285185434277327,12.910000000000002
synthetic_energy,energy,dummy_mean,energy_1,2024-01-10 20:00:00,13.5549364905389,12.910000000000002
synthetic_energy,energy,dummy_mean,energy_1,2024-01-10 21:00:00,13.972233047033619,12.910000000000002
synthetic_energy,energy,dummy_mean,energy_1,2024-01-10 22:00:00,14.50999999999999,12.910000000000002
synthetic_energy,energy,dummy_mean,energy_1,2024-01-10 23:00:00,15.132952387243687,12.910000000000002
synthetic_energy,energy,dummy_mean,energy_2,2024-01-09 00:00:00,15.839999999999995,13.910000000000002
synthetic_energy,energy,dummy_mean,energy_2,2024-01-09 01:00:00,16.507047612756303,13.910000000000002
synthetic_energy,energy,dummy_mean,energy_2,2024-01-09 02:00:00,17.129999999999985,13.910000000000002
synthetic_energy,energy,dummy_mean,energy_2,2024-01-09 03:00:00,17.66776695296636,13.910000000000002
synthetic_energy,energy,dummy_mean,energy_2,2024-01-09 04:00:00,18.085063509461094,13.910000000000002
synthetic_energy,energy,dummy_mean,energy_2,2024-01-09 05:00:00,18.354814565722666,13.910000000000002
synthetic_energy,energy,dummy_mean,energy_2,2024-01-09 06:00:00,18.46,13.910000000000002
synthetic_energy,energy,dummy_mean,energy_2,2024-01-09 07:00:00,18.39481456572267,13.910000000000002
synthetic_energy,energy,dummy_mean,energy_2,2024-01-09 08:00:00,18.165063509461092,13.910000000000002
synthetic_energy,energy,dummy_mean,energy_2,2024-01-09 09:00:00,17.787766952966376,13.910000000000002
synthetic_energy,energy,dummy_mean,energy_2,2024-01-09 10:00:00,17.290000000000003,13.910000000000002
synthetic_energy,energy,dummy_mean,energy_2,2024-01-09 11:00:00,16.707047612756302,13.910000000000002
synthetic_energy,energy,dummy_mean,energy_2,2024-01-09 12:00:00,16.080000000000013,13.910000000000002
synthetic_energy,energy,dummy_mean,energy_2,2024-01-09 13:00:00,15.452952387243707,13.910000000000002
synthetic_energy,energy,dummy_mean,energy_2,2024-01-09 14:00:00,14.870000000000005,13.910000000000002
synthetic_energy,energy,dummy_mean,energy_2,2024-01-09 15:00:00,14.372233047033646,13.910000000000002
synthetic_energy,energy,dummy_mean,energy_2,2024-01-09 16:00:00,13.994936490538903,13.910000000000002
synthetic_energy,energy,dummy_mean,energy_2,2024-01-09 17:00:00,13.765185434277328,13.910000000000002
synthetic_energy,energy,dummy_mean,energy_2,2024-01-09 18:00:00,13.7,13.910000000000002
synthetic_energy,energy,dummy_mean,energy_2,2024-01-09 19:00:00,13.805185434277327,13.910000000000002
synthetic_energy,energy,dummy_mean,energy_2,2024-01-09 20:00:00,14.074936490538903,13.910000000000002
synthetic_energy,energy,dummy_mean,energy_2,2024-01-09 21:00:00,14.492233047033633,13.910000000000002
synthetic_energy,energy,dummy_mean,energy_2,2024-01-09 22:00:00,15.02999999999999,13.910000000000002
synthetic_energy,energy,dummy_mean,energy_2,2024-01-09 23:00:00,15.65295238724369,13.910000000000002
synthetic_energy,energy,dummy_mean,energy_2,2024-01-10 00:00:00,16.319999999999993,13.910000000000002
synthetic_energy,energy,dummy_mean,energy_2,2024-01-10 01:00:00,16.987047612756285,13.910000000000002
synthetic_energy,energy,dummy_mean,energy_2,2024-01-10 02:00:00,17.609999999999985,13.910000000000002
synthetic_energy,energy,dummy_mean,energy_2,2024-01-10 03:00:00,18.14776695296637,13.910000000000002
synthetic_energy,energy,dummy_mean,energy_2,2024-01-10 04:00:00,18.5650635094611,13.910000000000002
synthetic_energy,energy,dummy_mean,energy_2,2024-01-10 05:00:00,18.834814565722667,13.910000000000002
synthetic_energy,energy,dummy_mean,energy_2,2024-01-10 06:00:00,18.94,13.910000000000002
synthetic_energy,energy,dummy_mean,energy_2,2024-01-10 07:00:00,18.87481456572267,13.910000000000002
synthetic_energy,energy,dummy_mean,energy_2,2024-01-10 08:00:00,18.645063509461103,13.910000000000002
synthetic_energy,energy,dummy_mean,energy_2,2024-01-10 09:00:00,18.267766952966376,13.910000000000002
synthetic_energy,energy,dummy_mean,energy_2,2024-01-10 10:00:00,17.770000000000003,13.910000000000002
synthetic_energy,energy,dummy_mean,energy_2,2024-01-10 11:00:00,17.18704761275632,13.910000000000002
synthetic_energy,energy,dummy_mean,energy_2,2024-01-10 12:00:00,16.560000000000016,13.910000000000002
synthetic_energy,energy,dummy_mean,energy_2,2024-01-10 13:00:00,15.93295238724371,13.910000000000002
synthetic_energy,energy,dummy_mean,energy_2,2024-01-10 14:00:00,15.34999999999999,13.910000000000002
synthetic_energy,energy,dummy_mean,energy_2,2024-01-10 15:00:00,14.852233047033636,13.910000000000002
synthetic_energy,energy,dummy_mean,energy_2,2024-01-10 16:00:00,14.474936490538905,13.910000000000002
synthetic_energy,energy,dummy_mean,energy_2,2024-01-10 17:00:00,14.245185434277328,13.910000000000002
synthetic_energy,energy,dummy_mean,energy_2,2024-01-10 18:00:00,14.18,13.910000000000002
synthetic_energy,energy,dummy_mean,energy_2,2024-01-10 19:00:00,14.285185434277327,13.910000000000002
synthetic_energy,energy,dummy_mean,energy_2,2024-01-10 20:00:00,14.5549364905389,13.910000000000002
synthetic_energy,energy,dummy_mean,energy_2,2024-01-10 21:00:00,14.972233047033619,13.910000000000002
synthetic_energy,energy,dummy_mean,energy_2,2024-01-10 22:00:00,15.50999999999999,13.910000000000002
synthetic_energy,energy,dummy_mean,energy_2,2024-01-10 23:00:00,16.132952387243687,13.910000000000002
synthetic_energy,energy,seasonal_naive,energy_0,2024-01-09 00:00:00,13.839999999999995,13.359999999999996
synthetic_energy,energy,seasonal_naive,energy_0,2024-01-09 01:00:00,14.5070476127563,14.027047612756302
synthetic_energy,energy,seasonal_naive,energy_0,2024-01-09 02:00:00,15.129999999999985,14.650000000000004
synthetic_energy,energy,seasonal_naive,energy_0,2024-01-09 03:00:00,15.66776695296636,15.187766952966362
synthetic_energy,energy,seasonal_naive,energy_0,2024-01-09 04:00:00,16.085063509461094,15.605063509461091
synthetic_energy,energy,seasonal_naive,energy_0,2024-01-09 05:00:00,16.354814565722666,15.87481456572267
synthetic_energy,energy,seasonal_naive,energy_0,2024-01-09 06:00:00,16.46,15.98
synthetic_energy,energy,seasonal_naive,energy_0,2024-01-09 07:00:00,16.39481456572267,15.914814565722674
synthetic_energy,energy,seasonal_naive,energy_0,2024-01-09 08:00:00,16.165063509461092,15.685063509461102
synthetic_energy,energy,seasonal_naive,energy_0,2024-01-09 09:00:00,15.787766952966376,15.307766952966361
synthetic_energy,energy,seasonal_naive,energy_0,2024-01-09 10:00:00,15.290000000000003,14.810000000000004
synthetic_energy,energy,seasonal_naive,energy_0,2024-01-09 11:00:00,14.707047612756302,14.227047612756301
synthetic_energy,energy,seasonal_naive,energy_0,2024-01-09 12:00:00,14.080000000000014,13.599999999999996
synthetic_energy,energy,seasonal_naive,energy_0,2024-01-09 13:00:00,13.452952387243707,12.972952387243708
synthetic_energy,energy,seasonal_naive,energy_0,2024-01-09 14:00:00,12.870000000000005,12.390000000000006
synthetic_energy,energy,seasonal_naive,energy_0,2024-01-09 15:00:00,12.372233047033646,11.892233047033633
synthetic_energy,energy,seasonal_naive,energy_0,2024-01-09 16:00:00,11.994936490538903,11.514936490538911
synthetic_energy,energy,seasonal_naive,energy_0,2024-01-09 17:00:00,11.765185434277328,11.285185434277333
synthetic_energy,energy,seasonal_naive,energy_0,2024-01-09 18:00:00,11.7,11.22
synthetic_energy,energy,seasonal_naive,energy_0,2024-01-09 19:00:00,11.805185434277327,11.325185434277333
synthetic_energy,energy,seasonal_naive,energy_0,2024-01-09 20:00:00,12.074936490538903,11.594936490538903
synthetic_energy,energy,seasonal_naive,energy_0,2024-01-09 21:00:00,12.492233047033633,12.012233047033632
synthetic_energy,energy,seasonal_naive,energy_0,2024-01-09 22:00:00,13.02999999999999,12.550000000000006
synthetic_energy,energy,seasonal_naive,energy_0,2024-01-09 23:00:00,13.65295238724369,13.17295238724369
synthetic_energy,energy,seasonal_naive,energy_0,2024-01-10 00:00:00,14.319999999999995,13.359999999999996
synthetic_energy,energy,seasonal_naive,energy_0,2024-01-10 01:00:00,14.987047612756283,14.027047612756302
synthetic_energy,energy,seasonal_naive,energy_0,2024-01-10 02:00:00,15.609999999999985,14.650000000000004
synthetic_energy,energy,seasonal_naive,energy_0,2024-01-10 03:00:00,16.14776695296637,15.187766952966362
synthetic_energy,energy,seasonal_naive,energy_0,2024-01-10 04:00:00,16.5650635094611,15.605063509461091
synthetic_energy,energy,seasonal_naive,energy_0,2024-01-10 05:00:00,16.834814565722667,15.87481456572267
synthetic_energy,energy,seasonal_naive,energy_0,2024-01-10 06:00:00,16.94,15.98
synthetic_energy,energy,seasonal_naive,energy_0,2024-01-10 07:00:00,16.87481456572267,15.914814565722674
synthetic_energy,energy,seasonal_naive,energy_0,2024-01-10 08:00:00,16.645063509461103,15.685063509461102
synthetic_energy,energy,seasonal_naive,energy_0,2024-01-10 09:00:00,16.267766952966376,15.307766952966361
synthetic_energy,energy,seasonal_naive,energy_0,2024-01-10 10:00:00,15.770000000000003,14.810000000000004
synthetic_energy,energy,seasonal_naive,energy_0,2024-01-10 11:00:00,15.18704761275632,14.227047612756301
synthetic_energy,energy,seasonal_naive,energy_0,2024-01-10 12:00:00,14.560000000000015,13.599999999999996
synthetic_energy,energy,seasonal_naive,energy_0,2024-01-10 13:00:00,13.93295238724371,12.972952387243708
synthetic_energy,energy,seasonal_naive,energy_0,2024-01-10 14:00:00,13.34999999999999,12.390000000000006
synthetic_energy,energy,seasonal_naive,energy_0,2024-01-10 15:00:00,12.852233047033636,11.892233047033633
synthetic_energy,energy,seasonal_naive,energy_0,2024-01-10 16:00:00,12.474936490538903,11.514936490538911
synthetic_energy,energy,seasonal_naive,energy_0,2024-01-10 17:00:00,12.245185434277328,11.285185434277333
synthetic_energy,energy,seasonal_naive,energy_0,2024-01-10 18:00:00,12.18,11.22
synthetic_energy,energy,seasonal_naive,energy_0,2024-01-10 19:00:00,12.285185434277327,11.325185434277333
synthetic_energy,energy,seasonal_naive,energy_0,2024-01-10 20:00:00,12.554936490538902,11.594936490538903
synthetic_energy,energy,seasonal_naive,energy_0,2024-01-10 21:00:00,12.972233047033619,12.012233047033632
synthetic_energy,energy,seasonal_naive,energy_0,2024-01-10 22:00:00,13.50999999999999,12.550000000000006
synthetic_energy,energy,seasonal_naive,energy_0,2024-01-10 23:00:00,14.132952387243687,13.17295238724369
synthetic_energy,energy,seasonal_naive,energy_1,2024-01-09 00:00:00,14.839999999999995,14.359999999999996
synthetic_energy,energy,seasonal_naive,energy_1,2024-01-09 01:00:00,15.5070476127563,15.027047612756302
synthetic_energy,energy,seasonal_naive,energy_1,2024-01-09 02:00:00,16.129999999999985,15.650000000000004
synthetic_energy,energy,seasonal_naive,energy_1,2024-01-09 03:00:00,16.66776695296636,16.187766952966363
synthetic_energy,energy,seasonal_naive,energy_1,2024-01-09 04:00:00,17.085063509461094,16.605063509461093
synthetic_energy,energy,seasonal_naive,energy_1,2024-01-09 05:00:00,17.354814565722666,16.87481456572267
synthetic_energy,energy,seasonal_naive,energy_1,2024-01-09 06:00:00,17.46,16.98
synthetic_energy,energy,seasonal_naive,energy_1,2024-01-09 07:00:00,17.39481456572267,16.914814565722672
synthetic_energy,energy,seasonal_naive,energy_1,2024-01-09 08:00:00,17.165063509461092,16.685063509461102
synthetic_energy,energy,seasonal_naive,energy_1,2024-01-09 09:00:00,16.787766952966376,16.30776695296636
synthetic_energy,energy,seasonal_naive,energy_1,2024-01-09 10:00:00,16.290000000000003,15.810000000000004
synthetic_energy,energy,seasonal_naive,energy_1,2024-01-09 11:00:00,15.707047612756302,15.227047612756301
synthetic_energy,energy,seasonal_naive,energy_1,2024-01-09 12:00:00,15.080000000000014,14.599999999999996
synthetic_energy,energy,seasonal_naive,energy_1,2024-01-09 13:00:00,14.452952387243707,13.972952387243708
synthetic_energy,energy,seasonal_naive,energy_1,2024-01-09 14:00:00,13.870000000000005,13.390000000000006
synthetic_energy,energy,seasonal_naive,energy_1,2024-01-09 15:00:00,13.372233047033646,12.892233047033633
synthetic_energy,energy,seasonal_naive,energy_1,2024-01-09 16:00:00,12.994936490538903,12.514936490538911
synthetic_energy,energy,seasonal_naive,energy_1,2024-01-09 17:00:00,12.765185434277328,12.28518543427733
synthetic_energy,energy,seasonal_naive,energy_1,2024-01-09 18:00:00,12.7,12.22
synthetic_energy,energy,seasonal_naive,energy_1,2024-01-09 19:00:00,12.805185434277327,12.325185434277332
synthetic_energy,energy,seasonal_naive,energy_1,2024-01-09 20:00:00,13.074936490538903,12.594936490538903
synthetic_energy,energy,seasonal_naive,energy_1,2024-01-09 21:00:00,13.492233047033633,13.012233047033632
synthetic_energy,energy,seasonal_naive,energy_1,2024-01-09 22:00:00,14.02999999999999,13.550000000000006
synthetic_energy,energy,seasonal_naive,energy_1,2024-01-09 23:00:00,14.65295238724369,14.17295238724369
synthetic_energy,energy,seasonal_naive,energy_1,2024-01-10 00:00:00,15.319999999999995,14.359999999999996
synthetic_energy,energy,seasonal_naive,energy_1,2024-01-10 01:00:00,15.987047612756283,15.027047612756302
synthetic_energy,energy,seasonal_naive,energy_1,2024-01-10 02:00:00,16.609999999999985,15.650000000000004
synthetic_energy,energy,seasonal_naive,energy_1,2024-01-10 03:00:00,17.14776695296637,16.187766952966363
synthetic_energy,energy,seasonal_naive,energy_1,2024-01-10 04:00:00,17.5650635094611,16.605063509461093
synthetic_energy,energy,seasonal_naive,energy_1,2024-01-10 05:00:00,17.834814565722667,16.87481456572267
synthetic_energy,energy,seasonal_naive,energy_1,2024-01-10 06:00:00,17.94,16.98
synthetic_energy,energy,seasonal_naive,energy_1,2024-01-10 07:00:00,17.87481456572267,16.914814565722672
synthetic_energy,energy,seasonal_naive,energy_1,2024-01-10 08:00:00,17.645063509461103,16.685063509461102
synthetic_energy,energy,seasonal_naive,energy_1,2024-01-10 09:00:00,17.267766952966376,16.30776695296636
synthetic_energy,energy,seasonal_naive,energy_1,2024-01-10 10:00:00,16.770000000000003,15.810000000000004
synthetic_energy,energy,seasonal_naive,energy_1,2024-01-10 11:00:00,16.18704761275632,15.227047612756301
synthetic_energy,energy,seasonal_naive,energy_1,2024-01-10 12:00:00,15.560000000000015,14.599999999999996
synthetic_energy,energy,seasonal_naive,energy_1,2024-01-10 13:00:00,14.93295238724371,13.972952387243708
synthetic_energy,energy,seasonal_naive,energy_1,2024-01-10 14:00:00,14.34999999999999,13.390000000000006
synthetic_energy,energy,seasonal_naive,energy_1,2024-01-10 15:00:00,13.852233047033636,12.892233047033633
synthetic_energy,energy,seasonal_naive,energy_1,2024-01-10 16:00:00,13.474936490538905,12.514936490538911
synthetic_energy,energy,seasonal_naive,energy_1,2024-01-10 17:00:00,13.245185434277328,12.28518543427733
synthetic_energy,energy,seasonal_naive,energy_1,2024-01-10 18:00:00,13.18,12.22
synthetic_energy,energy,seasonal_naive,energy_1,2024-01-10 19:00:00,13.285185434277327,12.325185434277332
synthetic_energy,energy,seasonal_naive,energy_1,2024-01-10 20:00:00,13.5549364905389,12.594936490538903
synthetic_energy,energy,seasonal_naive,energy_1,2024-01-10 21:00:00,13.972233047033619,13.012233047033632
synthetic_energy,energy,seasonal_naive,energy_1,2024-01-10 22:00:00,14.50999999999999,13.550000000000006
synthetic_energy,energy,seasonal_naive,energy_1,2024-01-10 23:00:00,15.132952387243687,14.17295238724369
synthetic_energy,energy,seasonal_naive,energy_2,2024-01-09 00:00:00,15.839999999999995,15.359999999999996
synthetic_energy,energy,seasonal_naive,energy_2,2024-01-09 01:00:00,16.507047612756303,16.027047612756302
synthetic_energy,energy,seasonal_naive,energy_2,2024-01-09 02:00:00,17.129999999999985,16.650000000000002
synthetic_energy,energy,seasonal_naive,energy_2,2024-01-09 03:00:00,17.66776695296636,17.187766952966363
synthetic_energy,energy,seasonal_naive,energy_2,2024-01-09 04:00:00,18.085063509461094,17.605063509461093
synthetic_energy,energy,seasonal_naive,energy_2,2024-01-09 05:00:00,18.354814565722666,17.87481456572267
synthetic_energy,energy,seasonal_naive,energy_2,2024-01-09 06:00:00,18.46,17.98
synthetic_energy,energy,seasonal_naive,energy_2,2024-01-09 07:00:00,18.39481456572267,17.914814565722672
synthetic_energy,energy,seasonal_naive,energy_2,2024-01-09 08:00:00,18.165063509461092,17.685063509461102
synthetic_energy,energy,seasonal_naive,energy_2,2024-01-09 09:00:00,17.787766952966376,17.30776695296636
synthetic_energy,energy,seasonal_naive,energy_2,2024-01-09 10:00:00,17.290000000000003,16.810000000000002
synthetic_energy,energy,seasonal_naive,energy_2,2024-01-09 11:00:00,16.707047612756302,16.2270476127563
synthetic_energy,energy,seasonal_naive,energy_2,2024-01-09 12:00:00,16.080000000000013,15.599999999999996
synthetic_energy,energy,seasonal_naive,energy_2,2024-01-09 13:00:00,15.452952387243707,14.972952387243708
synthetic_energy,energy,seasonal_naive,energy_2,2024-01-09 14:00:00,14.870000000000005,14.390000000000006
synthetic_energy,energy,seasonal_naive,energy_2,2024-01-09 15:00:00,14.372233047033646,13.892233047033633
synthetic_energy,energy,seasonal_naive,energy_2,2024-01-09 16:00:00,13.994936490538903,13.514936490538911
synthetic_energy,energy,seasonal_naive,energy_2,2024-01-09 17:00:00,13.765185434277328,13.28518543427733
synthetic_energy,energy,seasonal_naive,energy_2,2024-01-09 18:00:00,13.7,13.22
synthetic_energy,energy,seasonal_naive,energy_2,2024-01-09 19:00:00,13.805185434277327,13.325185434277332
synthetic_energy,energy,seasonal_naive,energy_2,2024-01-09 20:00:00,14.074936490538903,13.594936490538903
synthetic_energy,energy,seasonal_naive,energy_2,2024-01-09 21:00:00,14.492233047033633,14.012233047033632
synthetic_energy,energy,seasonal_naive,energy_2,2024-01-09 22:00:00,15.02999999999999,14.550000000000006
synthetic_energy,energy,seasonal_naive,energy_2,2024-01-09 23:00:00,15.65295238724369,15.17295238724369
synthetic_energy,energy,seasonal_naive,energy_2,2024-01-10 00:00:00,16.319999999999993,15.359999999999996
synthetic_energy,energy,seasonal_naive,energy_2,2024-01-10 01:00:00,16.987047612756285,16.027047612756302
synthetic_energy,energy,seasonal_naive,energy_2,2024-01-10 02:00:00,17.609999999999985,16.650000000000002
synthetic_energy,energy,seasonal_naive,energy_2,2024-01-10 03:00:00,18.14776695296637,17.187766952966363
synthetic_energy,energy,seasonal_naive,energy_2,2024-01-10 04:00:00,18.5650635094611,17.605063509461093
synthetic_energy,energy,seasonal_naive,energy_2,2024-01-10 05:00:00,18.834814565722667,17.87481456572267
synthetic_energy,energy,seasonal_naive,energy_2,2024-01-10 06:00:00,18.94,17.98
synthetic_energy,energy,seasonal_naive,energy_2,2024-01-10 07:00:00,18.87481456572267,17.914814565722672
synthetic_energy,energy,seasonal_naive,energy_2,2024-01-10 08:00:00,18.645063509461103,17.685063509461102
synthetic_energy,energy,seasonal_naive,energy_2,2024-01-10 09:00:00,18.267766952966376,17.30776695296636
synthetic_energy,energy,seasonal_naive,energy_2,2024-01-10 10:00:00,17.770000000000003,16.810000000000002
synthetic_energy,energy,seasonal_naive,energy_2,2024-01-10 11:00:00,17.18704761275632,16.2270476127563
synthetic_energy,energy,seasonal_naive,energy_2,2024-01-10 12:00:00,16.560000000000016,15.599999999999996
synthetic_energy,energy,seasonal_naive,energy_2,2024-01-10 13:00:00,15.93295238724371,14.972952387243708
synthetic_energy,energy,seasonal_naive,energy_2,2024-01-10 14:00:00,15.34999999999999,14.390000000000006
synthetic_energy,energy,seasonal_naive,energy_2,2024-01-10 15:00:00,14.852233047033636,13.892233047033633
synthetic_energy,energy,seasonal_naive,energy_2,2024-01-10 16:00:00,14.474936490538905,13.514936490538911
synthetic_energy,energy,seasonal_naive,energy_2,2024-01-10 17:00:00,14.245185434277328,13.28518543427733
synthetic_energy,energy,seasonal_naive,energy_2,2024-01-10 18:00:00,14.18,13.22
synthetic_energy,energy,seasonal_naive,energy_2,2024-01-10 19:00:00,14.285185434277327,13.325185434277332
synthetic_energy,energy,seasonal_naive,energy_2,2024-01-10 20:00:00,14.5549364905389,13.594936490538903
synthetic_energy,energy,seasonal_naive,energy_2,2024-01-10 21:00:00,14.972233047033619,14.012233047033632
synthetic_energy,energy,seasonal_naive,energy_2,2024-01-10 22:00:00,15.50999999999999,14.550000000000006
synthetic_energy,energy,seasonal_naive,energy_2,2024-01-10 23:00:00,16.132952387243687,15.17295238724369
synthetic_energy,energy,moving_average,energy_0,2024-01-09 00:00:00,13.839999999999995,13.35
synthetic_energy,energy,moving_average,energy_0,2024-01-09 01:00:00,14.5070476127563,13.35
synthetic_energy,energy,moving_average,energy_0,2024-01-09 02:00:00,15.129999999999985,13.35
synthetic_energy,energy,moving_average,energy_0,2024-01-09 03:00:00,15.66776695296636,13.35
synthetic_energy,energy,moving_average,energy_0,2024-01-09 04:00:00,16.085063509461094,13.35
synthetic_energy,energy,moving_average,energy_0,2024-01-09 05:00:00,16.354814565722666,13.35
synthetic_energy,energy,moving_average,energy_0,2024-01-09 06:00:00,16.46,13.35
synthetic_energy,energy,moving_average,energy_0,2024-01-09 07:00:00,16.39481456572267,13.35
synthetic_energy,energy,moving_average,energy_0,2024-01-09 08:00:00,16.165063509461092,13.35
synthetic_energy,energy,moving_average,energy_0,2024-01-09 09:00:00,15.787766952966376,13.35
synthetic_energy,energy,moving_average,energy_0,2024-01-09 10:00:00,15.290000000000003,13.35
synthetic_energy,energy,moving_average,energy_0,2024-01-09 11:00:00,14.707047612756302,13.35
synthetic_energy,energy,moving_average,energy_0,2024-01-09 12:00:00,14.080000000000014,13.35
synthetic_energy,energy,moving_average,energy_0,2024-01-09 13:00:00,13.452952387243707,13.35
synthetic_energy,energy,moving_average,energy_0,2024-01-09 14:00:00,12.870000000000005,13.35
synthetic_energy,energy,moving_average,energy_0,2024-01-09 15:00:00,12.372233047033646,13.35
synthetic_energy,energy,moving_average,energy_0,2024-01-09 16:00:00,11.994936490538903,13.35
synthetic_energy,energy,moving_average,energy_0,2024-01-09 17:00:00,11.765185434277328,13.35
synthetic_energy,energy,moving_average,energy_0,2024-01-09 18:00:00,11.7,13.35
synthetic_energy,energy,moving_average,energy_0,2024-01-09 19:00:00,11.805185434277327,13.35
synthetic_energy,energy,moving_average,energy_0,2024-01-09 20:00:00,12.074936490538903,13.35
synthetic_energy,energy,moving_average,energy_0,2024-01-09 21:00:00,12.492233047033633,13.35
synthetic_energy,energy,moving_average,energy_0,2024-01-09 22:00:00,13.02999999999999,13.35
synthetic_energy,energy,moving_average,energy_0,2024-01-09 23:00:00,13.65295238724369,13.35
synthetic_energy,energy,moving_average,energy_0,2024-01-10 00:00:00,14.319999999999995,13.35
synthetic_energy,energy,moving_average,energy_0,2024-01-10 01:00:00,14.987047612756283,13.35
synthetic_energy,energy,moving_average,energy_0,2024-01-10 02:00:00,15.609999999999985,13.35
synthetic_energy,energy,moving_average,energy_0,2024-01-10 03:00:00,16.14776695296637,13.35
synthetic_energy,energy,moving_average,energy_0,2024-01-10 04:00:00,16.5650635094611,13.35
synthetic_energy,energy,moving_average,energy_0,2024-01-10 05:00:00,16.834814565722667,13.35
synthetic_energy,energy,moving_average,energy_0,2024-01-10 06:00:00,16.94,13.35
synthetic_energy,energy,moving_average,energy_0,2024-01-10 07:00:00,16.87481456572267,13.35
synthetic_energy,energy,moving_average,energy_0,2024-01-10 08:00:00,16.645063509461103,13.35
synthetic_energy,energy,moving_average,energy_0,2024-01-10 09:00:00,16.267766952966376,13.35
synthetic_energy,energy,moving_average,energy_0,2024-01-10 10:00:00,15.770000000000003,13.35
synthetic_energy,energy,moving_average,energy_0,2024-01-10 11:00:00,15.18704761275632,13.35
synthetic_energy,energy,moving_average,energy_0,2024-01-10 12:00:00,14.560000000000015,13.35
synthetic_energy,energy,moving_average,energy_0,2024-01-10 13:00:00,13.93295238724371,13.35
synthetic_energy,energy,moving_average,energy_0,2024-01-10 14:00:00,13.34999999999999,13.35
synthetic_energy,energy,moving_average,energy_0,2024-01-10 15:00:00,12.852233047033636,13.35
synthetic_energy,energy,moving_average,energy_0,2024-01-10 16:00:00,12.474936490538903,13.35
synthetic_energy,energy,moving_average,energy_0,2024-01-10 17:00:00,12.245185434277328,13.35
synthetic_energy,energy,moving_average,energy_0,2024-01-10 18:00:00,12.18,13.35
synthetic_energy,energy,moving_average,energy_0,2024-01-10 19:00:00,12.285185434277327,13.35
synthetic_energy,energy,moving_average,energy_0,2024-01-10 20:00:00,12.554936490538902,13.35
synthetic_energy,energy,moving_average,energy_0,2024-01-10 21:00:00,12.972233047033619,13.35
synthetic_energy,energy,moving_average,energy_0,2024-01-10 22:00:00,13.50999999999999,13.35
synthetic_energy,energy,moving_average,energy_0,2024-01-10 23:00:00,14.132952387243687,13.35
synthetic_energy,energy,moving_average,energy_1,2024-01-09 00:00:00,14.839999999999995,14.35
synthetic_energy,energy,moving_average,energy_1,2024-01-09 01:00:00,15.5070476127563,14.35
synthetic_energy,energy,moving_average,energy_1,2024-01-09 02:00:00,16.129999999999985,14.35
synthetic_energy,energy,moving_average,energy_1,2024-01-09 03:00:00,16.66776695296636,14.35
synthetic_energy,energy,moving_average,energy_1,2024-01-09 04:00:00,17.085063509461094,14.35
synthetic_energy,energy,moving_average,energy_1,2024-01-09 05:00:00,17.354814565722666,14.35
synthetic_energy,energy,moving_average,energy_1,2024-01-09 06:00:00,17.46,14.35
synthetic_energy,energy,moving_average,energy_1,2024-01-09 07:00:00,17.39481456572267,14.35
synthetic_energy,energy,moving_average,energy_1,2024-01-09 08:00:00,17.165063509461092,14.35
synthetic_energy,energy,moving_average,energy_1,2024-01-09 09:00:00,16.787766952966376,14.35
synthetic_energy,energy,moving_average,energy_1,2024-01-09 10:00:00,16.290000000000003,14.35
synthetic_energy,energy,moving_average,energy_1,2024-01-09 11:00:00,15.707047612756302,14.35
synthetic_energy,energy,moving_average,energy_1,2024-01-09 12:00:00,15.080000000000014,14.35
synthetic_energy,energy,moving_average,energy_1,2024-01-09 13:00:00,14.452952387243707,14.35
synthetic_energy,energy,moving_average,energy_1,2024-01-09 14:00:00,13.870000000000005,14.35
synthetic_energy,energy,moving_average,energy_1,2024-01-09 15:00:00,13.372233047033646,14.35
synthetic_energy,energy,moving_average,energy_1,2024-01-09 16:00:00,12.994936490538903,14.35
synthetic_energy,energy,moving_average,energy_1,2024-01-09 17:00:00,12.765185434277328,14.35
synthetic_energy,energy,moving_average,energy_1,2024-01-09 18:00:00,12.7,14.35
synthetic_energy,energy,moving_average,energy_1,2024-01-09 19:00:00,12.805185434277327,14.35
synthetic_energy,energy,moving_average,energy_1,2024-01-09 20:00:00,13.074936490538903,14.35
synthetic_energy,energy,moving_average,energy_1,2024-01-09 21:00:00,13.492233047033633,14.35
synthetic_energy,energy,moving_average,energy_1,2024-01-09 22:00:00,14.02999999999999,14.35
synthetic_energy,energy,moving_average,energy_1,2024-01-09 23:00:00,14.65295238724369,14.35
synthetic_energy,energy,moving_average,energy_1,2024-01-10 00:00:00,15.319999999999995,14.35
synthetic_energy,energy,moving_average,energy_1,2024-01-10 01:00:00,15.987047612756283,14.35
synthetic_energy,energy,moving_average,energy_1,2024-01-10 02:00:00,16.609999999999985,14.35
synthetic_energy,energy,moving_average,energy_1,2024-01-10 03:00:00,17.14776695296637,14.35
synthetic_energy,energy,moving_average,energy_1,2024-01-10 04:00:00,17.5650635094611,14.35
synthetic_energy,energy,moving_average,energy_1,2024-01-10 05:00:00,17.834814565722667,14.35
synthetic_energy,energy,moving_average,energy_1,2024-01-10 06:00:00,17.94,14.35
synthetic_energy,energy,moving_average,energy_1,2024-01-10 07:00:00,17.87481456572267,14.35
synthetic_energy,energy,moving_average,energy_1,2024-01-10 08:00:00,17.645063509461103,14.35
synthetic_energy,energy,moving_average,energy_1,2024-01-10 09:00:00,17.267766952966376,14.35
synthetic_energy,energy,moving_average,energy_1,2024-01-10 10:00:00,16.770000000000003,14.35
synthetic_energy,energy,moving_average,energy_1,2024-01-10 11:00:00,16.18704761275632,14.35
synthetic_energy,energy,moving_average,energy_1,2024-01-10 12:00:00,15.560000000000015,14.35
synthetic_energy,energy,moving_average,energy_1,2024-01-10 13:00:00,14.93295238724371,14.35
synthetic_energy,energy,moving_average,energy_1,2024-01-10 14:00:00,14.34999999999999,14.35
synthetic_energy,energy,moving_average,energy_1,2024-01-10 15:00:00,13.852233047033636,14.35
synthetic_energy,energy,moving_average,energy_1,2024-01-10 16:00:00,13.474936490538905,14.35
synthetic_energy,energy,moving_average,energy_1,2024-01-10 17:00:00,13.245185434277328,14.35
synthetic_energy,energy,moving_average,energy_1,2024-01-10 18:00:00,13.18,14.35
synthetic_energy,energy,moving_average,energy_1,2024-01-10 19:00:00,13.285185434277327,14.35
synthetic_energy,energy,moving_average,energy_1,2024-01-10 20:00:00,13.5549364905389,14.35
synthetic_energy,energy,moving_average,energy_1,2024-01-10 21:00:00,13.972233047033619,14.35
synthetic_energy,energy,moving_average,energy_1,2024-01-10 22:00:00,14.50999999999999,14.35
synthetic_energy,energy,moving_average,energy_1,2024-01-10 23:00:00,15.132952387243687,14.35
synthetic_energy,energy,moving_average,energy_2,2024-01-09 00:00:00,15.839999999999995,15.35
synthetic_energy,energy,moving_average,energy_2,2024-01-09 01:00:00,16.507047612756303,15.35
synthetic_energy,energy,moving_average,energy_2,2024-01-09 02:00:00,17.129999999999985,15.35
synthetic_energy,energy,moving_average,energy_2,2024-01-09 03:00:00,17.66776695296636,15.35
synthetic_energy,energy,moving_average,energy_2,2024-01-09 04:00:00,18.085063509461094,15.35
synthetic_energy,energy,moving_average,energy_2,2024-01-09 05:00:00,18.354814565722666,15.35
synthetic_energy,energy,moving_average,energy_2,2024-01-09 06:00:00,18.46,15.35
synthetic_energy,energy,moving_average,energy_2,2024-01-09 07:00:00,18.39481456572267,15.35
synthetic_energy,energy,moving_average,energy_2,2024-01-09 08:00:00,18.165063509461092,15.35
synthetic_energy,energy,moving_average,energy_2,2024-01-09 09:00:00,17.787766952966376,15.35
synthetic_energy,energy,moving_average,energy_2,2024-01-09 10:00:00,17.290000000000003,15.35
synthetic_energy,energy,moving_average,energy_2,2024-01-09 11:00:00,16.707047612756302,15.35
synthetic_energy,energy,moving_average,energy_2,2024-01-09 12:00:00,16.080000000000013,15.35
synthetic_energy,energy,moving_average,energy_2,2024-01-09 13:00:00,15.452952387243707,15.35
synthetic_energy,energy,moving_average,energy_2,2024-01-09 14:00:00,14.870000000000005,15.35
synthetic_energy,energy,moving_average,energy_2,2024-01-09 15:00:00,14.372233047033646,15.35
synthetic_energy,energy,moving_average,energy_2,2024-01-09 16:00:00,13.994936490538903,15.35
synthetic_energy,energy,moving_average,energy_2,2024-01-09 17:00:00,13.765185434277328,15.35
synthetic_energy,energy,moving_average,energy_2,2024-01-09 18:00:00,13.7,15.35
synthetic_energy,energy,moving_average,energy_2,2024-01-09 19:00:00,13.805185434277327,15.35
synthetic_energy,energy,moving_average,energy_2,2024-01-09 20:00:00,14.074936490538903,15.35
synthetic_energy,energy,moving_average,energy_2,2024-01-09 21:00:00,14.492233047033633,15.35
synthetic_energy,energy,moving_average,energy_2,2024-01-09 22:00:00,15.02999999999999,15.35
synthetic_energy,energy,moving_average,energy_2,2024-01-09 23:00:00,15.65295238724369,15.35
synthetic_energy,energy,moving_average,energy_2,2024-01-10 00:00:00,16.319999999999993,15.35
synthetic_energy,energy,moving_average,energy_2,2024-01-10 01:00:00,16.987047612756285,15.35
synthetic_energy,energy,moving_average,energy_2,2024-01-10 02:00:00,17.609999999999985,15.35
synthetic_energy,energy,moving_average,energy_2,2024-01-10 03:00:00,18.14776695296637,15.35
synthetic_energy,energy,moving_average,energy_2,2024-01-10 04:00:00,18.5650635094611,15.35
synthetic_energy,energy,moving_average,energy_2,2024-01-10 05:00:00,18.834814565722667,15.35
synthetic_energy,energy,moving_average,energy_2,2024-01-10 06:00:00,18.94,15.35
synthetic_energy,energy,moving_average,energy_2,2024-01-10 07:00:00,18.87481456572267,15.35
synthetic_energy,energy,moving_average,energy_2,2024-01-10 08:00:00,18.645063509461103,15.35
synthetic_energy,energy,moving_average,energy_2,2024-01-10 09:00:00,18.267766952966376,15.35
synthetic_energy,energy,moving_average,energy_2,2024-01-10 10:00:00,17.770000000000003,15.35
synthetic_energy,energy,moving_average,energy_2,2024-01-10 11:00:00,17.18704761275632,15.35
synthetic_energy,energy,moving_average,energy_2,2024-01-10 12:00:00,16.560000000000016,15.35
synthetic_energy,energy,moving_average,energy_2,2024-01-10 13:00:00,15.93295238724371,15.35
synthetic_energy,energy,moving_average,energy_2,2024-01-10 14:00:00,15.34999999999999,15.35
synthetic_energy,energy,moving_average,energy_2,2024-01-10 15:00:00,14.852233047033636,15.35
synthetic_energy,energy,moving_average,energy_2,2024-01-10 16:00:00,14.474936490538905,15.35
synthetic_energy,energy,moving_average,energy_2,2024-01-10 17:00:00,14.245185434277328,15.35
synthetic_energy,energy,moving_average,energy_2,2024-01-10 18:00:00,14.18,15.35
synthetic_energy,energy,moving_average,energy_2,2024-01-10 19:00:00,14.285185434277327,15.35
synthetic_energy,energy,moving_average,energy_2,2024-01-10 20:00:00,14.5549364905389,15.35
synthetic_energy,energy,moving_average,energy_2,2024-01-10 21:00:00,14.972233047033619,15.35
synthetic_energy,energy,moving_average,energy_2,2024-01-10 22:00:00,15.50999999999999,15.35
synthetic_energy,energy,moving_average,energy_2,2024-01-10 23:00:00,16.132952387243687,15.35
synthetic_energy,energy,linear_trend,energy_0,2024-01-09 00:00:00,13.839999999999995,13.541737403950581
synthetic_energy,energy,linear_trend,energy_0,2024-01-09 01:00:00,14.5070476127563,13.558646599846442
synthetic_energy,energy,linear_trend,energy_0,2024-01-09 02:00:00,15.129999999999985,13.575555795742304
synthetic_energy,energy,linear_trend,energy_0,2024-01-09 03:00:00,15.66776695296636,13.592464991638163
synthetic_energy,energy,linear_trend,energy_0,2024-01-09 04:00:00,16.085063509461094,13.609374187534025
synthetic_energy,energy,linear_trend,energy_0,2024-01-09 05:00:00,16.354814565722666,13.626283383429886
synthetic_energy,energy,linear_trend,energy_0,2024-01-09 06:00:00,16.46,13.643192579325746
synthetic_energy,energy,linear_trend,energy_0,2024-01-09 07:00:00,16.39481456572267,13.660101775221607
synthetic_energy,energy,linear_trend,energy_0,2024-01-09 08:00:00,16.165063509461092,13.677010971117468
synthetic_energy,energy,linear_trend,energy_0,2024-01-09 09:00:00,15.787766952966376,13.69392016701333
synthetic_energy,energy,linear_trend,energy_0,2024-01-09 10:00:00,15.290000000000003,13.710829362909191
synthetic_energy,energy,linear_trend,energy_0,2024-01-09 11:00:00,14.707047612756302,13.72773855880505
synthetic_energy,energy,linear_trend,energy_0,2024-01-09 12:00:00,14.080000000000014,13.744647754700912
synthetic_energy,energy,linear_trend,energy_0,2024-01-09 13:00:00,13.452952387243707,13.761556950596773
synthetic_energy,energy,linear_trend,energy_0,2024-01-09 14:00:00,12.870000000000005,13.778466146492635
synthetic_energy,energy,linear_trend,energy_0,2024-01-09 15:00:00,12.372233047033646,13.795375342388496
synthetic_energy,energy,linear_trend,energy_0,2024-01-09 16:00:00,11.994936490538903,13.812284538284356
synthetic_energy,energy,linear_trend,energy_0,2024-01-09 17:00:00,11.765185434277328,13.829193734180217
synthetic_energy,energy,linear_trend,energy_0,2024-01-09 18:00:00,11.7,13.846102930076079
synthetic_energy,energy,linear_trend,energy_0,2024-01-09 19:00:00,11.805185434277327,13.863012125971938
synthetic_energy,energy,linear_trend,energy_0,2024-01-09 20:00:00,12.074936490538903,13.8799213218678
synthetic_energy,energy,linear_trend,energy_0,2024-01-09 21:00:00,12.492233047033633,13.89683051776366
synthetic_energy,energy,linear_trend,energy_0,2024-01-09 22:00:00,13.02999999999999,13.913739713659522
synthetic_energy,energy,linear_trend,energy_0,2024-01-09 23:00:00,13.65295238724369,13.930648909555384
synthetic_energy,energy,linear_trend,energy_0,2024-01-10 00:00:00,14.319999999999995,13.947558105451243
synthetic_energy,energy,linear_trend,energy_0,2024-01-10 01:00:00,14.987047612756283,13.964467301347105
synthetic_energy,energy,linear_trend,energy_0,2024-01-10 02:00:00,15.609999999999985,13.981376497242966
synthetic_energy,energy,linear_trend,energy_0,2024-01-10 03:00:00,16.14776695296637,13.998285693138827
synthetic_energy,energy,linear_trend,energy_0,2024-01-10 04:00:00,16.5650635094611,14.015194889034689
synthetic_energy,energy,linear_trend,energy_0,2024-01-10 05:00:00,16.834814565722667,14.032104084930548
synthetic_energy,energy,linear_trend,energy_0,2024-01-10 06:00:00,16.94,14.04901328082641
synthetic_energy,energy,linear_trend,energy_0,2024-01-10 07:00:00,16.87481456572267,14.065922476722271
synthetic_energy,energy,linear_trend,energy_0,2024-01-10 08:00:00,16.645063509461103,14.08283167261813
synthetic_energy,energy,linear_trend,energy_0,2024-01-10 09:00:00,16.267766952966376,14.099740868513992
synthetic_energy,energy,linear_trend,energy_0,2024-01-10 10:00:00,15.770000000000003,14.116650064409853
synthetic_energy,energy,linear_trend,energy_0,2024-01-10 11:00:00,15.18704761275632,14.133559260305715
synthetic_energy,energy,linear_trend,energy_0,2024-01-10 12:00:00,14.560000000000015,14.150468456201576
synthetic_energy,energy,linear_trend,energy_0,2024-01-10 13:00:00,13.93295238724371,14.167377652097436
synthetic_energy,energy,linear_trend,energy_0,2024-01-10 14:00:00,13.34999999999999,14.184286847993297
synthetic_energy,energy,linear_trend,energy_0,2024-01-10 15:00:00,12.852233047033636,14.201196043889158
synthetic_energy,energy,linear_trend,energy_0,2024-01-10 16:00:00,12.474936490538903,14.218105239785018
synthetic_energy,energy,linear_trend,energy_0,2024-01-10 17:00:00,12.245185434277328,14.235014435680881
synthetic_energy,energy,linear_trend,energy_0,2024-01-10 18:00:00,12.18,14.25192363157674
synthetic_energy,energy,linear_trend,energy_0,2024-01-10 19:00:00,12.285185434277327,14.268832827472602
synthetic_energy,energy,linear_trend,energy_0,2024-01-10 20:00:00,12.554936490538902,14.285742023368464
synthetic_energy,energy,linear_trend,energy_0,2024-01-10 21:00:00,12.972233047033619,14.302651219264323
synthetic_energy,energy,linear_trend,energy_0,2024-01-10 22:00:00,13.50999999999999,14.319560415160185
synthetic_energy,energy,linear_trend,energy_0,2024-01-10 23:00:00,14.132952387243687,14.336469611056046
synthetic_energy,energy,linear_trend,energy_1,2024-01-09 00:00:00,14.839999999999995,14.541737403950584
synthetic_energy,energy,linear_trend,energy_1,2024-01-09 01:00:00,15.5070476127563,14.558646599846446
synthetic_energy,energy,linear_trend,energy_1,2024-01-09 02:00:00,16.129999999999985,14.575555795742307
synthetic_energy,energy,linear_trend,energy_1,2024-01-09 03:00:00,16.66776695296636,14.592464991638169
synthetic_energy,energy,linear_trend,energy_1,2024-01-09 04:00:00,17.085063509461094,14.60937418753403
synthetic_energy,energy,linear_trend,energy_1,2024-01-09 05:00:00,17.354814565722666,14.62628338342989
synthetic_energy,energy,linear_trend,energy_1,2024-01-09 06:00:00,17.46,14.643192579325751
synthetic_energy,energy,linear_trend,energy_1,2024-01-09 07:00:00,17.39481456572267,14.660101775221612
synthetic_energy,energy,linear_trend,energy_1,2024-01-09 08:00:00,17.165063509461092,14.677010971117474
synthetic_energy,energy,linear_trend,energy_1,2024-01-09 09:00:00,16.787766952966376,14.693920167013335
synthetic_energy,energy,linear_trend,energy_1,2024-01-09 10:00:00,16.290000000000003,14.710829362909195
synthetic_energy,energy,linear_trend,energy_1,2024-01-09 11:00:00,15.707047612756302,14.727738558805056
synthetic_energy,energy,linear_trend,energy_1,2024-01-09 12:00:00,15.080000000000014,14.744647754700917
synthetic_energy,energy,linear_trend,energy_1,2024-01-09 13:00:00,14.452952387243707,14.761556950596777
synthetic_energy,energy,linear_trend,energy_1,2024-01-09 14:00:00,13.870000000000005,14.778466146492638
synthetic_energy,energy,linear_trend,energy_1,2024-01-09 15:00:00,13.372233047033646,14.7953753423885
synthetic_energy,energy,linear_trend,energy_1,2024-01-09 16:00:00,12.994936490538903,14.812284538284361
synthetic_energy,energy,linear_trend,energy_1,2024-01-09 17:00:00,12.765185434277328,14.829193734180222
synthetic_energy,energy,linear_trend,energy_1,2024-01-09 18:00:00,12.7,14.846102930076082
synthetic_energy,energy,linear_trend,energy_1,2024-01-09 19:00:00,12.805185434277327,14.863012125971943
synthetic_energy,energy,linear_trend,energy_1,2024-01-09 20:00:00,13.074936490538903,14.879921321867805
synthetic_energy,energy,linear_trend,energy_1,2024-01-09 21:00:00,13.492233047033633,14.896830517763666
synthetic_energy,energy,linear_trend,energy_1,2024-01-09 22:00:00,14.02999999999999,14.913739713659528
synthetic_energy,energy,linear_trend,energy_1,2024-01-09 23:00:00,14.65295238724369,14.930648909555387
synthetic_energy,energy,linear_trend,energy_1,2024-01-10 00:00:00,15.319999999999995,14.947558105451249
synthetic_energy,energy,linear_trend,energy_1,2024-01-10 01:00:00,15.987047612756283,14.96446730134711
synthetic_energy,energy,linear_trend,energy_1,2024-01-10 02:00:00,16.609999999999985,14.981376497242971
synthetic_energy,energy,linear_trend,energy_1,2024-01-10 03:00:00,17.14776695296637,14.998285693138833
synthetic_energy,energy,linear_trend,energy_1,2024-01-10 04:00:00,17.5650635094611,15.015194889034692
synthetic_energy,energy,linear_trend,energy_1,2024-01-10 05:00:00,17.834814565722667,15.032104084930554
synthetic_energy,energy,linear_trend,energy_1,2024-01-10 06:00:00,17.94,15.049013280826415
synthetic_energy,energy,linear_trend,energy_1,2024-01-10 07:00:00,17.87481456572267,15.065922476722276
synthetic_energy,energy,linear_trend,energy_1,2024-01-10 08:00:00,17.645063509461103,15.082831672618138
synthetic_energy,energy,linear_trend,energy_1,2024-01-10 09:00:00,17.267766952966376,15.099740868513997
synthetic_energy,energy,linear_trend,energy_1,2024-01-10 10:00:00,16.770000000000003,15.116650064409859
synthetic_energy,energy,linear_trend,energy_1,2024-01-10 11:00:00,16.18704761275632,15.13355926030572
synthetic_energy,energy,linear_trend,energy_1,2024-01-10 12:00:00,15.560000000000015,15.15046845620158
synthetic_energy,energy,linear_trend,energy_1,2024-01-10 13:00:00,14.93295238724371,15.167377652097441
synthetic_energy,energy,linear_trend,energy_1,2024-01-10 14:00:00,14.34999999999999,15.184286847993302
synthetic_energy,energy,linear_trend,energy_1,2024-01-10 15:00:00,13.852233047033636,15.201196043889164
synthetic_energy,energy,linear_trend,energy_1,2024-01-10 16:00:00,13.474936490538905,15.218105239785025
synthetic_energy,energy,linear_trend,energy_1,2024-01-10 17:00:00,13.245185434277328,15.235014435680885
synthetic_energy,energy,linear_trend,energy_1,2024-01-10 18:00:00,13.18,15.251923631576746
synthetic_energy,energy,linear_trend,energy_1,2024-01-10 19:00:00,13.285185434277327,15.268832827472608
synthetic_energy,energy,linear_trend,energy_1,2024-01-10 20:00:00,13.5549364905389,15.285742023368469
synthetic_energy,energy,linear_trend,energy_1,2024-01-10 21:00:00,13.972233047033619,15.30265121926433
synthetic_energy,energy,linear_trend,energy_1,2024-01-10 22:00:00,14.50999999999999,15.31956041516019
synthetic_energy,energy,linear_trend,energy_1,2024-01-10 23:00:00,15.132952387243687,15.336469611056051
synthetic_energy,energy,linear_trend,energy_2,2024-01-09 00:00:00,15.839999999999995,15.541737403950581
synthetic_energy,energy,linear_trend,energy_2,2024-01-09 01:00:00,16.507047612756303,15.558646599846444
synthetic_energy,energy,linear_trend,energy_2,2024-01-09 02:00:00,17.129999999999985,15.575555795742304
synthetic_energy,energy,linear_trend,energy_2,2024-01-09 03:00:00,17.66776695296636,15.592464991638165
synthetic_energy,energy,linear_trend,energy_2,2024-01-09 04:00:00,18.085063509461094,15.609374187534026
synthetic_energy,energy,linear_trend,energy_2,2024-01-09 05:00:00,18.354814565722666,15.626283383429886
synthetic_energy,energy,linear_trend,energy_2,2024-01-09 06:00:00,18.46,15.643192579325747
synthetic_energy,energy,linear_trend,energy_2,2024-01-09 07:00:00,18.39481456572267,15.660101775221609
synthetic_energy,energy,linear_trend,energy_2,2024-01-09 08:00:00,18.165063509461092,15.67701097111747
synthetic_energy,energy,linear_trend,energy_2,2024-01-09 09:00:00,17.787766952966376,15.693920167013331
synthetic_energy,energy,linear_trend,energy_2,2024-01-09 10:00:00,17.290000000000003,15.710829362909191
synthetic_energy,energy,linear_trend,energy_2,2024-01-09 11:00:00,16.707047612756302,15.727738558805052
synthetic_energy,energy,linear_trend,energy_2,2024-01-09 12:00:00,16.080000000000013,15.744647754700914
synthetic_energy,energy,linear_trend,energy_2,2024-01-09 13:00:00,15.452952387243707,15.761556950596775
synthetic_energy,energy,linear_trend,energy_2,2024-01-09 14:00:00,14.870000000000005,15.778466146492637
synthetic_energy,energy,linear_trend,energy_2,2024-01-09 15:00:00,14.372233047033646,15.795375342388496
synthetic_energy,energy,linear_trend,energy_2,2024-01-09 16:00:00,13.994936490538903,15.812284538284358
synthetic_energy,energy,linear_trend,energy_2,2024-01-09 17:00:00,13.765185434277328,15.829193734180219
synthetic_energy,energy,linear_trend,energy_2,2024-01-09 18:00:00,13.7,15.84610293007608
synthetic_energy,energy,linear_trend,energy_2,2024-01-09 19:00:00,13.805185434277327,15.863012125971942
synthetic_energy,energy,linear_trend,energy_2,2024-01-09 20:00:00,14.074936490538903,15.879921321867801
synthetic_energy,energy,linear_trend,energy_2,2024-01-09 21:00:00,14.492233047033633,15.896830517763663
synthetic_energy,energy,linear_trend,energy_2,2024-01-09 22:00:00,15.02999999999999,15.913739713659524
synthetic_energy,energy,linear_trend,energy_2,2024-01-09 23:00:00,15.65295238724369,15.930648909555384
synthetic_energy,energy,linear_trend,energy_2,2024-01-10 00:00:00,16.319999999999993,15.947558105451245
synthetic_energy,energy,linear_trend,energy_2,2024-01-10 01:00:00,16.987047612756285,15.964467301347106
synthetic_energy,energy,linear_trend,energy_2,2024-01-10 02:00:00,17.609999999999985,15.981376497242968
synthetic_energy,energy,linear_trend,energy_2,2024-01-10 03:00:00,18.14776695296637,15.998285693138829
synthetic_energy,energy,linear_trend,energy_2,2024-01-10 04:00:00,18.5650635094611,16.01519488903469
synthetic_energy,energy,linear_trend,energy_2,2024-01-10 05:00:00,18.834814565722667,16.032104084930552
synthetic_energy,energy,linear_trend,energy_2,2024-01-10 06:00:00,18.94,16.04901328082641
synthetic_energy,energy,linear_trend,energy_2,2024-01-10 07:00:00,18.87481456572267,16.06592247672227
synthetic_energy,energy,linear_trend,energy_2,2024-01-10 08:00:00,18.645063509461103,16.082831672618134
synthetic_energy,energy,linear_trend,energy_2,2024-01-10 09:00:00,18.267766952966376,16.099740868513994
synthetic_energy,energy,linear_trend,energy_2,2024-01-10 10:00:00,17.770000000000003,16.116650064409853
synthetic_energy,energy,linear_trend,energy_2,2024-01-10 11:00:00,17.18704761275632,16.133559260305717
synthetic_energy,energy,linear_trend,energy_2,2024-01-10 12:00:00,16.560000000000016,16.150468456201576
synthetic_energy,energy,linear_trend,energy_2,2024-01-10 13:00:00,15.93295238724371,16.16737765209744
synthetic_energy,energy,linear_trend,energy_2,2024-01-10 14:00:00,15.34999999999999,16.1842868479933
synthetic_energy,energy,linear_trend,energy_2,2024-01-10 15:00:00,14.852233047033636,16.201196043889162
synthetic_energy,energy,linear_trend,energy_2,2024-01-10 16:00:00,14.474936490538905,16.21810523978502
synthetic_energy,energy,linear_trend,energy_2,2024-01-10 17:00:00,14.245185434277328,16.23501443568088
synthetic_energy,energy,linear_trend,energy_2,2024-01-10 18:00:00,14.18,16.251923631576744
synthetic_energy,energy,linear_trend,energy_2,2024-01-10 19:00:00,14.285185434277327,16.268832827472604
synthetic_energy,energy,linear_trend,energy_2,2024-01-10 20:00:00,14.5549364905389,16.285742023368464
synthetic_energy,energy,linear_trend,energy_2,2024-01-10 21:00:00,14.972233047033619,16.302651219264327
synthetic_energy,energy,linear_trend,energy_2,2024-01-10 22:00:00,15.50999999999999,16.319560415160186
synthetic_energy,energy,linear_trend,energy_2,2024-01-10 23:00:00,16.132952387243687,16.33646961105605
synthetic_energy,energy,ridge_ar,energy_0,2024-01-09 00:00:00,13.839999999999995,13.847083746145062
synthetic_energy,energy,ridge_ar,energy_0,2024-01-09 01:00:00,14.5070476127563,14.515260237816532
synthetic_energy,energy,ridge_ar,energy_0,2024-01-09 02:00:00,15.129999999999985,15.13660851244618
synthetic_energy,energy,ridge_ar,energy_0,2024-01-09 03:00:00,15.66776695296636,15.670148730643575
synthetic_energy,energy,ridge_ar,energy_0,2024-01-09 04:00:00,16.085063509461094,16.081583904890582
synthetic_energy,energy,ridge_ar,energy_0,2024-01-09 05:00:00,16.354814565722666,16.34610163568269
synthetic_energy,energy,ridge_ar,energy_0,2024-01-09 06:00:00,16.46,16.448416052496416
synthetic_energy,energy,ridge_ar,energy_0,2024-01-09 07:00:00,16.39481456572267,16.38364856200573
synthetic_energy,energy,ridge_ar,energy_0,2024-01-09 08:00:00,16.165063509461092,16.15752566143668
synthetic_energy,energy,ridge_ar,energy_0,2024-01-09 09:00:00,15.787766952966376,15.786144476037723
synthetic_energy,energy,ridge_ar,energy_0,2024-01-09 10:00:00,15.290000000000003,15.29524225616276
synthetic_energy,energy,ridge_ar,energy_0,2024-01-09 11:00:00,14.707047612756302,14.718756832691419
synthetic_energy,energy,ridge_ar,energy_0,2024-01-09 12:00:00,14.080000000000014,14.096715020298113
synthetic_energy,energy,ridge_ar,energy_0,2024-01-09 13:00:00,13.452952387243707,13.472587523943616
synthetic_energy,energy,ridge_ar,energy_0,2024-01-09 14:00:00,12.870000000000005,12.890325505910129
synthetic_energy,energy,ridge_ar,energy_0,2024-01-09 15:00:00,12.372233047033646,12.39132642583522
synthetic_energy,energy,ridge_ar,energy_0,2024-01-09 16:00:00,11.994936490538903,12.011563322226731
synthetic_energy,energy,ridge_ar,energy_0,2024-01-09 17:00:00,11.765185434277328,11.77907891308782
synthetic_energy,energy,ridge_ar,energy_0,2024-01-09 18:00:00,11.7,11.712002173018762
synthetic_energy,energy,ridge_ar,energy_0,2024-01-09 19:00:00,11.805185434277327,11.817197555253072
synthetic_energy,energy,ridge_ar,energy_0,2024-01-09 20:00:00,12.074936490538903,12.089615695996498
synthetic_energy,energy,ridge_ar,energy_0,2024-01-09 21:00:00,12.492233047033633,12.512392218880366
synthetic_energy,energy,ridge_ar,energy_0,2024-01-09 22:00:00,13.02999999999999,13.057747363140829
synthetic_energy,energy,ridge_ar,energy_0,2024-01-09 23:00:00,13.65295238724369,13.68875876578959
synthetic_energy,energy,ridge_ar,energy_0,2024-01-10 00:00:00,14.319999999999995,14.363891058511655
synthetic_energy,energy,ridge_ar,energy_0,2024-01-10 01:00:00,14.987047612756283,15.033833361849613
synthetic_energy,energy,ridge_ar,energy_0,2024-01-10 02:00:00,15.609999999999985,15.653593063297112
synthetic_energy,energy,ridge_ar,energy_0,2024-01-10 03:00:00,16.14776695296637,16.182266940697346
synthetic_energy,energy,ridge_ar,energy_0,2024-01-10 04:00:00,16.5650635094611,16.586698211799078
synthetic_energy,energy,ridge_ar,energy_0,2024-01-10 05:00:00,16.834814565722667,16.84346654069191
synthetic_energy,energy,ridge_ar,energy_0,2024-01-10 06:00:00,16.94,16.938887575395576
synthetic_energy,energy,ridge_ar,energy_0,2024-01-10 07:00:00,16.87481456572267,16.869174696031855
synthetic_energy,energy,ridge_ar,energy_0,2024-01-10 08:00:00,16.645063509461103,16.640421592829153
synthetic_energy,energy,ridge_ar,energy_0,2024-01-10 09:00:00,16.267766952966376,16.26847958552224
synthetic_energy,energy,ridge_ar,energy_0,2024-01-10 10:00:00,15.770000000000003,15.77849225726482
synthetic_energy,energy,ridge_ar,energy_0,2024-01-10 11:00:00,15.18704761275632,15.203736236999456
synthetic_energy,energy,ridge_ar,energy_0,2024-01-10 12:00:00,14.560000000000015,14.5836986335757
synthetic_energy,energy,ridge_ar,energy_0,2024-01-10 13:00:00,13.93295238724371,13.961514115536442
synthetic_energy,energy,ridge_ar,energy_0,2024-01-10 14:00:00,13.34999999999999,13.38100857035559
synthetic_energy,energy,ridge_ar,energy_0,2024-01-10 15:00:00,12.852233047033636,12.88363807503923
synthetic_energy,energy,ridge_ar,energy_0,2024-01-10 16:00:00,12.474936490538903,12.505586557403024
synthetic_energy,energy,ridge_ar,energy_0,2024-01-10 17:00:00,12.245185434277328,12.275233697536455
synthetic_energy,energy,ridge_ar,energy_0,2024-01-10 18:00:00,12.18,12.211142267145897
synthetic_energy,energy,ridge_ar,energy_0,2024-01-10 19:00:00,12.285185434277327,12.320650524182405
synthetic_energy,energy,ridge_ar,energy_0,2024-01-10 20:00:00,12.554936490538902,12.599104484953964
synthetic_energy,energy,ridge_ar,energy_0,2024-01-10 21:00:00,12.972233047033619,13.029751991679618
synthetic_energy,energy,ridge_ar,energy_0,2024-01-10 22:00:00,13.50999999999999,13.584373964506256
synthetic_energy,energy,ridge_ar,energy_0,2024-01-10 23:00:00,14.132952387243687,14.22483997522834
synthetic_energy,energy,ridge_ar,energy_1,2024-01-09 00:00:00,14.839999999999995,14.84708374614506
synthetic_energy,energy,ridge_ar,energy_1,2024-01-09 01:00:00,15.5070476127563,15.51526023781653
synthetic_energy,energy,ridge_ar,energy_1,2024-01-09 02:00:00,16.129999999999985,16.13660851244618
synthetic_energy,energy,ridge_ar,energy_1,2024-01-09 03:00:00,16.66776695296636,16.670148730643575
synthetic_energy,energy,ridge_ar,energy_1,2024-01-09 04:00:00,17.085063509461094,17.081583904890582
synthetic_energy,energy,ridge_ar,energy_1,2024-01-09 05:00:00,17.354814565722666,17.346101635682686
synthetic_energy,energy,ridge_ar,energy_1,2024-01-09 06:00:00,17.46,17.448416052496412
synthetic_energy,energy,ridge_ar,energy_1,2024-01-09 07:00:00,17.39481456572267,17.38364856200573
synthetic_energy,energy,ridge_ar,energy_1,2024-01-09 08:00:00,17.165063509461092,17.157525661436676
synthetic_energy,energy,ridge_ar,energy_1,2024-01-09 09:00:00,16.787766952966376,16.786144476037723
synthetic_energy,energy,ridge_ar,energy_1,2024-01-09 10:00:00,16.290000000000003,16.29524225616276
synthetic_energy,energy,ridge_ar,energy_1,2024-01-09 11:00:00,15.707047612756302,15.718756832691419
synthetic_energy,energy,ridge_ar,energy_1,2024-01-09 12:00:00,15.080000000000014,15.096715020298113
synthetic_energy,energy,ridge_ar,energy_1,2024-01-09 13:00:00,14.452952387243707,14.472587523943616
synthetic_energy,energy,ridge_ar,energy_1,2024-01-09 14:00:00,13.870000000000005,13.890325505910129
synthetic_energy,energy,ridge_ar,energy_1,2024-01-09 15:00:00,13.372233047033646,13.39132642583522
synthetic_energy,energy,ridge_ar,energy_1,2024-01-09 16:00:00,12.994936490538903,13.011563322226731
synthetic_energy,energy,ridge_ar,energy_1,2024-01-09 17:00:00,12.765185434277328,12.779078913087819
synthetic_energy,energy,ridge_ar,energy_1,2024-01-09 18:00:00,12.7,12.712002173018762
synthetic_energy,energy,ridge_ar,energy_1,2024-01-09 19:00:00,12.805185434277327,12.817197555253072
synthetic_energy,energy,ridge_ar,energy_1,2024-01-09 20:00:00,13.074936490538903,13.089615695996496
synthetic_energy,energy,ridge_ar,energy_1,2024-01-09 21:00:00,13.492233047033633,13.512392218880365
synthetic_energy,energy,ridge_ar,energy_1,2024-01-09 22:00:00,14.02999999999999,14.057747363140827
synthetic_energy,energy,ridge_ar,energy_1,2024-01-09 23:00:00,14.65295238724369,14.688758765789588
synthetic_energy,energy,ridge_ar,energy_1,2024-01-10 00:00:00,15.319999999999995,15.363891058511651
synthetic_energy,energy,ridge_ar,energy_1,2024-01-10 01:00:00,15.987047612756283,16.03383336184961
synthetic_energy,energy,ridge_ar,energy_1,2024-01-10 02:00:00,16.609999999999985,16.65359306329711
synthetic_energy,energy,ridge_ar,energy_1,2024-01-10 03:00:00,17.14776695296637,17.182266940697346
synthetic_energy,energy,ridge_ar,energy_1,2024-01-10 04:00:00,17.5650635094611,17.586698211799074
synthetic_energy,energy,ridge_ar,energy_1,2024-01-10 05:00:00,17.834814565722667,17.843466540691914
synthetic_energy,energy,ridge_ar,energy_1,2024-01-10 06:00:00,17.94,17.938887575395572
synthetic_energy,energy,ridge_ar,energy_1,2024-01-10 07:00:00,17.87481456572267,17.869174696031855
synthetic_energy,energy,ridge_ar,energy_1,2024-01-10 08:00:00,17.645063509461103,17.640421592829153
synthetic_energy,energy,ridge_ar,energy_1,2024-01-10 09:00:00,17.267766952966376,17.268479585522243
synthetic_energy,energy,ridge_ar,energy_1,2024-01-10 10:00:00,16.770000000000003,16.77849225726482
synthetic_energy,energy,ridge_ar,energy_1,2024-01-10 11:00:00,16.18704761275632,16.203736236999454
synthetic_energy,energy,ridge_ar,energy_1,2024-01-10 12:00:00,15.560000000000015,15.5836986335757
synthetic_energy,energy,ridge_ar,energy_1,2024-01-10 13:00:00,14.93295238724371,14.961514115536442
synthetic_energy,energy,ridge_ar,energy_1,2024-01-10 14:00:00,14.34999999999999,14.38100857035559
synthetic_energy,energy,ridge_ar,energy_1,2024-01-10 15:00:00,13.852233047033636,13.883638075039228
synthetic_energy,energy,ridge_ar,energy_1,2024-01-10 16:00:00,13.474936490538905,13.505586557403024
synthetic_energy,energy,ridge_ar,energy_1,2024-01-10 17:00:00,13.245185434277328,13.275233697536454
synthetic_energy,energy,ridge_ar,energy_1,2024-01-10 18:00:00,13.18,13.211142267145897
synthetic_energy,energy,ridge_ar,energy_1,2024-01-10 19:00:00,13.285185434277327,13.320650524182403
synthetic_energy,energy,ridge_ar,energy_1,2024-01-10 20:00:00,13.5549364905389,13.599104484953964
synthetic_energy,energy,ridge_ar,energy_1,2024-01-10 21:00:00,13.972233047033619,14.029751991679618
synthetic_energy,energy,ridge_ar,energy_1,2024-01-10 22:00:00,14.50999999999999,14.584373964506254
synthetic_energy,energy,ridge_ar,energy_1,2024-01-10 23:00:00,15.132952387243687,15.224839975228337
synthetic_energy,energy,ridge_ar,energy_2,2024-01-09 00:00:00,15.839999999999995,15.84708374614506
synthetic_energy,energy,ridge_ar,energy_2,2024-01-09 01:00:00,16.507047612756303,16.51526023781653
synthetic_energy,energy,ridge_ar,energy_2,2024-01-09 02:00:00,17.129999999999985,17.136608512446177
synthetic_energy,energy,ridge_ar,energy_2,2024-01-09 03:00:00,17.66776695296636,17.670148730643575
synthetic_energy,energy,ridge_ar,energy_2,2024-01-09 04:00:00,18.085063509461094,18.081583904890582
synthetic_energy,energy,ridge_ar,energy_2,2024-01-09 05:00:00,18.354814565722666,18.346101635682686
synthetic_energy,energy,ridge_ar,energy_2,2024-01-09 06:00:00,18.46,18.448416052496412
synthetic_energy,energy,ridge_ar,energy_2,2024-01-09 07:00:00,18.39481456572267,18.38364856200573
synthetic_energy,energy,ridge_ar,energy_2,2024-01-09 08:00:00,18.165063509461092,18.15752566143668
synthetic_energy,energy,ridge_ar,energy_2,2024-01-09 09:00:00,17.787766952966376,17.78614447603772
synthetic_energy,energy,ridge_ar,energy_2,2024-01-09 10:00:00,17.290000000000003,17.29524225616276
synthetic_energy,energy,ridge_ar,energy_2,2024-01-09 11:00:00,16.707047612756302,16.71875683269142
synthetic_energy,energy,ridge_ar,energy_2,2024-01-09 12:00:00,16.080000000000013,16.096715020298113
synthetic_energy,energy,ridge_ar,energy_2,2024-01-09 13:00:00,15.452952387243707,15.472587523943616
synthetic_energy,energy,ridge_ar,energy_2,2024-01-09 14:00:00,14.870000000000005,14.890325505910129
synthetic_energy,energy,ridge_ar,energy_2,2024-01-09 15:00:00,14.372233047033646,14.391326425835222
synthetic_energy,energy,ridge_ar,energy_2,2024-01-09 16:00:00,13.994936490538903,14.011563322226731
synthetic_energy,energy,ridge_ar,energy_2,2024-01-09 17:00:00,13.765185434277328,13.77907891308782
synthetic_energy,energy,ridge_ar,energy_2,2024-01-09 18:00:00,13.7,13.712002173018764
synthetic_energy,energy,ridge_ar,energy_2,2024-01-09 19:00:00,13.805185434277327,13.817197555253074
synthetic_energy,energy,ridge_ar,energy_2,2024-01-09 20:00:00,14.074936490538903,14.089615695996498
synthetic_energy,energy,ridge_ar,energy_2,2024-01-09 21:00:00,14.492233047033633,14.512392218880368
synthetic_energy,energy,ridge_ar,energy_2,2024-01-09 22:00:00,15.02999999999999,15.05774736314083
synthetic_energy,energy,ridge_ar,energy_2,2024-01-09 23:00:00,15.65295238724369,15.688758765789592
synthetic_energy,energy,ridge_ar,energy_2,2024-01-10 00:00:00,16.319999999999993,16.363891058511655
synthetic_energy,energy,ridge_ar,energy_2,2024-01-10 01:00:00,16.987047612756285,17.033833361849613
synthetic_energy,energy,ridge_ar,energy_2,2024-01-10 02:00:00,17.609999999999985,17.65359306329711
synthetic_energy,energy,ridge_ar,energy_2,2024-01-10 03:00:00,18.14776695296637,18.182266940697346
synthetic_energy,energy,ridge_ar,energy_2,2024-01-10 04:00:00,18.5650635094611,18.586698211799078
synthetic_energy,energy,ridge_ar,energy_2,2024-01-10 05:00:00,18.834814565722667,18.843466540691914
synthetic_energy,energy,ridge_ar,energy_2,2024-01-10 06:00:00,18.94,18.938887575395572
synthetic_energy,energy,ridge_ar,energy_2,2024-01-10 07:00:00,18.87481456572267,18.86917469603186
synthetic_energy,energy,ridge_ar,energy_2,2024-01-10 08:00:00,18.645063509461103,18.640421592829153
synthetic_energy,energy,ridge_ar,energy_2,2024-01-10 09:00:00,18.267766952966376,18.268479585522243
synthetic_energy,energy,ridge_ar,energy_2,2024-01-10 10:00:00,17.770000000000003,17.77849225726482
synthetic_energy,energy,ridge_ar,energy_2,2024-01-10 11:00:00,17.18704761275632,17.203736236999454
synthetic_energy,energy,ridge_ar,energy_2,2024-01-10 12:00:00,16.560000000000016,16.583698633575704
synthetic_energy,energy,ridge_ar,energy_2,2024-01-10 13:00:00,15.93295238724371,15.961514115536442
synthetic_energy,energy,ridge_ar,energy_2,2024-01-10 14:00:00,15.34999999999999,15.38100857035559
synthetic_energy,energy,ridge_ar,energy_2,2024-01-10 15:00:00,14.852233047033636,14.88363807503923
synthetic_energy,energy,ridge_ar,energy_2,2024-01-10 16:00:00,14.474936490538905,14.505586557403026
synthetic_energy,energy,ridge_ar,energy_2,2024-01-10 17:00:00,14.245185434277328,14.275233697536454
synthetic_energy,energy,ridge_ar,energy_2,2024-01-10 18:00:00,14.18,14.211142267145897
synthetic_energy,energy,ridge_ar,energy_2,2024-01-10 19:00:00,14.285185434277327,14.320650524182403
synthetic_energy,energy,ridge_ar,energy_2,2024-01-10 20:00:00,14.5549364905389,14.599104484953964
synthetic_energy,energy,ridge_ar,energy_2,2024-01-10 21:00:00,14.972233047033619,15.029751991679618
synthetic_energy,energy,ridge_ar,energy_2,2024-01-10 22:00:00,15.50999999999999,15.584373964506256
synthetic_energy,energy,ridge_ar,energy_2,2024-01-10 23:00:00,16.132952387243687,16.22483997522834
synthetic_energy,energy,hist_gradient_boosting_ar,energy_0,2024-01-09 00:00:00,13.839999999999995,13.832224654591261
synthetic_energy,energy,hist_gradient_boosting_ar,energy_0,2024-01-09 01:00:00,14.5070476127563,14.592766340571078
synthetic_energy,energy,hist_gradient_boosting_ar,energy_0,2024-01-09 02:00:00,15.129999999999985,15.194017863277187
synthetic_energy,energy,hist_gradient_boosting_ar,energy_0,2024-01-09 03:00:00,15.66776695296636,15.663500592745208
synthetic_energy,energy,hist_gradient_boosting_ar,energy_0,2024-01-09 04:00:00,16.085063509461094,15.732099238347649
synthetic_energy,energy,hist_gradient_boosting_ar,energy_0,2024-01-09 05:00:00,16.354814565722666,15.750193874857928
synthetic_energy,energy,hist_gradient_boosting_ar,energy_0,2024-01-09 06:00:00,16.46,15.750193874857928
synthetic_energy,energy,hist_gradient_boosting_ar,energy_0,2024-01-09 07:00:00,16.39481456572267,15.750193874857928
synthetic_energy,energy,hist_gradient_boosting_ar,energy_0,2024-01-09 08:00:00,16.165063509461092,15.750193874857928
synthetic_energy,energy,hist_gradient_boosting_ar,energy_0,2024-01-09 09:00:00,15.787766952966376,15.750193874857928
synthetic_energy,energy,hist_gradient_boosting_ar,energy_0,2024-01-09 10:00:00,15.290000000000003,15.437027873972896
synthetic_energy,energy,hist_gradient_boosting_ar,energy_0,2024-01-09 11:00:00,14.707047612756302,14.874376998586655
synthetic_energy,energy,hist_gradient_boosting_ar,energy_0,2024-01-09 12:00:00,14.080000000000014,14.05237854197499
synthetic_energy,energy,hist_gradient_boosting_ar,energy_0,2024-01-09 13:00:00,13.452952387243707,13.457131092691773
synthetic_energy,energy,hist_gradient_boosting_ar,energy_0,2024-01-09 14:00:00,12.870000000000005,12.858180809027699
synthetic_energy,energy,hist_gradient_boosting_ar,energy_0,2024-01-09 15:00:00,12.372233047033646,12.380202489483326
synthetic_energy,energy,hist_gradient_boosting_ar,energy_0,2024-01-09 16:00:00,11.994936490538903,12.024226098716007
synthetic_energy,energy,hist_gradient_boosting_ar,energy_0,2024-01-09 17:00:00,11.765185434277328,11.840404473322003
synthetic_energy,energy,hist_gradient_boosting_ar,energy_0,2024-01-09 18:00:00,11.7,11.746124745849347
synthetic_energy,energy,hist_gradient_boosting_ar,energy_0,2024-01-09 19:00:00,11.805185434277327,11.840189095678115
synthetic_energy,energy,hist_gradient_boosting_ar,energy_0,2024-01-09 20:00:00,12.074936490538903,12.118909404541292
synthetic_energy,energy,hist_gradient_boosting_ar,energy_0,2024-01-09 21:00:00,12.492233047033633,12.501557685952173
synthetic_energy,energy,hist_gradient_boosting_ar,energy_0,2024-01-09 22:00:00,13.02999999999999,13.061717452029631
synthetic_energy,energy,hist_gradient_boosting_ar,energy_0,2024-01-09 23:00:00,13.65295238724369,13.667867388481614
synthetic_energy,energy,hist_gradient_boosting_ar,energy_0,2024-01-10 00:00:00,14.319999999999995,14.458038828090796
synthetic_energy,energy,hist_gradient_boosting_ar,energy_0,2024-01-10 01:00:00,14.987047612756283,15.194017863277187
synthetic_energy,energy,hist_gradient_boosting_ar,energy_0,2024-01-10 02:00:00,15.609999999999985,15.664444846335144
synthetic_energy,energy,hist_gradient_boosting_ar,energy_0,2024-01-10 03:00:00,16.14776695296637,15.732099238347649
synthetic_energy,energy,hist_gradient_boosting_ar,energy_0,2024-01-10 04:00:00,16.5650635094611,15.750193874857928
synthetic_energy,energy,hist_gradient_boosting_ar,energy_0,2024-01-10 05:00:00,16.834814565722667,15.750193874857928
synthetic_energy,energy,hist_gradient_boosting_ar,energy_0,2024-01-10 06:00:00,16.94,15.750193874857928
synthetic_energy,energy,hist_gradient_boosting_ar,energy_0,2024-01-10 07:00:00,16.87481456572267,15.750193874857928
synthetic_energy,energy,hist_gradient_boosting_ar,energy_0,2024-01-10 08:00:00,16.645063509461103,15.750193874857928
synthetic_energy,energy,hist_gradient_boosting_ar,energy_0,2024-01-10 09:00:00,16.267766952966376,15.750193874857928
synthetic_energy,energy,hist_gradient_boosting_ar,energy_0,2024-01-10 10:00:00,15.770000000000003,15.750193874857928
synthetic_energy,energy,hist_gradient_boosting_ar,energy_0,2024-01-10 11:00:00,15.18704761275632,15.569655896275151
synthetic_energy,energy,hist_gradient_boosting_ar,energy_0,2024-01-10 12:00:00,14.560000000000015,14.74486829332719
synthetic_energy,energy,hist_gradient_boosting_ar,energy_0,2024-01-10 13:00:00,13.93295238724371,13.958833986648333
synthetic_energy,energy,hist_gradient_boosting_ar,energy_0,2024-01-10 14:00:00,13.34999999999999,13.36471857465079
synthetic_energy,energy,hist_gradient_boosting_ar,energy_0,2024-01-10 15:00:00,12.852233047033636,12.878121577172548
synthetic_energy,energy,hist_gradient_boosting_ar,energy_0,2024-01-10 16:00:00,12.474936490538903,12.55942246663237
synthetic_energy,energy,hist_gradient_boosting_ar,energy_0,2024-01-10 17:00:00,12.245185434277328,12.400143257628175
synthetic_energy,energy,hist_gradient_boosting_ar,energy_0,2024-01-10 18:00:00,12.18,12.222891876860118
synthetic_energy,energy,hist_gradient_boosting_ar,energy_0,2024-01-10 19:00:00,12.285185434277327,12.400143257628175
synthetic_energy,energy,hist_gradient_boosting_ar,energy_0,2024-01-10 20:00:00,12.554936490538902,12.651770306051512
synthetic_energy,energy,hist_gradient_boosting_ar,energy_0,2024-01-10 21:00:00,12.972233047033619,13.061456306105622
synthetic_energy,energy,hist_gradient_boosting_ar,energy_0,2024-01-10 22:00:00,13.50999999999999,13.532866685583173
synthetic_energy,energy,hist_gradient_boosting_ar,energy_0,2024-01-10 23:00:00,14.132952387243687,14.15062768445744
synthetic_energy,energy,hist_gradient_boosting_ar,energy_1,2024-01-09 00:00:00,14.839999999999995,14.832224654591258
synthetic_energy,energy,hist_gradient_boosting_ar,energy_1,2024-01-09 01:00:00,15.5070476127563,15.592766340571075
synthetic_energy,energy,hist_gradient_boosting_ar,energy_1,2024-01-09 02:00:00,16.129999999999985,16.194017863277182
synthetic_energy,energy,hist_gradient_boosting_ar,energy_1,2024-01-09 03:00:00,16.66776695296636,16.663500592745205
synthetic_energy,energy,hist_gradient_boosting_ar,energy_1,2024-01-09 04:00:00,17.085063509461094,16.732099238347644
synthetic_energy,energy,hist_gradient_boosting_ar,energy_1,2024-01-09 05:00:00,17.354814565722666,16.750193874857924
synthetic_energy,energy,hist_gradient_boosting_ar,energy_1,2024-01-09 06:00:00,17.46,16.750193874857924
synthetic_energy,energy,hist_gradient_boosting_ar,energy_1,2024-01-09 07:00:00,17.39481456572267,16.750193874857924
synthetic_energy,energy,hist_gradient_boosting_ar,energy_1,2024-01-09 08:00:00,17.165063509461092,16.750193874857924
synthetic_energy,energy,hist_gradient_boosting_ar,energy_1,2024-01-09 09:00:00,16.787766952966376,16.750193874857924
synthetic_energy,energy,hist_gradient_boosting_ar,energy_1,2024-01-09 10:00:00,16.290000000000003,16.43702787397289
synthetic_energy,energy,hist_gradient_boosting_ar,energy_1,2024-01-09 11:00:00,15.707047612756302,15.874376998586651
synthetic_energy,energy,hist_gradient_boosting_ar,energy_1,2024-01-09 12:00:00,15.080000000000014,15.052378541974987
synthetic_energy,energy,hist_gradient_boosting_ar,energy_1,2024-01-09 13:00:00,14.452952387243707,14.45713109269177
synthetic_energy,energy,hist_gradient_boosting_ar,energy_1,2024-01-09 14:00:00,13.870000000000005,13.858180809027695
synthetic_energy,energy,hist_gradient_boosting_ar,energy_1,2024-01-09 15:00:00,13.372233047033646,13.380202489483322
synthetic_energy,energy,hist_gradient_boosting_ar,energy_1,2024-01-09 16:00:00,12.994936490538903,13.024226098716003
synthetic_energy,energy,hist_gradient_boosting_ar,energy_1,2024-01-09 17:00:00,12.765185434277328,12.840404473322
synthetic_energy,energy,hist_gradient_boosting_ar,energy_1,2024-01-09 18:00:00,12.7,12.746124745849343
synthetic_energy,energy,hist_gradient_boosting_ar,energy_1,2024-01-09 19:00:00,12.805185434277327,12.840189095678111
synthetic_energy,energy,hist_gradient_boosting_ar,energy_1,2024-01-09 20:00:00,13.074936490538903,13.118909404541288
synthetic_energy,energy,hist_gradient_boosting_ar,energy_1,2024-01-09 21:00:00,13.492233047033633,13.50155768595217
synthetic_energy,energy,hist_gradient_boosting_ar,energy_1,2024-01-09 22:00:00,14.02999999999999,14.061717452029628
synthetic_energy,energy,hist_gradient_boosting_ar,energy_1,2024-01-09 23:00:00,14.65295238724369,14.66786738848161
synthetic_energy,energy,hist_gradient_boosting_ar,energy_1,2024-01-10 00:00:00,15.319999999999995,15.458038828090793
synthetic_energy,energy,hist_gradient_boosting_ar,energy_1,2024-01-10 01:00:00,15.987047612756283,16.194017863277182
synthetic_energy,energy,hist_gradient_boosting_ar,energy_1,2024-01-10 02:00:00,16.609999999999985,16.66444484633514
synthetic_energy,energy,hist_gradient_boosting_ar,energy_1,2024-01-10 03:00:00,17.14776695296637,16.732099238347644
synthetic_energy,energy,hist_gradient_boosting_ar,energy_1,2024-01-10 04:00:00,17.5650635094611,16.750193874857924
synthetic_energy,energy,hist_gradient_boosting_ar,energy_1,2024-01-10 05:00:00,17.834814565722667,16.750193874857924
synthetic_energy,energy,hist_gradient_boosting_ar,energy_1,2024-01-10 06:00:00,17.94,16.750193874857924
synthetic_energy,energy,hist_gradient_boosting_ar,energy_1,2024-01-10 07:00:00,17.87481456572267,16.750193874857924
synthetic_energy,energy,hist_gradient_boosting_ar,energy_1,2024-01-10 08:00:00,17.645063509461103,16.750193874857924
synthetic_energy,energy,hist_gradient_boosting_ar,energy_1,2024-01-10 09:00:00,17.267766952966376,16.750193874857924
synthetic_energy,energy,hist_gradient_boosting_ar,energy_1,2024-01-10 10:00:00,16.770000000000003,16.750193874857924
synthetic_energy,energy,hist_gradient_boosting_ar,energy_1,2024-01-10 11:00:00,16.18704761275632,16.569655896275147
synthetic_energy,energy,hist_gradient_boosting_ar,energy_1,2024-01-10 12:00:00,15.560000000000015,15.744868293327187
synthetic_energy,energy,hist_gradient_boosting_ar,energy_1,2024-01-10 13:00:00,14.93295238724371,14.95883398664833
synthetic_energy,energy,hist_gradient_boosting_ar,energy_1,2024-01-10 14:00:00,14.34999999999999,14.364718574650787
synthetic_energy,energy,hist_gradient_boosting_ar,energy_1,2024-01-10 15:00:00,13.852233047033636,13.878121577172545
synthetic_energy,energy,hist_gradient_boosting_ar,energy_1,2024-01-10 16:00:00,13.474936490538905,13.559422466632366
synthetic_energy,energy,hist_gradient_boosting_ar,energy_1,2024-01-10 17:00:00,13.245185434277328,13.400143257628171
synthetic_energy,energy,hist_gradient_boosting_ar,energy_1,2024-01-10 18:00:00,13.18,13.222891876860114
synthetic_energy,energy,hist_gradient_boosting_ar,energy_1,2024-01-10 19:00:00,13.285185434277327,13.400143257628171
synthetic_energy,energy,hist_gradient_boosting_ar,energy_1,2024-01-10 20:00:00,13.5549364905389,13.651770306051509
synthetic_energy,energy,hist_gradient_boosting_ar,energy_1,2024-01-10 21:00:00,13.972233047033619,14.061456306105619
synthetic_energy,energy,hist_gradient_boosting_ar,energy_1,2024-01-10 22:00:00,14.50999999999999,14.53286668558317
synthetic_energy,energy,hist_gradient_boosting_ar,energy_1,2024-01-10 23:00:00,15.132952387243687,15.150627684457437
synthetic_energy,energy,hist_gradient_boosting_ar,energy_2,2024-01-09 00:00:00,15.839999999999995,15.832224654591258
synthetic_energy,energy,hist_gradient_boosting_ar,energy_2,2024-01-09 01:00:00,16.507047612756303,16.592766340571075
synthetic_energy,energy,hist_gradient_boosting_ar,energy_2,2024-01-09 02:00:00,17.129999999999985,17.194017863277182
synthetic_energy,energy,hist_gradient_boosting_ar,energy_2,2024-01-09 03:00:00,17.66776695296636,17.663500592745205
synthetic_energy,energy,hist_gradient_boosting_ar,energy_2,2024-01-09 04:00:00,18.085063509461094,17.732099238347644
synthetic_energy,energy,hist_gradient_boosting_ar,energy_2,2024-01-09 05:00:00,18.354814565722666,17.750193874857924
synthetic_energy,energy,hist_gradient_boosting_ar,energy_2,2024-01-09 06:00:00,18.46,17.750193874857924
synthetic_energy,energy,hist_gradient_boosting_ar,energy_2,2024-01-09 07:00:00,18.39481456572267,17.750193874857924
synthetic_energy,energy,hist_gradient_boosting_ar,energy_2,2024-01-09 08:00:00,18.165063509461092,17.750193874857924
synthetic_energy,energy,hist_gradient_boosting_ar,energy_2,2024-01-09 09:00:00,17.787766952966376,17.750193874857924
synthetic_energy,energy,hist_gradient_boosting_ar,energy_2,2024-01-09 10:00:00,17.290000000000003,17.43702787397289
synthetic_energy,energy,hist_gradient_boosting_ar,energy_2,2024-01-09 11:00:00,16.707047612756302,16.87437699858665
synthetic_energy,energy,hist_gradient_boosting_ar,energy_2,2024-01-09 12:00:00,16.080000000000013,16.052378541974985
synthetic_energy,energy,hist_gradient_boosting_ar,energy_2,2024-01-09 13:00:00,15.452952387243707,15.45713109269177
synthetic_energy,energy,hist_gradient_boosting_ar,energy_2,2024-01-09 14:00:00,14.870000000000005,14.858180809027695
synthetic_energy,energy,hist_gradient_boosting_ar,energy_2,2024-01-09 15:00:00,14.372233047033646,14.380202489483322
synthetic_energy,energy,hist_gradient_boosting_ar,energy_2,2024-01-09 16:00:00,13.994936490538903,14.024226098716003
synthetic_energy,energy,hist_gradient_boosting_ar,energy_2,2024-01-09 17:00:00,13.765185434277328,13.840404473322
synthetic_energy,energy,hist_gradient_boosting_ar,energy_2,2024-01-09 18:00:00,13.7,13.746124745849343
synthetic_energy,energy,hist_gradient_boosting_ar,energy_2,2024-01-09 19:00:00,13.805185434277327,13.840189095678111
synthetic_energy,energy,hist_gradient_boosting_ar,energy_2,2024-01-09 20:00:00,14.074936490538903,14.118909404541288
synthetic_energy,energy,hist_gradient_boosting_ar,energy_2,2024-01-09 21:00:00,14.492233047033633,14.50155768595217
synthetic_energy,energy,hist_gradient_boosting_ar,energy_2,2024-01-09 22:00:00,15.02999999999999,15.061717452029628
synthetic_energy,energy,hist_gradient_boosting_ar,energy_2,2024-01-09 23:00:00,15.65295238724369,15.66786738848161
synthetic_energy,energy,hist_gradient_boosting_ar,energy_2,2024-01-10 00:00:00,16.319999999999993,16.458038828090793
synthetic_energy,energy,hist_gradient_boosting_ar,energy_2,2024-01-10 01:00:00,16.987047612756285,17.194017863277182
synthetic_energy,energy,hist_gradient_boosting_ar,energy_2,2024-01-10 02:00:00,17.609999999999985,17.66444484633514
synthetic_energy,energy,hist_gradient_boosting_ar,energy_2,2024-01-10 03:00:00,18.14776695296637,17.732099238347644
synthetic_energy,energy,hist_gradient_boosting_ar,energy_2,2024-01-10 04:00:00,18.5650635094611,17.750193874857924
synthetic_energy,energy,hist_gradient_boosting_ar,energy_2,2024-01-10 05:00:00,18.834814565722667,17.750193874857924
synthetic_energy,energy,hist_gradient_boosting_ar,energy_2,2024-01-10 06:00:00,18.94,17.750193874857924
synthetic_energy,energy,hist_gradient_boosting_ar,energy_2,2024-01-10 07:00:00,18.87481456572267,17.750193874857924
synthetic_energy,energy,hist_gradient_boosting_ar,energy_2,2024-01-10 08:00:00,18.645063509461103,17.750193874857924
synthetic_energy,energy,hist_gradient_boosting_ar,energy_2,2024-01-10 09:00:00,18.267766952966376,17.750193874857924
synthetic_energy,energy,hist_gradient_boosting_ar,energy_2,2024-01-10 10:00:00,17.770000000000003,17.750193874857924
synthetic_energy,energy,hist_gradient_boosting_ar,energy_2,2024-01-10 11:00:00,17.18704761275632,17.569655896275147
synthetic_energy,energy,hist_gradient_boosting_ar,energy_2,2024-01-10 12:00:00,16.560000000000016,16.744868293327187
synthetic_energy,energy,hist_gradient_boosting_ar,energy_2,2024-01-10 13:00:00,15.93295238724371,15.95883398664833
synthetic_energy,energy,hist_gradient_boosting_ar,energy_2,2024-01-10 14:00:00,15.34999999999999,15.364718574650787
synthetic_energy,energy,hist_gradient_boosting_ar,energy_2,2024-01-10 15:00:00,14.852233047033636,14.878121577172545
synthetic_energy,energy,hist_gradient_boosting_ar,energy_2,2024-01-10 16:00:00,14.474936490538905,14.559422466632366
synthetic_energy,energy,hist_gradient_boosting_ar,energy_2,2024-01-10 17:00:00,14.245185434277328,14.400143257628171
synthetic_energy,energy,hist_gradient_boosting_ar,energy_2,2024-01-10 18:00:00,14.18,14.222891876860114
synthetic_energy,energy,hist_gradient_boosting_ar,energy_2,2024-01-10 19:00:00,14.285185434277327,14.400143257628171
synthetic_energy,energy,hist_gradient_boosting_ar,energy_2,2024-01-10 20:00:00,14.5549364905389,14.651770306051509
synthetic_energy,energy,hist_gradient_boosting_ar,energy_2,2024-01-10 21:00:00,14.972233047033619,15.061456306105619
synthetic_energy,energy,hist_gradient_boosting_ar,energy_2,2024-01-10 22:00:00,15.50999999999999,15.53286668558317
synthetic_energy,energy,hist_gradient_boosting_ar,energy_2,2024-01-10 23:00:00,16.132952387243687,16.150627684457437
synthetic_energy,energy,lightgbm_ar,energy_0,2024-01-09 00:00:00,13.839999999999995,13.852308282910695
synthetic_energy,energy,lightgbm_ar,energy_0,2024-01-09 01:00:00,14.5070476127563,14.469157869197153
synthetic_energy,energy,lightgbm_ar,energy_0,2024-01-09 02:00:00,15.129999999999985,15.122009453314838
synthetic_energy,energy,lightgbm_ar,energy_0,2024-01-09 03:00:00,15.66776695296636,15.858584577585823
synthetic_energy,energy,lightgbm_ar,energy_0,2024-01-09 04:00:00,16.085063509461094,15.886763769487004
synthetic_energy,energy,lightgbm_ar,energy_0,2024-01-09 05:00:00,16.354814565722666,15.92584297566629
synthetic_energy,energy,lightgbm_ar,energy_0,2024-01-09 06:00:00,16.46,15.830219663193375
synthetic_energy,energy,lightgbm_ar,energy_0,2024-01-09 07:00:00,16.39481456572267,15.830219663193375
synthetic_energy,energy,lightgbm_ar,energy_0,2024-01-09 08:00:00,16.165063509461092,15.830219663193375
synthetic_energy,energy,lightgbm_ar,energy_0,2024-01-09 09:00:00,15.787766952966376,15.815868651037384
synthetic_energy,energy,lightgbm_ar,energy_0,2024-01-09 10:00:00,15.290000000000003,15.305786305702071
synthetic_energy,energy,lightgbm_ar,energy_0,2024-01-09 11:00:00,14.707047612756302,14.70826364539363
synthetic_energy,energy,lightgbm_ar,energy_0,2024-01-09 12:00:00,14.080000000000014,14.050355142414793
synthetic_energy,energy,lightgbm_ar,energy_0,2024-01-09 13:00:00,13.452952387243707,13.476199110861256
synthetic_energy,energy,lightgbm_ar,energy_0,2024-01-09 14:00:00,12.870000000000005,12.88282239978558
synthetic_energy,energy,lightgbm_ar,energy_0,2024-01-09 15:00:00,12.372233047033646,12.320149760370366
synthetic_energy,energy,lightgbm_ar,energy_0,2024-01-09 16:00:00,11.994936490538903,12.012703789839167
synthetic_energy,energy,lightgbm_ar,energy_0,2024-01-09 17:00:00,11.765185434277328,11.733897142119647
synthetic_energy,energy,lightgbm_ar,energy_0,2024-01-09 18:00:00,11.7,11.681136480211055
synthetic_energy,energy,lightgbm_ar,energy_0,2024-01-09 19:00:00,11.805185434277327,11.828488652069991
synthetic_energy,energy,lightgbm_ar,energy_0,2024-01-09 20:00:00,12.074936490538903,12.069924115523685
synthetic_energy,energy,lightgbm_ar,energy_0,2024-01-09 21:00:00,12.492233047033633,12.49353893591735
synthetic_energy,energy,lightgbm_ar,energy_0,2024-01-09 22:00:00,13.02999999999999,13.06976049981604
synthetic_energy,energy,lightgbm_ar,energy_0,2024-01-09 23:00:00,13.65295238724369,13.684184913154748
synthetic_energy,energy,lightgbm_ar,energy_0,2024-01-10 00:00:00,14.319999999999995,14.323287405664438
synthetic_energy,energy,lightgbm_ar,energy_0,2024-01-10 01:00:00,14.987047612756283,14.939939035805262
synthetic_energy,energy,lightgbm_ar,energy_0,2024-01-10 02:00:00,15.609999999999985,15.610253388997455
synthetic_energy,energy,lightgbm_ar,energy_0,2024-01-10 03:00:00,16.14776695296637,15.886633493606533
synthetic_energy,energy,lightgbm_ar,energy_0,2024-01-10 04:00:00,16.5650635094611,15.924353244123756
synthetic_energy,energy,lightgbm_ar,energy_0,2024-01-10 05:00:00,16.834814565722667,15.91900080634759
synthetic_energy,energy,lightgbm_ar,energy_0,2024-01-10 06:00:00,16.94,15.830219663193375
synthetic_energy,energy,lightgbm_ar,energy_0,2024-01-10 07:00:00,16.87481456572267,15.830219663193375
synthetic_energy,energy,lightgbm_ar,energy_0,2024-01-10 08:00:00,16.645063509461103,15.830219663193375
synthetic_energy,energy,lightgbm_ar,energy_0,2024-01-10 09:00:00,16.267766952966376,15.830219663193375
synthetic_energy,energy,lightgbm_ar,energy_0,2024-01-10 10:00:00,15.770000000000003,15.830219663193375
synthetic_energy,energy,lightgbm_ar,energy_0,2024-01-10 11:00:00,15.18704761275632,15.20819888530399
synthetic_energy,energy,lightgbm_ar,energy_0,2024-01-10 12:00:00,14.560000000000015,14.54766888331795
synthetic_energy,energy,lightgbm_ar,energy_0,2024-01-10 13:00:00,13.93295238724371,13.951543370059373
synthetic_energy,energy,lightgbm_ar,energy_0,2024-01-10 14:00:00,13.34999999999999,13.362667580377192
synthetic_energy,energy,lightgbm_ar,energy_0,2024-01-10 15:00:00,12.852233047033636,12.793067490345235
synthetic_energy,energy,lightgbm_ar,energy_0,2024-01-10 16:00:00,12.474936490538903,12.493581716744663
synthetic_energy,energy,lightgbm_ar,energy_0,2024-01-10 17:00:00,12.245185434277328,12.21466608622899
synthetic_energy,energy,lightgbm_ar,energy_0,2024-01-10 18:00:00,12.18,12.160266774717972
synthetic_energy,energy,lightgbm_ar,energy_0,2024-01-10 19:00:00,12.285185434277327,12.307004542546194
synthetic_energy,energy,lightgbm_ar,energy_0,2024-01-10 20:00:00,12.554936490538902,12.550620447672598
synthetic_energy,energy,lightgbm_ar,energy_0,2024-01-10 21:00:00,12.972233047033619,12.972689581747076
synthetic_energy,energy,lightgbm_ar,energy_0,2024-01-10 22:00:00,13.50999999999999,13.542361611304683
synthetic_energy,energy,lightgbm_ar,energy_0,2024-01-10 23:00:00,14.132952387243687,14.167726282204889
synthetic_energy,energy,lightgbm_ar,energy_1,2024-01-09 00:00:00,14.839999999999995,14.852308282910691
synthetic_energy,energy,lightgbm_ar,energy_1,2024-01-09 01:00:00,15.5070476127563,15.469157869197149
synthetic_energy,energy,lightgbm_ar,energy_1,2024-01-09 02:00:00,16.129999999999985,16.122009453314835
synthetic_energy,energy,lightgbm_ar,energy_1,2024-01-09 03:00:00,16.66776695296636,16.85858457758582
synthetic_energy,energy,lightgbm_ar,energy_1,2024-01-09 04:00:00,17.085063509461094,16.886763769487
synthetic_energy,energy,lightgbm_ar,energy_1,2024-01-09 05:00:00,17.354814565722666,16.925842975666285
synthetic_energy,energy,lightgbm_ar,energy_1,2024-01-09 06:00:00,17.46,16.830219663193372
synthetic_energy,energy,lightgbm_ar,energy_1,2024-01-09 07:00:00,17.39481456572267,16.830219663193372
synthetic_energy,energy,lightgbm_ar,energy_1,2024-01-09 08:00:00,17.165063509461092,16.830219663193372
synthetic_energy,energy,lightgbm_ar,energy_1,2024-01-09 09:00:00,16.787766952966376,16.81586865103738
synthetic_energy,energy,lightgbm_ar,energy_1,2024-01-09 10:00:00,16.290000000000003,16.305786305702068
synthetic_energy,energy,lightgbm_ar,energy_1,2024-01-09 11:00:00,15.707047612756302,15.708263645393627
synthetic_energy,energy,lightgbm_ar,energy_1,2024-01-09 12:00:00,15.080000000000014,15.050355142414789
synthetic_energy,energy,lightgbm_ar,energy_1,2024-01-09 13:00:00,14.452952387243707,14.476199110861252
synthetic_energy,energy,lightgbm_ar,energy_1,2024-01-09 14:00:00,13.870000000000005,13.882822399785576
synthetic_energy,energy,lightgbm_ar,energy_1,2024-01-09 15:00:00,13.372233047033646,13.320149760370363
synthetic_energy,energy,lightgbm_ar,energy_1,2024-01-09 16:00:00,12.994936490538903,13.012703789839163
synthetic_energy,energy,lightgbm_ar,energy_1,2024-01-09 17:00:00,12.765185434277328,12.733897142119643
synthetic_energy,energy,lightgbm_ar,energy_1,2024-01-09 18:00:00,12.7,12.681136480211052
synthetic_energy,energy,lightgbm_ar,energy_1,2024-01-09 19:00:00,12.805185434277327,12.828488652069987
synthetic_energy,energy,lightgbm_ar,energy_1,2024-01-09 20:00:00,13.074936490538903,13.069924115523682
synthetic_energy,energy,lightgbm_ar,energy_1,2024-01-09 21:00:00,13.492233047033633,13.493538935917346
synthetic_energy,energy,lightgbm_ar,energy_1,2024-01-09 22:00:00,14.02999999999999,14.069760499816036
synthetic_energy,energy,lightgbm_ar,energy_1,2024-01-09 23:00:00,14.65295238724369,14.684184913154745
synthetic_energy,energy,lightgbm_ar,energy_1,2024-01-10 00:00:00,15.319999999999995,15.323287405664434
synthetic_energy,energy,lightgbm_ar,energy_1,2024-01-10 01:00:00,15.987047612756283,15.939939035805258
synthetic_energy,energy,lightgbm_ar,energy_1,2024-01-10 02:00:00,16.609999999999985,16.61025338899745
synthetic_energy,energy,lightgbm_ar,energy_1,2024-01-10 03:00:00,17.14776695296637,16.886633493606528
synthetic_energy,energy,lightgbm_ar,energy_1,2024-01-10 04:00:00,17.5650635094611,16.92435324412375
synthetic_energy,energy,lightgbm_ar,energy_1,2024-01-10 05:00:00,17.834814565722667,16.919000806347587
synthetic_energy,energy,lightgbm_ar,energy_1,2024-01-10 06:00:00,17.94,16.830219663193372
synthetic_energy,energy,lightgbm_ar,energy_1,2024-01-10 07:00:00,17.87481456572267,16.830219663193372
synthetic_energy,energy,lightgbm_ar,energy_1,2024-01-10 08:00:00,17.645063509461103,16.830219663193372
synthetic_energy,energy,lightgbm_ar,energy_1,2024-01-10 09:00:00,17.267766952966376,16.830219663193372
synthetic_energy,energy,lightgbm_ar,energy_1,2024-01-10 10:00:00,16.770000000000003,16.830219663193372
synthetic_energy,energy,lightgbm_ar,energy_1,2024-01-10 11:00:00,16.18704761275632,16.208198885303986
synthetic_energy,energy,lightgbm_ar,energy_1,2024-01-10 12:00:00,15.560000000000015,15.547668883317947
synthetic_energy,energy,lightgbm_ar,energy_1,2024-01-10 13:00:00,14.93295238724371,14.951543370059369
synthetic_energy,energy,lightgbm_ar,energy_1,2024-01-10 14:00:00,14.34999999999999,14.362667580377188
synthetic_energy,energy,lightgbm_ar,energy_1,2024-01-10 15:00:00,13.852233047033636,13.793067490345232
synthetic_energy,energy,lightgbm_ar,energy_1,2024-01-10 16:00:00,13.474936490538905,13.493581716744659
synthetic_energy,energy,lightgbm_ar,energy_1,2024-01-10 17:00:00,13.245185434277328,13.214666086228986
synthetic_energy,energy,lightgbm_ar,energy_1,2024-01-10 18:00:00,13.18,13.160266774717968
synthetic_energy,energy,lightgbm_ar,energy_1,2024-01-10 19:00:00,13.285185434277327,13.30700454254619
synthetic_energy,energy,lightgbm_ar,energy_1,2024-01-10 20:00:00,13.5549364905389,13.550620447672594
synthetic_energy,energy,lightgbm_ar,energy_1,2024-01-10 21:00:00,13.972233047033619,13.972689581747073
synthetic_energy,energy,lightgbm_ar,energy_1,2024-01-10 22:00:00,14.50999999999999,14.54236161130468
synthetic_energy,energy,lightgbm_ar,energy_1,2024-01-10 23:00:00,15.132952387243687,15.167726282204885
synthetic_energy,energy,lightgbm_ar,energy_2,2024-01-09 00:00:00,15.839999999999995,15.852308282910691
synthetic_energy,energy,lightgbm_ar,energy_2,2024-01-09 01:00:00,16.507047612756303,16.46915786919715
synthetic_energy,energy,lightgbm_ar,energy_2,2024-01-09 02:00:00,17.129999999999985,17.122009453314835
synthetic_energy,energy,lightgbm_ar,energy_2,2024-01-09 03:00:00,17.66776695296636,17.85858457758582
synthetic_energy,energy,lightgbm_ar,energy_2,2024-01-09 04:00:00,18.085063509461094,17.886763769487
synthetic_energy,energy,lightgbm_ar,energy_2,2024-01-09 05:00:00,18.354814565722666,17.925842975666285
synthetic_energy,energy,lightgbm_ar,energy_2,2024-01-09 06:00:00,18.46,17.830219663193372
synthetic_energy,energy,lightgbm_ar,energy_2,2024-01-09 07:00:00,18.39481456572267,17.830219663193372
synthetic_energy,energy,lightgbm_ar,energy_2,2024-01-09 08:00:00,18.165063509461092,17.830219663193372
synthetic_energy,energy,lightgbm_ar,energy_2,2024-01-09 09:00:00,17.787766952966376,17.81586865103738
synthetic_energy,energy,lightgbm_ar,energy_2,2024-01-09 10:00:00,17.290000000000003,17.305786305702068
synthetic_energy,energy,lightgbm_ar,energy_2,2024-01-09 11:00:00,16.707047612756302,16.70826364539363
synthetic_energy,energy,lightgbm_ar,energy_2,2024-01-09 12:00:00,16.080000000000013,16.050355142414787
synthetic_energy,energy,lightgbm_ar,energy_2,2024-01-09 13:00:00,15.452952387243707,15.476199110861252
synthetic_energy,energy,lightgbm_ar,energy_2,2024-01-09 14:00:00,14.870000000000005,14.882822399785576
synthetic_energy,energy,lightgbm_ar,energy_2,2024-01-09 15:00:00,14.372233047033646,14.320149760370363
synthetic_energy,energy,lightgbm_ar,energy_2,2024-01-09 16:00:00,13.994936490538903,14.012703789839163
synthetic_energy,energy,lightgbm_ar,energy_2,2024-01-09 17:00:00,13.765185434277328,13.733897142119643
synthetic_energy,energy,lightgbm_ar,energy_2,2024-01-09 18:00:00,13.7,13.681136480211052
synthetic_energy,energy,lightgbm_ar,energy_2,2024-01-09 19:00:00,13.805185434277327,13.828488652069987
synthetic_energy,energy,lightgbm_ar,energy_2,2024-01-09 20:00:00,14.074936490538903,14.069924115523682
synthetic_energy,energy,lightgbm_ar,energy_2,2024-01-09 21:00:00,14.492233047033633,14.493538935917346
synthetic_energy,energy,lightgbm_ar,energy_2,2024-01-09 22:00:00,15.02999999999999,15.069760499816036
synthetic_energy,energy,lightgbm_ar,energy_2,2024-01-09 23:00:00,15.65295238724369,15.684184913154745
synthetic_energy,energy,lightgbm_ar,energy_2,2024-01-10 00:00:00,16.319999999999993,16.323287405664434
synthetic_energy,energy,lightgbm_ar,energy_2,2024-01-10 01:00:00,16.987047612756285,16.93993903580526
synthetic_energy,energy,lightgbm_ar,energy_2,2024-01-10 02:00:00,17.609999999999985,17.61025338899745
synthetic_energy,energy,lightgbm_ar,energy_2,2024-01-10 03:00:00,18.14776695296637,17.886633493606528
synthetic_energy,energy,lightgbm_ar,energy_2,2024-01-10 04:00:00,18.5650635094611,17.92435324412375
synthetic_energy,energy,lightgbm_ar,energy_2,2024-01-10 05:00:00,18.834814565722667,17.919000806347587
synthetic_energy,energy,lightgbm_ar,energy_2,2024-01-10 06:00:00,18.94,17.830219663193372
synthetic_energy,energy,lightgbm_ar,energy_2,2024-01-10 07:00:00,18.87481456572267,17.830219663193372
synthetic_energy,energy,lightgbm_ar,energy_2,2024-01-10 08:00:00,18.645063509461103,17.830219663193372
synthetic_energy,energy,lightgbm_ar,energy_2,2024-01-10 09:00:00,18.267766952966376,17.830219663193372
synthetic_energy,energy,lightgbm_ar,energy_2,2024-01-10 10:00:00,17.770000000000003,17.830219663193372
synthetic_energy,energy,lightgbm_ar,energy_2,2024-01-10 11:00:00,17.18704761275632,17.208198885303986
synthetic_energy,energy,lightgbm_ar,energy_2,2024-01-10 12:00:00,16.560000000000016,16.547668883317947
synthetic_energy,energy,lightgbm_ar,energy_2,2024-01-10 13:00:00,15.93295238724371,15.951543370059369
synthetic_energy,energy,lightgbm_ar,energy_2,2024-01-10 14:00:00,15.34999999999999,15.362667580377188
synthetic_energy,energy,lightgbm_ar,energy_2,2024-01-10 15:00:00,14.852233047033636,14.793067490345232
synthetic_energy,energy,lightgbm_ar,energy_2,2024-01-10 16:00:00,14.474936490538905,14.493581716744659
synthetic_energy,energy,lightgbm_ar,energy_2,2024-01-10 17:00:00,14.245185434277328,14.214666086228986
synthetic_energy,energy,lightgbm_ar,energy_2,2024-01-10 18:00:00,14.18,14.160266774717968
synthetic_energy,energy,lightgbm_ar,energy_2,2024-01-10 19:00:00,14.285185434277327,14.30700454254619
synthetic_energy,energy,lightgbm_ar,energy_2,2024-01-10 20:00:00,14.5549364905389,14.550620447672594
synthetic_energy,energy,lightgbm_ar,energy_2,2024-01-10 21:00:00,14.972233047033619,14.972689581747073
synthetic_energy,energy,lightgbm_ar,energy_2,2024-01-10 22:00:00,15.50999999999999,15.54236161130468
synthetic_energy,energy,lightgbm_ar,energy_2,2024-01-10 23:00:00,16.132952387243687,16.167726282204885
synthetic_energy,energy,xgboost_ar,energy_0,2024-01-09 00:00:00,13.839999999999995,13.76404576450657
synthetic_energy,energy,xgboost_ar,energy_0,2024-01-09 01:00:00,14.5070476127563,14.473316668890234
synthetic_energy,energy,xgboost_ar,energy_0,2024-01-09 02:00:00,15.129999999999985,15.123045106638415
synthetic_energy,energy,xgboost_ar,energy_0,2024-01-09 03:00:00,15.66776695296636,15.601538349953165
synthetic_energy,energy,xgboost_ar,energy_0,2024-01-09 04:00:00,16.085063509461094,15.96290815563208
synthetic_energy,energy,xgboost_ar,energy_0,2024-01-09 05:00:00,16.354814565722666,15.954601623231966
synthetic_energy,energy,xgboost_ar,energy_0,2024-01-09 06:00:00,16.46,15.952986134096074
synthetic_energy,energy,xgboost_ar,energy_0,2024-01-09 07:00:00,16.39481456572267,15.952986134096074
synthetic_energy,energy,xgboost_ar,energy_0,2024-01-09 08:00:00,16.165063509461092,15.952986134096074
synthetic_energy,energy,xgboost_ar,energy_0,2024-01-09 09:00:00,15.787766952966376,15.680935672363763
synthetic_energy,energy,xgboost_ar,energy_0,2024-01-09 10:00:00,15.290000000000003,15.202771800620408
synthetic_energy,energy,xgboost_ar,energy_0,2024-01-09 11:00:00,14.707047612756302,14.648406413747932
synthetic_energy,energy,xgboost_ar,energy_0,2024-01-09 12:00:00,14.080000000000014,14.058807774409193
synthetic_energy,energy,xgboost_ar,energy_0,2024-01-09 13:00:00,13.452952387243707,13.387019283557787
synthetic_energy,energy,xgboost_ar,energy_0,2024-01-09 14:00:00,12.870000000000005,12.787517099335046
synthetic_energy,energy,xgboost_ar,energy_0,2024-01-09 15:00:00,12.372233047033646,12.307094382621269
synthetic_energy,energy,xgboost_ar,energy_0,2024-01-09 16:00:00,11.994936490538903,11.920341978272818
synthetic_energy,energy,xgboost_ar,energy_0,2024-01-09 17:00:00,11.765185434277328,11.733371940189537
synthetic_energy,energy,xgboost_ar,energy_0,2024-01-09 18:00:00,11.7,11.680461551940098
synthetic_energy,energy,xgboost_ar,energy_0,2024-01-09 19:00:00,11.805185434277327,11.733371940189537
synthetic_energy,energy,xgboost_ar,energy_0,2024-01-09 20:00:00,12.074936490538903,12.07015758010608
synthetic_energy,energy,xgboost_ar,energy_0,2024-01-09 21:00:00,12.492233047033633,12.409975113854339
synthetic_energy,energy,xgboost_ar,energy_0,2024-01-09 22:00:00,13.02999999999999,12.972475574549179
synthetic_energy,energy,xgboost_ar,energy_0,2024-01-09 23:00:00,13.65295238724369,13.599165350153001
synthetic_energy,energy,xgboost_ar,energy_0,2024-01-10 00:00:00,14.319999999999995,14.22850685207675
synthetic_energy,energy,xgboost_ar,energy_0,2024-01-10 01:00:00,14.987047612756283,14.91544762342148
synthetic_energy,energy,xgboost_ar,energy_0,2024-01-10 02:00:00,15.609999999999985,15.497414395505263
synthetic_energy,energy,xgboost_ar,energy_0,2024-01-10 03:00:00,16.14776695296637,15.96290815563208
synthetic_energy,energy,xgboost_ar,energy_0,2024-01-10 04:00:00,16.5650635094611,15.954601623231966
synthetic_energy,energy,xgboost_ar,energy_0,2024-01-10 05:00:00,16.834814565722667,15.952986134096074
synthetic_energy,energy,xgboost_ar,energy_0,2024-01-10 06:00:00,16.94,15.952986134096074
synthetic_energy,energy,xgboost_ar,energy_0,2024-01-10 07:00:00,16.87481456572267,15.952986134096074
synthetic_energy,energy,xgboost_ar,energy_0,2024-01-10 08:00:00,16.645063509461103,15.952986134096074
synthetic_energy,energy,xgboost_ar,energy_0,2024-01-10 09:00:00,16.267766952966376,15.952986134096074
synthetic_energy,energy,xgboost_ar,energy_0,2024-01-10 10:00:00,15.770000000000003,15.629266160616119
synthetic_energy,energy,xgboost_ar,energy_0,2024-01-10 11:00:00,15.18704761275632,15.123045106638415
synthetic_energy,energy,xgboost_ar,energy_0,2024-01-10 12:00:00,14.560000000000015,14.482270062341819
synthetic_energy,energy,xgboost_ar,energy_0,2024-01-10 13:00:00,13.93295238724371,13.848933920137139
synthetic_energy,energy,xgboost_ar,energy_0,2024-01-10 14:00:00,13.34999999999999,13.26851146346224
synthetic_energy,energy,xgboost_ar,energy_0,2024-01-10 15:00:00,12.852233047033636,12.78735413645259
synthetic_energy,energy,xgboost_ar,energy_0,2024-01-10 16:00:00,12.474936490538903,12.400970657115305
synthetic_energy,energy,xgboost_ar,energy_0,2024-01-10 17:00:00,12.245185434277328,12.213019320739445
synthetic_energy,energy,xgboost_ar,energy_0,2024-01-10 18:00:00,12.18,12.160107150176307
synthetic_energy,energy,xgboost_ar,energy_0,2024-01-10 19:00:00,12.285185434277327,12.216810391090835
synthetic_energy,energy,xgboost_ar,energy_0,2024-01-10 20:00:00,12.554936490538902,12.549907829861594
synthetic_energy,energy,xgboost_ar,energy_0,2024-01-10 21:00:00,12.972233047033619,12.894953008507079
synthetic_energy,energy,xgboost_ar,energy_0,2024-01-10 22:00:00,13.50999999999999,13.400887228800313
synthetic_energy,energy,xgboost_ar,energy_0,2024-01-10 23:00:00,14.132952387243687,14.058807774409193
synthetic_energy,energy,xgboost_ar,energy_1,2024-01-09 00:00:00,14.839999999999995,14.764045764506566
synthetic_energy,energy,xgboost_ar,energy_1,2024-01-09 01:00:00,15.5070476127563,15.47331666889023
synthetic_energy,energy,xgboost_ar,energy_1,2024-01-09 02:00:00,16.129999999999985,16.12304510663841
synthetic_energy,energy,xgboost_ar,energy_1,2024-01-09 03:00:00,16.66776695296636,16.60153834995316
synthetic_energy,energy,xgboost_ar,energy_1,2024-01-09 04:00:00,17.085063509461094,16.96290815563208
synthetic_energy,energy,xgboost_ar,energy_1,2024-01-09 05:00:00,17.354814565722666,16.954601623231962
synthetic_energy,energy,xgboost_ar,energy_1,2024-01-09 06:00:00,17.46,16.952986134096072
synthetic_energy,energy,xgboost_ar,energy_1,2024-01-09 07:00:00,17.39481456572267,16.952986134096072
synthetic_energy,energy,xgboost_ar,energy_1,2024-01-09 08:00:00,17.165063509461092,16.952986134096072
synthetic_energy,energy,xgboost_ar,energy_1,2024-01-09 09:00:00,16.787766952966376,16.68093567236376
synthetic_energy,energy,xgboost_ar,energy_1,2024-01-09 10:00:00,16.290000000000003,16.202771800620404
synthetic_energy,energy,xgboost_ar,energy_1,2024-01-09 11:00:00,15.707047612756302,15.648406413747928
synthetic_energy,energy,xgboost_ar,energy_1,2024-01-09 12:00:00,15.080000000000014,15.058807774409189
synthetic_energy,energy,xgboost_ar,energy_1,2024-01-09 13:00:00,14.452952387243707,14.387019283557784
synthetic_energy,energy,xgboost_ar,energy_1,2024-01-09 14:00:00,13.870000000000005,13.787517099335043
synthetic_energy,energy,xgboost_ar,energy_1,2024-01-09 15:00:00,13.372233047033646,13.307094382621266
synthetic_energy,energy,xgboost_ar,energy_1,2024-01-09 16:00:00,12.994936490538903,12.920341978272814
synthetic_energy,energy,xgboost_ar,energy_1,2024-01-09 17:00:00,12.765185434277328,12.733371940189533
synthetic_energy,energy,xgboost_ar,energy_1,2024-01-09 18:00:00,12.7,12.680461551940095
synthetic_energy,energy,xgboost_ar,energy_1,2024-01-09 19:00:00,12.805185434277327,12.733371940189533
synthetic_energy,energy,xgboost_ar,energy_1,2024-01-09 20:00:00,13.074936490538903,13.070157580106077
synthetic_energy,energy,xgboost_ar,energy_1,2024-01-09 21:00:00,13.492233047033633,13.409975113854335
synthetic_energy,energy,xgboost_ar,energy_1,2024-01-09 22:00:00,14.02999999999999,13.972475574549176
synthetic_energy,energy,xgboost_ar,energy_1,2024-01-09 23:00:00,14.65295238724369,14.599165350152997
synthetic_energy,energy,xgboost_ar,energy_1,2024-01-10 00:00:00,15.319999999999995,15.228506852076746
synthetic_energy,energy,xgboost_ar,energy_1,2024-01-10 01:00:00,15.987047612756283,15.915447623421477
synthetic_energy,energy,xgboost_ar,energy_1,2024-01-10 02:00:00,16.609999999999985,16.49741439550526
synthetic_energy,energy,xgboost_ar,energy_1,2024-01-10 03:00:00,17.14776695296637,16.96290815563208
synthetic_energy,energy,xgboost_ar,energy_1,2024-01-10 04:00:00,17.5650635094611,16.954601623231962
synthetic_energy,energy,xgboost_ar,energy_1,2024-01-10 05:00:00,17.834814565722667,16.952986134096072
synthetic_energy,energy,xgboost_ar,energy_1,2024-01-10 06:00:00,17.94,16.952986134096072
synthetic_energy,energy,xgboost_ar,energy_1,2024-01-10 07:00:00,17.87481456572267,16.952986134096072
synthetic_energy,energy,xgboost_ar,energy_1,2024-01-10 08:00:00,17.645063509461103,16.952986134096072
synthetic_energy,energy,xgboost_ar,energy_1,2024-01-10 09:00:00,17.267766952966376,16.952986134096072
synthetic_energy,energy,xgboost_ar,energy_1,2024-01-10 10:00:00,16.770000000000003,16.629266160616115
synthetic_energy,energy,xgboost_ar,energy_1,2024-01-10 11:00:00,16.18704761275632,16.12304510663841
synthetic_energy,energy,xgboost_ar,energy_1,2024-01-10 12:00:00,15.560000000000015,15.482270062341815
synthetic_energy,energy,xgboost_ar,energy_1,2024-01-10 13:00:00,14.93295238724371,14.848933920137135
synthetic_energy,energy,xgboost_ar,energy_1,2024-01-10 14:00:00,14.34999999999999,14.268511463462236
synthetic_energy,energy,xgboost_ar,energy_1,2024-01-10 15:00:00,13.852233047033636,13.787354136452587
synthetic_energy,energy,xgboost_ar,energy_1,2024-01-10 16:00:00,13.474936490538905,13.400970657115302
synthetic_energy,energy,xgboost_ar,energy_1,2024-01-10 17:00:00,13.245185434277328,13.213019320739441
synthetic_energy,energy,xgboost_ar,energy_1,2024-01-10 18:00:00,13.18,13.160107150176303
synthetic_energy,energy,xgboost_ar,energy_1,2024-01-10 19:00:00,13.285185434277327,13.216810391090831
synthetic_energy,energy,xgboost_ar,energy_1,2024-01-10 20:00:00,13.5549364905389,13.54990782986159
synthetic_energy,energy,xgboost_ar,energy_1,2024-01-10 21:00:00,13.972233047033619,13.894953008507075
synthetic_energy,energy,xgboost_ar,energy_1,2024-01-10 22:00:00,14.50999999999999,14.40088722880031
synthetic_energy,energy,xgboost_ar,energy_1,2024-01-10 23:00:00,15.132952387243687,15.058807774409189
synthetic_energy,energy,xgboost_ar,energy_2,2024-01-09 00:00:00,15.839999999999995,15.764045764506566
synthetic_energy,energy,xgboost_ar,energy_2,2024-01-09 01:00:00,16.507047612756303,16.47331666889023
synthetic_energy,energy,xgboost_ar,energy_2,2024-01-09 02:00:00,17.129999999999985,17.12304510663841
synthetic_energy,energy,xgboost_ar,energy_2,2024-01-09 03:00:00,17.66776695296636,17.60153834995316
synthetic_energy,energy,xgboost_ar,energy_2,2024-01-09 04:00:00,18.085063509461094,17.96290815563208
synthetic_energy,energy,xgboost_ar,energy_2,2024-01-09 05:00:00,18.354814565722666,17.954601623231962
synthetic_energy,energy,xgboost_ar,energy_2,2024-01-09 06:00:00,18.46,17.952986134096072
synthetic_energy,energy,xgboost_ar,energy_2,2024-01-09 07:00:00,18.39481456572267,17.952986134096072
synthetic_energy,energy,xgboost_ar,energy_2,2024-01-09 08:00:00,18.165063509461092,17.952986134096072
synthetic_energy,energy,xgboost_ar,energy_2,2024-01-09 09:00:00,17.787766952966376,17.68093567236376
synthetic_energy,energy,xgboost_ar,energy_2,2024-01-09 10:00:00,17.290000000000003,17.202771800620404
synthetic_energy,energy,xgboost_ar,energy_2,2024-01-09 11:00:00,16.707047612756302,16.648406413747928
synthetic_energy,energy,xgboost_ar,energy_2,2024-01-09 12:00:00,16.080000000000013,16.05880777440919
synthetic_energy,energy,xgboost_ar,energy_2,2024-01-09 13:00:00,15.452952387243707,15.387019283557784
synthetic_energy,energy,xgboost_ar,energy_2,2024-01-09 14:00:00,14.870000000000005,14.787517099335043
synthetic_energy,energy,xgboost_ar,energy_2,2024-01-09 15:00:00,14.372233047033646,14.307094382621266
synthetic_energy,energy,xgboost_ar,energy_2,2024-01-09 16:00:00,13.994936490538903,13.920341978272814
synthetic_energy,energy,xgboost_ar,energy_2,2024-01-09 17:00:00,13.765185434277328,13.733371940189533
synthetic_energy,energy,xgboost_ar,energy_2,2024-01-09 18:00:00,13.7,13.680461551940095
synthetic_energy,energy,xgboost_ar,energy_2,2024-01-09 19:00:00,13.805185434277327,13.733371940189533
synthetic_energy,energy,xgboost_ar,energy_2,2024-01-09 20:00:00,14.074936490538903,14.070157580106077
synthetic_energy,energy,xgboost_ar,energy_2,2024-01-09 21:00:00,14.492233047033633,14.409975113854335
synthetic_energy,energy,xgboost_ar,energy_2,2024-01-09 22:00:00,15.02999999999999,14.972475574549176
synthetic_energy,energy,xgboost_ar,energy_2,2024-01-09 23:00:00,15.65295238724369,15.599165350152997
synthetic_energy,energy,xgboost_ar,energy_2,2024-01-10 00:00:00,16.319999999999993,16.228506852076745
synthetic_energy,energy,xgboost_ar,energy_2,2024-01-10 01:00:00,16.987047612756285,16.915447623421475
synthetic_energy,energy,xgboost_ar,energy_2,2024-01-10 02:00:00,17.609999999999985,17.49741439550526
synthetic_energy,energy,xgboost_ar,energy_2,2024-01-10 03:00:00,18.14776695296637,17.96290815563208
synthetic_energy,energy,xgboost_ar,energy_2,2024-01-10 04:00:00,18.5650635094611,17.954601623231962
synthetic_energy,energy,xgboost_ar,energy_2,2024-01-10 05:00:00,18.834814565722667,17.952986134096072
synthetic_energy,energy,xgboost_ar,energy_2,2024-01-10 06:00:00,18.94,17.952986134096072
synthetic_energy,energy,xgboost_ar,energy_2,2024-01-10 07:00:00,18.87481456572267,17.952986134096072
synthetic_energy,energy,xgboost_ar,energy_2,2024-01-10 08:00:00,18.645063509461103,17.952986134096072
synthetic_energy,energy,xgboost_ar,energy_2,2024-01-10 09:00:00,18.267766952966376,17.952986134096072
synthetic_energy,energy,xgboost_ar,energy_2,2024-01-10 10:00:00,17.770000000000003,17.629266160616115
synthetic_energy,energy,xgboost_ar,energy_2,2024-01-10 11:00:00,17.18704761275632,17.12304510663841
synthetic_energy,energy,xgboost_ar,energy_2,2024-01-10 12:00:00,16.560000000000016,16.482270062341815
synthetic_energy,energy,xgboost_ar,energy_2,2024-01-10 13:00:00,15.93295238724371,15.848933920137135
synthetic_energy,energy,xgboost_ar,energy_2,2024-01-10 14:00:00,15.34999999999999,15.268511463462236
synthetic_energy,energy,xgboost_ar,energy_2,2024-01-10 15:00:00,14.852233047033636,14.787354136452587
synthetic_energy,energy,xgboost_ar,energy_2,2024-01-10 16:00:00,14.474936490538905,14.400970657115302
synthetic_energy,energy,xgboost_ar,energy_2,2024-01-10 17:00:00,14.245185434277328,14.213019320739441
synthetic_energy,energy,xgboost_ar,energy_2,2024-01-10 18:00:00,14.18,14.160107150176303
synthetic_energy,energy,xgboost_ar,energy_2,2024-01-10 19:00:00,14.285185434277327,14.216810391090831
synthetic_energy,energy,xgboost_ar,energy_2,2024-01-10 20:00:00,14.5549364905389,14.54990782986159
synthetic_energy,energy,xgboost_ar,energy_2,2024-01-10 21:00:00,14.972233047033619,14.894953008507075
synthetic_energy,energy,xgboost_ar,energy_2,2024-01-10 22:00:00,15.50999999999999,15.40088722880031
synthetic_energy,energy,xgboost_ar,energy_2,2024-01-10 23:00:00,16.132952387243687,16.05880777440919
synthetic_energy,energy,tabpfn_ts,energy_0,2024-01-09 00:00:00,13.839999999999995,13.47776985168457
synthetic_energy,energy,tabpfn_ts,energy_0,2024-01-09 01:00:00,14.5070476127563,14.22661304473877
synthetic_energy,energy,tabpfn_ts,energy_0,2024-01-09 02:00:00,15.129999999999985,14.867661476135254
synthetic_energy,energy,tabpfn_ts,energy_0,2024-01-09 03:00:00,15.66776695296636,15.425649642944336
synthetic_energy,energy,tabpfn_ts,energy_0,2024-01-09 04:00:00,16.085063509461094,15.840944290161133
synthetic_energy,energy,tabpfn_ts,energy_0,2024-01-09 05:00:00,16.354814565722666,16.08098793029785
synthetic_energy,energy,tabpfn_ts,energy_0,2024-01-09 06:00:00,16.46,16.202770233154297
synthetic_energy,energy,tabpfn_ts,energy_0,2024-01-09 07:00:00,16.39481456572267,16.124958038330078
synthetic_energy,energy,tabpfn_ts,energy_0,2024-01-09 08:00:00,16.165063509461092,15.934282302856445
synthetic_energy,energy,tabpfn_ts,energy_0,2024-01-09 09:00:00,15.787766952966376,15.578978538513184
synthetic_energy,energy,tabpfn_ts,energy_0,2024-01-09 10:00:00,15.290000000000003,15.083738327026367
synthetic_energy,energy,tabpfn_ts,energy_0,2024-01-09 11:00:00,14.707047612756302,14.485879898071289
synthetic_energy,energy,tabpfn_ts,energy_0,2024-01-09 12:00:00,14.080000000000014,13.803627014160156
synthetic_energy,energy,tabpfn_ts,energy_0,2024-01-09 13:00:00,13.452952387243707,13.129340171813965
synthetic_energy,energy,tabpfn_ts,energy_0,2024-01-09 14:00:00,12.870000000000005,12.502971649169922
synthetic_energy,energy,tabpfn_ts,energy_0,2024-01-09 15:00:00,12.372233047033646,11.944581985473633
synthetic_energy,energy,tabpfn_ts,energy_0,2024-01-09 16:00:00,11.994936490538903,11.577219009399414
synthetic_energy,energy,tabpfn_ts,energy_0,2024-01-09 17:00:00,11.765185434277328,11.343960762023926
synthetic_energy,energy,tabpfn_ts,energy_0,2024-01-09 18:00:00,11.7,11.30820083618164
synthetic_energy,energy,tabpfn_ts,energy_0,2024-01-09 19:00:00,11.805185434277327,11.381728172302246
synthetic_energy,energy,tabpfn_ts,energy_0,2024-01-09 20:00:00,12.074936490538903,11.596247673034668
synthetic_energy,energy,tabpfn_ts,energy_0,2024-01-09 21:00:00,12.492233047033633,12.02431869506836
synthetic_energy,energy,tabpfn_ts,energy_0,2024-01-09 22:00:00,13.02999999999999,12.555357933044434
synthetic_energy,energy,tabpfn_ts,energy_0,2024-01-09 23:00:00,13.65295238724369,13.175878524780273
synthetic_energy,energy,tabpfn_ts,energy_0,2024-01-10 00:00:00,14.319999999999995,13.347864151000977
synthetic_energy,energy,tabpfn_ts,energy_0,2024-01-10 01:00:00,14.987047612756283,14.0866117477417
synthetic_energy,energy,tabpfn_ts,energy_0,2024-01-10 02:00:00,15.609999999999985,14.77696704864502
synthetic_energy,energy,tabpfn_ts,energy_0,2024-01-10 03:00:00,16.14776695296637,15.416176795959473
synthetic_energy,energy,tabpfn_ts,energy_0,2024-01-10 04:00:00,16.5650635094611,15.907882690429688
synthetic_energy,energy,tabpfn_ts,energy_0,2024-01-10 05:00:00,16.834814565722667,16.16669464111328
synthetic_energy,energy,tabpfn_ts,energy_0,2024-01-10 06:00:00,16.94,16.2750244140625
synthetic_energy,energy,tabpfn_ts,energy_0,2024-01-10 07:00:00,16.87481456572267,16.236494064331055
synthetic_energy,energy,tabpfn_ts,energy_0,2024-01-10 08:00:00,16.645063509461103,16.065017700195312
synthetic_energy,energy,tabpfn_ts,energy_0,2024-01-10 09:00:00,16.267766952966376,15.725512504577637
synthetic_energy,energy,tabpfn_ts,energy_0,2024-01-10 10:00:00,15.770000000000003,15.21513843536377
synthetic_energy,energy,tabpfn_ts,energy_0,2024-01-10 11:00:00,15.18704761275632,14.577144622802734
synthetic_energy,energy,tabpfn_ts,energy_0,2024-01-10 12:00:00,14.560000000000015,13.872686386108398
synthetic_energy,energy,tabpfn_ts,energy_0,2024-01-10 13:00:00,13.93295238724371,13.178544044494629
synthetic_energy,energy,tabpfn_ts,energy_0,2024-01-10 14:00:00,13.34999999999999,12.506260871887207
synthetic_energy,energy,tabpfn_ts,energy_0,2024-01-10 15:00:00,12.852233047033636,11.959914207458496
synthetic_energy,energy,tabpfn_ts,energy_0,2024-01-10 16:00:00,12.474936490538903,11.614054679870605
synthetic_energy,energy,tabpfn_ts,energy_0,2024-01-10 17:00:00,12.245185434277328,11.400495529174805
synthetic_energy,energy,tabpfn_ts,energy_0,2024-01-10 18:00:00,12.18,11.40528392791748
synthetic_energy,energy,tabpfn_ts,energy_0,2024-01-10 19:00:00,12.285185434277327,11.424859046936035
synthetic_energy,energy,tabpfn_ts,energy_0,2024-01-10 20:00:00,12.554936490538902,11.594910621643066
synthetic_energy,energy,tabpfn_ts,energy_0,2024-01-10 21:00:00,12.972233047033619,11.978083610534668
synthetic_energy,energy,tabpfn_ts,energy_0,2024-01-10 22:00:00,13.50999999999999,12.489628791809082
synthetic_energy,energy,tabpfn_ts,energy_0,2024-01-10 23:00:00,14.132952387243687,13.080585479736328
synthetic_energy,energy,tabpfn_ts,energy_1,2024-01-09 00:00:00,14.839999999999995,14.47776985168457
synthetic_energy,energy,tabpfn_ts,energy_1,2024-01-09 01:00:00,15.5070476127563,15.22661304473877
synthetic_energy,energy,tabpfn_ts,energy_1,2024-01-09 02:00:00,16.129999999999985,15.867661476135254
synthetic_energy,energy,tabpfn_ts,energy_1,2024-01-09 03:00:00,16.66776695296636,16.425649642944336
synthetic_energy,energy,tabpfn_ts,energy_1,2024-01-09 04:00:00,17.085063509461094,16.840944290161133
synthetic_energy,energy,tabpfn_ts,energy_1,2024-01-09 05:00:00,17.354814565722666,17.08098793029785
synthetic_energy,energy,tabpfn_ts,energy_1,2024-01-09 06:00:00,17.46,17.202770233154297
synthetic_energy,energy,tabpfn_ts,energy_1,2024-01-09 07:00:00,17.39481456572267,17.124958038330078
synthetic_energy,energy,tabpfn_ts,energy_1,2024-01-09 08:00:00,17.165063509461092,16.934282302856445
synthetic_energy,energy,tabpfn_ts,energy_1,2024-01-09 09:00:00,16.787766952966376,16.578977584838867
synthetic_energy,energy,tabpfn_ts,energy_1,2024-01-09 10:00:00,16.290000000000003,16.083738327026367
synthetic_energy,energy,tabpfn_ts,energy_1,2024-01-09 11:00:00,15.707047612756302,15.485879898071289
synthetic_energy,energy,tabpfn_ts,energy_1,2024-01-09 12:00:00,15.080000000000014,14.803627014160156
synthetic_energy,energy,tabpfn_ts,energy_1,2024-01-09 13:00:00,14.452952387243707,14.129340171813965
synthetic_energy,energy,tabpfn_ts,energy_1,2024-01-09 14:00:00,13.870000000000005,13.502971649169922
synthetic_energy,energy,tabpfn_ts,energy_1,2024-01-09 15:00:00,13.372233047033646,12.944581985473633
synthetic_energy,energy,tabpfn_ts,energy_1,2024-01-09 16:00:00,12.994936490538903,12.577219009399414
synthetic_energy,energy,tabpfn_ts,energy_1,2024-01-09 17:00:00,12.765185434277328,12.343960762023926
synthetic_energy,energy,tabpfn_ts,energy_1,2024-01-09 18:00:00,12.7,12.30820083618164
synthetic_energy,energy,tabpfn_ts,energy_1,2024-01-09 19:00:00,12.805185434277327,12.381728172302246
synthetic_energy,energy,tabpfn_ts,energy_1,2024-01-09 20:00:00,13.074936490538903,12.596247673034668
synthetic_energy,energy,tabpfn_ts,energy_1,2024-01-09 21:00:00,13.492233047033633,13.02431869506836
synthetic_energy,energy,tabpfn_ts,energy_1,2024-01-09 22:00:00,14.02999999999999,13.555357933044434
synthetic_energy,energy,tabpfn_ts,energy_1,2024-01-09 23:00:00,14.65295238724369,14.175878524780273
synthetic_energy,energy,tabpfn_ts,energy_1,2024-01-10 00:00:00,15.319999999999995,14.347864151000977
synthetic_energy,energy,tabpfn_ts,energy_1,2024-01-10 01:00:00,15.987047612756283,15.0866117477417
synthetic_energy,energy,tabpfn_ts,energy_1,2024-01-10 02:00:00,16.609999999999985,15.77696704864502
synthetic_energy,energy,tabpfn_ts,energy_1,2024-01-10 03:00:00,17.14776695296637,16.416175842285156
synthetic_energy,energy,tabpfn_ts,energy_1,2024-01-10 04:00:00,17.5650635094611,16.907882690429688
synthetic_energy,energy,tabpfn_ts,energy_1,2024-01-10 05:00:00,17.834814565722667,17.16669464111328
synthetic_energy,energy,tabpfn_ts,energy_1,2024-01-10 06:00:00,17.94,17.2750244140625
synthetic_energy,energy,tabpfn_ts,energy_1,2024-01-10 07:00:00,17.87481456572267,17.236494064331055
synthetic_energy,energy,tabpfn_ts,energy_1,2024-01-10 08:00:00,17.645063509461103,17.065017700195312
synthetic_energy,energy,tabpfn_ts,energy_1,2024-01-10 09:00:00,17.267766952966376,16.72551155090332
synthetic_energy,energy,tabpfn_ts,energy_1,2024-01-10 10:00:00,16.770000000000003,16.215139389038086
synthetic_energy,energy,tabpfn_ts,energy_1,2024-01-10 11:00:00,16.18704761275632,15.577144622802734
synthetic_energy,energy,tabpfn_ts,energy_1,2024-01-10 12:00:00,15.560000000000015,14.872686386108398
synthetic_energy,energy,tabpfn_ts,energy_1,2024-01-10 13:00:00,14.93295238724371,14.178544044494629
synthetic_energy,energy,tabpfn_ts,energy_1,2024-01-10 14:00:00,14.34999999999999,13.506260871887207
synthetic_energy,energy,tabpfn_ts,energy_1,2024-01-10 15:00:00,13.852233047033636,12.959914207458496
synthetic_energy,energy,tabpfn_ts,energy_1,2024-01-10 16:00:00,13.474936490538905,12.614054679870605
synthetic_energy,energy,tabpfn_ts,energy_1,2024-01-10 17:00:00,13.245185434277328,12.400495529174805
synthetic_energy,energy,tabpfn_ts,energy_1,2024-01-10 18:00:00,13.18,12.40528392791748
synthetic_energy,energy,tabpfn_ts,energy_1,2024-01-10 19:00:00,13.285185434277327,12.424859046936035
synthetic_energy,energy,tabpfn_ts,energy_1,2024-01-10 20:00:00,13.5549364905389,12.594910621643066
synthetic_energy,energy,tabpfn_ts,energy_1,2024-01-10 21:00:00,13.972233047033619,12.978083610534668
synthetic_energy,energy,tabpfn_ts,energy_1,2024-01-10 22:00:00,14.50999999999999,13.489628791809082
synthetic_energy,energy,tabpfn_ts,energy_1,2024-01-10 23:00:00,15.132952387243687,14.080585479736328
synthetic_energy,energy,tabpfn_ts,energy_2,2024-01-09 00:00:00,15.839999999999995,15.47776985168457
synthetic_energy,energy,tabpfn_ts,energy_2,2024-01-09 01:00:00,16.507047612756303,16.226613998413086
synthetic_energy,energy,tabpfn_ts,energy_2,2024-01-09 02:00:00,17.129999999999985,16.867660522460938
synthetic_energy,energy,tabpfn_ts,energy_2,2024-01-09 03:00:00,17.66776695296636,17.425649642944336
synthetic_energy,energy,tabpfn_ts,energy_2,2024-01-09 04:00:00,18.085063509461094,17.840944290161133
synthetic_energy,energy,tabpfn_ts,energy_2,2024-01-09 05:00:00,18.354814565722666,18.08098793029785
synthetic_energy,energy,tabpfn_ts,energy_2,2024-01-09 06:00:00,18.46,18.202770233154297
synthetic_energy,energy,tabpfn_ts,energy_2,2024-01-09 07:00:00,18.39481456572267,18.124958038330078
synthetic_energy,energy,tabpfn_ts,energy_2,2024-01-09 08:00:00,18.165063509461092,17.934282302856445
synthetic_energy,energy,tabpfn_ts,energy_2,2024-01-09 09:00:00,17.787766952966376,17.578977584838867
synthetic_energy,energy,tabpfn_ts,energy_2,2024-01-09 10:00:00,17.290000000000003,17.083738327026367
synthetic_energy,energy,tabpfn_ts,energy_2,2024-01-09 11:00:00,16.707047612756302,16.48587989807129
synthetic_energy,energy,tabpfn_ts,energy_2,2024-01-09 12:00:00,16.080000000000013,15.803627014160156
synthetic_energy,energy,tabpfn_ts,energy_2,2024-01-09 13:00:00,15.452952387243707,15.129340171813965
synthetic_energy,energy,tabpfn_ts,energy_2,2024-01-09 14:00:00,14.870000000000005,14.502971649169922
synthetic_energy,energy,tabpfn_ts,energy_2,2024-01-09 15:00:00,14.372233047033646,13.944581985473633
synthetic_energy,energy,tabpfn_ts,energy_2,2024-01-09 16:00:00,13.994936490538903,13.577219009399414
synthetic_energy,energy,tabpfn_ts,energy_2,2024-01-09 17:00:00,13.765185434277328,13.343960762023926
synthetic_energy,energy,tabpfn_ts,energy_2,2024-01-09 18:00:00,13.7,13.30820083618164
synthetic_energy,energy,tabpfn_ts,energy_2,2024-01-09 19:00:00,13.805185434277327,13.381728172302246
synthetic_energy,energy,tabpfn_ts,energy_2,2024-01-09 20:00:00,14.074936490538903,13.596247673034668
synthetic_energy,energy,tabpfn_ts,energy_2,2024-01-09 21:00:00,14.492233047033633,14.02431869506836
synthetic_energy,energy,tabpfn_ts,energy_2,2024-01-09 22:00:00,15.02999999999999,14.555357933044434
synthetic_energy,energy,tabpfn_ts,energy_2,2024-01-09 23:00:00,15.65295238724369,15.175878524780273
synthetic_energy,energy,tabpfn_ts,energy_2,2024-01-10 00:00:00,16.319999999999993,15.347864151000977
synthetic_energy,energy,tabpfn_ts,energy_2,2024-01-10 01:00:00,16.987047612756285,16.086610794067383
synthetic_energy,energy,tabpfn_ts,energy_2,2024-01-10 02:00:00,17.609999999999985,16.776968002319336
synthetic_energy,energy,tabpfn_ts,energy_2,2024-01-10 03:00:00,18.14776695296637,17.416175842285156
synthetic_energy,energy,tabpfn_ts,energy_2,2024-01-10 04:00:00,18.5650635094611,17.907882690429688
synthetic_energy,energy,tabpfn_ts,energy_2,2024-01-10 05:00:00,18.834814565722667,18.16669464111328
synthetic_energy,energy,tabpfn_ts,energy_2,2024-01-10 06:00:00,18.94,18.2750244140625
synthetic_energy,energy,tabpfn_ts,energy_2,2024-01-10 07:00:00,18.87481456572267,18.236494064331055
synthetic_energy,energy,tabpfn_ts,energy_2,2024-01-10 08:00:00,18.645063509461103,18.065017700195312
synthetic_energy,energy,tabpfn_ts,energy_2,2024-01-10 09:00:00,18.267766952966376,17.72551155090332
synthetic_energy,energy,tabpfn_ts,energy_2,2024-01-10 10:00:00,17.770000000000003,17.215139389038086
synthetic_energy,energy,tabpfn_ts,energy_2,2024-01-10 11:00:00,17.18704761275632,16.577144622802734
synthetic_energy,energy,tabpfn_ts,energy_2,2024-01-10 12:00:00,16.560000000000016,15.872686386108398
synthetic_energy,energy,tabpfn_ts,energy_2,2024-01-10 13:00:00,15.93295238724371,15.178544044494629
synthetic_energy,energy,tabpfn_ts,energy_2,2024-01-10 14:00:00,15.34999999999999,14.506260871887207
synthetic_energy,energy,tabpfn_ts,energy_2,2024-01-10 15:00:00,14.852233047033636,13.959914207458496
synthetic_energy,energy,tabpfn_ts,energy_2,2024-01-10 16:00:00,14.474936490538905,13.614054679870605
synthetic_energy,energy,tabpfn_ts,energy_2,2024-01-10 17:00:00,14.245185434277328,13.400495529174805
synthetic_energy,energy,tabpfn_ts,energy_2,2024-01-10 18:00:00,14.18,13.40528392791748
synthetic_energy,energy,tabpfn_ts,energy_2,2024-01-10 19:00:00,14.285185434277327,13.424859046936035
synthetic_energy,energy,tabpfn_ts,energy_2,2024-01-10 20:00:00,14.5549364905389,13.594910621643066
synthetic_energy,energy,tabpfn_ts,energy_2,2024-01-10 21:00:00,14.972233047033619,13.978083610534668
synthetic_energy,energy,tabpfn_ts,energy_2,2024-01-10 22:00:00,15.50999999999999,14.489628791809082
synthetic_energy,energy,tabpfn_ts,energy_2,2024-01-10 23:00:00,16.132952387243687,15.080585479736328
synthetic_traffic,traffic,dummy_mean,traffic_0,2024-01-09 00:00:00,32.34549444740407,30.15117268618795
synthetic_traffic,traffic,dummy_mean,traffic_0,2024-01-09 01:00:00,34.484345700120166,30.15117268618795
synthetic_traffic,traffic,dummy_mean,traffic_0,2024-01-09 02:00:00,36.47871632294794,30.15117268618795
synthetic_traffic,traffic,dummy_mean,traffic_0,2024-01-09 03:00:00,38.197026847177206,30.15117268618795
synthetic_traffic,traffic,dummy_mean,traffic_0,2024-01-09 04:00:00,39.526279441628816,30.15117268618795
synthetic_traffic,traffic,dummy_mean,traffic_0,2024-01-09 05:00:00,40.37975279082636,30.15117268618795
synthetic_traffic,traffic,dummy_mean,traffic_0,2024-01-09 06:00:00,40.702906603707255,30.15117268618795
synthetic_traffic,traffic,dummy_mean,traffic_0,2024-01-09 07:00:00,40.47709337792247,30.15117268618795
synthetic_traffic,traffic,dummy_mean,traffic_0,2024-01-09 08:00:00,39.720824476208115,30.15117268618795
synthetic_traffic,traffic,dummy_mean,traffic_0,2024-01-09 09:00:00,38.4885042404175,30.15117268618795
synthetic_traffic,traffic,dummy_mean,traffic_0,2024-01-09 10:00:00,36.86671841735843,30.15117268618795
synthetic_traffic,traffic,dummy_mean,traffic_0,2024-01-09 11:00:00,34.96832983968737,30.15117268618795
synthetic_traffic,traffic,dummy_mean,traffic_0,2024-01-09 12:00:00,32.924783736545514,30.15117268618795
synthetic_traffic,traffic,dummy_mean,traffic_0,2024-01-09 13:00:00,30.87714705887973,30.15117268618795
synthetic_traffic,traffic,dummy_mean,traffic_0,2024-01-09 14:00:00,28.966492478675402,30.15117268618795
synthetic_traffic,traffic,dummy_mean,traffic_0,2024-01-09 15:00:00,27.324282380187395,30.15117268618795
synthetic_traffic,traffic,dummy_mean,traffic_0,2024-01-09 16:00:00,26.06340816126803,30.15117268618795
synthetic_traffic,traffic,dummy_mean,traffic_0,2024-01-09 17:00:00,25.270495504052647,30.15117268618795
synthetic_traffic,traffic,dummy_mean,traffic_0,2024-01-09 18:00:00,25.0,30.15117268618795
synthetic_traffic,traffic,dummy_mean,traffic_0,2024-01-09 19:00:00,25.270495504052647,30.15117268618795
synthetic_traffic,traffic,dummy_mean,traffic_0,2024-01-09 20:00:00,26.063408161268026,30.15117268618795
synthetic_traffic,traffic,dummy_mean,traffic_0,2024-01-09 21:00:00,27.324282380187352,30.15117268618795
synthetic_traffic,traffic,dummy_mean,traffic_0,2024-01-09 22:00:00,28.96649247867535,30.15117268618795
synthetic_traffic,traffic,dummy_mean,traffic_0,2024-01-09 23:00:00,30.87714705887967,30.15117268618795
synthetic_traffic,traffic,dummy_mean,traffic_0,2024-01-10 00:00:00,32.92478373654545,30.15117268618795
synthetic_traffic,traffic,dummy_mean,traffic_0,2024-01-10 01:00:00,34.96832983968731,30.15117268618795
synthetic_traffic,traffic,dummy_mean,traffic_0,2024-01-10 02:00:00,36.86671841735838,30.15117268618795
synthetic_traffic,traffic,dummy_mean,traffic_0,2024-01-10 03:00:00,38.48850424041749,30.15117268618795
synthetic_traffic,traffic,dummy_mean,traffic_0,2024-01-10 04:00:00,39.720824476208136,30.15117268618795
synthetic_traffic,traffic,dummy_mean,traffic_0,2024-01-10 05:00:00,40.47709337792247,30.15117268618795
synthetic_traffic,traffic,dummy_mean,traffic_0,2024-01-10 06:00:00,40.702906603707255,30.15117268618795
synthetic_traffic,traffic,dummy_mean,traffic_0,2024-01-10 07:00:00,40.37975279082637,30.15117268618795
synthetic_traffic,traffic,dummy_mean,traffic_0,2024-01-10 08:00:00,39.526279441628844,30.15117268618795
synthetic_traffic,traffic,dummy_mean,traffic_0,2024-01-10 09:00:00,38.197026847177256,30.15117268618795
synthetic_traffic,traffic,dummy_mean,traffic_0,2024-01-10 10:00:00,36.478716322947996,30.15117268618795
synthetic_traffic,traffic,dummy_mean,traffic_0,2024-01-10 11:00:00,34.48434570012023,30.15117268618795
synthetic_traffic,traffic,dummy_mean,traffic_0,2024-01-10 12:00:00,32.345494447404135,30.15117268618795
synthetic_traffic,traffic,dummy_mean,traffic_0,2024-01-10 13:00:00,30.20336280861623,30.15117268618795
synthetic_traffic,traffic,dummy_mean,traffic_0,2024-01-10 14:00:00,28.19915561548945,30.15117268618795
synthetic_traffic,traffic,dummy_mean,traffic_0,2024-01-10 15:00:00,26.46446609406727,30.15117268618795
synthetic_traffic,traffic,dummy_mean,traffic_0,2024-01-10 16:00:00,25.11231498303725,30.15117268618795
synthetic_traffic,traffic,dummy_mean,traffic_0,2024-01-10 17:00:00,24.229455623521815,30.15117268618795
synthetic_traffic,traffic,dummy_mean,traffic_0,2024-01-10 18:00:00,23.870469405576202,30.15117268618795
synthetic_traffic,traffic,dummy_mean,traffic_0,2024-01-10 19:00:00,24.054053946407954,30.15117268618795
synthetic_traffic,traffic,dummy_mean,traffic_0,2024-01-10 20:00:00,24.761756943915355,30.15117268618795
synthetic_traffic,traffic,dummy_mean,traffic_0,2024-01-10 21:00:00,25.939241980053595,30.15117268618795
synthetic_traffic,traffic,dummy_mean,traffic_0,2024-01-10 22:00:00,27.499999999999968,30.15117268618795
synthetic_traffic,traffic,dummy_mean,traffic_0,2024-01-10 23:00:00,29.33125352399899,30.15117268618795
synthetic_traffic,traffic,dummy_mean,traffic_1,2024-01-09 00:00:00,33.34549444740407,31.15117268618795
synthetic_traffic,traffic,dummy_mean,traffic_1,2024-01-09 01:00:00,35.484345700120166,31.15117268618795
synthetic_traffic,traffic,dummy_mean,traffic_1,2024-01-09 02:00:00,37.47871632294794,31.15117268618795
synthetic_traffic,traffic,dummy_mean,traffic_1,2024-01-09 03:00:00,39.197026847177206,31.15117268618795
synthetic_traffic,traffic,dummy_mean,traffic_1,2024-01-09 04:00:00,40.526279441628816,31.15117268618795
synthetic_traffic,traffic,dummy_mean,traffic_1,2024-01-09 05:00:00,41.37975279082636,31.15117268618795
synthetic_traffic,traffic,dummy_mean,traffic_1,2024-01-09 06:00:00,41.702906603707255,31.15117268618795
synthetic_traffic,traffic,dummy_mean,traffic_1,2024-01-09 07:00:00,41.47709337792247,31.15117268618795
synthetic_traffic,traffic,dummy_mean,traffic_1,2024-01-09 08:00:00,40.720824476208115,31.15117268618795
synthetic_traffic,traffic,dummy_mean,traffic_1,2024-01-09 09:00:00,39.4885042404175,31.15117268618795
synthetic_traffic,traffic,dummy_mean,traffic_1,2024-01-09 10:00:00,37.86671841735843,31.15117268618795
synthetic_traffic,traffic,dummy_mean,traffic_1,2024-01-09 11:00:00,35.96832983968737,31.15117268618795
synthetic_traffic,traffic,dummy_mean,traffic_1,2024-01-09 12:00:00,33.924783736545514,31.15117268618795
synthetic_traffic,traffic,dummy_mean,traffic_1,2024-01-09 13:00:00,31.87714705887973,31.15117268618795
synthetic_traffic,traffic,dummy_mean,traffic_1,2024-01-09 14:00:00,29.966492478675402,31.15117268618795
synthetic_traffic,traffic,dummy_mean,traffic_1,2024-01-09 15:00:00,28.324282380187395,31.15117268618795
synthetic_traffic,traffic,dummy_mean,traffic_1,2024-01-09 16:00:00,27.06340816126803,31.15117268618795
synthetic_traffic,traffic,dummy_mean,traffic_1,2024-01-09 17:00:00,26.270495504052647,31.15117268618795
synthetic_traffic,traffic,dummy_mean,traffic_1,2024-01-09 18:00:00,26.0,31.15117268618795
synthetic_traffic,traffic,dummy_mean,traffic_1,2024-01-09 19:00:00,26.270495504052647,31.15117268618795
synthetic_traffic,traffic,dummy_mean,traffic_1,2024-01-09 20:00:00,27.063408161268026,31.15117268618795
synthetic_traffic,traffic,dummy_mean,traffic_1,2024-01-09 21:00:00,28.324282380187352,31.15117268618795
synthetic_traffic,traffic,dummy_mean,traffic_1,2024-01-09 22:00:00,29.96649247867535,31.15117268618795
synthetic_traffic,traffic,dummy_mean,traffic_1,2024-01-09 23:00:00,31.87714705887967,31.15117268618795
synthetic_traffic,traffic,dummy_mean,traffic_1,2024-01-10 00:00:00,33.92478373654545,31.15117268618795
synthetic_traffic,traffic,dummy_mean,traffic_1,2024-01-10 01:00:00,35.96832983968731,31.15117268618795
synthetic_traffic,traffic,dummy_mean,traffic_1,2024-01-10 02:00:00,37.86671841735838,31.15117268618795
synthetic_traffic,traffic,dummy_mean,traffic_1,2024-01-10 03:00:00,39.48850424041749,31.15117268618795
synthetic_traffic,traffic,dummy_mean,traffic_1,2024-01-10 04:00:00,40.720824476208136,31.15117268618795
synthetic_traffic,traffic,dummy_mean,traffic_1,2024-01-10 05:00:00,41.47709337792247,31.15117268618795
synthetic_traffic,traffic,dummy_mean,traffic_1,2024-01-10 06:00:00,41.702906603707255,31.15117268618795
synthetic_traffic,traffic,dummy_mean,traffic_1,2024-01-10 07:00:00,41.37975279082637,31.15117268618795
synthetic_traffic,traffic,dummy_mean,traffic_1,2024-01-10 08:00:00,40.526279441628844,31.15117268618795
synthetic_traffic,traffic,dummy_mean,traffic_1,2024-01-10 09:00:00,39.197026847177256,31.15117268618795
synthetic_traffic,traffic,dummy_mean,traffic_1,2024-01-10 10:00:00,37.478716322947996,31.15117268618795
synthetic_traffic,traffic,dummy_mean,traffic_1,2024-01-10 11:00:00,35.48434570012023,31.15117268618795
synthetic_traffic,traffic,dummy_mean,traffic_1,2024-01-10 12:00:00,33.345494447404135,31.15117268618795
synthetic_traffic,traffic,dummy_mean,traffic_1,2024-01-10 13:00:00,31.20336280861623,31.15117268618795
synthetic_traffic,traffic,dummy_mean,traffic_1,2024-01-10 14:00:00,29.19915561548945,31.15117268618795
synthetic_traffic,traffic,dummy_mean,traffic_1,2024-01-10 15:00:00,27.46446609406727,31.15117268618795
synthetic_traffic,traffic,dummy_mean,traffic_1,2024-01-10 16:00:00,26.11231498303725,31.15117268618795
synthetic_traffic,traffic,dummy_mean,traffic_1,2024-01-10 17:00:00,25.229455623521815,31.15117268618795
synthetic_traffic,traffic,dummy_mean,traffic_1,2024-01-10 18:00:00,24.870469405576202,31.15117268618795
synthetic_traffic,traffic,dummy_mean,traffic_1,2024-01-10 19:00:00,25.054053946407954,31.15117268618795
synthetic_traffic,traffic,dummy_mean,traffic_1,2024-01-10 20:00:00,25.761756943915355,31.15117268618795
synthetic_traffic,traffic,dummy_mean,traffic_1,2024-01-10 21:00:00,26.939241980053595,31.15117268618795
synthetic_traffic,traffic,dummy_mean,traffic_1,2024-01-10 22:00:00,28.499999999999968,31.15117268618795
synthetic_traffic,traffic,dummy_mean,traffic_1,2024-01-10 23:00:00,30.33125352399899,31.15117268618795
synthetic_traffic,traffic,dummy_mean,traffic_2,2024-01-09 00:00:00,34.34549444740407,32.151172686187955
synthetic_traffic,traffic,dummy_mean,traffic_2,2024-01-09 01:00:00,36.484345700120166,32.151172686187955
synthetic_traffic,traffic,dummy_mean,traffic_2,2024-01-09 02:00:00,38.47871632294794,32.151172686187955
synthetic_traffic,traffic,dummy_mean,traffic_2,2024-01-09 03:00:00,40.197026847177206,32.151172686187955
synthetic_traffic,traffic,dummy_mean,traffic_2,2024-01-09 04:00:00,41.526279441628816,32.151172686187955
synthetic_traffic,traffic,dummy_mean,traffic_2,2024-01-09 05:00:00,42.37975279082636,32.151172686187955
synthetic_traffic,traffic,dummy_mean,traffic_2,2024-01-09 06:00:00,42.702906603707255,32.151172686187955
synthetic_traffic,traffic,dummy_mean,traffic_2,2024-01-09 07:00:00,42.47709337792247,32.151172686187955
synthetic_traffic,traffic,dummy_mean,traffic_2,2024-01-09 08:00:00,41.720824476208115,32.151172686187955
synthetic_traffic,traffic,dummy_mean,traffic_2,2024-01-09 09:00:00,40.4885042404175,32.151172686187955
synthetic_traffic,traffic,dummy_mean,traffic_2,2024-01-09 10:00:00,38.86671841735843,32.151172686187955
synthetic_traffic,traffic,dummy_mean,traffic_2,2024-01-09 11:00:00,36.96832983968737,32.151172686187955
synthetic_traffic,traffic,dummy_mean,traffic_2,2024-01-09 12:00:00,34.924783736545514,32.151172686187955
synthetic_traffic,traffic,dummy_mean,traffic_2,2024-01-09 13:00:00,32.87714705887973,32.151172686187955
synthetic_traffic,traffic,dummy_mean,traffic_2,2024-01-09 14:00:00,30.966492478675402,32.151172686187955
synthetic_traffic,traffic,dummy_mean,traffic_2,2024-01-09 15:00:00,29.324282380187395,32.151172686187955
synthetic_traffic,traffic,dummy_mean,traffic_2,2024-01-09 16:00:00,28.06340816126803,32.151172686187955
synthetic_traffic,traffic,dummy_mean,traffic_2,2024-01-09 17:00:00,27.270495504052647,32.151172686187955
synthetic_traffic,traffic,dummy_mean,traffic_2,2024-01-09 18:00:00,27.0,32.151172686187955
synthetic_traffic,traffic,dummy_mean,traffic_2,2024-01-09 19:00:00,27.270495504052647,32.151172686187955
synthetic_traffic,traffic,dummy_mean,traffic_2,2024-01-09 20:00:00,28.063408161268026,32.151172686187955
synthetic_traffic,traffic,dummy_mean,traffic_2,2024-01-09 21:00:00,29.324282380187352,32.151172686187955
synthetic_traffic,traffic,dummy_mean,traffic_2,2024-01-09 22:00:00,30.96649247867535,32.151172686187955
synthetic_traffic,traffic,dummy_mean,traffic_2,2024-01-09 23:00:00,32.87714705887967,32.151172686187955
synthetic_traffic,traffic,dummy_mean,traffic_2,2024-01-10 00:00:00,34.92478373654545,32.151172686187955
synthetic_traffic,traffic,dummy_mean,traffic_2,2024-01-10 01:00:00,36.96832983968731,32.151172686187955
synthetic_traffic,traffic,dummy_mean,traffic_2,2024-01-10 02:00:00,38.86671841735838,32.151172686187955
synthetic_traffic,traffic,dummy_mean,traffic_2,2024-01-10 03:00:00,40.48850424041749,32.151172686187955
synthetic_traffic,traffic,dummy_mean,traffic_2,2024-01-10 04:00:00,41.720824476208136,32.151172686187955
synthetic_traffic,traffic,dummy_mean,traffic_2,2024-01-10 05:00:00,42.47709337792247,32.151172686187955
synthetic_traffic,traffic,dummy_mean,traffic_2,2024-01-10 06:00:00,42.702906603707255,32.151172686187955
synthetic_traffic,traffic,dummy_mean,traffic_2,2024-01-10 07:00:00,42.37975279082637,32.151172686187955
synthetic_traffic,traffic,dummy_mean,traffic_2,2024-01-10 08:00:00,41.526279441628844,32.151172686187955
synthetic_traffic,traffic,dummy_mean,traffic_2,2024-01-10 09:00:00,40.197026847177256,32.151172686187955
synthetic_traffic,traffic,dummy_mean,traffic_2,2024-01-10 10:00:00,38.478716322947996,32.151172686187955
synthetic_traffic,traffic,dummy_mean,traffic_2,2024-01-10 11:00:00,36.48434570012023,32.151172686187955
synthetic_traffic,traffic,dummy_mean,traffic_2,2024-01-10 12:00:00,34.345494447404135,32.151172686187955
synthetic_traffic,traffic,dummy_mean,traffic_2,2024-01-10 13:00:00,32.203362808616234,32.151172686187955
synthetic_traffic,traffic,dummy_mean,traffic_2,2024-01-10 14:00:00,30.19915561548945,32.151172686187955
synthetic_traffic,traffic,dummy_mean,traffic_2,2024-01-10 15:00:00,28.46446609406727,32.151172686187955
synthetic_traffic,traffic,dummy_mean,traffic_2,2024-01-10 16:00:00,27.11231498303725,32.151172686187955
synthetic_traffic,traffic,dummy_mean,traffic_2,2024-01-10 17:00:00,26.229455623521815,32.151172686187955
synthetic_traffic,traffic,dummy_mean,traffic_2,2024-01-10 18:00:00,25.870469405576202,32.151172686187955
synthetic_traffic,traffic,dummy_mean,traffic_2,2024-01-10 19:00:00,26.054053946407954,32.151172686187955
synthetic_traffic,traffic,dummy_mean,traffic_2,2024-01-10 20:00:00,26.761756943915355,32.151172686187955
synthetic_traffic,traffic,dummy_mean,traffic_2,2024-01-10 21:00:00,27.939241980053595,32.151172686187955
synthetic_traffic,traffic,dummy_mean,traffic_2,2024-01-10 22:00:00,29.499999999999968,32.151172686187955
synthetic_traffic,traffic,dummy_mean,traffic_2,2024-01-10 23:00:00,31.33125352399899,32.151172686187955
synthetic_traffic,traffic,seasonal_naive,traffic_0,2024-01-09 00:00:00,32.34549444740407,29.999999999999986
synthetic_traffic,traffic,seasonal_naive,traffic_0,2024-01-09 01:00:00,34.484345700120166,32.182725943649146
synthetic_traffic,traffic,seasonal_naive,traffic_0,2024-01-09 02:00:00,36.47871632294794,34.22419028075928
synthetic_traffic,traffic,seasonal_naive,traffic_0,2024-01-09 03:00:00,38.197026847177206,35.99274767780228
synthetic_traffic,traffic,seasonal_naive,traffic_0,2024-01-09 04:00:00,39.526279441628816,37.37533002880402
synthetic_traffic,traffic,seasonal_naive,traffic_0,2024-01-09 05:00:00,40.37975279082636,38.285141431801286
synthetic_traffic,traffic,seasonal_naive,traffic_0,2024-01-09 06:00:00,40.702906603707255,38.66756280186894
synthetic_traffic,traffic,seasonal_naive,traffic_0,2024-01-09 07:00:00,40.47709337792247,38.503863745620116
synthetic_traffic,traffic,seasonal_naive,traffic_0,2024-01-09 08:00:00,39.720824476208115,37.81246875350824
synthetic_traffic,traffic,seasonal_naive,traffic_0,2024-01-09 09:00:00,38.4885042404175,36.64769143535786
synthetic_traffic,traffic,seasonal_naive,traffic_0,2024-01-09 10:00:00,36.86671841735843,35.09602307309919
synthetic_traffic,traffic,seasonal_naive,traffic_0,2024-01-09 11:00:00,34.96832983968737,33.27022843377939
synthetic_traffic,traffic,seasonal_naive,traffic_0,2024-01-09 12:00:00,32.924783736545514,31.30165121735266
synthetic_traffic,traffic,seasonal_naive,traffic_0,2024-01-09 13:00:00,30.87714705887973,29.331253523999045
synthetic_traffic,traffic,seasonal_naive,traffic_0,2024-01-09 14:00:00,28.966492478675402,27.500000000000018
synthetic_traffic,traffic,seasonal_naive,traffic_0,2024-01-09 15:00:00,27.324282380187395,25.939241980053634
synthetic_traffic,traffic,seasonal_naive,traffic_0,2024-01-09 16:00:00,26.06340816126803,24.761756943915383
synthetic_traffic,traffic,seasonal_naive,traffic_0,2024-01-09 17:00:00,25.270495504052647,24.05405394640797
synthetic_traffic,traffic,seasonal_naive,traffic_0,2024-01-09 18:00:00,25.0,23.8704694055762
synthetic_traffic,traffic,seasonal_naive,traffic_0,2024-01-09 19:00:00,25.270495504052647,24.22945562352183
synthetic_traffic,traffic,seasonal_naive,traffic_0,2024-01-09 20:00:00,26.063408161268026,25.112314983037244
synthetic_traffic,traffic,seasonal_naive,traffic_0,2024-01-09 21:00:00,27.324282380187352,26.464466094067266
synthetic_traffic,traffic,seasonal_naive,traffic_0,2024-01-09 22:00:00,28.96649247867535,28.199155615489495
synthetic_traffic,traffic,seasonal_naive,traffic_0,2024-01-09 23:00:00,30.87714705887967,30.203362808616163
synthetic_traffic,traffic,seasonal_naive,traffic_0,2024-01-10 00:00:00,32.92478373654545,29.999999999999986
synthetic_traffic,traffic,seasonal_naive,traffic_0,2024-01-10 01:00:00,34.96832983968731,32.182725943649146
synthetic_traffic,traffic,seasonal_naive,traffic_0,2024-01-10 02:00:00,36.86671841735838,34.22419028075928
synthetic_traffic,traffic,seasonal_naive,traffic_0,2024-01-10 03:00:00,38.48850424041749,35.99274767780228
synthetic_traffic,traffic,seasonal_naive,traffic_0,2024-01-10 04:00:00,39.720824476208136,37.37533002880402
synthetic_traffic,traffic,seasonal_naive,traffic_0,2024-01-10 05:00:00,40.47709337792247,38.285141431801286
synthetic_traffic,traffic,seasonal_naive,traffic_0,2024-01-10 06:00:00,40.702906603707255,38.66756280186894
synthetic_traffic,traffic,seasonal_naive,traffic_0,2024-01-10 07:00:00,40.37975279082637,38.503863745620116
synthetic_traffic,traffic,seasonal_naive,traffic_0,2024-01-10 08:00:00,39.526279441628844,37.81246875350824
synthetic_traffic,traffic,seasonal_naive,traffic_0,2024-01-10 09:00:00,38.197026847177256,36.64769143535786
synthetic_traffic,traffic,seasonal_naive,traffic_0,2024-01-10 10:00:00,36.478716322947996,35.09602307309919
synthetic_traffic,traffic,seasonal_naive,traffic_0,2024-01-10 11:00:00,34.48434570012023,33.27022843377939
synthetic_traffic,traffic,seasonal_naive,traffic_0,2024-01-10 12:00:00,32.345494447404135,31.30165121735266
synthetic_traffic,traffic,seasonal_naive,traffic_0,2024-01-10 13:00:00,30.20336280861623,29.331253523999045
synthetic_traffic,traffic,seasonal_naive,traffic_0,2024-01-10 14:00:00,28.19915561548945,27.500000000000018
synthetic_traffic,traffic,seasonal_naive,traffic_0,2024-01-10 15:00:00,26.46446609406727,25.939241980053634
synthetic_traffic,traffic,seasonal_naive,traffic_0,2024-01-10 16:00:00,25.11231498303725,24.761756943915383
synthetic_traffic,traffic,seasonal_naive,traffic_0,2024-01-10 17:00:00,24.229455623521815,24.05405394640797
synthetic_traffic,traffic,seasonal_naive,traffic_0,2024-01-10 18:00:00,23.870469405576202,23.8704694055762
synthetic_traffic,traffic,seasonal_naive,traffic_0,2024-01-10 19:00:00,24.054053946407954,24.22945562352183
synthetic_traffic,traffic,seasonal_naive,traffic_0,2024-01-10 20:00:00,24.761756943915355,25.112314983037244
synthetic_traffic,traffic,seasonal_naive,traffic_0,2024-01-10 21:00:00,25.939241980053595,26.464466094067266
synthetic_traffic,traffic,seasonal_naive,traffic_0,2024-01-10 22:00:00,27.499999999999968,28.199155615489495
synthetic_traffic,traffic,seasonal_naive,traffic_0,2024-01-10 23:00:00,29.33125352399899,30.203362808616163
synthetic_traffic,traffic,seasonal_naive,traffic_1,2024-01-09 00:00:00,33.34549444740407,30.999999999999986
synthetic_traffic,traffic,seasonal_naive,traffic_1,2024-01-09 01:00:00,35.484345700120166,33.182725943649146
synthetic_traffic,traffic,seasonal_naive,traffic_1,2024-01-09 02:00:00,37.47871632294794,35.22419028075928
synthetic_traffic,traffic,seasonal_naive,traffic_1,2024-01-09 03:00:00,39.197026847177206,36.99274767780228
synthetic_traffic,traffic,seasonal_naive,traffic_1,2024-01-09 04:00:00,40.526279441628816,38.37533002880402
synthetic_traffic,traffic,seasonal_naive,traffic_1,2024-01-09 05:00:00,41.37975279082636,39.285141431801286
synthetic_traffic,traffic,seasonal_naive,traffic_1,2024-01-09 06:00:00,41.702906603707255,39.66756280186894
synthetic_traffic,traffic,seasonal_naive,traffic_1,2024-01-09 07:00:00,41.47709337792247,39.503863745620116
synthetic_traffic,traffic,seasonal_naive,traffic_1,2024-01-09 08:00:00,40.720824476208115,38.81246875350824
synthetic_traffic,traffic,seasonal_naive,traffic_1,2024-01-09 09:00:00,39.4885042404175,37.64769143535786
synthetic_traffic,traffic,seasonal_naive,traffic_1,2024-01-09 10:00:00,37.86671841735843,36.09602307309919
synthetic_traffic,traffic,seasonal_naive,traffic_1,2024-01-09 11:00:00,35.96832983968737,34.27022843377939
synthetic_traffic,traffic,seasonal_naive,traffic_1,2024-01-09 12:00:00,33.924783736545514,32.301651217352656
synthetic_traffic,traffic,seasonal_naive,traffic_1,2024-01-09 13:00:00,31.87714705887973,30.331253523999045
synthetic_traffic,traffic,seasonal_naive,traffic_1,2024-01-09 14:00:00,29.966492478675402,28.500000000000018
synthetic_traffic,traffic,seasonal_naive,traffic_1,2024-01-09 15:00:00,28.324282380187395,26.939241980053634
synthetic_traffic,traffic,seasonal_naive,traffic_1,2024-01-09 16:00:00,27.06340816126803,25.761756943915383
synthetic_traffic,traffic,seasonal_naive,traffic_1,2024-01-09 17:00:00,26.270495504052647,25.05405394640797
synthetic_traffic,traffic,seasonal_naive,traffic_1,2024-01-09 18:00:00,26.0,24.8704694055762
synthetic_traffic,traffic,seasonal_naive,traffic_1,2024-01-09 19:00:00,26.270495504052647,25.22945562352183
synthetic_traffic,traffic,seasonal_naive,traffic_1,2024-01-09 20:00:00,27.063408161268026,26.112314983037244
synthetic_traffic,traffic,seasonal_naive,traffic_1,2024-01-09 21:00:00,28.324282380187352,27.464466094067266
synthetic_traffic,traffic,seasonal_naive,traffic_1,2024-01-09 22:00:00,29.96649247867535,29.199155615489495
synthetic_traffic,traffic,seasonal_naive,traffic_1,2024-01-09 23:00:00,31.87714705887967,31.203362808616163
synthetic_traffic,traffic,seasonal_naive,traffic_1,2024-01-10 00:00:00,33.92478373654545,30.999999999999986
synthetic_traffic,traffic,seasonal_naive,traffic_1,2024-01-10 01:00:00,35.96832983968731,33.182725943649146
synthetic_traffic,traffic,seasonal_naive,traffic_1,2024-01-10 02:00:00,37.86671841735838,35.22419028075928
synthetic_traffic,traffic,seasonal_naive,traffic_1,2024-01-10 03:00:00,39.48850424041749,36.99274767780228
synthetic_traffic,traffic,seasonal_naive,traffic_1,2024-01-10 04:00:00,40.720824476208136,38.37533002880402
synthetic_traffic,traffic,seasonal_naive,traffic_1,2024-01-10 05:00:00,41.47709337792247,39.285141431801286
synthetic_traffic,traffic,seasonal_naive,traffic_1,2024-01-10 06:00:00,41.702906603707255,39.66756280186894
synthetic_traffic,traffic,seasonal_naive,traffic_1,2024-01-10 07:00:00,41.37975279082637,39.503863745620116
synthetic_traffic,traffic,seasonal_naive,traffic_1,2024-01-10 08:00:00,40.526279441628844,38.81246875350824
synthetic_traffic,traffic,seasonal_naive,traffic_1,2024-01-10 09:00:00,39.197026847177256,37.64769143535786
synthetic_traffic,traffic,seasonal_naive,traffic_1,2024-01-10 10:00:00,37.478716322947996,36.09602307309919
synthetic_traffic,traffic,seasonal_naive,traffic_1,2024-01-10 11:00:00,35.48434570012023,34.27022843377939
synthetic_traffic,traffic,seasonal_naive,traffic_1,2024-01-10 12:00:00,33.345494447404135,32.301651217352656
synthetic_traffic,traffic,seasonal_naive,traffic_1,2024-01-10 13:00:00,31.20336280861623,30.331253523999045
synthetic_traffic,traffic,seasonal_naive,traffic_1,2024-01-10 14:00:00,29.19915561548945,28.500000000000018
synthetic_traffic,traffic,seasonal_naive,traffic_1,2024-01-10 15:00:00,27.46446609406727,26.939241980053634
synthetic_traffic,traffic,seasonal_naive,traffic_1,2024-01-10 16:00:00,26.11231498303725,25.761756943915383
synthetic_traffic,traffic,seasonal_naive,traffic_1,2024-01-10 17:00:00,25.229455623521815,25.05405394640797
synthetic_traffic,traffic,seasonal_naive,traffic_1,2024-01-10 18:00:00,24.870469405576202,24.8704694055762
synthetic_traffic,traffic,seasonal_naive,traffic_1,2024-01-10 19:00:00,25.054053946407954,25.22945562352183
synthetic_traffic,traffic,seasonal_naive,traffic_1,2024-01-10 20:00:00,25.761756943915355,26.112314983037244
synthetic_traffic,traffic,seasonal_naive,traffic_1,2024-01-10 21:00:00,26.939241980053595,27.464466094067266
synthetic_traffic,traffic,seasonal_naive,traffic_1,2024-01-10 22:00:00,28.499999999999968,29.199155615489495
synthetic_traffic,traffic,seasonal_naive,traffic_1,2024-01-10 23:00:00,30.33125352399899,31.203362808616163
synthetic_traffic,traffic,seasonal_naive,traffic_2,2024-01-09 00:00:00,34.34549444740407,31.999999999999986
synthetic_traffic,traffic,seasonal_naive,traffic_2,2024-01-09 01:00:00,36.484345700120166,34.182725943649146
synthetic_traffic,traffic,seasonal_naive,traffic_2,2024-01-09 02:00:00,38.47871632294794,36.22419028075928
synthetic_traffic,traffic,seasonal_naive,traffic_2,2024-01-09 03:00:00,40.197026847177206,37.99274767780228
synthetic_traffic,traffic,seasonal_naive,traffic_2,2024-01-09 04:00:00,41.526279441628816,39.37533002880402
synthetic_traffic,traffic,seasonal_naive,traffic_2,2024-01-09 05:00:00,42.37975279082636,40.285141431801286
synthetic_traffic,traffic,seasonal_naive,traffic_2,2024-01-09 06:00:00,42.702906603707255,40.66756280186894
synthetic_traffic,traffic,seasonal_naive,traffic_2,2024-01-09 07:00:00,42.47709337792247,40.503863745620116
synthetic_traffic,traffic,seasonal_naive,traffic_2,2024-01-09 08:00:00,41.720824476208115,39.81246875350824
synthetic_traffic,traffic,seasonal_naive,traffic_2,2024-01-09 09:00:00,40.4885042404175,38.64769143535786
synthetic_traffic,traffic,seasonal_naive,traffic_2,2024-01-09 10:00:00,38.86671841735843,37.09602307309919
synthetic_traffic,traffic,seasonal_naive,traffic_2,2024-01-09 11:00:00,36.96832983968737,35.27022843377939
synthetic_traffic,traffic,seasonal_naive,traffic_2,2024-01-09 12:00:00,34.924783736545514,33.301651217352656
synthetic_traffic,traffic,seasonal_naive,traffic_2,2024-01-09 13:00:00,32.87714705887973,31.331253523999045
synthetic_traffic,traffic,seasonal_naive,traffic_2,2024-01-09 14:00:00,30.966492478675402,29.500000000000018
synthetic_traffic,traffic,seasonal_naive,traffic_2,2024-01-09 15:00:00,29.324282380187395,27.939241980053634
synthetic_traffic,traffic,seasonal_naive,traffic_2,2024-01-09 16:00:00,28.06340816126803,26.761756943915383
synthetic_traffic,traffic,seasonal_naive,traffic_2,2024-01-09 17:00:00,27.270495504052647,26.05405394640797
synthetic_traffic,traffic,seasonal_naive,traffic_2,2024-01-09 18:00:00,27.0,25.8704694055762
synthetic_traffic,traffic,seasonal_naive,traffic_2,2024-01-09 19:00:00,27.270495504052647,26.22945562352183
synthetic_traffic,traffic,seasonal_naive,traffic_2,2024-01-09 20:00:00,28.063408161268026,27.112314983037244
synthetic_traffic,traffic,seasonal_naive,traffic_2,2024-01-09 21:00:00,29.324282380187352,28.464466094067266
synthetic_traffic,traffic,seasonal_naive,traffic_2,2024-01-09 22:00:00,30.96649247867535,30.199155615489495
synthetic_traffic,traffic,seasonal_naive,traffic_2,2024-01-09 23:00:00,32.87714705887967,32.20336280861616
synthetic_traffic,traffic,seasonal_naive,traffic_2,2024-01-10 00:00:00,34.92478373654545,31.999999999999986
synthetic_traffic,traffic,seasonal_naive,traffic_2,2024-01-10 01:00:00,36.96832983968731,34.182725943649146
synthetic_traffic,traffic,seasonal_naive,traffic_2,2024-01-10 02:00:00,38.86671841735838,36.22419028075928
synthetic_traffic,traffic,seasonal_naive,traffic_2,2024-01-10 03:00:00,40.48850424041749,37.99274767780228
synthetic_traffic,traffic,seasonal_naive,traffic_2,2024-01-10 04:00:00,41.720824476208136,39.37533002880402
synthetic_traffic,traffic,seasonal_naive,traffic_2,2024-01-10 05:00:00,42.47709337792247,40.285141431801286
synthetic_traffic,traffic,seasonal_naive,traffic_2,2024-01-10 06:00:00,42.702906603707255,40.66756280186894
synthetic_traffic,traffic,seasonal_naive,traffic_2,2024-01-10 07:00:00,42.37975279082637,40.503863745620116
synthetic_traffic,traffic,seasonal_naive,traffic_2,2024-01-10 08:00:00,41.526279441628844,39.81246875350824
synthetic_traffic,traffic,seasonal_naive,traffic_2,2024-01-10 09:00:00,40.197026847177256,38.64769143535786
synthetic_traffic,traffic,seasonal_naive,traffic_2,2024-01-10 10:00:00,38.478716322947996,37.09602307309919
synthetic_traffic,traffic,seasonal_naive,traffic_2,2024-01-10 11:00:00,36.48434570012023,35.27022843377939
synthetic_traffic,traffic,seasonal_naive,traffic_2,2024-01-10 12:00:00,34.345494447404135,33.301651217352656
synthetic_traffic,traffic,seasonal_naive,traffic_2,2024-01-10 13:00:00,32.203362808616234,31.331253523999045
synthetic_traffic,traffic,seasonal_naive,traffic_2,2024-01-10 14:00:00,30.19915561548945,29.500000000000018
synthetic_traffic,traffic,seasonal_naive,traffic_2,2024-01-10 15:00:00,28.46446609406727,27.939241980053634
synthetic_traffic,traffic,seasonal_naive,traffic_2,2024-01-10 16:00:00,27.11231498303725,26.761756943915383
synthetic_traffic,traffic,seasonal_naive,traffic_2,2024-01-10 17:00:00,26.229455623521815,26.05405394640797
synthetic_traffic,traffic,seasonal_naive,traffic_2,2024-01-10 18:00:00,25.870469405576202,25.8704694055762
synthetic_traffic,traffic,seasonal_naive,traffic_2,2024-01-10 19:00:00,26.054053946407954,26.22945562352183
synthetic_traffic,traffic,seasonal_naive,traffic_2,2024-01-10 20:00:00,26.761756943915355,27.112314983037244
synthetic_traffic,traffic,seasonal_naive,traffic_2,2024-01-10 21:00:00,27.939241980053595,28.464466094067266
synthetic_traffic,traffic,seasonal_naive,traffic_2,2024-01-10 22:00:00,29.499999999999968,30.199155615489495
synthetic_traffic,traffic,seasonal_naive,traffic_2,2024-01-10 23:00:00,31.33125352399899,32.20336280861616
synthetic_traffic,traffic,moving_average,traffic_0,2024-01-09 00:00:00,32.34549444740407,29.951135532345756
synthetic_traffic,traffic,moving_average,traffic_0,2024-01-09 01:00:00,34.484345700120166,29.951135532345756
synthetic_traffic,traffic,moving_average,traffic_0,2024-01-09 02:00:00,36.47871632294794,29.951135532345756
synthetic_traffic,traffic,moving_average,traffic_0,2024-01-09 03:00:00,38.197026847177206,29.951135532345756
synthetic_traffic,traffic,moving_average,traffic_0,2024-01-09 04:00:00,39.526279441628816,29.951135532345756
synthetic_traffic,traffic,moving_average,traffic_0,2024-01-09 05:00:00,40.37975279082636,29.951135532345756
synthetic_traffic,traffic,moving_average,traffic_0,2024-01-09 06:00:00,40.702906603707255,29.951135532345756
synthetic_traffic,traffic,moving_average,traffic_0,2024-01-09 07:00:00,40.47709337792247,29.951135532345756
synthetic_traffic,traffic,moving_average,traffic_0,2024-01-09 08:00:00,39.720824476208115,29.951135532345756
synthetic_traffic,traffic,moving_average,traffic_0,2024-01-09 09:00:00,38.4885042404175,29.951135532345756
synthetic_traffic,traffic,moving_average,traffic_0,2024-01-09 10:00:00,36.86671841735843,29.951135532345756
synthetic_traffic,traffic,moving_average,traffic_0,2024-01-09 11:00:00,34.96832983968737,29.951135532345756
synthetic_traffic,traffic,moving_average,traffic_0,2024-01-09 12:00:00,32.924783736545514,29.951135532345756
synthetic_traffic,traffic,moving_average,traffic_0,2024-01-09 13:00:00,30.87714705887973,29.951135532345756
synthetic_traffic,traffic,moving_average,traffic_0,2024-01-09 14:00:00,28.966492478675402,29.951135532345756
synthetic_traffic,traffic,moving_average,traffic_0,2024-01-09 15:00:00,27.324282380187395,29.951135532345756
synthetic_traffic,traffic,moving_average,traffic_0,2024-01-09 16:00:00,26.06340816126803,29.951135532345756
synthetic_traffic,traffic,moving_average,traffic_0,2024-01-09 17:00:00,25.270495504052647,29.951135532345756
synthetic_traffic,traffic,moving_average,traffic_0,2024-01-09 18:00:00,25.0,29.951135532345756
synthetic_traffic,traffic,moving_average,traffic_0,2024-01-09 19:00:00,25.270495504052647,29.951135532345756
synthetic_traffic,traffic,moving_average,traffic_0,2024-01-09 20:00:00,26.063408161268026,29.951135532345756
synthetic_traffic,traffic,moving_average,traffic_0,2024-01-09 21:00:00,27.324282380187352,29.951135532345756
synthetic_traffic,traffic,moving_average,traffic_0,2024-01-09 22:00:00,28.96649247867535,29.951135532345756
synthetic_traffic,traffic,moving_average,traffic_0,2024-01-09 23:00:00,30.87714705887967,29.951135532345756
synthetic_traffic,traffic,moving_average,traffic_0,2024-01-10 00:00:00,32.92478373654545,29.951135532345756
synthetic_traffic,traffic,moving_average,traffic_0,2024-01-10 01:00:00,34.96832983968731,29.951135532345756
synthetic_traffic,traffic,moving_average,traffic_0,2024-01-10 02:00:00,36.86671841735838,29.951135532345756
synthetic_traffic,traffic,moving_average,traffic_0,2024-01-10 03:00:00,38.48850424041749,29.951135532345756
synthetic_traffic,traffic,moving_average,traffic_0,2024-01-10 04:00:00,39.720824476208136,29.951135532345756
synthetic_traffic,traffic,moving_average,traffic_0,2024-01-10 05:00:00,40.47709337792247,29.951135532345756
synthetic_traffic,traffic,moving_average,traffic_0,2024-01-10 06:00:00,40.702906603707255,29.951135532345756
synthetic_traffic,traffic,moving_average,traffic_0,2024-01-10 07:00:00,40.37975279082637,29.951135532345756
synthetic_traffic,traffic,moving_average,traffic_0,2024-01-10 08:00:00,39.526279441628844,29.951135532345756
synthetic_traffic,traffic,moving_average,traffic_0,2024-01-10 09:00:00,38.197026847177256,29.951135532345756
synthetic_traffic,traffic,moving_average,traffic_0,2024-01-10 10:00:00,36.478716322947996,29.951135532345756
synthetic_traffic,traffic,moving_average,traffic_0,2024-01-10 11:00:00,34.48434570012023,29.951135532345756
synthetic_traffic,traffic,moving_average,traffic_0,2024-01-10 12:00:00,32.345494447404135,29.951135532345756
synthetic_traffic,traffic,moving_average,traffic_0,2024-01-10 13:00:00,30.20336280861623,29.951135532345756
synthetic_traffic,traffic,moving_average,traffic_0,2024-01-10 14:00:00,28.19915561548945,29.951135532345756
synthetic_traffic,traffic,moving_average,traffic_0,2024-01-10 15:00:00,26.46446609406727,29.951135532345756
synthetic_traffic,traffic,moving_average,traffic_0,2024-01-10 16:00:00,25.11231498303725,29.951135532345756
synthetic_traffic,traffic,moving_average,traffic_0,2024-01-10 17:00:00,24.229455623521815,29.951135532345756
synthetic_traffic,traffic,moving_average,traffic_0,2024-01-10 18:00:00,23.870469405576202,29.951135532345756
synthetic_traffic,traffic,moving_average,traffic_0,2024-01-10 19:00:00,24.054053946407954,29.951135532345756
synthetic_traffic,traffic,moving_average,traffic_0,2024-01-10 20:00:00,24.761756943915355,29.951135532345756
synthetic_traffic,traffic,moving_average,traffic_0,2024-01-10 21:00:00,25.939241980053595,29.951135532345756
synthetic_traffic,traffic,moving_average,traffic_0,2024-01-10 22:00:00,27.499999999999968,29.951135532345756
synthetic_traffic,traffic,moving_average,traffic_0,2024-01-10 23:00:00,29.33125352399899,29.951135532345756
synthetic_traffic,traffic,moving_average,traffic_1,2024-01-09 00:00:00,33.34549444740407,30.951135532345756
synthetic_traffic,traffic,moving_average,traffic_1,2024-01-09 01:00:00,35.484345700120166,30.951135532345756
synthetic_traffic,traffic,moving_average,traffic_1,2024-01-09 02:00:00,37.47871632294794,30.951135532345756
synthetic_traffic,traffic,moving_average,traffic_1,2024-01-09 03:00:00,39.197026847177206,30.951135532345756
synthetic_traffic,traffic,moving_average,traffic_1,2024-01-09 04:00:00,40.526279441628816,30.951135532345756
synthetic_traffic,traffic,moving_average,traffic_1,2024-01-09 05:00:00,41.37975279082636,30.951135532345756
synthetic_traffic,traffic,moving_average,traffic_1,2024-01-09 06:00:00,41.702906603707255,30.951135532345756
synthetic_traffic,traffic,moving_average,traffic_1,2024-01-09 07:00:00,41.47709337792247,30.951135532345756
synthetic_traffic,traffic,moving_average,traffic_1,2024-01-09 08:00:00,40.720824476208115,30.951135532345756
synthetic_traffic,traffic,moving_average,traffic_1,2024-01-09 09:00:00,39.4885042404175,30.951135532345756
synthetic_traffic,traffic,moving_average,traffic_1,2024-01-09 10:00:00,37.86671841735843,30.951135532345756
synthetic_traffic,traffic,moving_average,traffic_1,2024-01-09 11:00:00,35.96832983968737,30.951135532345756
synthetic_traffic,traffic,moving_average,traffic_1,2024-01-09 12:00:00,33.924783736545514,30.951135532345756
synthetic_traffic,traffic,moving_average,traffic_1,2024-01-09 13:00:00,31.87714705887973,30.951135532345756
synthetic_traffic,traffic,moving_average,traffic_1,2024-01-09 14:00:00,29.966492478675402,30.951135532345756
synthetic_traffic,traffic,moving_average,traffic_1,2024-01-09 15:00:00,28.324282380187395,30.951135532345756
synthetic_traffic,traffic,moving_average,traffic_1,2024-01-09 16:00:00,27.06340816126803,30.951135532345756
synthetic_traffic,traffic,moving_average,traffic_1,2024-01-09 17:00:00,26.270495504052647,30.951135532345756
synthetic_traffic,traffic,moving_average,traffic_1,2024-01-09 18:00:00,26.0,30.951135532345756
synthetic_traffic,traffic,moving_average,traffic_1,2024-01-09 19:00:00,26.270495504052647,30.951135532345756
synthetic_traffic,traffic,moving_average,traffic_1,2024-01-09 20:00:00,27.063408161268026,30.951135532345756
synthetic_traffic,traffic,moving_average,traffic_1,2024-01-09 21:00:00,28.324282380187352,30.951135532345756
synthetic_traffic,traffic,moving_average,traffic_1,2024-01-09 22:00:00,29.96649247867535,30.951135532345756
synthetic_traffic,traffic,moving_average,traffic_1,2024-01-09 23:00:00,31.87714705887967,30.951135532345756
synthetic_traffic,traffic,moving_average,traffic_1,2024-01-10 00:00:00,33.92478373654545,30.951135532345756
synthetic_traffic,traffic,moving_average,traffic_1,2024-01-10 01:00:00,35.96832983968731,30.951135532345756
synthetic_traffic,traffic,moving_average,traffic_1,2024-01-10 02:00:00,37.86671841735838,30.951135532345756
synthetic_traffic,traffic,moving_average,traffic_1,2024-01-10 03:00:00,39.48850424041749,30.951135532345756
synthetic_traffic,traffic,moving_average,traffic_1,2024-01-10 04:00:00,40.720824476208136,30.951135532345756
synthetic_traffic,traffic,moving_average,traffic_1,2024-01-10 05:00:00,41.47709337792247,30.951135532345756
synthetic_traffic,traffic,moving_average,traffic_1,2024-01-10 06:00:00,41.702906603707255,30.951135532345756
synthetic_traffic,traffic,moving_average,traffic_1,2024-01-10 07:00:00,41.37975279082637,30.951135532345756
synthetic_traffic,traffic,moving_average,traffic_1,2024-01-10 08:00:00,40.526279441628844,30.951135532345756
synthetic_traffic,traffic,moving_average,traffic_1,2024-01-10 09:00:00,39.197026847177256,30.951135532345756
synthetic_traffic,traffic,moving_average,traffic_1,2024-01-10 10:00:00,37.478716322947996,30.951135532345756
synthetic_traffic,traffic,moving_average,traffic_1,2024-01-10 11:00:00,35.48434570012023,30.951135532345756
synthetic_traffic,traffic,moving_average,traffic_1,2024-01-10 12:00:00,33.345494447404135,30.951135532345756
synthetic_traffic,traffic,moving_average,traffic_1,2024-01-10 13:00:00,31.20336280861623,30.951135532345756
synthetic_traffic,traffic,moving_average,traffic_1,2024-01-10 14:00:00,29.19915561548945,30.951135532345756
synthetic_traffic,traffic,moving_average,traffic_1,2024-01-10 15:00:00,27.46446609406727,30.951135532345756
synthetic_traffic,traffic,moving_average,traffic_1,2024-01-10 16:00:00,26.11231498303725,30.951135532345756
synthetic_traffic,traffic,moving_average,traffic_1,2024-01-10 17:00:00,25.229455623521815,30.951135532345756
synthetic_traffic,traffic,moving_average,traffic_1,2024-01-10 18:00:00,24.870469405576202,30.951135532345756
synthetic_traffic,traffic,moving_average,traffic_1,2024-01-10 19:00:00,25.054053946407954,30.951135532345756
synthetic_traffic,traffic,moving_average,traffic_1,2024-01-10 20:00:00,25.761756943915355,30.951135532345756
synthetic_traffic,traffic,moving_average,traffic_1,2024-01-10 21:00:00,26.939241980053595,30.951135532345756
synthetic_traffic,traffic,moving_average,traffic_1,2024-01-10 22:00:00,28.499999999999968,30.951135532345756
synthetic_traffic,traffic,moving_average,traffic_1,2024-01-10 23:00:00,30.33125352399899,30.951135532345756
synthetic_traffic,traffic,moving_average,traffic_2,2024-01-09 00:00:00,34.34549444740407,31.951135532345756
synthetic_traffic,traffic,moving_average,traffic_2,2024-01-09 01:00:00,36.484345700120166,31.951135532345756
synthetic_traffic,traffic,moving_average,traffic_2,2024-01-09 02:00:00,38.47871632294794,31.951135532345756
synthetic_traffic,traffic,moving_average,traffic_2,2024-01-09 03:00:00,40.197026847177206,31.951135532345756
synthetic_traffic,traffic,moving_average,traffic_2,2024-01-09 04:00:00,41.526279441628816,31.951135532345756
synthetic_traffic,traffic,moving_average,traffic_2,2024-01-09 05:00:00,42.37975279082636,31.951135532345756
synthetic_traffic,traffic,moving_average,traffic_2,2024-01-09 06:00:00,42.702906603707255,31.951135532345756
synthetic_traffic,traffic,moving_average,traffic_2,2024-01-09 07:00:00,42.47709337792247,31.951135532345756
synthetic_traffic,traffic,moving_average,traffic_2,2024-01-09 08:00:00,41.720824476208115,31.951135532345756
synthetic_traffic,traffic,moving_average,traffic_2,2024-01-09 09:00:00,40.4885042404175,31.951135532345756
synthetic_traffic,traffic,moving_average,traffic_2,2024-01-09 10:00:00,38.86671841735843,31.951135532345756
synthetic_traffic,traffic,moving_average,traffic_2,2024-01-09 11:00:00,36.96832983968737,31.951135532345756
synthetic_traffic,traffic,moving_average,traffic_2,2024-01-09 12:00:00,34.924783736545514,31.951135532345756
synthetic_traffic,traffic,moving_average,traffic_2,2024-01-09 13:00:00,32.87714705887973,31.951135532345756
synthetic_traffic,traffic,moving_average,traffic_2,2024-01-09 14:00:00,30.966492478675402,31.951135532345756
synthetic_traffic,traffic,moving_average,traffic_2,2024-01-09 15:00:00,29.324282380187395,31.951135532345756
synthetic_traffic,traffic,moving_average,traffic_2,2024-01-09 16:00:00,28.06340816126803,31.951135532345756
synthetic_traffic,traffic,moving_average,traffic_2,2024-01-09 17:00:00,27.270495504052647,31.951135532345756
synthetic_traffic,traffic,moving_average,traffic_2,2024-01-09 18:00:00,27.0,31.951135532345756
synthetic_traffic,traffic,moving_average,traffic_2,2024-01-09 19:00:00,27.270495504052647,31.951135532345756
synthetic_traffic,traffic,moving_average,traffic_2,2024-01-09 20:00:00,28.063408161268026,31.951135532345756
synthetic_traffic,traffic,moving_average,traffic_2,2024-01-09 21:00:00,29.324282380187352,31.951135532345756
synthetic_traffic,traffic,moving_average,traffic_2,2024-01-09 22:00:00,30.96649247867535,31.951135532345756
synthetic_traffic,traffic,moving_average,traffic_2,2024-01-09 23:00:00,32.87714705887967,31.951135532345756
synthetic_traffic,traffic,moving_average,traffic_2,2024-01-10 00:00:00,34.92478373654545,31.951135532345756
synthetic_traffic,traffic,moving_average,traffic_2,2024-01-10 01:00:00,36.96832983968731,31.951135532345756
synthetic_traffic,traffic,moving_average,traffic_2,2024-01-10 02:00:00,38.86671841735838,31.951135532345756
synthetic_traffic,traffic,moving_average,traffic_2,2024-01-10 03:00:00,40.48850424041749,31.951135532345756
synthetic_traffic,traffic,moving_average,traffic_2,2024-01-10 04:00:00,41.720824476208136,31.951135532345756
synthetic_traffic,traffic,moving_average,traffic_2,2024-01-10 05:00:00,42.47709337792247,31.951135532345756
synthetic_traffic,traffic,moving_average,traffic_2,2024-01-10 06:00:00,42.702906603707255,31.951135532345756
synthetic_traffic,traffic,moving_average,traffic_2,2024-01-10 07:00:00,42.37975279082637,31.951135532345756
synthetic_traffic,traffic,moving_average,traffic_2,2024-01-10 08:00:00,41.526279441628844,31.951135532345756
synthetic_traffic,traffic,moving_average,traffic_2,2024-01-10 09:00:00,40.197026847177256,31.951135532345756
synthetic_traffic,traffic,moving_average,traffic_2,2024-01-10 10:00:00,38.478716322947996,31.951135532345756
synthetic_traffic,traffic,moving_average,traffic_2,2024-01-10 11:00:00,36.48434570012023,31.951135532345756
synthetic_traffic,traffic,moving_average,traffic_2,2024-01-10 12:00:00,34.345494447404135,31.951135532345756
synthetic_traffic,traffic,moving_average,traffic_2,2024-01-10 13:00:00,32.203362808616234,31.951135532345756
synthetic_traffic,traffic,moving_average,traffic_2,2024-01-10 14:00:00,30.19915561548945,31.951135532345756
synthetic_traffic,traffic,moving_average,traffic_2,2024-01-10 15:00:00,28.46446609406727,31.951135532345756
synthetic_traffic,traffic,moving_average,traffic_2,2024-01-10 16:00:00,27.11231498303725,31.951135532345756
synthetic_traffic,traffic,moving_average,traffic_2,2024-01-10 17:00:00,26.229455623521815,31.951135532345756
synthetic_traffic,traffic,moving_average,traffic_2,2024-01-10 18:00:00,25.870469405576202,31.951135532345756
synthetic_traffic,traffic,moving_average,traffic_2,2024-01-10 19:00:00,26.054053946407954,31.951135532345756
synthetic_traffic,traffic,moving_average,traffic_2,2024-01-10 20:00:00,26.761756943915355,31.951135532345756
synthetic_traffic,traffic,moving_average,traffic_2,2024-01-10 21:00:00,27.939241980053595,31.951135532345756
synthetic_traffic,traffic,moving_average,traffic_2,2024-01-10 22:00:00,29.499999999999968,31.951135532345756
synthetic_traffic,traffic,moving_average,traffic_2,2024-01-10 23:00:00,31.33125352399899,31.951135532345756
synthetic_traffic,traffic,linear_trend,traffic_0,2024-01-09 00:00:00,32.34549444740407,27.40986374737619
synthetic_traffic,traffic,linear_trend,traffic_0,2024-01-09 01:00:00,34.484345700120166,27.381456400860007
synthetic_traffic,traffic,linear_trend,traffic_0,2024-01-09 02:00:00,36.47871632294794,27.35304905434382
synthetic_traffic,traffic,linear_trend,traffic_0,2024-01-09 03:00:00,38.197026847177206,27.324641707827638
synthetic_traffic,traffic,linear_trend,traffic_0,2024-01-09 04:00:00,39.526279441628816,27.296234361311456
synthetic_traffic,traffic,linear_trend,traffic_0,2024-01-09 05:00:00,40.37975279082636,27.26782701479527
synthetic_traffic,traffic,linear_trend,traffic_0,2024-01-09 06:00:00,40.702906603707255,27.239419668279087
synthetic_traffic,traffic,linear_trend,traffic_0,2024-01-09 07:00:00,40.47709337792247,27.2110123217629
synthetic_traffic,traffic,linear_trend,traffic_0,2024-01-09 08:00:00,39.720824476208115,27.18260497524672
synthetic_traffic,traffic,linear_trend,traffic_0,2024-01-09 09:00:00,38.4885042404175,27.154197628730536
synthetic_traffic,traffic,linear_trend,traffic_0,2024-01-09 10:00:00,36.86671841735843,27.12579028221435
synthetic_traffic,traffic,linear_trend,traffic_0,2024-01-09 11:00:00,34.96832983968737,27.097382935698164
synthetic_traffic,traffic,linear_trend,traffic_0,2024-01-09 12:00:00,32.924783736545514,27.06897558918198
synthetic_traffic,traffic,linear_trend,traffic_0,2024-01-09 13:00:00,30.87714705887973,27.0405682426658
synthetic_traffic,traffic,linear_trend,traffic_0,2024-01-09 14:00:00,28.966492478675402,27.012160896149613
synthetic_traffic,traffic,linear_trend,traffic_0,2024-01-09 15:00:00,27.324282380187395,26.98375354963343
synthetic_traffic,traffic,linear_trend,traffic_0,2024-01-09 16:00:00,26.06340816126803,26.955346203117244
synthetic_traffic,traffic,linear_trend,traffic_0,2024-01-09 17:00:00,25.270495504052647,26.926938856601062
synthetic_traffic,traffic,linear_trend,traffic_0,2024-01-09 18:00:00,25.0,26.89853151008488
synthetic_traffic,traffic,linear_trend,traffic_0,2024-01-09 19:00:00,25.270495504052647,26.870124163568693
synthetic_traffic,traffic,linear_trend,traffic_0,2024-01-09 20:00:00,26.063408161268026,26.84171681705251
synthetic_traffic,traffic,linear_trend,traffic_0,2024-01-09 21:00:00,27.324282380187352,26.813309470536325
synthetic_traffic,traffic,linear_trend,traffic_0,2024-01-09 22:00:00,28.96649247867535,26.784902124020142
synthetic_traffic,traffic,linear_trend,traffic_0,2024-01-09 23:00:00,30.87714705887967,26.75649477750396
synthetic_traffic,traffic,linear_trend,traffic_0,2024-01-10 00:00:00,32.92478373654545,26.728087430987774
synthetic_traffic,traffic,linear_trend,traffic_0,2024-01-10 01:00:00,34.96832983968731,26.69968008447159
synthetic_traffic,traffic,linear_trend,traffic_0,2024-01-10 02:00:00,36.86671841735838,26.671272737955405
synthetic_traffic,traffic,linear_trend,traffic_0,2024-01-10 03:00:00,38.48850424041749,26.642865391439223
synthetic_traffic,traffic,linear_trend,traffic_0,2024-01-10 04:00:00,39.720824476208136,26.61445804492304
synthetic_traffic,traffic,linear_trend,traffic_0,2024-01-10 05:00:00,40.47709337792247,26.586050698406854
synthetic_traffic,traffic,linear_trend,traffic_0,2024-01-10 06:00:00,40.702906603707255,26.55764335189067
synthetic_traffic,traffic,linear_trend,traffic_0,2024-01-10 07:00:00,40.37975279082637,26.529236005374486
synthetic_traffic,traffic,linear_trend,traffic_0,2024-01-10 08:00:00,39.526279441628844,26.500828658858303
synthetic_traffic,traffic,linear_trend,traffic_0,2024-01-10 09:00:00,38.197026847177256,26.472421312342117
synthetic_traffic,traffic,linear_trend,traffic_0,2024-01-10 10:00:00,36.478716322947996,26.444013965825935
synthetic_traffic,traffic,linear_trend,traffic_0,2024-01-10 11:00:00,34.48434570012023,26.41560661930975
synthetic_traffic,traffic,linear_trend,traffic_0,2024-01-10 12:00:00,32.345494447404135,26.387199272793566
synthetic_traffic,traffic,linear_trend,traffic_0,2024-01-10 13:00:00,30.20336280861623,26.358791926277384
synthetic_traffic,traffic,linear_trend,traffic_0,2024-01-10 14:00:00,28.19915561548945,26.330384579761198
synthetic_traffic,traffic,linear_trend,traffic_0,2024-01-10 15:00:00,26.46446609406727,26.301977233245015
synthetic_traffic,traffic,linear_trend,traffic_0,2024-01-10 16:00:00,25.11231498303725,26.27356988672883
synthetic_traffic,traffic,linear_trend,traffic_0,2024-01-10 17:00:00,24.229455623521815,26.245162540212647
synthetic_traffic,traffic,linear_trend,traffic_0,2024-01-10 18:00:00,23.870469405576202,26.216755193696464
synthetic_traffic,traffic,linear_trend,traffic_0,2024-01-10 19:00:00,24.054053946407954,26.188347847180278
synthetic_traffic,traffic,linear_trend,traffic_0,2024-01-10 20:00:00,24.761756943915355,26.159940500664096
synthetic_traffic,traffic,linear_trend,traffic_0,2024-01-10 21:00:00,25.939241980053595,26.13153315414791
synthetic_traffic,traffic,linear_trend,traffic_0,2024-01-10 22:00:00,27.499999999999968,26.103125807631727
synthetic_traffic,traffic,linear_trend,traffic_0,2024-01-10 23:00:00,29.33125352399899,26.074718461115545
synthetic_traffic,traffic,linear_trend,traffic_1,2024-01-09 00:00:00,33.34549444740407,28.409863747376185
synthetic_traffic,traffic,linear_trend,traffic_1,2024-01-09 01:00:00,35.484345700120166,28.381456400860003
synthetic_traffic,traffic,linear_trend,traffic_1,2024-01-09 02:00:00,37.47871632294794,28.35304905434382
synthetic_traffic,traffic,linear_trend,traffic_1,2024-01-09 03:00:00,39.197026847177206,28.324641707827634
synthetic_traffic,traffic,linear_trend,traffic_1,2024-01-09 04:00:00,40.526279441628816,28.29623436131145
synthetic_traffic,traffic,linear_trend,traffic_1,2024-01-09 05:00:00,41.37975279082636,28.267827014795266
synthetic_traffic,traffic,linear_trend,traffic_1,2024-01-09 06:00:00,41.702906603707255,28.239419668279083
synthetic_traffic,traffic,linear_trend,traffic_1,2024-01-09 07:00:00,41.47709337792247,28.211012321762897
synthetic_traffic,traffic,linear_trend,traffic_1,2024-01-09 08:00:00,40.720824476208115,28.182604975246715
synthetic_traffic,traffic,linear_trend,traffic_1,2024-01-09 09:00:00,39.4885042404175,28.15419762873053
synthetic_traffic,traffic,linear_trend,traffic_1,2024-01-09 10:00:00,37.86671841735843,28.125790282214346
synthetic_traffic,traffic,linear_trend,traffic_1,2024-01-09 11:00:00,35.96832983968737,28.097382935698164
synthetic_traffic,traffic,linear_trend,traffic_1,2024-01-09 12:00:00,33.924783736545514,28.068975589181978
synthetic_traffic,traffic,linear_trend,traffic_1,2024-01-09 13:00:00,31.87714705887973,28.040568242665792
synthetic_traffic,traffic,linear_trend,traffic_1,2024-01-09 14:00:00,29.966492478675402,28.01216089614961
synthetic_traffic,traffic,linear_trend,traffic_1,2024-01-09 15:00:00,28.324282380187395,27.983753549633427
synthetic_traffic,traffic,linear_trend,traffic_1,2024-01-09 16:00:00,27.06340816126803,27.95534620311724
synthetic_traffic,traffic,linear_trend,traffic_1,2024-01-09 17:00:00,26.270495504052647,27.92693885660106
synthetic_traffic,traffic,linear_trend,traffic_1,2024-01-09 18:00:00,26.0,27.898531510084872
synthetic_traffic,traffic,linear_trend,traffic_1,2024-01-09 19:00:00,26.270495504052647,27.87012416356869
synthetic_traffic,traffic,linear_trend,traffic_1,2024-01-09 20:00:00,27.063408161268026,27.841716817052507
synthetic_traffic,traffic,linear_trend,traffic_1,2024-01-09 21:00:00,28.324282380187352,27.81330947053632
synthetic_traffic,traffic,linear_trend,traffic_1,2024-01-09 22:00:00,29.96649247867535,27.784902124020135
synthetic_traffic,traffic,linear_trend,traffic_1,2024-01-09 23:00:00,31.87714705887967,27.756494777503953
synthetic_traffic,traffic,linear_trend,traffic_1,2024-01-10 00:00:00,33.92478373654545,27.72808743098777
synthetic_traffic,traffic,linear_trend,traffic_1,2024-01-10 01:00:00,35.96832983968731,27.699680084471584
synthetic_traffic,traffic,linear_trend,traffic_1,2024-01-10 02:00:00,37.86671841735838,27.6712727379554
synthetic_traffic,traffic,linear_trend,traffic_1,2024-01-10 03:00:00,39.48850424041749,27.642865391439216
synthetic_traffic,traffic,linear_trend,traffic_1,2024-01-10 04:00:00,40.720824476208136,27.614458044923033
synthetic_traffic,traffic,linear_trend,traffic_1,2024-01-10 05:00:00,41.47709337792247,27.586050698406847
synthetic_traffic,traffic,linear_trend,traffic_1,2024-01-10 06:00:00,41.702906603707255,27.557643351890665
synthetic_traffic,traffic,linear_trend,traffic_1,2024-01-10 07:00:00,41.37975279082637,27.52923600537448
synthetic_traffic,traffic,linear_trend,traffic_1,2024-01-10 08:00:00,40.526279441628844,27.500828658858296
synthetic_traffic,traffic,linear_trend,traffic_1,2024-01-10 09:00:00,39.197026847177256,27.472421312342114
synthetic_traffic,traffic,linear_trend,traffic_1,2024-01-10 10:00:00,37.478716322947996,27.444013965825928
synthetic_traffic,traffic,linear_trend,traffic_1,2024-01-10 11:00:00,35.48434570012023,27.415606619309745
synthetic_traffic,traffic,linear_trend,traffic_1,2024-01-10 12:00:00,33.345494447404135,27.38719927279356
synthetic_traffic,traffic,linear_trend,traffic_1,2024-01-10 13:00:00,31.20336280861623,27.358791926277377
synthetic_traffic,traffic,linear_trend,traffic_1,2024-01-10 14:00:00,29.19915561548945,27.33038457976119
synthetic_traffic,traffic,linear_trend,traffic_1,2024-01-10 15:00:00,27.46446609406727,27.301977233245008
synthetic_traffic,traffic,linear_trend,traffic_1,2024-01-10 16:00:00,26.11231498303725,27.273569886728822
synthetic_traffic,traffic,linear_trend,traffic_1,2024-01-10 17:00:00,25.229455623521815,27.24516254021264
synthetic_traffic,traffic,linear_trend,traffic_1,2024-01-10 18:00:00,24.870469405576202,27.216755193696457
synthetic_traffic,traffic,linear_trend,traffic_1,2024-01-10 19:00:00,25.054053946407954,27.18834784718027
synthetic_traffic,traffic,linear_trend,traffic_1,2024-01-10 20:00:00,25.761756943915355,27.15994050066409
synthetic_traffic,traffic,linear_trend,traffic_1,2024-01-10 21:00:00,26.939241980053595,27.131533154147903
synthetic_traffic,traffic,linear_trend,traffic_1,2024-01-10 22:00:00,28.499999999999968,27.10312580763172
synthetic_traffic,traffic,linear_trend,traffic_1,2024-01-10 23:00:00,30.33125352399899,27.074718461115534
synthetic_traffic,traffic,linear_trend,traffic_2,2024-01-09 00:00:00,34.34549444740407,29.409863747376175
synthetic_traffic,traffic,linear_trend,traffic_2,2024-01-09 01:00:00,36.484345700120166,29.38145640085999
synthetic_traffic,traffic,linear_trend,traffic_2,2024-01-09 02:00:00,38.47871632294794,29.353049054343806
synthetic_traffic,traffic,linear_trend,traffic_2,2024-01-09 03:00:00,40.197026847177206,29.324641707827624
synthetic_traffic,traffic,linear_trend,traffic_2,2024-01-09 04:00:00,41.526279441628816,29.296234361311438
synthetic_traffic,traffic,linear_trend,traffic_2,2024-01-09 05:00:00,42.37975279082636,29.26782701479525
synthetic_traffic,traffic,linear_trend,traffic_2,2024-01-09 06:00:00,42.702906603707255,29.23941966827907
synthetic_traffic,traffic,linear_trend,traffic_2,2024-01-09 07:00:00,42.47709337792247,29.211012321762887
synthetic_traffic,traffic,linear_trend,traffic_2,2024-01-09 08:00:00,41.720824476208115,29.1826049752467
synthetic_traffic,traffic,linear_trend,traffic_2,2024-01-09 09:00:00,40.4885042404175,29.15419762873052
synthetic_traffic,traffic,linear_trend,traffic_2,2024-01-09 10:00:00,38.86671841735843,29.125790282214332
synthetic_traffic,traffic,linear_trend,traffic_2,2024-01-09 11:00:00,36.96832983968737,29.09738293569815
synthetic_traffic,traffic,linear_trend,traffic_2,2024-01-09 12:00:00,34.924783736545514,29.068975589181964
synthetic_traffic,traffic,linear_trend,traffic_2,2024-01-09 13:00:00,32.87714705887973,29.04056824266578
synthetic_traffic,traffic,linear_trend,traffic_2,2024-01-09 14:00:00,30.966492478675402,29.012160896149595
synthetic_traffic,traffic,linear_trend,traffic_2,2024-01-09 15:00:00,29.324282380187395,28.983753549633413
synthetic_traffic,traffic,linear_trend,traffic_2,2024-01-09 16:00:00,28.06340816126803,28.95534620311723
synthetic_traffic,traffic,linear_trend,traffic_2,2024-01-09 17:00:00,27.270495504052647,28.926938856601044
synthetic_traffic,traffic,linear_trend,traffic_2,2024-01-09 18:00:00,27.0,28.89853151008486
synthetic_traffic,traffic,linear_trend,traffic_2,2024-01-09 19:00:00,27.270495504052647,28.870124163568676
synthetic_traffic,traffic,linear_trend,traffic_2,2024-01-09 20:00:00,28.063408161268026,28.841716817052493
synthetic_traffic,traffic,linear_trend,traffic_2,2024-01-09 21:00:00,29.324282380187352,28.813309470536307
synthetic_traffic,traffic,linear_trend,traffic_2,2024-01-09 22:00:00,30.96649247867535,28.784902124020125
synthetic_traffic,traffic,linear_trend,traffic_2,2024-01-09 23:00:00,32.87714705887967,28.75649477750394
synthetic_traffic,traffic,linear_trend,traffic_2,2024-01-10 00:00:00,34.92478373654545,28.728087430987756
synthetic_traffic,traffic,linear_trend,traffic_2,2024-01-10 01:00:00,36.96832983968731,28.699680084471574
synthetic_traffic,traffic,linear_trend,traffic_2,2024-01-10 02:00:00,38.86671841735838,28.671272737955388
synthetic_traffic,traffic,linear_trend,traffic_2,2024-01-10 03:00:00,40.48850424041749,28.6428653914392
synthetic_traffic,traffic,linear_trend,traffic_2,2024-01-10 04:00:00,41.720824476208136,28.61445804492302
synthetic_traffic,traffic,linear_trend,traffic_2,2024-01-10 05:00:00,42.47709337792247,28.586050698406837
synthetic_traffic,traffic,linear_trend,traffic_2,2024-01-10 06:00:00,42.702906603707255,28.55764335189065
synthetic_traffic,traffic,linear_trend,traffic_2,2024-01-10 07:00:00,42.37975279082637,28.529236005374468
synthetic_traffic,traffic,linear_trend,traffic_2,2024-01-10 08:00:00,41.526279441628844,28.500828658858282
synthetic_traffic,traffic,linear_trend,traffic_2,2024-01-10 09:00:00,40.197026847177256,28.4724213123421
synthetic_traffic,traffic,linear_trend,traffic_2,2024-01-10 10:00:00,38.478716322947996,28.444013965825913
synthetic_traffic,traffic,linear_trend,traffic_2,2024-01-10 11:00:00,36.48434570012023,28.41560661930973
synthetic_traffic,traffic,linear_trend,traffic_2,2024-01-10 12:00:00,34.345494447404135,28.387199272793545
synthetic_traffic,traffic,linear_trend,traffic_2,2024-01-10 13:00:00,32.203362808616234,28.358791926277362
synthetic_traffic,traffic,linear_trend,traffic_2,2024-01-10 14:00:00,30.19915561548945,28.33038457976118
synthetic_traffic,traffic,linear_trend,traffic_2,2024-01-10 15:00:00,28.46446609406727,28.301977233244994
synthetic_traffic,traffic,linear_trend,traffic_2,2024-01-10 16:00:00,27.11231498303725,28.27356988672881
synthetic_traffic,traffic,linear_trend,traffic_2,2024-01-10 17:00:00,26.229455623521815,28.245162540212625
synthetic_traffic,traffic,linear_trend,traffic_2,2024-01-10 18:00:00,25.870469405576202,28.216755193696443
synthetic_traffic,traffic,linear_trend,traffic_2,2024-01-10 19:00:00,26.054053946407954,28.188347847180257
synthetic_traffic,traffic,linear_trend,traffic_2,2024-01-10 20:00:00,26.761756943915355,28.159940500664074
synthetic_traffic,traffic,linear_trend,traffic_2,2024-01-10 21:00:00,27.939241980053595,28.13153315414789
synthetic_traffic,traffic,linear_trend,traffic_2,2024-01-10 22:00:00,29.499999999999968,28.103125807631706
synthetic_traffic,traffic,linear_trend,traffic_2,2024-01-10 23:00:00,31.33125352399899,28.074718461115523
synthetic_traffic,traffic,ridge_ar,traffic_0,2024-01-09 00:00:00,32.34549444740407,32.19072978775687
synthetic_traffic,traffic,ridge_ar,traffic_0,2024-01-09 01:00:00,34.484345700120166,34.187199649563986
synthetic_traffic,traffic,ridge_ar,traffic_0,2024-01-09 02:00:00,36.47871632294794,36.02495232237814
synthetic_traffic,traffic,ridge_ar,traffic_0,2024-01-09 03:00:00,38.197026847177206,37.65300549296163
synthetic_traffic,traffic,ridge_ar,traffic_0,2024-01-09 04:00:00,39.526279441628816,38.94810434018339
synthetic_traffic,traffic,ridge_ar,traffic_0,2024-01-09 05:00:00,40.37975279082636,39.84157739126238
synthetic_traffic,traffic,ridge_ar,traffic_0,2024-01-09 06:00:00,40.702906603707255,40.254653847380865
synthetic_traffic,traffic,ridge_ar,traffic_0,2024-01-09 07:00:00,40.47709337792247,40.15370276867111
synthetic_traffic,traffic,ridge_ar,traffic_0,2024-01-09 08:00:00,39.720824476208115,39.52912166618951
synthetic_traffic,traffic,ridge_ar,traffic_0,2024-01-09 09:00:00,38.4885042404175,38.416809003737484
synthetic_traffic,traffic,ridge_ar,traffic_0,2024-01-09 10:00:00,36.86671841735843,36.886843655286896
synthetic_traffic,traffic,ridge_ar,traffic_0,2024-01-09 11:00:00,34.96832983968737,35.0456253240279
synthetic_traffic,traffic,ridge_ar,traffic_0,2024-01-09 12:00:00,32.924783736545514,33.02347098595008
synthetic_traffic,traffic,ridge_ar,traffic_0,2024-01-09 13:00:00,30.87714705887973,30.966524892516418
synthetic_traffic,traffic,ridge_ar,traffic_0,2024-01-09 14:00:00,28.966492478675402,29.023269312725745
synthetic_traffic,traffic,ridge_ar,traffic_0,2024-01-09 15:00:00,27.324282380187395,27.33373475323817
synthetic_traffic,traffic,ridge_ar,traffic_0,2024-01-09 16:00:00,26.06340816126803,26.018274531817482
synthetic_traffic,traffic,ridge_ar,traffic_0,2024-01-09 17:00:00,25.270495504052647,25.16934022473966
synthetic_traffic,traffic,ridge_ar,traffic_0,2024-01-09 18:00:00,25.0,24.84514399687845
synthetic_traffic,traffic,ridge_ar,traffic_0,2024-01-09 19:00:00,25.270495504052647,25.066441870336
synthetic_traffic,traffic,ridge_ar,traffic_0,2024-01-09 20:00:00,26.063408161268026,25.815810688765275
synthetic_traffic,traffic,ridge_ar,traffic_0,2024-01-09 21:00:00,27.324282380187352,27.03963324125362
synthetic_traffic,traffic,ridge_ar,traffic_0,2024-01-09 22:00:00,28.96649247867535,28.65226559364933
synthetic_traffic,traffic,ridge_ar,traffic_0,2024-01-09 23:00:00,30.87714705887967,30.54217460677984
synthetic_traffic,traffic,ridge_ar,traffic_0,2024-01-10 00:00:00,32.92478373654545,32.48852980954968
synthetic_traffic,traffic,ridge_ar,traffic_0,2024-01-10 01:00:00,34.96832983968731,34.36771643881541
synthetic_traffic,traffic,ridge_ar,traffic_0,2024-01-10 02:00:00,36.86671841735838,36.02082131751661
synthetic_traffic,traffic,ridge_ar,traffic_0,2024-01-10 03:00:00,38.48850424041749,37.39253882026909
synthetic_traffic,traffic,ridge_ar,traffic_0,2024-01-10 04:00:00,39.720824476208136,38.421119892484214
synthetic_traffic,traffic,ridge_ar,traffic_0,2024-01-10 05:00:00,40.47709337792247,39.09961276448819
synthetic_traffic,traffic,ridge_ar,traffic_0,2024-01-10 06:00:00,40.702906603707255,39.40533028468542
synthetic_traffic,traffic,ridge_ar,traffic_0,2024-01-10 07:00:00,40.37975279082637,39.3303738492411
synthetic_traffic,traffic,ridge_ar,traffic_0,2024-01-10 08:00:00,39.526279441628844,38.854231974505055
synthetic_traffic,traffic,ridge_ar,traffic_0,2024-01-10 09:00:00,38.197026847177256,37.97079989337002
synthetic_traffic,traffic,ridge_ar,traffic_0,2024-01-10 10:00:00,36.478716322947996,36.68793376825606
synthetic_traffic,traffic,ridge_ar,traffic_0,2024-01-10 11:00:00,34.48434570012023,35.04831158707967
synthetic_traffic,traffic,ridge_ar,traffic_0,2024-01-10 12:00:00,32.345494447404135,33.13091761748238
synthetic_traffic,traffic,ridge_ar,traffic_0,2024-01-10 13:00:00,30.20336280861623,31.05477245346386
synthetic_traffic,traffic,ridge_ar,traffic_0,2024-01-10 14:00:00,28.19915561548945,28.96793816972254
synthetic_traffic,traffic,ridge_ar,traffic_0,2024-01-10 15:00:00,26.46446609406727,27.03411773759419
synthetic_traffic,traffic,ridge_ar,traffic_0,2024-01-10 16:00:00,25.11231498303725,25.412615963332104
synthetic_traffic,traffic,ridge_ar,traffic_0,2024-01-10 17:00:00,24.229455623521815,24.240001518983828
synthetic_traffic,traffic,ridge_ar,traffic_0,2024-01-10 18:00:00,23.870469405576202,23.613704566322763
synthetic_traffic,traffic,ridge_ar,traffic_0,2024-01-10 19:00:00,24.054053946407954,23.582005844640182
synthetic_traffic,traffic,ridge_ar,traffic_0,2024-01-10 20:00:00,24.761756943915355,24.14019628294675
synthetic_traffic,traffic,ridge_ar,traffic_0,2024-01-10 21:00:00,25.939241980053595,25.23356215598789
synthetic_traffic,traffic,ridge_ar,traffic_0,2024-01-10 22:00:00,27.499999999999968,26.76536494883326
synthetic_traffic,traffic,ridge_ar,traffic_0,2024-01-10 23:00:00,29.33125352399899,28.608310467682067
synthetic_traffic,traffic,ridge_ar,traffic_1,2024-01-09 00:00:00,33.34549444740407,33.19072978775687
synthetic_traffic,traffic,ridge_ar,traffic_1,2024-01-09 01:00:00,35.484345700120166,35.187199649563986
synthetic_traffic,traffic,ridge_ar,traffic_1,2024-01-09 02:00:00,37.47871632294794,37.02495232237814
synthetic_traffic,traffic,ridge_ar,traffic_1,2024-01-09 03:00:00,39.197026847177206,38.65300549296163
synthetic_traffic,traffic,ridge_ar,traffic_1,2024-01-09 04:00:00,40.526279441628816,39.94810434018339
synthetic_traffic,traffic,ridge_ar,traffic_1,2024-01-09 05:00:00,41.37975279082636,40.84157739126238
synthetic_traffic,traffic,ridge_ar,traffic_1,2024-01-09 06:00:00,41.702906603707255,41.254653847380865
synthetic_traffic,traffic,ridge_ar,traffic_1,2024-01-09 07:00:00,41.47709337792247,41.15370276867111
synthetic_traffic,traffic,ridge_ar,traffic_1,2024-01-09 08:00:00,40.720824476208115,40.52912166618951
synthetic_traffic,traffic,ridge_ar,traffic_1,2024-01-09 09:00:00,39.4885042404175,39.416809003737484
synthetic_traffic,traffic,ridge_ar,traffic_1,2024-01-09 10:00:00,37.86671841735843,37.886843655286896
synthetic_traffic,traffic,ridge_ar,traffic_1,2024-01-09 11:00:00,35.96832983968737,36.0456253240279
synthetic_traffic,traffic,ridge_ar,traffic_1,2024-01-09 12:00:00,33.924783736545514,34.02347098595007
synthetic_traffic,traffic,ridge_ar,traffic_1,2024-01-09 13:00:00,31.87714705887973,31.966524892516414
synthetic_traffic,traffic,ridge_ar,traffic_1,2024-01-09 14:00:00,29.966492478675402,30.023269312725745
synthetic_traffic,traffic,ridge_ar,traffic_1,2024-01-09 15:00:00,28.324282380187395,28.33373475323817
synthetic_traffic,traffic,ridge_ar,traffic_1,2024-01-09 16:00:00,27.06340816126803,27.01827453181748
synthetic_traffic,traffic,ridge_ar,traffic_1,2024-01-09 17:00:00,26.270495504052647,26.16934022473966
synthetic_traffic,traffic,ridge_ar,traffic_1,2024-01-09 18:00:00,26.0,25.84514399687845
synthetic_traffic,traffic,ridge_ar,traffic_1,2024-01-09 19:00:00,26.270495504052647,26.066441870336
synthetic_traffic,traffic,ridge_ar,traffic_1,2024-01-09 20:00:00,27.063408161268026,26.815810688765275
synthetic_traffic,traffic,ridge_ar,traffic_1,2024-01-09 21:00:00,28.324282380187352,28.03963324125362
synthetic_traffic,traffic,ridge_ar,traffic_1,2024-01-09 22:00:00,29.96649247867535,29.652265593649332
synthetic_traffic,traffic,ridge_ar,traffic_1,2024-01-09 23:00:00,31.87714705887967,31.54217460677984
synthetic_traffic,traffic,ridge_ar,traffic_1,2024-01-10 00:00:00,33.92478373654545,33.48852980954968
synthetic_traffic,traffic,ridge_ar,traffic_1,2024-01-10 01:00:00,35.96832983968731,35.36771643881541
synthetic_traffic,traffic,ridge_ar,traffic_1,2024-01-10 02:00:00,37.86671841735838,37.02082131751661
synthetic_traffic,traffic,ridge_ar,traffic_1,2024-01-10 03:00:00,39.48850424041749,38.39253882026909
synthetic_traffic,traffic,ridge_ar,traffic_1,2024-01-10 04:00:00,40.720824476208136,39.421119892484214
synthetic_traffic,traffic,ridge_ar,traffic_1,2024-01-10 05:00:00,41.47709337792247,40.09961276448819
synthetic_traffic,traffic,ridge_ar,traffic_1,2024-01-10 06:00:00,41.702906603707255,40.40533028468542
synthetic_traffic,traffic,ridge_ar,traffic_1,2024-01-10 07:00:00,41.37975279082637,40.3303738492411
synthetic_traffic,traffic,ridge_ar,traffic_1,2024-01-10 08:00:00,40.526279441628844,39.854231974505055
synthetic_traffic,traffic,ridge_ar,traffic_1,2024-01-10 09:00:00,39.197026847177256,38.97079989337002
synthetic_traffic,traffic,ridge_ar,traffic_1,2024-01-10 10:00:00,37.478716322947996,37.68793376825606
synthetic_traffic,traffic,ridge_ar,traffic_1,2024-01-10 11:00:00,35.48434570012023,36.04831158707967
synthetic_traffic,traffic,ridge_ar,traffic_1,2024-01-10 12:00:00,33.345494447404135,34.13091761748238
synthetic_traffic,traffic,ridge_ar,traffic_1,2024-01-10 13:00:00,31.20336280861623,32.054772453463855
synthetic_traffic,traffic,ridge_ar,traffic_1,2024-01-10 14:00:00,29.19915561548945,29.967938169722537
synthetic_traffic,traffic,ridge_ar,traffic_1,2024-01-10 15:00:00,27.46446609406727,28.034117737594187
synthetic_traffic,traffic,ridge_ar,traffic_1,2024-01-10 16:00:00,26.11231498303725,26.4126159633321
synthetic_traffic,traffic,ridge_ar,traffic_1,2024-01-10 17:00:00,25.229455623521815,25.240001518983824
synthetic_traffic,traffic,ridge_ar,traffic_1,2024-01-10 18:00:00,24.870469405576202,24.61370456632276
synthetic_traffic,traffic,ridge_ar,traffic_1,2024-01-10 19:00:00,25.054053946407954,24.58200584464018
synthetic_traffic,traffic,ridge_ar,traffic_1,2024-01-10 20:00:00,25.761756943915355,25.140196282946746
synthetic_traffic,traffic,ridge_ar,traffic_1,2024-01-10 21:00:00,26.939241980053595,26.23356215598789
synthetic_traffic,traffic,ridge_ar,traffic_1,2024-01-10 22:00:00,28.499999999999968,27.765364948833263
synthetic_traffic,traffic,ridge_ar,traffic_1,2024-01-10 23:00:00,30.33125352399899,29.60831046768207
synthetic_traffic,traffic,ridge_ar,traffic_2,2024-01-09 00:00:00,34.34549444740407,34.19072978775687
synthetic_traffic,traffic,ridge_ar,traffic_2,2024-01-09 01:00:00,36.484345700120166,36.187199649563986
synthetic_traffic,traffic,ridge_ar,traffic_2,2024-01-09 02:00:00,38.47871632294794,38.02495232237814
synthetic_traffic,traffic,ridge_ar,traffic_2,2024-01-09 03:00:00,40.197026847177206,39.65300549296163
synthetic_traffic,traffic,ridge_ar,traffic_2,2024-01-09 04:00:00,41.526279441628816,40.94810434018339
synthetic_traffic,traffic,ridge_ar,traffic_2,2024-01-09 05:00:00,42.37975279082636,41.84157739126238
synthetic_traffic,traffic,ridge_ar,traffic_2,2024-01-09 06:00:00,42.702906603707255,42.254653847380865
synthetic_traffic,traffic,ridge_ar,traffic_2,2024-01-09 07:00:00,42.47709337792247,42.15370276867111
synthetic_traffic,traffic,ridge_ar,traffic_2,2024-01-09 08:00:00,41.720824476208115,41.52912166618951
synthetic_traffic,traffic,ridge_ar,traffic_2,2024-01-09 09:00:00,40.4885042404175,40.416809003737484
synthetic_traffic,traffic,ridge_ar,traffic_2,2024-01-09 10:00:00,38.86671841735843,38.886843655286896
synthetic_traffic,traffic,ridge_ar,traffic_2,2024-01-09 11:00:00,36.96832983968737,37.0456253240279
synthetic_traffic,traffic,ridge_ar,traffic_2,2024-01-09 12:00:00,34.924783736545514,35.02347098595007
synthetic_traffic,traffic,ridge_ar,traffic_2,2024-01-09 13:00:00,32.87714705887973,32.96652489251642
synthetic_traffic,traffic,ridge_ar,traffic_2,2024-01-09 14:00:00,30.966492478675402,31.023269312725745
synthetic_traffic,traffic,ridge_ar,traffic_2,2024-01-09 15:00:00,29.324282380187395,29.33373475323817
synthetic_traffic,traffic,ridge_ar,traffic_2,2024-01-09 16:00:00,28.06340816126803,28.01827453181748
synthetic_traffic,traffic,ridge_ar,traffic_2,2024-01-09 17:00:00,27.270495504052647,27.16934022473966
synthetic_traffic,traffic,ridge_ar,traffic_2,2024-01-09 18:00:00,27.0,26.84514399687845
synthetic_traffic,traffic,ridge_ar,traffic_2,2024-01-09 19:00:00,27.270495504052647,27.066441870336003
synthetic_traffic,traffic,ridge_ar,traffic_2,2024-01-09 20:00:00,28.063408161268026,27.815810688765275
synthetic_traffic,traffic,ridge_ar,traffic_2,2024-01-09 21:00:00,29.324282380187352,29.039633241253625
synthetic_traffic,traffic,ridge_ar,traffic_2,2024-01-09 22:00:00,30.96649247867535,30.652265593649332
synthetic_traffic,traffic,ridge_ar,traffic_2,2024-01-09 23:00:00,32.87714705887967,32.542174606779845
synthetic_traffic,traffic,ridge_ar,traffic_2,2024-01-10 00:00:00,34.92478373654545,34.48852980954968
synthetic_traffic,traffic,ridge_ar,traffic_2,2024-01-10 01:00:00,36.96832983968731,36.36771643881541
synthetic_traffic,traffic,ridge_ar,traffic_2,2024-01-10 02:00:00,38.86671841735838,38.02082131751661
synthetic_traffic,traffic,ridge_ar,traffic_2,2024-01-10 03:00:00,40.48850424041749,39.39253882026909
synthetic_traffic,traffic,ridge_ar,traffic_2,2024-01-10 04:00:00,41.720824476208136,40.421119892484214
synthetic_traffic,traffic,ridge_ar,traffic_2,2024-01-10 05:00:00,42.47709337792247,41.09961276448819
synthetic_traffic,traffic,ridge_ar,traffic_2,2024-01-10 06:00:00,42.702906603707255,41.40533028468542
synthetic_traffic,traffic,ridge_ar,traffic_2,2024-01-10 07:00:00,42.37975279082637,41.3303738492411
synthetic_traffic,traffic,ridge_ar,traffic_2,2024-01-10 08:00:00,41.526279441628844,40.854231974505055
synthetic_traffic,traffic,ridge_ar,traffic_2,2024-01-10 09:00:00,40.197026847177256,39.97079989337002
synthetic_traffic,traffic,ridge_ar,traffic_2,2024-01-10 10:00:00,38.478716322947996,38.68793376825606
synthetic_traffic,traffic,ridge_ar,traffic_2,2024-01-10 11:00:00,36.48434570012023,37.04831158707966
synthetic_traffic,traffic,ridge_ar,traffic_2,2024-01-10 12:00:00,34.345494447404135,35.130917617482375
synthetic_traffic,traffic,ridge_ar,traffic_2,2024-01-10 13:00:00,32.203362808616234,33.054772453463855
synthetic_traffic,traffic,ridge_ar,traffic_2,2024-01-10 14:00:00,30.19915561548945,30.967938169722533
synthetic_traffic,traffic,ridge_ar,traffic_2,2024-01-10 15:00:00,28.46446609406727,29.034117737594187
synthetic_traffic,traffic,ridge_ar,traffic_2,2024-01-10 16:00:00,27.11231498303725,27.4126159633321
synthetic_traffic,traffic,ridge_ar,traffic_2,2024-01-10 17:00:00,26.229455623521815,26.240001518983824
synthetic_traffic,traffic,ridge_ar,traffic_2,2024-01-10 18:00:00,25.870469405576202,25.61370456632276
synthetic_traffic,traffic,ridge_ar,traffic_2,2024-01-10 19:00:00,26.054053946407954,25.582005844640182
synthetic_traffic,traffic,ridge_ar,traffic_2,2024-01-10 20:00:00,26.761756943915355,26.140196282946754
synthetic_traffic,traffic,ridge_ar,traffic_2,2024-01-10 21:00:00,27.939241980053595,27.233562155987897
synthetic_traffic,traffic,ridge_ar,traffic_2,2024-01-10 22:00:00,29.499999999999968,28.765364948833266
synthetic_traffic,traffic,ridge_ar,traffic_2,2024-01-10 23:00:00,31.33125352399899,30.60831046768207
synthetic_traffic,traffic,hist_gradient_boosting_ar,traffic_0,2024-01-09 00:00:00,32.34549444740407,31.364813391109482
synthetic_traffic,traffic,hist_gradient_boosting_ar,traffic_0,2024-01-09 01:00:00,34.484345700120166,33.109326032628175
synthetic_traffic,traffic,hist_gradient_boosting_ar,traffic_0,2024-01-09 02:00:00,36.47871632294794,35.0653245976132
synthetic_traffic,traffic,hist_gradient_boosting_ar,traffic_0,2024-01-09 03:00:00,38.197026847177206,36.679880172597095
synthetic_traffic,traffic,hist_gradient_boosting_ar,traffic_0,2024-01-09 04:00:00,39.526279441628816,38.282175318444565
synthetic_traffic,traffic,hist_gradient_boosting_ar,traffic_0,2024-01-09 05:00:00,40.37975279082636,38.83656660166531
synthetic_traffic,traffic,hist_gradient_boosting_ar,traffic_0,2024-01-09 06:00:00,40.702906603707255,39.23807400525448
synthetic_traffic,traffic,hist_gradient_boosting_ar,traffic_0,2024-01-09 07:00:00,40.47709337792247,39.02549453106238
synthetic_traffic,traffic,hist_gradient_boosting_ar,traffic_0,2024-01-09 08:00:00,39.720824476208115,38.41779288389893
synthetic_traffic,traffic,hist_gradient_boosting_ar,traffic_0,2024-01-09 09:00:00,38.4885042404175,38.03049564658888
synthetic_traffic,traffic,hist_gradient_boosting_ar,traffic_0,2024-01-09 10:00:00,36.86671841735843,36.5531581497179
synthetic_traffic,traffic,hist_gradient_boosting_ar,traffic_0,2024-01-09 11:00:00,34.96832983968737,34.4691049918411
synthetic_traffic,traffic,hist_gradient_boosting_ar,traffic_0,2024-01-09 12:00:00,32.924783736545514,32.08434476480813
synthetic_traffic,traffic,hist_gradient_boosting_ar,traffic_0,2024-01-09 13:00:00,30.87714705887973,29.15684317962833
synthetic_traffic,traffic,hist_gradient_boosting_ar,traffic_0,2024-01-09 14:00:00,28.966492478675402,27.630627077391456
synthetic_traffic,traffic,hist_gradient_boosting_ar,traffic_0,2024-01-09 15:00:00,27.324282380187395,25.903932693143652
synthetic_traffic,traffic,hist_gradient_boosting_ar,traffic_0,2024-01-09 16:00:00,26.06340816126803,24.947925246933465
synthetic_traffic,traffic,hist_gradient_boosting_ar,traffic_0,2024-01-09 17:00:00,25.270495504052647,23.90325213829433
synthetic_traffic,traffic,hist_gradient_boosting_ar,traffic_0,2024-01-09 18:00:00,25.0,23.6801922760001
synthetic_traffic,traffic,hist_gradient_boosting_ar,traffic_0,2024-01-09 19:00:00,25.270495504052647,24.155396986681666
synthetic_traffic,traffic,hist_gradient_boosting_ar,traffic_0,2024-01-09 20:00:00,26.063408161268026,25.223630585200866
synthetic_traffic,traffic,hist_gradient_boosting_ar,traffic_0,2024-01-09 21:00:00,27.324282380187352,26.57785603962226
synthetic_traffic,traffic,hist_gradient_boosting_ar,traffic_0,2024-01-09 22:00:00,28.96649247867535,28.24435204913748
synthetic_traffic,traffic,hist_gradient_boosting_ar,traffic_0,2024-01-09 23:00:00,30.87714705887967,28.528731999659637
synthetic_traffic,traffic,hist_gradient_boosting_ar,traffic_0,2024-01-10 00:00:00,32.92478373654545,28.871260499599803
synthetic_traffic,traffic,hist_gradient_boosting_ar,traffic_0,2024-01-10 01:00:00,34.96832983968731,28.295591864405218
synthetic_traffic,traffic,hist_gradient_boosting_ar,traffic_0,2024-01-10 02:00:00,36.86671841735838,28.795867107369126
synthetic_traffic,traffic,hist_gradient_boosting_ar,traffic_0,2024-01-10 03:00:00,38.48850424041749,28.92235392440122
synthetic_traffic,traffic,hist_gradient_boosting_ar,traffic_0,2024-01-10 04:00:00,39.720824476208136,29.076840086335114
synthetic_traffic,traffic,hist_gradient_boosting_ar,traffic_0,2024-01-10 05:00:00,40.47709337792247,29.040765154368003
synthetic_traffic,traffic,hist_gradient_boosting_ar,traffic_0,2024-01-10 06:00:00,40.702906603707255,28.97670384817003
synthetic_traffic,traffic,hist_gradient_boosting_ar,traffic_0,2024-01-10 07:00:00,40.37975279082637,29.055365031370467
synthetic_traffic,traffic,hist_gradient_boosting_ar,traffic_0,2024-01-10 08:00:00,39.526279441628844,29.013779771481868
synthetic_traffic,traffic,hist_gradient_boosting_ar,traffic_0,2024-01-10 09:00:00,38.197026847177256,28.84443654382937
synthetic_traffic,traffic,hist_gradient_boosting_ar,traffic_0,2024-01-10 10:00:00,36.478716322947996,28.900389875191856
synthetic_traffic,traffic,hist_gradient_boosting_ar,traffic_0,2024-01-10 11:00:00,34.48434570012023,28.67156332525265
synthetic_traffic,traffic,hist_gradient_boosting_ar,traffic_0,2024-01-10 12:00:00,32.345494447404135,28.031626823339977
synthetic_traffic,traffic,hist_gradient_boosting_ar,traffic_0,2024-01-10 13:00:00,30.20336280861623,27.407015606321654
synthetic_traffic,traffic,hist_gradient_boosting_ar,traffic_0,2024-01-10 14:00:00,28.19915561548945,26.335743529957284
synthetic_traffic,traffic,hist_gradient_boosting_ar,traffic_0,2024-01-10 15:00:00,26.46446609406727,24.763683287569886
synthetic_traffic,traffic,hist_gradient_boosting_ar,traffic_0,2024-01-10 16:00:00,25.11231498303725,23.517710108805723
synthetic_traffic,traffic,hist_gradient_boosting_ar,traffic_0,2024-01-10 17:00:00,24.229455623521815,22.051062807803223
synthetic_traffic,traffic,hist_gradient_boosting_ar,traffic_0,2024-01-10 18:00:00,23.870469405576202,21.37905603891345
synthetic_traffic,traffic,hist_gradient_boosting_ar,traffic_0,2024-01-10 19:00:00,24.054053946407954,21.113230432400236
synthetic_traffic,traffic,hist_gradient_boosting_ar,traffic_0,2024-01-10 20:00:00,24.761756943915355,21.71107801125567
synthetic_traffic,traffic,hist_gradient_boosting_ar,traffic_0,2024-01-10 21:00:00,25.939241980053595,23.015251416142604
synthetic_traffic,traffic,hist_gradient_boosting_ar,traffic_0,2024-01-10 22:00:00,27.499999999999968,24.83384139898736
synthetic_traffic,traffic,hist_gradient_boosting_ar,traffic_0,2024-01-10 23:00:00,29.33125352399899,27.17017390035549
synthetic_traffic,traffic,hist_gradient_boosting_ar,traffic_1,2024-01-09 00:00:00,33.34549444740407,32.364813391109486
synthetic_traffic,traffic,hist_gradient_boosting_ar,traffic_1,2024-01-09 01:00:00,35.484345700120166,34.109326032628175
synthetic_traffic,traffic,hist_gradient_boosting_ar,traffic_1,2024-01-09 02:00:00,37.47871632294794,36.0653245976132
synthetic_traffic,traffic,hist_gradient_boosting_ar,traffic_1,2024-01-09 03:00:00,39.197026847177206,37.679880172597095
synthetic_traffic,traffic,hist_gradient_boosting_ar,traffic_1,2024-01-09 04:00:00,40.526279441628816,39.282175318444565
synthetic_traffic,traffic,hist_gradient_boosting_ar,traffic_1,2024-01-09 05:00:00,41.37975279082636,39.83656660166531
synthetic_traffic,traffic,hist_gradient_boosting_ar,traffic_1,2024-01-09 06:00:00,41.702906603707255,40.23807400525448
synthetic_traffic,traffic,hist_gradient_boosting_ar,traffic_1,2024-01-09 07:00:00,41.47709337792247,40.02549453106238
synthetic_traffic,traffic,hist_gradient_boosting_ar,traffic_1,2024-01-09 08:00:00,40.720824476208115,39.41779288389893
synthetic_traffic,traffic,hist_gradient_boosting_ar,traffic_1,2024-01-09 09:00:00,39.4885042404175,39.03049564658888
synthetic_traffic,traffic,hist_gradient_boosting_ar,traffic_1,2024-01-09 10:00:00,37.86671841735843,37.5531581497179
synthetic_traffic,traffic,hist_gradient_boosting_ar,traffic_1,2024-01-09 11:00:00,35.96832983968737,35.4691049918411
synthetic_traffic,traffic,hist_gradient_boosting_ar,traffic_1,2024-01-09 12:00:00,33.924783736545514,33.08434476480813
synthetic_traffic,traffic,hist_gradient_boosting_ar,traffic_1,2024-01-09 13:00:00,31.87714705887973,30.15684317962833
synthetic_traffic,traffic,hist_gradient_boosting_ar,traffic_1,2024-01-09 14:00:00,29.966492478675402,28.630627077391456
synthetic_traffic,traffic,hist_gradient_boosting_ar,traffic_1,2024-01-09 15:00:00,28.324282380187395,26.903932693143652
synthetic_traffic,traffic,hist_gradient_boosting_ar,traffic_1,2024-01-09 16:00:00,27.06340816126803,25.947925246933465
synthetic_traffic,traffic,hist_gradient_boosting_ar,traffic_1,2024-01-09 17:00:00,26.270495504052647,24.90325213829433
synthetic_traffic,traffic,hist_gradient_boosting_ar,traffic_1,2024-01-09 18:00:00,26.0,24.6801922760001
synthetic_traffic,traffic,hist_gradient_boosting_ar,traffic_1,2024-01-09 19:00:00,26.270495504052647,25.155396986681666
synthetic_traffic,traffic,hist_gradient_boosting_ar,traffic_1,2024-01-09 20:00:00,27.063408161268026,26.223630585200866
synthetic_traffic,traffic,hist_gradient_boosting_ar,traffic_1,2024-01-09 21:00:00,28.324282380187352,27.57785603962226
synthetic_traffic,traffic,hist_gradient_boosting_ar,traffic_1,2024-01-09 22:00:00,29.96649247867535,29.24435204913748
synthetic_traffic,traffic,hist_gradient_boosting_ar,traffic_1,2024-01-09 23:00:00,31.87714705887967,29.528731999659637
synthetic_traffic,traffic,hist_gradient_boosting_ar,traffic_1,2024-01-10 00:00:00,33.92478373654545,29.871260499599803
synthetic_traffic,traffic,hist_gradient_boosting_ar,traffic_1,2024-01-10 01:00:00,35.96832983968731,29.295591864405218
synthetic_traffic,traffic,hist_gradient_boosting_ar,traffic_1,2024-01-10 02:00:00,37.86671841735838,29.795867107369126
synthetic_traffic,traffic,hist_gradient_boosting_ar,traffic_1,2024-01-10 03:00:00,39.48850424041749,29.92235392440122
synthetic_traffic,traffic,hist_gradient_boosting_ar,traffic_1,2024-01-10 04:00:00,40.720824476208136,30.076840086335114
synthetic_traffic,traffic,hist_gradient_boosting_ar,traffic_1,2024-01-10 05:00:00,41.47709337792247,30.040765154368003
synthetic_traffic,traffic,hist_gradient_boosting_ar,traffic_1,2024-01-10 06:00:00,41.702906603707255,29.97670384817003
synthetic_traffic,traffic,hist_gradient_boosting_ar,traffic_1,2024-01-10 07:00:00,41.37975279082637,30.055365031370467
synthetic_traffic,traffic,hist_gradient_boosting_ar,traffic_1,2024-01-10 08:00:00,40.526279441628844,30.013779771481868
synthetic_traffic,traffic,hist_gradient_boosting_ar,traffic_1,2024-01-10 09:00:00,39.197026847177256,29.84443654382937
synthetic_traffic,traffic,hist_gradient_boosting_ar,traffic_1,2024-01-10 10:00:00,37.478716322947996,29.900389875191856
synthetic_traffic,traffic,hist_gradient_boosting_ar,traffic_1,2024-01-10 11:00:00,35.48434570012023,29.67156332525265
synthetic_traffic,traffic,hist_gradient_boosting_ar,traffic_1,2024-01-10 12:00:00,33.345494447404135,29.031626823339977
synthetic_traffic,traffic,hist_gradient_boosting_ar,traffic_1,2024-01-10 13:00:00,31.20336280861623,28.407015606321654
synthetic_traffic,traffic,hist_gradient_boosting_ar,traffic_1,2024-01-10 14:00:00,29.19915561548945,27.335743529957284
synthetic_traffic,traffic,hist_gradient_boosting_ar,traffic_1,2024-01-10 15:00:00,27.46446609406727,25.763683287569886
synthetic_traffic,traffic,hist_gradient_boosting_ar,traffic_1,2024-01-10 16:00:00,26.11231498303725,24.517710108805723
synthetic_traffic,traffic,hist_gradient_boosting_ar,traffic_1,2024-01-10 17:00:00,25.229455623521815,23.051062807803223
synthetic_traffic,traffic,hist_gradient_boosting_ar,traffic_1,2024-01-10 18:00:00,24.870469405576202,22.37905603891345
synthetic_traffic,traffic,hist_gradient_boosting_ar,traffic_1,2024-01-10 19:00:00,25.054053946407954,22.113230432400236
synthetic_traffic,traffic,hist_gradient_boosting_ar,traffic_1,2024-01-10 20:00:00,25.761756943915355,22.71107801125567
synthetic_traffic,traffic,hist_gradient_boosting_ar,traffic_1,2024-01-10 21:00:00,26.939241980053595,24.015251416142604
synthetic_traffic,traffic,hist_gradient_boosting_ar,traffic_1,2024-01-10 22:00:00,28.499999999999968,25.83384139898736
synthetic_traffic,traffic,hist_gradient_boosting_ar,traffic_1,2024-01-10 23:00:00,30.33125352399899,28.17017390035549
synthetic_traffic,traffic,hist_gradient_boosting_ar,traffic_2,2024-01-09 00:00:00,34.34549444740407,33.364813391109486
synthetic_traffic,traffic,hist_gradient_boosting_ar,traffic_2,2024-01-09 01:00:00,36.484345700120166,35.109326032628175
synthetic_traffic,traffic,hist_gradient_boosting_ar,traffic_2,2024-01-09 02:00:00,38.47871632294794,37.0653245976132
synthetic_traffic,traffic,hist_gradient_boosting_ar,traffic_2,2024-01-09 03:00:00,40.197026847177206,38.679880172597095
synthetic_traffic,traffic,hist_gradient_boosting_ar,traffic_2,2024-01-09 04:00:00,41.526279441628816,40.282175318444565
synthetic_traffic,traffic,hist_gradient_boosting_ar,traffic_2,2024-01-09 05:00:00,42.37975279082636,40.83656660166531
synthetic_traffic,traffic,hist_gradient_boosting_ar,traffic_2,2024-01-09 06:00:00,42.702906603707255,41.23807400525448
synthetic_traffic,traffic,hist_gradient_boosting_ar,traffic_2,2024-01-09 07:00:00,42.47709337792247,41.02549453106238
synthetic_traffic,traffic,hist_gradient_boosting_ar,traffic_2,2024-01-09 08:00:00,41.720824476208115,40.41779288389893
synthetic_traffic,traffic,hist_gradient_boosting_ar,traffic_2,2024-01-09 09:00:00,40.4885042404175,40.03049564658888
synthetic_traffic,traffic,hist_gradient_boosting_ar,traffic_2,2024-01-09 10:00:00,38.86671841735843,38.5531581497179
synthetic_traffic,traffic,hist_gradient_boosting_ar,traffic_2,2024-01-09 11:00:00,36.96832983968737,36.4691049918411
synthetic_traffic,traffic,hist_gradient_boosting_ar,traffic_2,2024-01-09 12:00:00,34.924783736545514,34.08434476480813
synthetic_traffic,traffic,hist_gradient_boosting_ar,traffic_2,2024-01-09 13:00:00,32.87714705887973,31.15684317962833
synthetic_traffic,traffic,hist_gradient_boosting_ar,traffic_2,2024-01-09 14:00:00,30.966492478675402,29.630627077391456
synthetic_traffic,traffic,hist_gradient_boosting_ar,traffic_2,2024-01-09 15:00:00,29.324282380187395,27.903932693143652
synthetic_traffic,traffic,hist_gradient_boosting_ar,traffic_2,2024-01-09 16:00:00,28.06340816126803,26.947925246933465
synthetic_traffic,traffic,hist_gradient_boosting_ar,traffic_2,2024-01-09 17:00:00,27.270495504052647,25.90325213829433
synthetic_traffic,traffic,hist_gradient_boosting_ar,traffic_2,2024-01-09 18:00:00,27.0,25.6801922760001
synthetic_traffic,traffic,hist_gradient_boosting_ar,traffic_2,2024-01-09 19:00:00,27.270495504052647,26.155396986681666
synthetic_traffic,traffic,hist_gradient_boosting_ar,traffic_2,2024-01-09 20:00:00,28.063408161268026,27.223630585200866
synthetic_traffic,traffic,hist_gradient_boosting_ar,traffic_2,2024-01-09 21:00:00,29.324282380187352,28.57785603962226
synthetic_traffic,traffic,hist_gradient_boosting_ar,traffic_2,2024-01-09 22:00:00,30.96649247867535,30.24435204913748
synthetic_traffic,traffic,hist_gradient_boosting_ar,traffic_2,2024-01-09 23:00:00,32.87714705887967,30.528731999659637
synthetic_traffic,traffic,hist_gradient_boosting_ar,traffic_2,2024-01-10 00:00:00,34.92478373654545,30.871260499599803
synthetic_traffic,traffic,hist_gradient_boosting_ar,traffic_2,2024-01-10 01:00:00,36.96832983968731,30.295591864405218
synthetic_traffic,traffic,hist_gradient_boosting_ar,traffic_2,2024-01-10 02:00:00,38.86671841735838,30.795867107369126
synthetic_traffic,traffic,hist_gradient_boosting_ar,traffic_2,2024-01-10 03:00:00,40.48850424041749,30.92235392440122
synthetic_traffic,traffic,hist_gradient_boosting_ar,traffic_2,2024-01-10 04:00:00,41.720824476208136,31.076840086335114
synthetic_traffic,traffic,hist_gradient_boosting_ar,traffic_2,2024-01-10 05:00:00,42.47709337792247,31.040765154368003
synthetic_traffic,traffic,hist_gradient_boosting_ar,traffic_2,2024-01-10 06:00:00,42.702906603707255,30.97670384817003
synthetic_traffic,traffic,hist_gradient_boosting_ar,traffic_2,2024-01-10 07:00:00,42.37975279082637,31.055365031370467
synthetic_traffic,traffic,hist_gradient_boosting_ar,traffic_2,2024-01-10 08:00:00,41.526279441628844,31.013779771481868
synthetic_traffic,traffic,hist_gradient_boosting_ar,traffic_2,2024-01-10 09:00:00,40.197026847177256,30.84443654382937
synthetic_traffic,traffic,hist_gradient_boosting_ar,traffic_2,2024-01-10 10:00:00,38.478716322947996,30.900389875191856
synthetic_traffic,traffic,hist_gradient_boosting_ar,traffic_2,2024-01-10 11:00:00,36.48434570012023,30.67156332525265
synthetic_traffic,traffic,hist_gradient_boosting_ar,traffic_2,2024-01-10 12:00:00,34.345494447404135,30.031626823339977
synthetic_traffic,traffic,hist_gradient_boosting_ar,traffic_2,2024-01-10 13:00:00,32.203362808616234,29.407015606321654
synthetic_traffic,traffic,hist_gradient_boosting_ar,traffic_2,2024-01-10 14:00:00,30.19915561548945,28.335743529957284
synthetic_traffic,traffic,hist_gradient_boosting_ar,traffic_2,2024-01-10 15:00:00,28.46446609406727,26.763683287569886
synthetic_traffic,traffic,hist_gradient_boosting_ar,traffic_2,2024-01-10 16:00:00,27.11231498303725,25.517710108805723
synthetic_traffic,traffic,hist_gradient_boosting_ar,traffic_2,2024-01-10 17:00:00,26.229455623521815,24.051062807803223
synthetic_traffic,traffic,hist_gradient_boosting_ar,traffic_2,2024-01-10 18:00:00,25.870469405576202,23.37905603891345
synthetic_traffic,traffic,hist_gradient_boosting_ar,traffic_2,2024-01-10 19:00:00,26.054053946407954,23.113230432400236
synthetic_traffic,traffic,hist_gradient_boosting_ar,traffic_2,2024-01-10 20:00:00,26.761756943915355,23.71107801125567
synthetic_traffic,traffic,hist_gradient_boosting_ar,traffic_2,2024-01-10 21:00:00,27.939241980053595,25.015251416142604
synthetic_traffic,traffic,hist_gradient_boosting_ar,traffic_2,2024-01-10 22:00:00,29.499999999999968,26.83384139898736
synthetic_traffic,traffic,hist_gradient_boosting_ar,traffic_2,2024-01-10 23:00:00,31.33125352399899,29.17017390035549
synthetic_traffic,traffic,lightgbm_ar,traffic_0,2024-01-09 00:00:00,32.34549444740407,30.77318242067796
synthetic_traffic,traffic,lightgbm_ar,traffic_0,2024-01-09 01:00:00,34.484345700120166,32.70781988930822
synthetic_traffic,traffic,lightgbm_ar,traffic_0,2024-01-09 02:00:00,36.47871632294794,34.4109263174559
synthetic_traffic,traffic,lightgbm_ar,traffic_0,2024-01-09 03:00:00,38.197026847177206,36.01986931683149
synthetic_traffic,traffic,lightgbm_ar,traffic_0,2024-01-09 04:00:00,39.526279441628816,37.14617607933492
synthetic_traffic,traffic,lightgbm_ar,traffic_0,2024-01-09 05:00:00,40.37975279082636,38.41102627530192
synthetic_traffic,traffic,lightgbm_ar,traffic_0,2024-01-09 06:00:00,40.702906603707255,39.16070840655236
synthetic_traffic,traffic,lightgbm_ar,traffic_0,2024-01-09 07:00:00,40.47709337792247,39.15051627139227
synthetic_traffic,traffic,lightgbm_ar,traffic_0,2024-01-09 08:00:00,39.720824476208115,38.12054409876088
synthetic_traffic,traffic,lightgbm_ar,traffic_0,2024-01-09 09:00:00,38.4885042404175,36.89350407206392
synthetic_traffic,traffic,lightgbm_ar,traffic_0,2024-01-09 10:00:00,36.86671841735843,36.48908756272673
synthetic_traffic,traffic,lightgbm_ar,traffic_0,2024-01-09 11:00:00,34.96832983968737,34.325123810070025
synthetic_traffic,traffic,lightgbm_ar,traffic_0,2024-01-09 12:00:00,32.924783736545514,31.73744729500054
synthetic_traffic,traffic,lightgbm_ar,traffic_0,2024-01-09 13:00:00,30.87714705887973,28.8814889080119
synthetic_traffic,traffic,lightgbm_ar,traffic_0,2024-01-09 14:00:00,28.966492478675402,26.53615852223495
synthetic_traffic,traffic,lightgbm_ar,traffic_0,2024-01-09 15:00:00,27.324282380187395,25.18800377576134
synthetic_traffic,traffic,lightgbm_ar,traffic_0,2024-01-09 16:00:00,26.06340816126803,24.1713653421339
synthetic_traffic,traffic,lightgbm_ar,traffic_0,2024-01-09 17:00:00,25.270495504052647,23.77838841929267
synthetic_traffic,traffic,lightgbm_ar,traffic_0,2024-01-09 18:00:00,25.0,23.795112270901626
synthetic_traffic,traffic,lightgbm_ar,traffic_0,2024-01-09 19:00:00,25.270495504052647,25.089837871031065
synthetic_traffic,traffic,lightgbm_ar,traffic_0,2024-01-09 20:00:00,26.063408161268026,26.4293020679656
synthetic_traffic,traffic,lightgbm_ar,traffic_0,2024-01-09 21:00:00,27.324282380187352,27.687469801071657
synthetic_traffic,traffic,lightgbm_ar,traffic_0,2024-01-09 22:00:00,28.96649247867535,27.971087325582168
synthetic_traffic,traffic,lightgbm_ar,traffic_0,2024-01-09 23:00:00,30.87714705887967,27.846446911903644
synthetic_traffic,traffic,lightgbm_ar,traffic_0,2024-01-10 00:00:00,32.92478373654545,28.540202550539643
synthetic_traffic,traffic,lightgbm_ar,traffic_0,2024-01-10 01:00:00,34.96832983968731,29.403878550981055
synthetic_traffic,traffic,lightgbm_ar,traffic_0,2024-01-10 02:00:00,36.86671841735838,32.508796771473484
synthetic_traffic,traffic,lightgbm_ar,traffic_0,2024-01-10 03:00:00,38.48850424041749,34.88684380089952
synthetic_traffic,traffic,lightgbm_ar,traffic_0,2024-01-10 04:00:00,39.720824476208136,35.7729780798156
synthetic_traffic,traffic,lightgbm_ar,traffic_0,2024-01-10 05:00:00,40.47709337792247,36.914627869101466
synthetic_traffic,traffic,lightgbm_ar,traffic_0,2024-01-10 06:00:00,40.702906603707255,38.824512368341324
synthetic_traffic,traffic,lightgbm_ar,traffic_0,2024-01-10 07:00:00,40.37975279082637,39.473637546482436
synthetic_traffic,traffic,lightgbm_ar,traffic_0,2024-01-10 08:00:00,39.526279441628844,38.02544402289241
synthetic_traffic,traffic,lightgbm_ar,traffic_0,2024-01-10 09:00:00,38.197026847177256,36.712640509633566
synthetic_traffic,traffic,lightgbm_ar,traffic_0,2024-01-10 10:00:00,36.478716322947996,36.67367998693795
synthetic_traffic,traffic,lightgbm_ar,traffic_0,2024-01-10 11:00:00,34.48434570012023,36.421884391721576
synthetic_traffic,traffic,lightgbm_ar,traffic_0,2024-01-10 12:00:00,32.345494447404135,33.93587582052853
synthetic_traffic,traffic,lightgbm_ar,traffic_0,2024-01-10 13:00:00,30.20336280861623,29.700220773631656
synthetic_traffic,traffic,lightgbm_ar,traffic_0,2024-01-10 14:00:00,28.19915561548945,26.813232673221258
synthetic_traffic,traffic,lightgbm_ar,traffic_0,2024-01-10 15:00:00,26.46446609406727,24.93134167265439
synthetic_traffic,traffic,lightgbm_ar,traffic_0,2024-01-10 16:00:00,25.11231498303725,23.31997890726265
synthetic_traffic,traffic,lightgbm_ar,traffic_0,2024-01-10 17:00:00,24.229455623521815,21.79285501105531
synthetic_traffic,traffic,lightgbm_ar,traffic_0,2024-01-10 18:00:00,23.870469405576202,21.1215043491395
synthetic_traffic,traffic,lightgbm_ar,traffic_0,2024-01-10 19:00:00,24.054053946407954,21.546478308221637
synthetic_traffic,traffic,lightgbm_ar,traffic_0,2024-01-10 20:00:00,24.761756943915355,22.401226672413824
synthetic_traffic,traffic,lightgbm_ar,traffic_0,2024-01-10 21:00:00,25.939241980053595,24.069313610780057
synthetic_traffic,traffic,lightgbm_ar,traffic_0,2024-01-10 22:00:00,27.499999999999968,25.842182388948157
synthetic_traffic,traffic,lightgbm_ar,traffic_0,2024-01-10 23:00:00,29.33125352399899,27.139510436464818
synthetic_traffic,traffic,lightgbm_ar,traffic_1,2024-01-09 00:00:00,33.34549444740407,31.77318242067796
synthetic_traffic,traffic,lightgbm_ar,traffic_1,2024-01-09 01:00:00,35.484345700120166,33.70781988930822
synthetic_traffic,traffic,lightgbm_ar,traffic_1,2024-01-09 02:00:00,37.47871632294794,35.4109263174559
synthetic_traffic,traffic,lightgbm_ar,traffic_1,2024-01-09 03:00:00,39.197026847177206,37.01986931683149
synthetic_traffic,traffic,lightgbm_ar,traffic_1,2024-01-09 04:00:00,40.526279441628816,38.14617607933492
synthetic_traffic,traffic,lightgbm_ar,traffic_1,2024-01-09 05:00:00,41.37975279082636,39.41102627530192
synthetic_traffic,traffic,lightgbm_ar,traffic_1,2024-01-09 06:00:00,41.702906603707255,40.16070840655236
synthetic_traffic,traffic,lightgbm_ar,traffic_1,2024-01-09 07:00:00,41.47709337792247,40.15051627139227
synthetic_traffic,traffic,lightgbm_ar,traffic_1,2024-01-09 08:00:00,40.720824476208115,39.12054409876088
synthetic_traffic,traffic,lightgbm_ar,traffic_1,2024-01-09 09:00:00,39.4885042404175,37.89350407206392
synthetic_traffic,traffic,lightgbm_ar,traffic_1,2024-01-09 10:00:00,37.86671841735843,37.48908756272673
synthetic_traffic,traffic,lightgbm_ar,traffic_1,2024-01-09 11:00:00,35.96832983968737,35.325123810070025
synthetic_traffic,traffic,lightgbm_ar,traffic_1,2024-01-09 12:00:00,33.924783736545514,32.737447295000536
synthetic_traffic,traffic,lightgbm_ar,traffic_1,2024-01-09 13:00:00,31.87714705887973,29.8814889080119
synthetic_traffic,traffic,lightgbm_ar,traffic_1,2024-01-09 14:00:00,29.966492478675402,27.53615852223495
synthetic_traffic,traffic,lightgbm_ar,traffic_1,2024-01-09 15:00:00,28.324282380187395,26.18800377576134
synthetic_traffic,traffic,lightgbm_ar,traffic_1,2024-01-09 16:00:00,27.06340816126803,25.1713653421339
synthetic_traffic,traffic,lightgbm_ar,traffic_1,2024-01-09 17:00:00,26.270495504052647,24.77838841929267
synthetic_traffic,traffic,lightgbm_ar,traffic_1,2024-01-09 18:00:00,26.0,24.795112270901626
synthetic_traffic,traffic,lightgbm_ar,traffic_1,2024-01-09 19:00:00,26.270495504052647,26.089837871031065
synthetic_traffic,traffic,lightgbm_ar,traffic_1,2024-01-09 20:00:00,27.063408161268026,27.4293020679656
synthetic_traffic,traffic,lightgbm_ar,traffic_1,2024-01-09 21:00:00,28.324282380187352,28.687469801071657
synthetic_traffic,traffic,lightgbm_ar,traffic_1,2024-01-09 22:00:00,29.96649247867535,28.971087325582168
synthetic_traffic,traffic,lightgbm_ar,traffic_1,2024-01-09 23:00:00,31.87714705887967,28.846446911903644
synthetic_traffic,traffic,lightgbm_ar,traffic_1,2024-01-10 00:00:00,33.92478373654545,29.540202550539643
synthetic_traffic,traffic,lightgbm_ar,traffic_1,2024-01-10 01:00:00,35.96832983968731,30.403878550981055
synthetic_traffic,traffic,lightgbm_ar,traffic_1,2024-01-10 02:00:00,37.86671841735838,33.508796771473484
synthetic_traffic,traffic,lightgbm_ar,traffic_1,2024-01-10 03:00:00,39.48850424041749,35.88684380089952
synthetic_traffic,traffic,lightgbm_ar,traffic_1,2024-01-10 04:00:00,40.720824476208136,36.7729780798156
synthetic_traffic,traffic,lightgbm_ar,traffic_1,2024-01-10 05:00:00,41.47709337792247,37.914627869101466
synthetic_traffic,traffic,lightgbm_ar,traffic_1,2024-01-10 06:00:00,41.702906603707255,39.824512368341324
synthetic_traffic,traffic,lightgbm_ar,traffic_1,2024-01-10 07:00:00,41.37975279082637,40.473637546482436
synthetic_traffic,traffic,lightgbm_ar,traffic_1,2024-01-10 08:00:00,40.526279441628844,39.02544402289241
synthetic_traffic,traffic,lightgbm_ar,traffic_1,2024-01-10 09:00:00,39.197026847177256,37.712640509633566
synthetic_traffic,traffic,lightgbm_ar,traffic_1,2024-01-10 10:00:00,37.478716322947996,37.67367998693795
synthetic_traffic,traffic,lightgbm_ar,traffic_1,2024-01-10 11:00:00,35.48434570012023,37.421884391721576
synthetic_traffic,traffic,lightgbm_ar,traffic_1,2024-01-10 12:00:00,33.345494447404135,34.93587582052853
synthetic_traffic,traffic,lightgbm_ar,traffic_1,2024-01-10 13:00:00,31.20336280861623,30.700220773631656
synthetic_traffic,traffic,lightgbm_ar,traffic_1,2024-01-10 14:00:00,29.19915561548945,27.813232673221258
synthetic_traffic,traffic,lightgbm_ar,traffic_1,2024-01-10 15:00:00,27.46446609406727,25.93134167265439
synthetic_traffic,traffic,lightgbm_ar,traffic_1,2024-01-10 16:00:00,26.11231498303725,24.31997890726265
synthetic_traffic,traffic,lightgbm_ar,traffic_1,2024-01-10 17:00:00,25.229455623521815,22.79285501105531
synthetic_traffic,traffic,lightgbm_ar,traffic_1,2024-01-10 18:00:00,24.870469405576202,22.1215043491395
synthetic_traffic,traffic,lightgbm_ar,traffic_1,2024-01-10 19:00:00,25.054053946407954,22.546478308221637
synthetic_traffic,traffic,lightgbm_ar,traffic_1,2024-01-10 20:00:00,25.761756943915355,23.401226672413824
synthetic_traffic,traffic,lightgbm_ar,traffic_1,2024-01-10 21:00:00,26.939241980053595,25.069313610780057
synthetic_traffic,traffic,lightgbm_ar,traffic_1,2024-01-10 22:00:00,28.499999999999968,26.842182388948157
synthetic_traffic,traffic,lightgbm_ar,traffic_1,2024-01-10 23:00:00,30.33125352399899,28.139510436464818
synthetic_traffic,traffic,lightgbm_ar,traffic_2,2024-01-09 00:00:00,34.34549444740407,32.773182420677955
synthetic_traffic,traffic,lightgbm_ar,traffic_2,2024-01-09 01:00:00,36.484345700120166,34.70781988930822
synthetic_traffic,traffic,lightgbm_ar,traffic_2,2024-01-09 02:00:00,38.47871632294794,36.4109263174559
synthetic_traffic,traffic,lightgbm_ar,traffic_2,2024-01-09 03:00:00,40.197026847177206,38.01986931683149
synthetic_traffic,traffic,lightgbm_ar,traffic_2,2024-01-09 04:00:00,41.526279441628816,39.14617607933492
synthetic_traffic,traffic,lightgbm_ar,traffic_2,2024-01-09 05:00:00,42.37975279082636,40.41102627530192
synthetic_traffic,traffic,lightgbm_ar,traffic_2,2024-01-09 06:00:00,42.702906603707255,41.16070840655236
synthetic_traffic,traffic,lightgbm_ar,traffic_2,2024-01-09 07:00:00,42.47709337792247,41.15051627139227
synthetic_traffic,traffic,lightgbm_ar,traffic_2,2024-01-09 08:00:00,41.720824476208115,40.12054409876088
synthetic_traffic,traffic,lightgbm_ar,traffic_2,2024-01-09 09:00:00,40.4885042404175,38.89350407206392
synthetic_traffic,traffic,lightgbm_ar,traffic_2,2024-01-09 10:00:00,38.86671841735843,38.48908756272673
synthetic_traffic,traffic,lightgbm_ar,traffic_2,2024-01-09 11:00:00,36.96832983968737,36.325123810070025
synthetic_traffic,traffic,lightgbm_ar,traffic_2,2024-01-09 12:00:00,34.924783736545514,33.737447295000536
synthetic_traffic,traffic,lightgbm_ar,traffic_2,2024-01-09 13:00:00,32.87714705887973,30.8814889080119
synthetic_traffic,traffic,lightgbm_ar,traffic_2,2024-01-09 14:00:00,30.966492478675402,28.53615852223495
synthetic_traffic,traffic,lightgbm_ar,traffic_2,2024-01-09 15:00:00,29.324282380187395,27.18800377576134
synthetic_traffic,traffic,lightgbm_ar,traffic_2,2024-01-09 16:00:00,28.06340816126803,26.1713653421339
synthetic_traffic,traffic,lightgbm_ar,traffic_2,2024-01-09 17:00:00,27.270495504052647,25.77838841929267
synthetic_traffic,traffic,lightgbm_ar,traffic_2,2024-01-09 18:00:00,27.0,25.795112270901626
synthetic_traffic,traffic,lightgbm_ar,traffic_2,2024-01-09 19:00:00,27.270495504052647,27.089837871031065
synthetic_traffic,traffic,lightgbm_ar,traffic_2,2024-01-09 20:00:00,28.063408161268026,28.4293020679656
synthetic_traffic,traffic,lightgbm_ar,traffic_2,2024-01-09 21:00:00,29.324282380187352,29.687469801071657
synthetic_traffic,traffic,lightgbm_ar,traffic_2,2024-01-09 22:00:00,30.96649247867535,29.971087325582168
synthetic_traffic,traffic,lightgbm_ar,traffic_2,2024-01-09 23:00:00,32.87714705887967,29.846446911903644
synthetic_traffic,traffic,lightgbm_ar,traffic_2,2024-01-10 00:00:00,34.92478373654545,30.540202550539643
synthetic_traffic,traffic,lightgbm_ar,traffic_2,2024-01-10 01:00:00,36.96832983968731,31.403878550981055
synthetic_traffic,traffic,lightgbm_ar,traffic_2,2024-01-10 02:00:00,38.86671841735838,34.508796771473484
synthetic_traffic,traffic,lightgbm_ar,traffic_2,2024-01-10 03:00:00,40.48850424041749,36.88684380089952
synthetic_traffic,traffic,lightgbm_ar,traffic_2,2024-01-10 04:00:00,41.720824476208136,37.7729780798156
synthetic_traffic,traffic,lightgbm_ar,traffic_2,2024-01-10 05:00:00,42.47709337792247,38.914627869101466
synthetic_traffic,traffic,lightgbm_ar,traffic_2,2024-01-10 06:00:00,42.702906603707255,40.824512368341324
synthetic_traffic,traffic,lightgbm_ar,traffic_2,2024-01-10 07:00:00,42.37975279082637,41.473637546482436
synthetic_traffic,traffic,lightgbm_ar,traffic_2,2024-01-10 08:00:00,41.526279441628844,40.02544402289241
synthetic_traffic,traffic,lightgbm_ar,traffic_2,2024-01-10 09:00:00,40.197026847177256,38.712640509633566
synthetic_traffic,traffic,lightgbm_ar,traffic_2,2024-01-10 10:00:00,38.478716322947996,38.67367998693795
synthetic_traffic,traffic,lightgbm_ar,traffic_2,2024-01-10 11:00:00,36.48434570012023,38.421884391721576
synthetic_traffic,traffic,lightgbm_ar,traffic_2,2024-01-10 12:00:00,34.345494447404135,35.93587582052853
synthetic_traffic,traffic,lightgbm_ar,traffic_2,2024-01-10 13:00:00,32.203362808616234,31.700220773631656
synthetic_traffic,traffic,lightgbm_ar,traffic_2,2024-01-10 14:00:00,30.19915561548945,28.813232673221258
synthetic_traffic,traffic,lightgbm_ar,traffic_2,2024-01-10 15:00:00,28.46446609406727,26.93134167265439
synthetic_traffic,traffic,lightgbm_ar,traffic_2,2024-01-10 16:00:00,27.11231498303725,25.31997890726265
synthetic_traffic,traffic,lightgbm_ar,traffic_2,2024-01-10 17:00:00,26.229455623521815,23.79285501105531
synthetic_traffic,traffic,lightgbm_ar,traffic_2,2024-01-10 18:00:00,25.870469405576202,23.1215043491395
synthetic_traffic,traffic,lightgbm_ar,traffic_2,2024-01-10 19:00:00,26.054053946407954,23.546478308221637
synthetic_traffic,traffic,lightgbm_ar,traffic_2,2024-01-10 20:00:00,26.761756943915355,24.401226672413824
synthetic_traffic,traffic,lightgbm_ar,traffic_2,2024-01-10 21:00:00,27.939241980053595,26.069313610780057
synthetic_traffic,traffic,lightgbm_ar,traffic_2,2024-01-10 22:00:00,29.499999999999968,27.842182388948157
synthetic_traffic,traffic,lightgbm_ar,traffic_2,2024-01-10 23:00:00,31.33125352399899,29.139510436464818
synthetic_traffic,traffic,xgboost_ar,traffic_0,2024-01-09 00:00:00,32.34549444740407,30.33787459473167
synthetic_traffic,traffic,xgboost_ar,traffic_0,2024-01-09 01:00:00,34.484345700120166,31.54225917244125
synthetic_traffic,traffic,xgboost_ar,traffic_0,2024-01-09 02:00:00,36.47871632294794,33.57248729525391
synthetic_traffic,traffic,xgboost_ar,traffic_0,2024-01-09 03:00:00,38.197026847177206,35.41451099544537
synthetic_traffic,traffic,xgboost_ar,traffic_0,2024-01-09 04:00:00,39.526279441628816,36.72798735110448
synthetic_traffic,traffic,xgboost_ar,traffic_0,2024-01-09 05:00:00,40.37975279082636,37.41679056995256
synthetic_traffic,traffic,xgboost_ar,traffic_0,2024-01-09 06:00:00,40.702906603707255,38.091714157364436
synthetic_traffic,traffic,xgboost_ar,traffic_0,2024-01-09 07:00:00,40.47709337792247,37.822998705146844
synthetic_traffic,traffic,xgboost_ar,traffic_0,2024-01-09 08:00:00,39.720824476208115,37.46753502450329
synthetic_traffic,traffic,xgboost_ar,traffic_0,2024-01-09 09:00:00,38.4885042404175,37.045666999560936
synthetic_traffic,traffic,xgboost_ar,traffic_0,2024-01-09 10:00:00,36.86671841735843,37.02574300105951
synthetic_traffic,traffic,xgboost_ar,traffic_0,2024-01-09 11:00:00,34.96832983968737,36.76323788421191
synthetic_traffic,traffic,xgboost_ar,traffic_0,2024-01-09 12:00:00,32.924783736545514,35.25931077102883
synthetic_traffic,traffic,xgboost_ar,traffic_0,2024-01-09 13:00:00,30.87714705887973,31.417857505478242
synthetic_traffic,traffic,xgboost_ar,traffic_0,2024-01-09 14:00:00,28.966492478675402,28.976420388390668
synthetic_traffic,traffic,xgboost_ar,traffic_0,2024-01-09 15:00:00,27.324282380187395,26.4528403087014
synthetic_traffic,traffic,xgboost_ar,traffic_0,2024-01-09 16:00:00,26.06340816126803,24.73967113770967
synthetic_traffic,traffic,xgboost_ar,traffic_0,2024-01-09 17:00:00,25.270495504052647,23.280165725005155
synthetic_traffic,traffic,xgboost_ar,traffic_0,2024-01-09 18:00:00,25.0,22.038893029217334
synthetic_traffic,traffic,xgboost_ar,traffic_0,2024-01-09 19:00:00,25.270495504052647,21.23250055717245
synthetic_traffic,traffic,xgboost_ar,traffic_0,2024-01-09 20:00:00,26.063408161268026,20.953665293961365
synthetic_traffic,traffic,xgboost_ar,traffic_0,2024-01-09 21:00:00,27.324282380187352,21.09714631196877
synthetic_traffic,traffic,xgboost_ar,traffic_0,2024-01-09 22:00:00,28.96649247867535,22.065438028253126
synthetic_traffic,traffic,xgboost_ar,traffic_0,2024-01-09 23:00:00,30.87714705887967,23.786330044913676
synthetic_traffic,traffic,xgboost_ar,traffic_0,2024-01-10 00:00:00,32.92478373654545,25.802028582421393
synthetic_traffic,traffic,xgboost_ar,traffic_0,2024-01-10 01:00:00,34.96832983968731,28.685493465325816
synthetic_traffic,traffic,xgboost_ar,traffic_0,2024-01-10 02:00:00,36.86671841735838,31.226019068517154
synthetic_traffic,traffic,xgboost_ar,traffic_0,2024-01-10 03:00:00,38.48850424041749,32.872644879023184
synthetic_traffic,traffic,xgboost_ar,traffic_0,2024-01-10 04:00:00,39.720824476208136,34.136632713360946
synthetic_traffic,traffic,xgboost_ar,traffic_0,2024-01-10 05:00:00,40.47709337792247,35.39839575675857
synthetic_traffic,traffic,xgboost_ar,traffic_0,2024-01-10 06:00:00,40.702906603707255,36.159338801514565
synthetic_traffic,traffic,xgboost_ar,traffic_0,2024-01-10 07:00:00,40.37975279082637,36.17026859457665
synthetic_traffic,traffic,xgboost_ar,traffic_0,2024-01-10 08:00:00,39.526279441628844,35.81094331378212
synthetic_traffic,traffic,xgboost_ar,traffic_0,2024-01-10 09:00:00,38.197026847177256,34.57372726636669
synthetic_traffic,traffic,xgboost_ar,traffic_0,2024-01-10 10:00:00,36.478716322947996,33.010661000499546
synthetic_traffic,traffic,xgboost_ar,traffic_0,2024-01-10 11:00:00,34.48434570012023,32.51324494795482
synthetic_traffic,traffic,xgboost_ar,traffic_0,2024-01-10 12:00:00,32.345494447404135,32.37982611305731
synthetic_traffic,traffic,xgboost_ar,traffic_0,2024-01-10 13:00:00,30.20336280861623,30.718113455611913
synthetic_traffic,traffic,xgboost_ar,traffic_0,2024-01-10 14:00:00,28.19915561548945,29.455367945457173
synthetic_traffic,traffic,xgboost_ar,traffic_0,2024-01-10 15:00:00,26.46446609406727,27.639541171884552
synthetic_traffic,traffic,xgboost_ar,traffic_0,2024-01-10 16:00:00,25.11231498303725,25.18238059706038
synthetic_traffic,traffic,xgboost_ar,traffic_0,2024-01-10 17:00:00,24.229455623521815,23.735606868350736
synthetic_traffic,traffic,xgboost_ar,traffic_0,2024-01-10 18:00:00,23.870469405576202,22.018905196752534
synthetic_traffic,traffic,xgboost_ar,traffic_0,2024-01-10 19:00:00,24.054053946407954,20.962605595164973
synthetic_traffic,traffic,xgboost_ar,traffic_0,2024-01-10 20:00:00,24.761756943915355,19.64504280195056
synthetic_traffic,traffic,xgboost_ar,traffic_0,2024-01-10 21:00:00,25.939241980053595,19.53629951754482
synthetic_traffic,traffic,xgboost_ar,traffic_0,2024-01-10 22:00:00,27.499999999999968,19.704097729266273
synthetic_traffic,traffic,xgboost_ar,traffic_0,2024-01-10 23:00:00,29.33125352399899,20.687426599522674
synthetic_traffic,traffic,xgboost_ar,traffic_1,2024-01-09 00:00:00,33.34549444740407,31.33787459473167
synthetic_traffic,traffic,xgboost_ar,traffic_1,2024-01-09 01:00:00,35.484345700120166,32.54225917244125
synthetic_traffic,traffic,xgboost_ar,traffic_1,2024-01-09 02:00:00,37.47871632294794,34.57248729525391
synthetic_traffic,traffic,xgboost_ar,traffic_1,2024-01-09 03:00:00,39.197026847177206,36.41451099544537
synthetic_traffic,traffic,xgboost_ar,traffic_1,2024-01-09 04:00:00,40.526279441628816,37.72798735110448
synthetic_traffic,traffic,xgboost_ar,traffic_1,2024-01-09 05:00:00,41.37975279082636,38.41679056995256
synthetic_traffic,traffic,xgboost_ar,traffic_1,2024-01-09 06:00:00,41.702906603707255,39.091714157364436
synthetic_traffic,traffic,xgboost_ar,traffic_1,2024-01-09 07:00:00,41.47709337792247,38.822998705146844
synthetic_traffic,traffic,xgboost_ar,traffic_1,2024-01-09 08:00:00,40.720824476208115,38.46753502450329
synthetic_traffic,traffic,xgboost_ar,traffic_1,2024-01-09 09:00:00,39.4885042404175,38.045666999560936
synthetic_traffic,traffic,xgboost_ar,traffic_1,2024-01-09 10:00:00,37.86671841735843,38.02574300105951
synthetic_traffic,traffic,xgboost_ar,traffic_1,2024-01-09 11:00:00,35.96832983968737,37.76323788421191
synthetic_traffic,traffic,xgboost_ar,traffic_1,2024-01-09 12:00:00,33.924783736545514,36.25931077102883
synthetic_traffic,traffic,xgboost_ar,traffic_1,2024-01-09 13:00:00,31.87714705887973,32.417857505478246
synthetic_traffic,traffic,xgboost_ar,traffic_1,2024-01-09 14:00:00,29.966492478675402,29.976420388390668
synthetic_traffic,traffic,xgboost_ar,traffic_1,2024-01-09 15:00:00,28.324282380187395,27.4528403087014
synthetic_traffic,traffic,xgboost_ar,traffic_1,2024-01-09 16:00:00,27.06340816126803,25.73967113770967
synthetic_traffic,traffic,xgboost_ar,traffic_1,2024-01-09 17:00:00,26.270495504052647,24.280165725005155
synthetic_traffic,traffic,xgboost_ar,traffic_1,2024-01-09 18:00:00,26.0,23.038893029217334
synthetic_traffic,traffic,xgboost_ar,traffic_1,2024-01-09 19:00:00,26.270495504052647,22.23250055717245
synthetic_traffic,traffic,xgboost_ar,traffic_1,2024-01-09 20:00:00,27.063408161268026,21.953665293961365
synthetic_traffic,traffic,xgboost_ar,traffic_1,2024-01-09 21:00:00,28.324282380187352,22.09714631196877
synthetic_traffic,traffic,xgboost_ar,traffic_1,2024-01-09 22:00:00,29.96649247867535,23.065438028253126
synthetic_traffic,traffic,xgboost_ar,traffic_1,2024-01-09 23:00:00,31.87714705887967,24.786330044913676
synthetic_traffic,traffic,xgboost_ar,traffic_1,2024-01-10 00:00:00,33.92478373654545,26.802028582421393
synthetic_traffic,traffic,xgboost_ar,traffic_1,2024-01-10 01:00:00,35.96832983968731,29.685493465325816
synthetic_traffic,traffic,xgboost_ar,traffic_1,2024-01-10 02:00:00,37.86671841735838,32.226019068517154
synthetic_traffic,traffic,xgboost_ar,traffic_1,2024-01-10 03:00:00,39.48850424041749,33.872644879023184
synthetic_traffic,traffic,xgboost_ar,traffic_1,2024-01-10 04:00:00,40.720824476208136,35.136632713360946
synthetic_traffic,traffic,xgboost_ar,traffic_1,2024-01-10 05:00:00,41.47709337792247,36.39839575675857
synthetic_traffic,traffic,xgboost_ar,traffic_1,2024-01-10 06:00:00,41.702906603707255,37.159338801514565
synthetic_traffic,traffic,xgboost_ar,traffic_1,2024-01-10 07:00:00,41.37975279082637,37.17026859457665
synthetic_traffic,traffic,xgboost_ar,traffic_1,2024-01-10 08:00:00,40.526279441628844,36.81094331378212
synthetic_traffic,traffic,xgboost_ar,traffic_1,2024-01-10 09:00:00,39.197026847177256,35.57372726636669
synthetic_traffic,traffic,xgboost_ar,traffic_1,2024-01-10 10:00:00,37.478716322947996,34.010661000499546
synthetic_traffic,traffic,xgboost_ar,traffic_1,2024-01-10 11:00:00,35.48434570012023,33.51324494795482
synthetic_traffic,traffic,xgboost_ar,traffic_1,2024-01-10 12:00:00,33.345494447404135,33.37982611305731
synthetic_traffic,traffic,xgboost_ar,traffic_1,2024-01-10 13:00:00,31.20336280861623,31.718113455611913
synthetic_traffic,traffic,xgboost_ar,traffic_1,2024-01-10 14:00:00,29.19915561548945,30.455367945457173
synthetic_traffic,traffic,xgboost_ar,traffic_1,2024-01-10 15:00:00,27.46446609406727,28.639541171884552
synthetic_traffic,traffic,xgboost_ar,traffic_1,2024-01-10 16:00:00,26.11231498303725,26.18238059706038
synthetic_traffic,traffic,xgboost_ar,traffic_1,2024-01-10 17:00:00,25.229455623521815,24.735606868350736
synthetic_traffic,traffic,xgboost_ar,traffic_1,2024-01-10 18:00:00,24.870469405576202,23.018905196752534
synthetic_traffic,traffic,xgboost_ar,traffic_1,2024-01-10 19:00:00,25.054053946407954,21.962605595164973
synthetic_traffic,traffic,xgboost_ar,traffic_1,2024-01-10 20:00:00,25.761756943915355,20.64504280195056
synthetic_traffic,traffic,xgboost_ar,traffic_1,2024-01-10 21:00:00,26.939241980053595,20.53629951754482
synthetic_traffic,traffic,xgboost_ar,traffic_1,2024-01-10 22:00:00,28.499999999999968,20.704097729266273
synthetic_traffic,traffic,xgboost_ar,traffic_1,2024-01-10 23:00:00,30.33125352399899,21.687426599522674
synthetic_traffic,traffic,xgboost_ar,traffic_2,2024-01-09 00:00:00,34.34549444740407,32.33787459473167
synthetic_traffic,traffic,xgboost_ar,traffic_2,2024-01-09 01:00:00,36.484345700120166,33.54225917244125
synthetic_traffic,traffic,xgboost_ar,traffic_2,2024-01-09 02:00:00,38.47871632294794,35.57248729525391
synthetic_traffic,traffic,xgboost_ar,traffic_2,2024-01-09 03:00:00,40.197026847177206,37.41451099544537
synthetic_traffic,traffic,xgboost_ar,traffic_2,2024-01-09 04:00:00,41.526279441628816,38.72798735110448
synthetic_traffic,traffic,xgboost_ar,traffic_2,2024-01-09 05:00:00,42.37975279082636,39.41679056995256
synthetic_traffic,traffic,xgboost_ar,traffic_2,2024-01-09 06:00:00,42.702906603707255,40.091714157364436
synthetic_traffic,traffic,xgboost_ar,traffic_2,2024-01-09 07:00:00,42.47709337792247,39.822998705146844
synthetic_traffic,traffic,xgboost_ar,traffic_2,2024-01-09 08:00:00,41.720824476208115,39.46753502450329
synthetic_traffic,traffic,xgboost_ar,traffic_2,2024-01-09 09:00:00,40.4885042404175,39.045666999560936
synthetic_traffic,traffic,xgboost_ar,traffic_2,2024-01-09 10:00:00,38.86671841735843,39.02574300105951
synthetic_traffic,traffic,xgboost_ar,traffic_2,2024-01-09 11:00:00,36.96832983968737,38.76323788421191
synthetic_traffic,traffic,xgboost_ar,traffic_2,2024-01-09 12:00:00,34.924783736545514,37.25931077102883
synthetic_traffic,traffic,xgboost_ar,traffic_2,2024-01-09 13:00:00,32.87714705887973,33.417857505478246
synthetic_traffic,traffic,xgboost_ar,traffic_2,2024-01-09 14:00:00,30.966492478675402,30.976420388390668
synthetic_traffic,traffic,xgboost_ar,traffic_2,2024-01-09 15:00:00,29.324282380187395,28.4528403087014
synthetic_traffic,traffic,xgboost_ar,traffic_2,2024-01-09 16:00:00,28.06340816126803,26.73967113770967
synthetic_traffic,traffic,xgboost_ar,traffic_2,2024-01-09 17:00:00,27.270495504052647,25.280165725005155
synthetic_traffic,traffic,xgboost_ar,traffic_2,2024-01-09 18:00:00,27.0,24.038893029217334
synthetic_traffic,traffic,xgboost_ar,traffic_2,2024-01-09 19:00:00,27.270495504052647,23.23250055717245
synthetic_traffic,traffic,xgboost_ar,traffic_2,2024-01-09 20:00:00,28.063408161268026,22.953665293961365
synthetic_traffic,traffic,xgboost_ar,traffic_2,2024-01-09 21:00:00,29.324282380187352,23.09714631196877
synthetic_traffic,traffic,xgboost_ar,traffic_2,2024-01-09 22:00:00,30.96649247867535,24.065438028253126
synthetic_traffic,traffic,xgboost_ar,traffic_2,2024-01-09 23:00:00,32.87714705887967,25.786330044913676
synthetic_traffic,traffic,xgboost_ar,traffic_2,2024-01-10 00:00:00,34.92478373654545,27.802028582421393
synthetic_traffic,traffic,xgboost_ar,traffic_2,2024-01-10 01:00:00,36.96832983968731,30.685493465325816
synthetic_traffic,traffic,xgboost_ar,traffic_2,2024-01-10 02:00:00,38.86671841735838,33.226019068517154
synthetic_traffic,traffic,xgboost_ar,traffic_2,2024-01-10 03:00:00,40.48850424041749,34.872644879023184
synthetic_traffic,traffic,xgboost_ar,traffic_2,2024-01-10 04:00:00,41.720824476208136,36.136632713360946
synthetic_traffic,traffic,xgboost_ar,traffic_2,2024-01-10 05:00:00,42.47709337792247,37.39839575675857
synthetic_traffic,traffic,xgboost_ar,traffic_2,2024-01-10 06:00:00,42.702906603707255,38.159338801514565
synthetic_traffic,traffic,xgboost_ar,traffic_2,2024-01-10 07:00:00,42.37975279082637,38.17026859457665
synthetic_traffic,traffic,xgboost_ar,traffic_2,2024-01-10 08:00:00,41.526279441628844,37.81094331378212
synthetic_traffic,traffic,xgboost_ar,traffic_2,2024-01-10 09:00:00,40.197026847177256,36.57372726636669
synthetic_traffic,traffic,xgboost_ar,traffic_2,2024-01-10 10:00:00,38.478716322947996,35.010661000499546
synthetic_traffic,traffic,xgboost_ar,traffic_2,2024-01-10 11:00:00,36.48434570012023,34.51324494795482
synthetic_traffic,traffic,xgboost_ar,traffic_2,2024-01-10 12:00:00,34.345494447404135,34.37982611305731
synthetic_traffic,traffic,xgboost_ar,traffic_2,2024-01-10 13:00:00,32.203362808616234,32.71811345561191
synthetic_traffic,traffic,xgboost_ar,traffic_2,2024-01-10 14:00:00,30.19915561548945,31.455367945457173
synthetic_traffic,traffic,xgboost_ar,traffic_2,2024-01-10 15:00:00,28.46446609406727,29.639541171884552
synthetic_traffic,traffic,xgboost_ar,traffic_2,2024-01-10 16:00:00,27.11231498303725,27.18238059706038
synthetic_traffic,traffic,xgboost_ar,traffic_2,2024-01-10 17:00:00,26.229455623521815,25.735606868350736
synthetic_traffic,traffic,xgboost_ar,traffic_2,2024-01-10 18:00:00,25.870469405576202,24.018905196752534
synthetic_traffic,traffic,xgboost_ar,traffic_2,2024-01-10 19:00:00,26.054053946407954,22.962605595164973
synthetic_traffic,traffic,xgboost_ar,traffic_2,2024-01-10 20:00:00,26.761756943915355,21.64504280195056
synthetic_traffic,traffic,xgboost_ar,traffic_2,2024-01-10 21:00:00,27.939241980053595,21.53629951754482
synthetic_traffic,traffic,xgboost_ar,traffic_2,2024-01-10 22:00:00,29.499999999999968,21.704097729266273
synthetic_traffic,traffic,xgboost_ar,traffic_2,2024-01-10 23:00:00,31.33125352399899,22.687426599522674
synthetic_traffic,traffic,tabpfn_ts,traffic_0,2024-01-09 00:00:00,32.34549444740407,32.097747802734375
synthetic_traffic,traffic,tabpfn_ts,traffic_0,2024-01-09 01:00:00,34.484345700120166,34.141441345214844
synthetic_traffic,traffic,tabpfn_ts,traffic_0,2024-01-09 02:00:00,36.47871632294794,36.23728942871094
synthetic_traffic,traffic,tabpfn_ts,traffic_0,2024-01-09 03:00:00,38.197026847177206,38.033321380615234
synthetic_traffic,traffic,tabpfn_ts,traffic_0,2024-01-09 04:00:00,39.526279441628816,39.26764678955078
synthetic_traffic,traffic,tabpfn_ts,traffic_0,2024-01-09 05:00:00,40.37975279082636,39.991722106933594
synthetic_traffic,traffic,tabpfn_ts,traffic_0,2024-01-09 06:00:00,40.702906603707255,40.175411224365234
synthetic_traffic,traffic,tabpfn_ts,traffic_0,2024-01-09 07:00:00,40.47709337792247,40.007171630859375
synthetic_traffic,traffic,tabpfn_ts,traffic_0,2024-01-09 08:00:00,39.720824476208115,39.41610336303711
synthetic_traffic,traffic,tabpfn_ts,traffic_0,2024-01-09 09:00:00,38.4885042404175,38.1815071105957
synthetic_traffic,traffic,tabpfn_ts,traffic_0,2024-01-09 10:00:00,36.86671841735843,36.42029571533203
synthetic_traffic,traffic,tabpfn_ts,traffic_0,2024-01-09 11:00:00,34.96832983968737,34.191226959228516
synthetic_traffic,traffic,tabpfn_ts,traffic_0,2024-01-09 12:00:00,32.924783736545514,32.0302619934082
synthetic_traffic,traffic,tabpfn_ts,traffic_0,2024-01-09 13:00:00,30.87714705887973,30.00128936767578
synthetic_traffic,traffic,tabpfn_ts,traffic_0,2024-01-09 14:00:00,28.966492478675402,28.077383041381836
synthetic_traffic,traffic,tabpfn_ts,traffic_0,2024-01-09 15:00:00,27.324282380187395,26.378578186035156
synthetic_traffic,traffic,tabpfn_ts,traffic_0,2024-01-09 16:00:00,26.06340816126803,25.024930953979492
synthetic_traffic,traffic,tabpfn_ts,traffic_0,2024-01-09 17:00:00,25.270495504052647,24.50560760498047
synthetic_traffic,traffic,tabpfn_ts,traffic_0,2024-01-09 18:00:00,25.0,24.22369956970215
synthetic_traffic,traffic,tabpfn_ts,traffic_0,2024-01-09 19:00:00,25.270495504052647,24.412317276000977
synthetic_traffic,traffic,tabpfn_ts,traffic_0,2024-01-09 20:00:00,26.063408161268026,25.15484046936035
synthetic_traffic,traffic,tabpfn_ts,traffic_0,2024-01-09 21:00:00,27.324282380187352,26.898475646972656
synthetic_traffic,traffic,tabpfn_ts,traffic_0,2024-01-09 22:00:00,28.96649247867535,28.938562393188477
synthetic_traffic,traffic,tabpfn_ts,traffic_0,2024-01-09 23:00:00,30.87714705887967,31.116662979125977
synthetic_traffic,traffic,tabpfn_ts,traffic_0,2024-01-10 00:00:00,32.92478373654545,32.510719299316406
synthetic_traffic,traffic,tabpfn_ts,traffic_0,2024-01-10 01:00:00,34.96832983968731,34.79808807373047
synthetic_traffic,traffic,tabpfn_ts,traffic_0,2024-01-10 02:00:00,36.86671841735838,37.10944747924805
synthetic_traffic,traffic,tabpfn_ts,traffic_0,2024-01-10 03:00:00,38.48850424041749,38.63077163696289
synthetic_traffic,traffic,tabpfn_ts,traffic_0,2024-01-10 04:00:00,39.720824476208136,39.74763107299805
synthetic_traffic,traffic,tabpfn_ts,traffic_0,2024-01-10 05:00:00,40.47709337792247,40.27522659301758
synthetic_traffic,traffic,tabpfn_ts,traffic_0,2024-01-10 06:00:00,40.702906603707255,40.29120635986328
synthetic_traffic,traffic,tabpfn_ts,traffic_0,2024-01-10 07:00:00,40.37975279082637,40.41959762573242
synthetic_traffic,traffic,tabpfn_ts,traffic_0,2024-01-10 08:00:00,39.526279441628844,40.04374313354492
synthetic_traffic,traffic,tabpfn_ts,traffic_0,2024-01-10 09:00:00,38.197026847177256,38.965797424316406
synthetic_traffic,traffic,tabpfn_ts,traffic_0,2024-01-10 10:00:00,36.478716322947996,37.486351013183594
synthetic_traffic,traffic,tabpfn_ts,traffic_0,2024-01-10 11:00:00,34.48434570012023,35.452362060546875
synthetic_traffic,traffic,tabpfn_ts,traffic_0,2024-01-10 12:00:00,32.345494447404135,33.3170166015625
synthetic_traffic,traffic,tabpfn_ts,traffic_0,2024-01-10 13:00:00,30.20336280861623,31.385906219482422
synthetic_traffic,traffic,tabpfn_ts,traffic_0,2024-01-10 14:00:00,28.19915561548945,29.347938537597656
synthetic_traffic,traffic,tabpfn_ts,traffic_0,2024-01-10 15:00:00,26.46446609406727,27.26201629638672
synthetic_traffic,traffic,tabpfn_ts,traffic_0,2024-01-10 16:00:00,25.11231498303725,25.70761489868164
synthetic_traffic,traffic,tabpfn_ts,traffic_0,2024-01-10 17:00:00,24.229455623521815,24.822092056274414
synthetic_traffic,traffic,tabpfn_ts,traffic_0,2024-01-10 18:00:00,23.870469405576202,24.50316047668457
synthetic_traffic,traffic,tabpfn_ts,traffic_0,2024-01-10 19:00:00,24.054053946407954,24.864391326904297
synthetic_traffic,traffic,tabpfn_ts,traffic_0,2024-01-10 20:00:00,24.761756943915355,25.858949661254883
synthetic_traffic,traffic,tabpfn_ts,traffic_0,2024-01-10 21:00:00,25.939241980053595,27.87564468383789
synthetic_traffic,traffic,tabpfn_ts,traffic_0,2024-01-10 22:00:00,27.499999999999968,29.673046112060547
synthetic_traffic,traffic,tabpfn_ts,traffic_0,2024-01-10 23:00:00,29.33125352399899,31.515625
synthetic_traffic,traffic,tabpfn_ts,traffic_1,2024-01-09 00:00:00,33.34549444740407,33.097747802734375
synthetic_traffic,traffic,tabpfn_ts,traffic_1,2024-01-09 01:00:00,35.484345700120166,35.141441345214844
synthetic_traffic,traffic,tabpfn_ts,traffic_1,2024-01-09 02:00:00,37.47871632294794,37.23728942871094
synthetic_traffic,traffic,tabpfn_ts,traffic_1,2024-01-09 03:00:00,39.197026847177206,39.033321380615234
synthetic_traffic,traffic,tabpfn_ts,traffic_1,2024-01-09 04:00:00,40.526279441628816,40.26764678955078
synthetic_traffic,traffic,tabpfn_ts,traffic_1,2024-01-09 05:00:00,41.37975279082636,40.991722106933594
synthetic_traffic,traffic,tabpfn_ts,traffic_1,2024-01-09 06:00:00,41.702906603707255,41.175411224365234
synthetic_traffic,traffic,tabpfn_ts,traffic_1,2024-01-09 07:00:00,41.47709337792247,41.007171630859375
synthetic_traffic,traffic,tabpfn_ts,traffic_1,2024-01-09 08:00:00,40.720824476208115,40.41610336303711
synthetic_traffic,traffic,tabpfn_ts,traffic_1,2024-01-09 09:00:00,39.4885042404175,39.1815071105957
synthetic_traffic,traffic,tabpfn_ts,traffic_1,2024-01-09 10:00:00,37.86671841735843,37.42029571533203
synthetic_traffic,traffic,tabpfn_ts,traffic_1,2024-01-09 11:00:00,35.96832983968737,35.191226959228516
synthetic_traffic,traffic,tabpfn_ts,traffic_1,2024-01-09 12:00:00,33.924783736545514,33.0302619934082
synthetic_traffic,traffic,tabpfn_ts,traffic_1,2024-01-09 13:00:00,31.87714705887973,31.00128936767578
synthetic_traffic,traffic,tabpfn_ts,traffic_1,2024-01-09 14:00:00,29.966492478675402,29.077383041381836
synthetic_traffic,traffic,tabpfn_ts,traffic_1,2024-01-09 15:00:00,28.324282380187395,27.378578186035156
synthetic_traffic,traffic,tabpfn_ts,traffic_1,2024-01-09 16:00:00,27.06340816126803,26.024930953979492
synthetic_traffic,traffic,tabpfn_ts,traffic_1,2024-01-09 17:00:00,26.270495504052647,25.50560760498047
synthetic_traffic,traffic,tabpfn_ts,traffic_1,2024-01-09 18:00:00,26.0,25.22369956970215
synthetic_traffic,traffic,tabpfn_ts,traffic_1,2024-01-09 19:00:00,26.270495504052647,25.412317276000977
synthetic_traffic,traffic,tabpfn_ts,traffic_1,2024-01-09 20:00:00,27.063408161268026,26.15484046936035
synthetic_traffic,traffic,tabpfn_ts,traffic_1,2024-01-09 21:00:00,28.324282380187352,27.898475646972656
synthetic_traffic,traffic,tabpfn_ts,traffic_1,2024-01-09 22:00:00,29.96649247867535,29.938562393188477
synthetic_traffic,traffic,tabpfn_ts,traffic_1,2024-01-09 23:00:00,31.87714705887967,32.116661071777344
synthetic_traffic,traffic,tabpfn_ts,traffic_1,2024-01-10 00:00:00,33.92478373654545,33.510719299316406
synthetic_traffic,traffic,tabpfn_ts,traffic_1,2024-01-10 01:00:00,35.96832983968731,35.79808807373047
synthetic_traffic,traffic,tabpfn_ts,traffic_1,2024-01-10 02:00:00,37.86671841735838,38.10944747924805
synthetic_traffic,traffic,tabpfn_ts,traffic_1,2024-01-10 03:00:00,39.48850424041749,39.63077163696289
synthetic_traffic,traffic,tabpfn_ts,traffic_1,2024-01-10 04:00:00,40.720824476208136,40.74763107299805
synthetic_traffic,traffic,tabpfn_ts,traffic_1,2024-01-10 05:00:00,41.47709337792247,41.27522659301758
synthetic_traffic,traffic,tabpfn_ts,traffic_1,2024-01-10 06:00:00,41.702906603707255,41.29120635986328
synthetic_traffic,traffic,tabpfn_ts,traffic_1,2024-01-10 07:00:00,41.37975279082637,41.41959762573242
synthetic_traffic,traffic,tabpfn_ts,traffic_1,2024-01-10 08:00:00,40.526279441628844,41.04374313354492
synthetic_traffic,traffic,tabpfn_ts,traffic_1,2024-01-10 09:00:00,39.197026847177256,39.965797424316406
synthetic_traffic,traffic,tabpfn_ts,traffic_1,2024-01-10 10:00:00,37.478716322947996,38.486351013183594
synthetic_traffic,traffic,tabpfn_ts,traffic_1,2024-01-10 11:00:00,35.48434570012023,36.452362060546875
synthetic_traffic,traffic,tabpfn_ts,traffic_1,2024-01-10 12:00:00,33.345494447404135,34.3170166015625
synthetic_traffic,traffic,tabpfn_ts,traffic_1,2024-01-10 13:00:00,31.20336280861623,32.38590621948242
synthetic_traffic,traffic,tabpfn_ts,traffic_1,2024-01-10 14:00:00,29.19915561548945,30.347938537597656
synthetic_traffic,traffic,tabpfn_ts,traffic_1,2024-01-10 15:00:00,27.46446609406727,28.26201629638672
synthetic_traffic,traffic,tabpfn_ts,traffic_1,2024-01-10 16:00:00,26.11231498303725,26.70761489868164
synthetic_traffic,traffic,tabpfn_ts,traffic_1,2024-01-10 17:00:00,25.229455623521815,25.822092056274414
synthetic_traffic,traffic,tabpfn_ts,traffic_1,2024-01-10 18:00:00,24.870469405576202,25.50316047668457
synthetic_traffic,traffic,tabpfn_ts,traffic_1,2024-01-10 19:00:00,25.054053946407954,25.864391326904297
synthetic_traffic,traffic,tabpfn_ts,traffic_1,2024-01-10 20:00:00,25.761756943915355,26.858949661254883
synthetic_traffic,traffic,tabpfn_ts,traffic_1,2024-01-10 21:00:00,26.939241980053595,28.87564468383789
synthetic_traffic,traffic,tabpfn_ts,traffic_1,2024-01-10 22:00:00,28.499999999999968,30.673046112060547
synthetic_traffic,traffic,tabpfn_ts,traffic_1,2024-01-10 23:00:00,30.33125352399899,32.515625
synthetic_traffic,traffic,tabpfn_ts,traffic_2,2024-01-09 00:00:00,34.34549444740407,34.097747802734375
synthetic_traffic,traffic,tabpfn_ts,traffic_2,2024-01-09 01:00:00,36.484345700120166,36.141441345214844
synthetic_traffic,traffic,tabpfn_ts,traffic_2,2024-01-09 02:00:00,38.47871632294794,38.23728942871094
synthetic_traffic,traffic,tabpfn_ts,traffic_2,2024-01-09 03:00:00,40.197026847177206,40.033321380615234
synthetic_traffic,traffic,tabpfn_ts,traffic_2,2024-01-09 04:00:00,41.526279441628816,41.26764678955078
synthetic_traffic,traffic,tabpfn_ts,traffic_2,2024-01-09 05:00:00,42.37975279082636,41.991722106933594
synthetic_traffic,traffic,tabpfn_ts,traffic_2,2024-01-09 06:00:00,42.702906603707255,42.175411224365234
synthetic_traffic,traffic,tabpfn_ts,traffic_2,2024-01-09 07:00:00,42.47709337792247,42.007171630859375
synthetic_traffic,traffic,tabpfn_ts,traffic_2,2024-01-09 08:00:00,41.720824476208115,41.41610336303711
synthetic_traffic,traffic,tabpfn_ts,traffic_2,2024-01-09 09:00:00,40.4885042404175,40.1815071105957
synthetic_traffic,traffic,tabpfn_ts,traffic_2,2024-01-09 10:00:00,38.86671841735843,38.42029571533203
synthetic_traffic,traffic,tabpfn_ts,traffic_2,2024-01-09 11:00:00,36.96832983968737,36.191226959228516
synthetic_traffic,traffic,tabpfn_ts,traffic_2,2024-01-09 12:00:00,34.924783736545514,34.0302619934082
synthetic_traffic,traffic,tabpfn_ts,traffic_2,2024-01-09 13:00:00,32.87714705887973,32.00128936767578
synthetic_traffic,traffic,tabpfn_ts,traffic_2,2024-01-09 14:00:00,30.966492478675402,30.077383041381836
synthetic_traffic,traffic,tabpfn_ts,traffic_2,2024-01-09 15:00:00,29.324282380187395,28.378578186035156
synthetic_traffic,traffic,tabpfn_ts,traffic_2,2024-01-09 16:00:00,28.06340816126803,27.024930953979492
synthetic_traffic,traffic,tabpfn_ts,traffic_2,2024-01-09 17:00:00,27.270495504052647,26.50560760498047
synthetic_traffic,traffic,tabpfn_ts,traffic_2,2024-01-09 18:00:00,27.0,26.22369956970215
synthetic_traffic,traffic,tabpfn_ts,traffic_2,2024-01-09 19:00:00,27.270495504052647,26.412317276000977
synthetic_traffic,traffic,tabpfn_ts,traffic_2,2024-01-09 20:00:00,28.063408161268026,27.15484046936035
synthetic_traffic,traffic,tabpfn_ts,traffic_2,2024-01-09 21:00:00,29.324282380187352,28.898475646972656
synthetic_traffic,traffic,tabpfn_ts,traffic_2,2024-01-09 22:00:00,30.96649247867535,30.938562393188477
synthetic_traffic,traffic,tabpfn_ts,traffic_2,2024-01-09 23:00:00,32.87714705887967,33.116661071777344
synthetic_traffic,traffic,tabpfn_ts,traffic_2,2024-01-10 00:00:00,34.92478373654545,34.510719299316406
synthetic_traffic,traffic,tabpfn_ts,traffic_2,2024-01-10 01:00:00,36.96832983968731,36.79808807373047
synthetic_traffic,traffic,tabpfn_ts,traffic_2,2024-01-10 02:00:00,38.86671841735838,39.10944747924805
synthetic_traffic,traffic,tabpfn_ts,traffic_2,2024-01-10 03:00:00,40.48850424041749,40.63077163696289
synthetic_traffic,traffic,tabpfn_ts,traffic_2,2024-01-10 04:00:00,41.720824476208136,41.74763107299805
synthetic_traffic,traffic,tabpfn_ts,traffic_2,2024-01-10 05:00:00,42.47709337792247,42.27522659301758
synthetic_traffic,traffic,tabpfn_ts,traffic_2,2024-01-10 06:00:00,42.702906603707255,42.29120635986328
synthetic_traffic,traffic,tabpfn_ts,traffic_2,2024-01-10 07:00:00,42.37975279082637,42.41959762573242
synthetic_traffic,traffic,tabpfn_ts,traffic_2,2024-01-10 08:00:00,41.526279441628844,42.04374313354492
synthetic_traffic,traffic,tabpfn_ts,traffic_2,2024-01-10 09:00:00,40.197026847177256,40.965797424316406
synthetic_traffic,traffic,tabpfn_ts,traffic_2,2024-01-10 10:00:00,38.478716322947996,39.486351013183594
synthetic_traffic,traffic,tabpfn_ts,traffic_2,2024-01-10 11:00:00,36.48434570012023,37.452362060546875
synthetic_traffic,traffic,tabpfn_ts,traffic_2,2024-01-10 12:00:00,34.345494447404135,35.3170166015625
synthetic_traffic,traffic,tabpfn_ts,traffic_2,2024-01-10 13:00:00,32.203362808616234,33.38590621948242
synthetic_traffic,traffic,tabpfn_ts,traffic_2,2024-01-10 14:00:00,30.19915561548945,31.347938537597656
synthetic_traffic,traffic,tabpfn_ts,traffic_2,2024-01-10 15:00:00,28.46446609406727,29.26201629638672
synthetic_traffic,traffic,tabpfn_ts,traffic_2,2024-01-10 16:00:00,27.11231498303725,27.70761489868164
synthetic_traffic,traffic,tabpfn_ts,traffic_2,2024-01-10 17:00:00,26.229455623521815,26.822092056274414
synthetic_traffic,traffic,tabpfn_ts,traffic_2,2024-01-10 18:00:00,25.870469405576202,26.50316047668457
synthetic_traffic,traffic,tabpfn_ts,traffic_2,2024-01-10 19:00:00,26.054053946407954,26.864391326904297
synthetic_traffic,traffic,tabpfn_ts,traffic_2,2024-01-10 20:00:00,26.761756943915355,27.858949661254883
synthetic_traffic,traffic,tabpfn_ts,traffic_2,2024-01-10 21:00:00,27.939241980053595,29.87564468383789
synthetic_traffic,traffic,tabpfn_ts,traffic_2,2024-01-10 22:00:00,29.499999999999968,31.673046112060547
synthetic_traffic,traffic,tabpfn_ts,traffic_2,2024-01-10 23:00:00,31.33125352399899,33.515625
synthetic_weather,weather,dummy_mean,weather_0,2024-01-09 00:00:00,18.49999999999999,17.55066488981758
synthetic_weather,weather,dummy_mean,weather_0,2024-01-09 00:10:00,18.71050081333277,17.55066488981758
synthetic_weather,weather,dummy_mean,weather_0,2024-01-09 00:20:00,18.90562502413126,17.55066488981758
synthetic_weather,weather,dummy_mean,weather_0,2024-01-09 00:30:00,19.085643662992485,17.55066488981758
synthetic_weather,weather,dummy_mean,weather_0,2024-01-09 00:40:00,19.25126310989412,17.55066488981758
synthetic_weather,weather,dummy_mean,weather_0,2024-01-09 00:50:00,19.40359187453376,17.55066488981758
synthetic_weather,weather,dummy_mean,weather_0,2024-01-09 01:00:00,19.544095225512603,17.55066488981758
synthetic_weather,weather,dummy_mean,weather_0,2024-01-09 01:10:00,19.674539069184195,17.55066488981758
synthetic_weather,weather,dummy_mean,weather_0,2024-01-09 01:20:00,19.796924805461803,17.55066488981758
synthetic_weather,weather,dummy_mean,weather_0,2024-01-09 01:30:00,19.91341716182544,17.55066488981758
synthetic_weather,weather,dummy_mean,weather_0,2024-01-09 01:40:00,20.02626721987004,17.55066488981758
synthetic_weather,weather,dummy_mean,weather_0,2024-01-09 01:50:00,20.137732994512323,17.55066488981758
synthetic_weather,weather,dummy_mean,weather_0,2024-01-09 02:00:00,20.249999999999982,17.55066488981758
synthetic_weather,weather,dummy_mean,weather_0,2024-01-09 02:10:00,20.36510423689085,17.55066488981758
synthetic_weather,weather,dummy_mean,weather_0,2024-01-09 02:20:00,20.484859960195738,17.55066488981758
synthetic_weather,weather,dummy_mean,weather_0,2024-01-09 02:30:00,20.610794443151377,17.55066488981758
synthetic_weather,weather,dummy_mean,weather_0,2024-01-09 02:40:00,20.744091738039735,17.55066488981758
synthetic_weather,weather,dummy_mean,weather_0,2024-01-09 02:50:00,20.88554716157221,17.55066488981758
synthetic_weather,weather,dummy_mean,weather_0,2024-01-09 03:00:00,21.03553390593272,17.55066488981758
synthetic_weather,weather,dummy_mean,weather_0,2024-01-09 03:10:00,21.193982807544497,17.55066488981758
synthetic_weather,weather,dummy_mean,weather_0,2024-01-09 03:20:00,21.36037590520191,17.55066488981758
synthetic_weather,weather,dummy_mean,weather_0,2024-01-09 03:30:00,21.533753999563952,17.55066488981758
synthetic_weather,weather,dummy_mean,weather_0,2024-01-09 03:40:00,21.712737999885466,17.55066488981758
synthetic_weather,weather,dummy_mean,weather_0,2024-01-09 03:50:00,21.89556342422115,17.55066488981758
synthetic_weather,weather,dummy_mean,weather_0,2024-01-09 04:00:00,22.080127018922212,17.55066488981758
synthetic_weather,weather,dummy_mean,weather_0,2024-01-09 04:10:00,22.264044094228257,17.55066488981758
synthetic_weather,weather,dummy_mean,weather_0,2024-01-09 04:20:00,22.444714846349765,17.55066488981758
synthetic_weather,weather,dummy_mean,weather_0,2024-01-09 04:30:00,22.619397662556413,17.55066488981758
synthetic_weather,weather,dummy_mean,weather_0,2024-01-09 04:40:00,22.785287192763008,17.55066488981758
synthetic_weather,weather,dummy_mean,weather_0,2024-01-09 04:50:00,22.93959482540397,17.55066488981758
synthetic_weather,weather,dummy_mean,weather_0,2024-01-09 05:00:00,23.079629131445337,17.55066488981758
synthetic_weather,weather,dummy_mean,weather_0,2024-01-09 05:10:00,23.20287384044293,17.55066488981758
synthetic_weather,weather,dummy_mean,weather_0,2024-01-09 05:20:00,23.307060986620524,17.55066488981758
synthetic_weather,weather,dummy_mean,weather_0,2024-01-09 05:30:00,23.390237008761265,17.55066488981758
synthetic_weather,weather,dummy_mean,weather_0,2024-01-09 05:40:00,23.450819800851676,17.55066488981758
synthetic_weather,weather,dummy_mean,weather_0,2024-01-09 05:50:00,23.48764498441539,17.55066488981758
synthetic_weather,weather,dummy_mean,weather_0,2024-01-09 06:00:00,23.5,17.55066488981758
synthetic_weather,weather,dummy_mean,weather_0,2024-01-09 06:10:00,23.48764498441539,17.55066488981758
synthetic_weather,weather,dummy_mean,weather_0,2024-01-09 06:20:00,23.450819800851686,17.55066488981758
synthetic_weather,weather,dummy_mean,weather_0,2024-01-09 06:30:00,23.39023700876128,17.55066488981758
synthetic_weather,weather,dummy_mean,weather_0,2024-01-09 06:40:00,23.307060986620538,17.55066488981758
synthetic_weather,weather,dummy_mean,weather_0,2024-01-09 06:50:00,23.20287384044295,17.55066488981758
synthetic_weather,weather,dummy_mean,weather_0,2024-01-09 07:00:00,23.07962913144536,17.55066488981758
synthetic_weather,weather,dummy_mean,weather_0,2024-01-09 07:10:00,22.93959482540397,17.55066488981758
synthetic_weather,weather,dummy_mean,weather_0,2024-01-09 07:20:00,22.78528719276301,17.55066488981758
synthetic_weather,weather,dummy_mean,weather_0,2024-01-09 07:30:00,22.61939766255644,17.55066488981758
synthetic_weather,weather,dummy_mean,weather_0,2024-01-09 07:40:00,22.444714846349797,17.55066488981758
synthetic_weather,weather,dummy_mean,weather_0,2024-01-09 07:50:00,22.26404409422829,17.55066488981758
synthetic_weather,weather,dummy_mean,weather_1,2024-01-09 00:00:00,19.49999999999999,18.55066488981758
synthetic_weather,weather,dummy_mean,weather_1,2024-01-09 00:10:00,19.71050081333277,18.55066488981758
synthetic_weather,weather,dummy_mean,weather_1,2024-01-09 00:20:00,19.90562502413126,18.55066488981758
synthetic_weather,weather,dummy_mean,weather_1,2024-01-09 00:30:00,20.085643662992485,18.55066488981758
synthetic_weather,weather,dummy_mean,weather_1,2024-01-09 00:40:00,20.25126310989412,18.55066488981758
synthetic_weather,weather,dummy_mean,weather_1,2024-01-09 00:50:00,20.40359187453376,18.55066488981758
synthetic_weather,weather,dummy_mean,weather_1,2024-01-09 01:00:00,20.544095225512603,18.55066488981758
synthetic_weather,weather,dummy_mean,weather_1,2024-01-09 01:10:00,20.674539069184195,18.55066488981758
synthetic_weather,weather,dummy_mean,weather_1,2024-01-09 01:20:00,20.796924805461803,18.55066488981758
synthetic_weather,weather,dummy_mean,weather_1,2024-01-09 01:30:00,20.91341716182544,18.55066488981758
synthetic_weather,weather,dummy_mean,weather_1,2024-01-09 01:40:00,21.02626721987004,18.55066488981758
synthetic_weather,weather,dummy_mean,weather_1,2024-01-09 01:50:00,21.137732994512323,18.55066488981758
synthetic_weather,weather,dummy_mean,weather_1,2024-01-09 02:00:00,21.249999999999982,18.55066488981758
synthetic_weather,weather,dummy_mean,weather_1,2024-01-09 02:10:00,21.36510423689085,18.55066488981758
synthetic_weather,weather,dummy_mean,weather_1,2024-01-09 02:20:00,21.484859960195738,18.55066488981758
synthetic_weather,weather,dummy_mean,weather_1,2024-01-09 02:30:00,21.610794443151377,18.55066488981758
synthetic_weather,weather,dummy_mean,weather_1,2024-01-09 02:40:00,21.744091738039735,18.55066488981758
synthetic_weather,weather,dummy_mean,weather_1,2024-01-09 02:50:00,21.88554716157221,18.55066488981758
synthetic_weather,weather,dummy_mean,weather_1,2024-01-09 03:00:00,22.03553390593272,18.55066488981758
synthetic_weather,weather,dummy_mean,weather_1,2024-01-09 03:10:00,22.193982807544497,18.55066488981758
synthetic_weather,weather,dummy_mean,weather_1,2024-01-09 03:20:00,22.36037590520191,18.55066488981758
synthetic_weather,weather,dummy_mean,weather_1,2024-01-09 03:30:00,22.533753999563952,18.55066488981758
synthetic_weather,weather,dummy_mean,weather_1,2024-01-09 03:40:00,22.712737999885466,18.55066488981758
synthetic_weather,weather,dummy_mean,weather_1,2024-01-09 03:50:00,22.89556342422115,18.55066488981758
synthetic_weather,weather,dummy_mean,weather_1,2024-01-09 04:00:00,23.080127018922212,18.55066488981758
synthetic_weather,weather,dummy_mean,weather_1,2024-01-09 04:10:00,23.264044094228257,18.55066488981758
synthetic_weather,weather,dummy_mean,weather_1,2024-01-09 04:20:00,23.444714846349765,18.55066488981758
synthetic_weather,weather,dummy_mean,weather_1,2024-01-09 04:30:00,23.619397662556413,18.55066488981758
synthetic_weather,weather,dummy_mean,weather_1,2024-01-09 04:40:00,23.785287192763008,18.55066488981758
synthetic_weather,weather,dummy_mean,weather_1,2024-01-09 04:50:00,23.93959482540397,18.55066488981758
synthetic_weather,weather,dummy_mean,weather_1,2024-01-09 05:00:00,24.079629131445337,18.55066488981758
synthetic_weather,weather,dummy_mean,weather_1,2024-01-09 05:10:00,24.20287384044293,18.55066488981758
synthetic_weather,weather,dummy_mean,weather_1,2024-01-09 05:20:00,24.307060986620524,18.55066488981758
synthetic_weather,weather,dummy_mean,weather_1,2024-01-09 05:30:00,24.390237008761265,18.55066488981758
synthetic_weather,weather,dummy_mean,weather_1,2024-01-09 05:40:00,24.450819800851676,18.55066488981758
synthetic_weather,weather,dummy_mean,weather_1,2024-01-09 05:50:00,24.48764498441539,18.55066488981758
synthetic_weather,weather,dummy_mean,weather_1,2024-01-09 06:00:00,24.5,18.55066488981758
synthetic_weather,weather,dummy_mean,weather_1,2024-01-09 06:10:00,24.48764498441539,18.55066488981758
synthetic_weather,weather,dummy_mean,weather_1,2024-01-09 06:20:00,24.450819800851686,18.55066488981758
synthetic_weather,weather,dummy_mean,weather_1,2024-01-09 06:30:00,24.39023700876128,18.55066488981758
synthetic_weather,weather,dummy_mean,weather_1,2024-01-09 06:40:00,24.307060986620538,18.55066488981758
synthetic_weather,weather,dummy_mean,weather_1,2024-01-09 06:50:00,24.20287384044295,18.55066488981758
synthetic_weather,weather,dummy_mean,weather_1,2024-01-09 07:00:00,24.07962913144536,18.55066488981758
synthetic_weather,weather,dummy_mean,weather_1,2024-01-09 07:10:00,23.93959482540397,18.55066488981758
synthetic_weather,weather,dummy_mean,weather_1,2024-01-09 07:20:00,23.78528719276301,18.55066488981758
synthetic_weather,weather,dummy_mean,weather_1,2024-01-09 07:30:00,23.61939766255644,18.55066488981758
synthetic_weather,weather,dummy_mean,weather_1,2024-01-09 07:40:00,23.444714846349797,18.55066488981758
synthetic_weather,weather,dummy_mean,weather_1,2024-01-09 07:50:00,23.26404409422829,18.55066488981758
synthetic_weather,weather,seasonal_naive,weather_0,2024-01-09 00:00:00,18.49999999999999,13.419872981077802
synthetic_weather,weather,seasonal_naive,weather_0,2024-01-09 00:10:00,18.71050081333277,13.4616489660923
synthetic_weather,weather,seasonal_naive,weather_0,2024-01-09 00:20:00,18.90562502413126,13.521217556995548
synthetic_weather,weather,seasonal_naive,weather_0,2024-01-09 00:30:00,19.085643662992485,13.600220596651598
synthetic_weather,weather,seasonal_naive,weather_0,2024-01-09 00:40:00,19.25126310989412,13.699931474012162
synthetic_weather,weather,seasonal_naive,weather_0,2024-01-09 00:50:00,19.40359187453376,13.821209439443281
synthetic_weather,weather,seasonal_naive,weather_0,2024-01-09 01:00:00,19.544095225512603,13.964466094067266
synthetic_weather,weather,seasonal_naive,weather_0,2024-01-09 01:10:00,19.674539069184195,14.129645085415564
synthetic_weather,weather,seasonal_naive,weather_0,2024-01-09 01:20:00,19.796924805461803,14.316215641174344
synthetic_weather,weather,seasonal_naive,weather_0,2024-01-09 01:30:00,19.91341716182544,14.523180153064168
synthetic_weather,weather,seasonal_naive,weather_0,2024-01-09 01:40:00,20.02626721987004,14.749095596685263
synthetic_weather,weather,seasonal_naive,weather_0,2024-01-09 01:50:00,20.137732994512323,14.992108153422588
synthetic_weather,weather,seasonal_naive,weather_0,2024-01-09 02:00:00,20.249999999999982,15.250000000000012
synthetic_weather,weather,seasonal_naive,weather_0,2024-01-09 02:10:00,20.36510423689085,15.520246862162004
synthetic_weather,weather,seasonal_naive,weather_0,2024-01-09 02:20:00,20.484859960195738,15.800084602462993
synthetic_weather,weather,seasonal_naive,weather_0,2024-01-09 02:30:00,20.610794443151377,16.08658283817455
synthetic_weather,weather,seasonal_naive,weather_0,2024-01-09 02:40:00,20.744091738039735,16.376723372205113
synthetic_weather,weather,seasonal_naive,weather_0,2024-01-09 02:50:00,20.88554716157221,16.667481074141453
synthetic_weather,weather,seasonal_naive,weather_0,2024-01-09 03:00:00,21.03553390593272,16.955904774487372
synthetic_weather,weather,seasonal_naive,weather_0,2024-01-09 03:10:00,21.193982807544497,17.239195735152773
synthetic_weather,weather,seasonal_naive,weather_0,2024-01-09 03:20:00,21.36037590520191,17.51478133322485
synthetic_weather,weather,seasonal_naive,weather_0,2024-01-09 03:30:00,21.533753999563952,17.780381740791924
synthetic_weather,weather,seasonal_naive,weather_0,2024-01-09 03:40:00,21.712737999885466,18.034067596654623
synthetic_weather,weather,seasonal_naive,weather_0,2024-01-09 03:50:00,21.89556342422115,18.274306939679416
synthetic_weather,weather,seasonal_naive,weather_0,2024-01-09 04:00:00,22.080127018922212,13.419872981077802
synthetic_weather,weather,seasonal_naive,weather_0,2024-01-09 04:10:00,22.264044094228257,13.4616489660923
synthetic_weather,weather,seasonal_naive,weather_0,2024-01-09 04:20:00,22.444714846349765,13.521217556995548
synthetic_weather,weather,seasonal_naive,weather_0,2024-01-09 04:30:00,22.619397662556413,13.600220596651598
synthetic_weather,weather,seasonal_naive,weather_0,2024-01-09 04:40:00,22.785287192763008,13.699931474012162
synthetic_weather,weather,seasonal_naive,weather_0,2024-01-09 04:50:00,22.93959482540397,13.821209439443281
synthetic_weather,weather,seasonal_naive,weather_0,2024-01-09 05:00:00,23.079629131445337,13.964466094067266
synthetic_weather,weather,seasonal_naive,weather_0,2024-01-09 05:10:00,23.20287384044293,14.129645085415564
synthetic_weather,weather,seasonal_naive,weather_0,2024-01-09 05:20:00,23.307060986620524,14.316215641174344
synthetic_weather,weather,seasonal_naive,weather_0,2024-01-09 05:30:00,23.390237008761265,14.523180153064168
synthetic_weather,weather,seasonal_naive,weather_0,2024-01-09 05:40:00,23.450819800851676,14.749095596685263
synthetic_weather,weather,seasonal_naive,weather_0,2024-01-09 05:50:00,23.48764498441539,14.992108153422588
synthetic_weather,weather,seasonal_naive,weather_0,2024-01-09 06:00:00,23.5,15.250000000000012
synthetic_weather,weather,seasonal_naive,weather_0,2024-01-09 06:10:00,23.48764498441539,15.520246862162004
synthetic_weather,weather,seasonal_naive,weather_0,2024-01-09 06:20:00,23.450819800851686,15.800084602462993
synthetic_weather,weather,seasonal_naive,weather_0,2024-01-09 06:30:00,23.39023700876128,16.08658283817455
synthetic_weather,weather,seasonal_naive,weather_0,2024-01-09 06:40:00,23.307060986620538,16.376723372205113
synthetic_weather,weather,seasonal_naive,weather_0,2024-01-09 06:50:00,23.20287384044295,16.667481074141453
synthetic_weather,weather,seasonal_naive,weather_0,2024-01-09 07:00:00,23.07962913144536,16.955904774487372
synthetic_weather,weather,seasonal_naive,weather_0,2024-01-09 07:10:00,22.93959482540397,17.239195735152773
synthetic_weather,weather,seasonal_naive,weather_0,2024-01-09 07:20:00,22.78528719276301,17.51478133322485
synthetic_weather,weather,seasonal_naive,weather_0,2024-01-09 07:30:00,22.61939766255644,17.780381740791924
synthetic_weather,weather,seasonal_naive,weather_0,2024-01-09 07:40:00,22.444714846349797,18.034067596654623
synthetic_weather,weather,seasonal_naive,weather_0,2024-01-09 07:50:00,22.26404409422829,18.274306939679416
synthetic_weather,weather,seasonal_naive,weather_1,2024-01-09 00:00:00,19.49999999999999,14.419872981077802
synthetic_weather,weather,seasonal_naive,weather_1,2024-01-09 00:10:00,19.71050081333277,14.4616489660923
synthetic_weather,weather,seasonal_naive,weather_1,2024-01-09 00:20:00,19.90562502413126,14.521217556995548
synthetic_weather,weather,seasonal_naive,weather_1,2024-01-09 00:30:00,20.085643662992485,14.600220596651598
synthetic_weather,weather,seasonal_naive,weather_1,2024-01-09 00:40:00,20.25126310989412,14.699931474012162
synthetic_weather,weather,seasonal_naive,weather_1,2024-01-09 00:50:00,20.40359187453376,14.821209439443281
synthetic_weather,weather,seasonal_naive,weather_1,2024-01-09 01:00:00,20.544095225512603,14.964466094067266
synthetic_weather,weather,seasonal_naive,weather_1,2024-01-09 01:10:00,20.674539069184195,15.129645085415564
synthetic_weather,weather,seasonal_naive,weather_1,2024-01-09 01:20:00,20.796924805461803,15.316215641174344
synthetic_weather,weather,seasonal_naive,weather_1,2024-01-09 01:30:00,20.91341716182544,15.523180153064168
synthetic_weather,weather,seasonal_naive,weather_1,2024-01-09 01:40:00,21.02626721987004,15.749095596685263
synthetic_weather,weather,seasonal_naive,weather_1,2024-01-09 01:50:00,21.137732994512323,15.992108153422588
synthetic_weather,weather,seasonal_naive,weather_1,2024-01-09 02:00:00,21.249999999999982,16.250000000000014
synthetic_weather,weather,seasonal_naive,weather_1,2024-01-09 02:10:00,21.36510423689085,16.520246862162004
synthetic_weather,weather,seasonal_naive,weather_1,2024-01-09 02:20:00,21.484859960195738,16.800084602462995
synthetic_weather,weather,seasonal_naive,weather_1,2024-01-09 02:30:00,21.610794443151377,17.08658283817455
synthetic_weather,weather,seasonal_naive,weather_1,2024-01-09 02:40:00,21.744091738039735,17.376723372205113
synthetic_weather,weather,seasonal_naive,weather_1,2024-01-09 02:50:00,21.88554716157221,17.667481074141453
synthetic_weather,weather,seasonal_naive,weather_1,2024-01-09 03:00:00,22.03553390593272,17.955904774487372
synthetic_weather,weather,seasonal_naive,weather_1,2024-01-09 03:10:00,22.193982807544497,18.239195735152773
synthetic_weather,weather,seasonal_naive,weather_1,2024-01-09 03:20:00,22.36037590520191,18.51478133322485
synthetic_weather,weather,seasonal_naive,weather_1,2024-01-09 03:30:00,22.533753999563952,18.780381740791924
synthetic_weather,weather,seasonal_naive,weather_1,2024-01-09 03:40:00,22.712737999885466,19.034067596654623
synthetic_weather,weather,seasonal_naive,weather_1,2024-01-09 03:50:00,22.89556342422115,19.274306939679416
synthetic_weather,weather,seasonal_naive,weather_1,2024-01-09 04:00:00,23.080127018922212,14.419872981077802
synthetic_weather,weather,seasonal_naive,weather_1,2024-01-09 04:10:00,23.264044094228257,14.4616489660923
synthetic_weather,weather,seasonal_naive,weather_1,2024-01-09 04:20:00,23.444714846349765,14.521217556995548
synthetic_weather,weather,seasonal_naive,weather_1,2024-01-09 04:30:00,23.619397662556413,14.600220596651598
synthetic_weather,weather,seasonal_naive,weather_1,2024-01-09 04:40:00,23.785287192763008,14.699931474012162
synthetic_weather,weather,seasonal_naive,weather_1,2024-01-09 04:50:00,23.93959482540397,14.821209439443281
synthetic_weather,weather,seasonal_naive,weather_1,2024-01-09 05:00:00,24.079629131445337,14.964466094067266
synthetic_weather,weather,seasonal_naive,weather_1,2024-01-09 05:10:00,24.20287384044293,15.129645085415564
synthetic_weather,weather,seasonal_naive,weather_1,2024-01-09 05:20:00,24.307060986620524,15.316215641174344
synthetic_weather,weather,seasonal_naive,weather_1,2024-01-09 05:30:00,24.390237008761265,15.523180153064168
synthetic_weather,weather,seasonal_naive,weather_1,2024-01-09 05:40:00,24.450819800851676,15.749095596685263
synthetic_weather,weather,seasonal_naive,weather_1,2024-01-09 05:50:00,24.48764498441539,15.992108153422588
synthetic_weather,weather,seasonal_naive,weather_1,2024-01-09 06:00:00,24.5,16.250000000000014
synthetic_weather,weather,seasonal_naive,weather_1,2024-01-09 06:10:00,24.48764498441539,16.520246862162004
synthetic_weather,weather,seasonal_naive,weather_1,2024-01-09 06:20:00,24.450819800851686,16.800084602462995
synthetic_weather,weather,seasonal_naive,weather_1,2024-01-09 06:30:00,24.39023700876128,17.08658283817455
synthetic_weather,weather,seasonal_naive,weather_1,2024-01-09 06:40:00,24.307060986620538,17.376723372205113
synthetic_weather,weather,seasonal_naive,weather_1,2024-01-09 06:50:00,24.20287384044295,17.667481074141453
synthetic_weather,weather,seasonal_naive,weather_1,2024-01-09 07:00:00,24.07962913144536,17.955904774487372
synthetic_weather,weather,seasonal_naive,weather_1,2024-01-09 07:10:00,23.93959482540397,18.239195735152773
synthetic_weather,weather,seasonal_naive,weather_1,2024-01-09 07:20:00,23.78528719276301,18.51478133322485
synthetic_weather,weather,seasonal_naive,weather_1,2024-01-09 07:30:00,23.61939766255644,18.780381740791924
synthetic_weather,weather,seasonal_naive,weather_1,2024-01-09 07:40:00,23.444714846349797,19.034067596654623
synthetic_weather,weather,seasonal_naive,weather_1,2024-01-09 07:50:00,23.26404409422829,19.274306939679416
synthetic_weather,weather,moving_average,weather_0,2024-01-09 00:00:00,18.49999999999999,14.418219760446158
synthetic_weather,weather,moving_average,weather_0,2024-01-09 00:10:00,18.71050081333277,14.418219760446158
synthetic_weather,weather,moving_average,weather_0,2024-01-09 00:20:00,18.90562502413126,14.418219760446158
synthetic_weather,weather,moving_average,weather_0,2024-01-09 00:30:00,19.085643662992485,14.418219760446158
synthetic_weather,weather,moving_average,weather_0,2024-01-09 00:40:00,19.25126310989412,14.418219760446158
synthetic_weather,weather,moving_average,weather_0,2024-01-09 00:50:00,19.40359187453376,14.418219760446158
synthetic_weather,weather,moving_average,weather_0,2024-01-09 01:00:00,19.544095225512603,14.418219760446158
synthetic_weather,weather,moving_average,weather_0,2024-01-09 01:10:00,19.674539069184195,14.418219760446158
synthetic_weather,weather,moving_average,weather_0,2024-01-09 01:20:00,19.796924805461803,14.418219760446158
synthetic_weather,weather,moving_average,weather_0,2024-01-09 01:30:00,19.91341716182544,14.418219760446158
synthetic_weather,weather,moving_average,weather_0,2024-01-09 01:40:00,20.02626721987004,14.418219760446158
synthetic_weather,weather,moving_average,weather_0,2024-01-09 01:50:00,20.137732994512323,14.418219760446158
synthetic_weather,weather,moving_average,weather_0,2024-01-09 02:00:00,20.249999999999982,14.418219760446158
synthetic_weather,weather,moving_average,weather_0,2024-01-09 02:10:00,20.36510423689085,14.418219760446158
synthetic_weather,weather,moving_average,weather_0,2024-01-09 02:20:00,20.484859960195738,14.418219760446158
synthetic_weather,weather,moving_average,weather_0,2024-01-09 02:30:00,20.610794443151377,14.418219760446158
synthetic_weather,weather,moving_average,weather_0,2024-01-09 02:40:00,20.744091738039735,14.418219760446158
synthetic_weather,weather,moving_average,weather_0,2024-01-09 02:50:00,20.88554716157221,14.418219760446158
synthetic_weather,weather,moving_average,weather_0,2024-01-09 03:00:00,21.03553390593272,14.418219760446158
synthetic_weather,weather,moving_average,weather_0,2024-01-09 03:10:00,21.193982807544497,14.418219760446158
synthetic_weather,weather,moving_average,weather_0,2024-01-09 03:20:00,21.36037590520191,14.418219760446158
synthetic_weather,weather,moving_average,weather_0,2024-01-09 03:30:00,21.533753999563952,14.418219760446158
synthetic_weather,weather,moving_average,weather_0,2024-01-09 03:40:00,21.712737999885466,14.418219760446158
synthetic_weather,weather,moving_average,weather_0,2024-01-09 03:50:00,21.89556342422115,14.418219760446158
synthetic_weather,weather,moving_average,weather_0,2024-01-09 04:00:00,22.080127018922212,14.418219760446158
synthetic_weather,weather,moving_average,weather_0,2024-01-09 04:10:00,22.264044094228257,14.418219760446158
synthetic_weather,weather,moving_average,weather_0,2024-01-09 04:20:00,22.444714846349765,14.418219760446158
synthetic_weather,weather,moving_average,weather_0,2024-01-09 04:30:00,22.619397662556413,14.418219760446158
synthetic_weather,weather,moving_average,weather_0,2024-01-09 04:40:00,22.785287192763008,14.418219760446158
synthetic_weather,weather,moving_average,weather_0,2024-01-09 04:50:00,22.93959482540397,14.418219760446158
synthetic_weather,weather,moving_average,weather_0,2024-01-09 05:00:00,23.079629131445337,14.418219760446158
synthetic_weather,weather,moving_average,weather_0,2024-01-09 05:10:00,23.20287384044293,14.418219760446158
synthetic_weather,weather,moving_average,weather_0,2024-01-09 05:20:00,23.307060986620524,14.418219760446158
synthetic_weather,weather,moving_average,weather_0,2024-01-09 05:30:00,23.390237008761265,14.418219760446158
synthetic_weather,weather,moving_average,weather_0,2024-01-09 05:40:00,23.450819800851676,14.418219760446158
synthetic_weather,weather,moving_average,weather_0,2024-01-09 05:50:00,23.48764498441539,14.418219760446158
synthetic_weather,weather,moving_average,weather_0,2024-01-09 06:00:00,23.5,14.418219760446158
synthetic_weather,weather,moving_average,weather_0,2024-01-09 06:10:00,23.48764498441539,14.418219760446158
synthetic_weather,weather,moving_average,weather_0,2024-01-09 06:20:00,23.450819800851686,14.418219760446158
synthetic_weather,weather,moving_average,weather_0,2024-01-09 06:30:00,23.39023700876128,14.418219760446158
synthetic_weather,weather,moving_average,weather_0,2024-01-09 06:40:00,23.307060986620538,14.418219760446158
synthetic_weather,weather,moving_average,weather_0,2024-01-09 06:50:00,23.20287384044295,14.418219760446158
synthetic_weather,weather,moving_average,weather_0,2024-01-09 07:00:00,23.07962913144536,14.418219760446158
synthetic_weather,weather,moving_average,weather_0,2024-01-09 07:10:00,22.93959482540397,14.418219760446158
synthetic_weather,weather,moving_average,weather_0,2024-01-09 07:20:00,22.78528719276301,14.418219760446158
synthetic_weather,weather,moving_average,weather_0,2024-01-09 07:30:00,22.61939766255644,14.418219760446158
synthetic_weather,weather,moving_average,weather_0,2024-01-09 07:40:00,22.444714846349797,14.418219760446158
synthetic_weather,weather,moving_average,weather_0,2024-01-09 07:50:00,22.26404409422829,14.418219760446158
synthetic_weather,weather,moving_average,weather_1,2024-01-09 00:00:00,19.49999999999999,15.418219760446158
synthetic_weather,weather,moving_average,weather_1,2024-01-09 00:10:00,19.71050081333277,15.418219760446158
synthetic_weather,weather,moving_average,weather_1,2024-01-09 00:20:00,19.90562502413126,15.418219760446158
synthetic_weather,weather,moving_average,weather_1,2024-01-09 00:30:00,20.085643662992485,15.418219760446158
synthetic_weather,weather,moving_average,weather_1,2024-01-09 00:40:00,20.25126310989412,15.418219760446158
synthetic_weather,weather,moving_average,weather_1,2024-01-09 00:50:00,20.40359187453376,15.418219760446158
synthetic_weather,weather,moving_average,weather_1,2024-01-09 01:00:00,20.544095225512603,15.418219760446158
synthetic_weather,weather,moving_average,weather_1,2024-01-09 01:10:00,20.674539069184195,15.418219760446158
synthetic_weather,weather,moving_average,weather_1,2024-01-09 01:20:00,20.796924805461803,15.418219760446158
synthetic_weather,weather,moving_average,weather_1,2024-01-09 01:30:00,20.91341716182544,15.418219760446158
synthetic_weather,weather,moving_average,weather_1,2024-01-09 01:40:00,21.02626721987004,15.418219760446158
synthetic_weather,weather,moving_average,weather_1,2024-01-09 01:50:00,21.137732994512323,15.418219760446158
synthetic_weather,weather,moving_average,weather_1,2024-01-09 02:00:00,21.249999999999982,15.418219760446158
synthetic_weather,weather,moving_average,weather_1,2024-01-09 02:10:00,21.36510423689085,15.418219760446158
synthetic_weather,weather,moving_average,weather_1,2024-01-09 02:20:00,21.484859960195738,15.418219760446158
synthetic_weather,weather,moving_average,weather_1,2024-01-09 02:30:00,21.610794443151377,15.418219760446158
synthetic_weather,weather,moving_average,weather_1,2024-01-09 02:40:00,21.744091738039735,15.418219760446158
synthetic_weather,weather,moving_average,weather_1,2024-01-09 02:50:00,21.88554716157221,15.418219760446158
synthetic_weather,weather,moving_average,weather_1,2024-01-09 03:00:00,22.03553390593272,15.418219760446158
synthetic_weather,weather,moving_average,weather_1,2024-01-09 03:10:00,22.193982807544497,15.418219760446158
synthetic_weather,weather,moving_average,weather_1,2024-01-09 03:20:00,22.36037590520191,15.418219760446158
synthetic_weather,weather,moving_average,weather_1,2024-01-09 03:30:00,22.533753999563952,15.418219760446158
synthetic_weather,weather,moving_average,weather_1,2024-01-09 03:40:00,22.712737999885466,15.418219760446158
synthetic_weather,weather,moving_average,weather_1,2024-01-09 03:50:00,22.89556342422115,15.418219760446158
synthetic_weather,weather,moving_average,weather_1,2024-01-09 04:00:00,23.080127018922212,15.418219760446158
synthetic_weather,weather,moving_average,weather_1,2024-01-09 04:10:00,23.264044094228257,15.418219760446158
synthetic_weather,weather,moving_average,weather_1,2024-01-09 04:20:00,23.444714846349765,15.418219760446158
synthetic_weather,weather,moving_average,weather_1,2024-01-09 04:30:00,23.619397662556413,15.418219760446158
synthetic_weather,weather,moving_average,weather_1,2024-01-09 04:40:00,23.785287192763008,15.418219760446158
synthetic_weather,weather,moving_average,weather_1,2024-01-09 04:50:00,23.93959482540397,15.418219760446158
synthetic_weather,weather,moving_average,weather_1,2024-01-09 05:00:00,24.079629131445337,15.418219760446158
synthetic_weather,weather,moving_average,weather_1,2024-01-09 05:10:00,24.20287384044293,15.418219760446158
synthetic_weather,weather,moving_average,weather_1,2024-01-09 05:20:00,24.307060986620524,15.418219760446158
synthetic_weather,weather,moving_average,weather_1,2024-01-09 05:30:00,24.390237008761265,15.418219760446158
synthetic_weather,weather,moving_average,weather_1,2024-01-09 05:40:00,24.450819800851676,15.418219760446158
synthetic_weather,weather,moving_average,weather_1,2024-01-09 05:50:00,24.48764498441539,15.418219760446158
synthetic_weather,weather,moving_average,weather_1,2024-01-09 06:00:00,24.5,15.418219760446158
synthetic_weather,weather,moving_average,weather_1,2024-01-09 06:10:00,24.48764498441539,15.418219760446158
synthetic_weather,weather,moving_average,weather_1,2024-01-09 06:20:00,24.450819800851686,15.418219760446158
synthetic_weather,weather,moving_average,weather_1,2024-01-09 06:30:00,24.39023700876128,15.418219760446158
synthetic_weather,weather,moving_average,weather_1,2024-01-09 06:40:00,24.307060986620538,15.418219760446158
synthetic_weather,weather,moving_average,weather_1,2024-01-09 06:50:00,24.20287384044295,15.418219760446158
synthetic_weather,weather,moving_average,weather_1,2024-01-09 07:00:00,24.07962913144536,15.418219760446158
synthetic_weather,weather,moving_average,weather_1,2024-01-09 07:10:00,23.93959482540397,15.418219760446158
synthetic_weather,weather,moving_average,weather_1,2024-01-09 07:20:00,23.78528719276301,15.418219760446158
synthetic_weather,weather,moving_average,weather_1,2024-01-09 07:30:00,23.61939766255644,15.418219760446158
synthetic_weather,weather,moving_average,weather_1,2024-01-09 07:40:00,23.444714846349797,15.418219760446158
synthetic_weather,weather,moving_average,weather_1,2024-01-09 07:50:00,23.26404409422829,15.418219760446158
synthetic_weather,weather,linear_trend,weather_0,2024-01-09 00:00:00,18.49999999999999,17.008075845418098
synthetic_weather,weather,linear_trend,weather_0,2024-01-09 00:10:00,18.71050081333277,17.005257201031608
synthetic_weather,weather,linear_trend,weather_0,2024-01-09 00:20:00,18.90562502413126,17.002438556645117
synthetic_weather,weather,linear_trend,weather_0,2024-01-09 00:30:00,19.085643662992485,16.999619912258627
synthetic_weather,weather,linear_trend,weather_0,2024-01-09 00:40:00,19.25126310989412,16.996801267872137
synthetic_weather,weather,linear_trend,weather_0,2024-01-09 00:50:00,19.40359187453376,16.993982623485643
synthetic_weather,weather,linear_trend,weather_0,2024-01-09 01:00:00,19.544095225512603,16.991163979099152
synthetic_weather,weather,linear_trend,weather_0,2024-01-09 01:10:00,19.674539069184195,16.988345334712662
synthetic_weather,weather,linear_trend,weather_0,2024-01-09 01:20:00,19.796924805461803,16.98552669032617
synthetic_weather,weather,linear_trend,weather_0,2024-01-09 01:30:00,19.91341716182544,16.98270804593968
synthetic_weather,weather,linear_trend,weather_0,2024-01-09 01:40:00,20.02626721987004,16.97988940155319
synthetic_weather,weather,linear_trend,weather_0,2024-01-09 01:50:00,20.137732994512323,16.9770707571667
synthetic_weather,weather,linear_trend,weather_0,2024-01-09 02:00:00,20.249999999999982,16.97425211278021
synthetic_weather,weather,linear_trend,weather_0,2024-01-09 02:10:00,20.36510423689085,16.97143346839372
synthetic_weather,weather,linear_trend,weather_0,2024-01-09 02:20:00,20.484859960195738,16.968614824007226
synthetic_weather,weather,linear_trend,weather_0,2024-01-09 02:30:00,20.610794443151377,16.965796179620735
synthetic_weather,weather,linear_trend,weather_0,2024-01-09 02:40:00,20.744091738039735,16.962977535234245
synthetic_weather,weather,linear_trend,weather_0,2024-01-09 02:50:00,20.88554716157221,16.960158890847755
synthetic_weather,weather,linear_trend,weather_0,2024-01-09 03:00:00,21.03553390593272,16.957340246461264
synthetic_weather,weather,linear_trend,weather_0,2024-01-09 03:10:00,21.193982807544497,16.954521602074774
synthetic_weather,weather,linear_trend,weather_0,2024-01-09 03:20:00,21.36037590520191,16.951702957688283
synthetic_weather,weather,linear_trend,weather_0,2024-01-09 03:30:00,21.533753999563952,16.948884313301793
synthetic_weather,weather,linear_trend,weather_0,2024-01-09 03:40:00,21.712737999885466,16.946065668915303
synthetic_weather,weather,linear_trend,weather_0,2024-01-09 03:50:00,21.89556342422115,16.94324702452881
synthetic_weather,weather,linear_trend,weather_0,2024-01-09 04:00:00,22.080127018922212,16.94042838014232
synthetic_weather,weather,linear_trend,weather_0,2024-01-09 04:10:00,22.264044094228257,16.937609735755828
synthetic_weather,weather,linear_trend,weather_0,2024-01-09 04:20:00,22.444714846349765,16.934791091369338
synthetic_weather,weather,linear_trend,weather_0,2024-01-09 04:30:00,22.619397662556413,16.931972446982847
synthetic_weather,weather,linear_trend,weather_0,2024-01-09 04:40:00,22.785287192763008,16.929153802596357
synthetic_weather,weather,linear_trend,weather_0,2024-01-09 04:50:00,22.93959482540397,16.926335158209866
synthetic_weather,weather,linear_trend,weather_0,2024-01-09 05:00:00,23.079629131445337,16.923516513823373
synthetic_weather,weather,linear_trend,weather_0,2024-01-09 05:10:00,23.20287384044293,16.920697869436882
synthetic_weather,weather,linear_trend,weather_0,2024-01-09 05:20:00,23.307060986620524,16.91787922505039
synthetic_weather,weather,linear_trend,weather_0,2024-01-09 05:30:00,23.390237008761265,16.9150605806639
synthetic_weather,weather,linear_trend,weather_0,2024-01-09 05:40:00,23.450819800851676,16.91224193627741
synthetic_weather,weather,linear_trend,weather_0,2024-01-09 05:50:00,23.48764498441539,16.90942329189092
synthetic_weather,weather,linear_trend,weather_0,2024-01-09 06:00:00,23.5,16.90660464750443
synthetic_weather,weather,linear_trend,weather_0,2024-01-09 06:10:00,23.48764498441539,16.90378600311794
synthetic_weather,weather,linear_trend,weather_0,2024-01-09 06:20:00,23.450819800851686,16.90096735873145
synthetic_weather,weather,linear_trend,weather_0,2024-01-09 06:30:00,23.39023700876128,16.898148714344956
synthetic_weather,weather,linear_trend,weather_0,2024-01-09 06:40:00,23.307060986620538,16.895330069958465
synthetic_weather,weather,linear_trend,weather_0,2024-01-09 06:50:00,23.20287384044295,16.892511425571975
synthetic_weather,weather,linear_trend,weather_0,2024-01-09 07:00:00,23.07962913144536,16.889692781185484
synthetic_weather,weather,linear_trend,weather_0,2024-01-09 07:10:00,22.93959482540397,16.886874136798994
synthetic_weather,weather,linear_trend,weather_0,2024-01-09 07:20:00,22.78528719276301,16.884055492412504
synthetic_weather,weather,linear_trend,weather_0,2024-01-09 07:30:00,22.61939766255644,16.881236848026013
synthetic_weather,weather,linear_trend,weather_0,2024-01-09 07:40:00,22.444714846349797,16.878418203639523
synthetic_weather,weather,linear_trend,weather_0,2024-01-09 07:50:00,22.26404409422829,16.875599559253033
synthetic_weather,weather,linear_trend,weather_1,2024-01-09 00:00:00,19.49999999999999,18.00807584541809
synthetic_weather,weather,linear_trend,weather_1,2024-01-09 00:10:00,19.71050081333277,18.0052572010316
synthetic_weather,weather,linear_trend,weather_1,2024-01-09 00:20:00,19.90562502413126,18.00243855664511
synthetic_weather,weather,linear_trend,weather_1,2024-01-09 00:30:00,20.085643662992485,17.99961991225862
synthetic_weather,weather,linear_trend,weather_1,2024-01-09 00:40:00,20.25126310989412,17.99680126787213
synthetic_weather,weather,linear_trend,weather_1,2024-01-09 00:50:00,20.40359187453376,17.99398262348564
synthetic_weather,weather,linear_trend,weather_1,2024-01-09 01:00:00,20.544095225512603,17.99116397909915
synthetic_weather,weather,linear_trend,weather_1,2024-01-09 01:10:00,20.674539069184195,17.98834533471266
synthetic_weather,weather,linear_trend,weather_1,2024-01-09 01:20:00,20.796924805461803,17.985526690326168
synthetic_weather,weather,linear_trend,weather_1,2024-01-09 01:30:00,20.91341716182544,17.982708045939674
synthetic_weather,weather,linear_trend,weather_1,2024-01-09 01:40:00,21.02626721987004,17.979889401553184
synthetic_weather,weather,linear_trend,weather_1,2024-01-09 01:50:00,21.137732994512323,17.977070757166693
synthetic_weather,weather,linear_trend,weather_1,2024-01-09 02:00:00,21.249999999999982,17.974252112780203
synthetic_weather,weather,linear_trend,weather_1,2024-01-09 02:10:00,21.36510423689085,17.971433468393712
synthetic_weather,weather,linear_trend,weather_1,2024-01-09 02:20:00,21.484859960195738,17.968614824007222
synthetic_weather,weather,linear_trend,weather_1,2024-01-09 02:30:00,21.610794443151377,17.96579617962073
synthetic_weather,weather,linear_trend,weather_1,2024-01-09 02:40:00,21.744091738039735,17.962977535234238
synthetic_weather,weather,linear_trend,weather_1,2024-01-09 02:50:00,21.88554716157221,17.960158890847747
synthetic_weather,weather,linear_trend,weather_1,2024-01-09 03:00:00,22.03553390593272,17.957340246461257
synthetic_weather,weather,linear_trend,weather_1,2024-01-09 03:10:00,22.193982807544497,17.954521602074767
synthetic_weather,weather,linear_trend,weather_1,2024-01-09 03:20:00,22.36037590520191,17.951702957688276
synthetic_weather,weather,linear_trend,weather_1,2024-01-09 03:30:00,22.533753999563952,17.948884313301786
synthetic_weather,weather,linear_trend,weather_1,2024-01-09 03:40:00,22.712737999885466,17.946065668915296
synthetic_weather,weather,linear_trend,weather_1,2024-01-09 03:50:00,22.89556342422115,17.943247024528805
synthetic_weather,weather,linear_trend,weather_1,2024-01-09 04:00:00,23.080127018922212,17.940428380142315
synthetic_weather,weather,linear_trend,weather_1,2024-01-09 04:10:00,23.264044094228257,17.93760973575582
synthetic_weather,weather,linear_trend,weather_1,2024-01-09 04:20:00,23.444714846349765,17.93479109136933
synthetic_weather,weather,linear_trend,weather_1,2024-01-09 04:30:00,23.619397662556413,17.93197244698284
synthetic_weather,weather,linear_trend,weather_1,2024-01-09 04:40:00,23.785287192763008,17.92915380259635
synthetic_weather,weather,linear_trend,weather_1,2024-01-09 04:50:00,23.93959482540397,17.92633515820986
synthetic_weather,weather,linear_trend,weather_1,2024-01-09 05:00:00,24.079629131445337,17.92351651382337
synthetic_weather,weather,linear_trend,weather_1,2024-01-09 05:10:00,24.20287384044293,17.92069786943688
synthetic_weather,weather,linear_trend,weather_1,2024-01-09 05:20:00,24.307060986620524,17.917879225050385
synthetic_weather,weather,linear_trend,weather_1,2024-01-09 05:30:00,24.390237008761265,17.915060580663894
synthetic_weather,weather,linear_trend,weather_1,2024-01-09 05:40:00,24.450819800851676,17.912241936277404
synthetic_weather,weather,linear_trend,weather_1,2024-01-09 05:50:00,24.48764498441539,17.909423291890914
synthetic_weather,weather,linear_trend,weather_1,2024-01-09 06:00:00,24.5,17.906604647504423
synthetic_weather,weather,linear_trend,weather_1,2024-01-09 06:10:00,24.48764498441539,17.903786003117933
synthetic_weather,weather,linear_trend,weather_1,2024-01-09 06:20:00,24.450819800851686,17.900967358731442
synthetic_weather,weather,linear_trend,weather_1,2024-01-09 06:30:00,24.39023700876128,17.898148714344952
synthetic_weather,weather,linear_trend,weather_1,2024-01-09 06:40:00,24.307060986620538,17.89533006995846
synthetic_weather,weather,linear_trend,weather_1,2024-01-09 06:50:00,24.20287384044295,17.892511425571968
synthetic_weather,weather,linear_trend,weather_1,2024-01-09 07:00:00,24.07962913144536,17.889692781185477
synthetic_weather,weather,linear_trend,weather_1,2024-01-09 07:10:00,23.93959482540397,17.886874136798987
synthetic_weather,weather,linear_trend,weather_1,2024-01-09 07:20:00,23.78528719276301,17.884055492412497
synthetic_weather,weather,linear_trend,weather_1,2024-01-09 07:30:00,23.61939766255644,17.881236848026006
synthetic_weather,weather,linear_trend,weather_1,2024-01-09 07:40:00,23.444714846349797,17.878418203639516
synthetic_weather,weather,linear_trend,weather_1,2024-01-09 07:50:00,23.26404409422829,17.875599559253025
synthetic_weather,weather,ridge_ar,weather_0,2024-01-09 00:00:00,18.49999999999999,18.4435902183669
synthetic_weather,weather,ridge_ar,weather_0,2024-01-09 00:10:00,18.71050081333277,18.639553738332655
synthetic_weather,weather,ridge_ar,weather_0,2024-01-09 00:20:00,18.90562502413126,18.821100677050655
synthetic_weather,weather,ridge_ar,weather_0,2024-01-09 00:30:00,19.085643662992485,18.99077795999194
synthetic_weather,weather,ridge_ar,weather_0,2024-01-09 00:40:00,19.25126310989412,19.156204261473977
synthetic_weather,weather,ridge_ar,weather_0,2024-01-09 00:50:00,19.40359187453376,19.313944680565726
synthetic_weather,weather,ridge_ar,weather_0,2024-01-09 01:00:00,19.544095225512603,19.465856328988018
synthetic_weather,weather,ridge_ar,weather_0,2024-01-09 01:10:00,19.674539069184195,19.613499943425822
synthetic_weather,weather,ridge_ar,weather_0,2024-01-09 01:20:00,19.796924805461803,19.757756170261633
synthetic_weather,weather,ridge_ar,weather_0,2024-01-09 01:30:00,19.91341716182544,19.900065770521287
synthetic_weather,weather,ridge_ar,weather_0,2024-01-09 01:40:00,20.02626721987004,20.041747977274504
synthetic_weather,weather,ridge_ar,weather_0,2024-01-09 01:50:00,20.137732994512323,20.184021406271427
synthetic_weather,weather,ridge_ar,weather_0,2024-01-09 02:00:00,20.249999999999982,20.328038244326134
synthetic_weather,weather,ridge_ar,weather_0,2024-01-09 02:10:00,20.36510423689085,20.47477513828851
synthetic_weather,weather,ridge_ar,weather_0,2024-01-09 02:20:00,20.484859960195738,20.625006160846294
synthetic_weather,weather,ridge_ar,weather_0,2024-01-09 02:30:00,20.610794443151377,20.779270983129866
synthetic_weather,weather,ridge_ar,weather_0,2024-01-09 02:40:00,20.744091738039735,20.93784146343176
synthetic_weather,weather,ridge_ar,weather_0,2024-01-09 02:50:00,20.88554716157221,21.100704122582574
synthetic_weather,weather,ridge_ar,weather_0,2024-01-09 03:00:00,21.03553390593272,21.267549762792452
synthetic_weather,weather,ridge_ar,weather_0,2024-01-09 03:10:00,21.193982807544497,21.437772199234665
synthetic_weather,weather,ridge_ar,weather_0,2024-01-09 03:20:00,21.36037590520191,21.6104771258549
synthetic_weather,weather,ridge_ar,weather_0,2024-01-09 03:30:00,21.533753999563952,21.784499988277545
synthetic_weather,weather,ridge_ar,weather_0,2024-01-09 03:40:00,21.712737999885466,21.958432585669243
synthetic_weather,weather,ridge_ar,weather_0,2024-01-09 03:50:00,21.89556342422115,22.130657627955024
synthetic_weather,weather,ridge_ar,weather_0,2024-01-09 04:00:00,22.080127018922212,22.29734711662646
synthetic_weather,weather,ridge_ar,weather_0,2024-01-09 04:10:00,22.264044094228257,22.45940570930611
synthetic_weather,weather,ridge_ar,weather_0,2024-01-09 04:20:00,22.444714846349765,22.613827167869065
synthetic_weather,weather,ridge_ar,weather_0,2024-01-09 04:30:00,22.619397662556413,22.75874619810243
synthetic_weather,weather,ridge_ar,weather_0,2024-01-09 04:40:00,22.785287192763008,22.89272709145014
synthetic_weather,weather,ridge_ar,weather_0,2024-01-09 04:50:00,22.93959482540397,23.01378385657466
synthetic_weather,weather,ridge_ar,weather_0,2024-01-09 05:00:00,23.079629131445337,23.120339501196312
synthetic_weather,weather,ridge_ar,weather_0,2024-01-09 05:10:00,23.20287384044293,23.210974878936913
synthetic_weather,weather,ridge_ar,weather_0,2024-01-09 05:20:00,23.307060986620524,23.284418183741607
synthetic_weather,weather,ridge_ar,weather_0,2024-01-09 05:30:00,23.390237008761265,23.33968953888757
synthetic_weather,weather,ridge_ar,weather_0,2024-01-09 05:40:00,23.450819800851676,23.37607771590174
synthetic_weather,weather,ridge_ar,weather_0,2024-01-09 05:50:00,23.48764498441539,23.393165493709315
synthetic_weather,weather,ridge_ar,weather_0,2024-01-09 06:00:00,23.5,23.39085150669472
synthetic_weather,weather,ridge_ar,weather_0,2024-01-09 06:10:00,23.48764498441539,23.369346428313847
synthetic_weather,weather,ridge_ar,weather_0,2024-01-09 06:20:00,23.450819800851686,23.329168512358486
synthetic_weather,weather,ridge_ar,weather_0,2024-01-09 06:30:00,23.39023700876128,23.271129169890195
synthetic_weather,weather,ridge_ar,weather_0,2024-01-09 06:40:00,23.307060986620538,23.196308754257323
synthetic_weather,weather,ridge_ar,weather_0,2024-01-09 06:50:00,23.20287384044295,23.106025645773165
synthetic_weather,weather,ridge_ar,weather_0,2024-01-09 07:00:00,23.07962913144536,23.00179830520725
synthetic_weather,weather,ridge_ar,weather_0,2024-01-09 07:10:00,22.93959482540397,22.885301656597278
synthetic_weather,weather,ridge_ar,weather_0,2024-01-09 07:20:00,22.78528719276301,22.758319302615153
synthetic_weather,weather,ridge_ar,weather_0,2024-01-09 07:30:00,22.61939766255644,22.62269288236989
synthetic_weather,weather,ridge_ar,weather_0,2024-01-09 07:40:00,22.444714846349797,22.480270152089414
synthetic_weather,weather,ridge_ar,weather_0,2024-01-09 07:50:00,22.26404409422829,22.332853371420804
synthetic_weather,weather,ridge_ar,weather_1,2024-01-09 00:00:00,19.49999999999999,19.4435902183669
synthetic_weather,weather,ridge_ar,weather_1,2024-01-09 00:10:00,19.71050081333277,19.639553738332655
synthetic_weather,weather,ridge_ar,weather_1,2024-01-09 00:20:00,19.90562502413126,19.821100677050655
synthetic_weather,weather,ridge_ar,weather_1,2024-01-09 00:30:00,20.085643662992485,19.99077795999194
synthetic_weather,weather,ridge_ar,weather_1,2024-01-09 00:40:00,20.25126310989412,20.156204261473977
synthetic_weather,weather,ridge_ar,weather_1,2024-01-09 00:50:00,20.40359187453376,20.313944680565726
synthetic_weather,weather,ridge_ar,weather_1,2024-01-09 01:00:00,20.544095225512603,20.465856328988018
synthetic_weather,weather,ridge_ar,weather_1,2024-01-09 01:10:00,20.674539069184195,20.613499943425822
synthetic_weather,weather,ridge_ar,weather_1,2024-01-09 01:20:00,20.796924805461803,20.757756170261633
synthetic_weather,weather,ridge_ar,weather_1,2024-01-09 01:30:00,20.91341716182544,20.900065770521287
synthetic_weather,weather,ridge_ar,weather_1,2024-01-09 01:40:00,21.02626721987004,21.041747977274504
synthetic_weather,weather,ridge_ar,weather_1,2024-01-09 01:50:00,21.137732994512323,21.184021406271427
synthetic_weather,weather,ridge_ar,weather_1,2024-01-09 02:00:00,21.249999999999982,21.328038244326134
synthetic_weather,weather,ridge_ar,weather_1,2024-01-09 02:10:00,21.36510423689085,21.47477513828851
synthetic_weather,weather,ridge_ar,weather_1,2024-01-09 02:20:00,21.484859960195738,21.625006160846294
synthetic_weather,weather,ridge_ar,weather_1,2024-01-09 02:30:00,21.610794443151377,21.779270983129866
synthetic_weather,weather,ridge_ar,weather_1,2024-01-09 02:40:00,21.744091738039735,21.93784146343176
synthetic_weather,weather,ridge_ar,weather_1,2024-01-09 02:50:00,21.88554716157221,22.100704122582574
synthetic_weather,weather,ridge_ar,weather_1,2024-01-09 03:00:00,22.03553390593272,22.267549762792452
synthetic_weather,weather,ridge_ar,weather_1,2024-01-09 03:10:00,22.193982807544497,22.437772199234665
synthetic_weather,weather,ridge_ar,weather_1,2024-01-09 03:20:00,22.36037590520191,22.6104771258549
synthetic_weather,weather,ridge_ar,weather_1,2024-01-09 03:30:00,22.533753999563952,22.784499988277545
synthetic_weather,weather,ridge_ar,weather_1,2024-01-09 03:40:00,22.712737999885466,22.958432585669243
synthetic_weather,weather,ridge_ar,weather_1,2024-01-09 03:50:00,22.89556342422115,23.130657627955024
synthetic_weather,weather,ridge_ar,weather_1,2024-01-09 04:00:00,23.080127018922212,23.29734711662646
synthetic_weather,weather,ridge_ar,weather_1,2024-01-09 04:10:00,23.264044094228257,23.45940570930611
synthetic_weather,weather,ridge_ar,weather_1,2024-01-09 04:20:00,23.444714846349765,23.613827167869065
synthetic_weather,weather,ridge_ar,weather_1,2024-01-09 04:30:00,23.619397662556413,23.75874619810243
synthetic_weather,weather,ridge_ar,weather_1,2024-01-09 04:40:00,23.785287192763008,23.89272709145014
synthetic_weather,weather,ridge_ar,weather_1,2024-01-09 04:50:00,23.93959482540397,24.01378385657466
synthetic_weather,weather,ridge_ar,weather_1,2024-01-09 05:00:00,24.079629131445337,24.120339501196312
synthetic_weather,weather,ridge_ar,weather_1,2024-01-09 05:10:00,24.20287384044293,24.210974878936913
synthetic_weather,weather,ridge_ar,weather_1,2024-01-09 05:20:00,24.307060986620524,24.284418183741607
synthetic_weather,weather,ridge_ar,weather_1,2024-01-09 05:30:00,24.390237008761265,24.33968953888757
synthetic_weather,weather,ridge_ar,weather_1,2024-01-09 05:40:00,24.450819800851676,24.37607771590174
synthetic_weather,weather,ridge_ar,weather_1,2024-01-09 05:50:00,24.48764498441539,24.393165493709315
synthetic_weather,weather,ridge_ar,weather_1,2024-01-09 06:00:00,24.5,24.39085150669472
synthetic_weather,weather,ridge_ar,weather_1,2024-01-09 06:10:00,24.48764498441539,24.369346428313847
synthetic_weather,weather,ridge_ar,weather_1,2024-01-09 06:20:00,24.450819800851686,24.329168512358486
synthetic_weather,weather,ridge_ar,weather_1,2024-01-09 06:30:00,24.39023700876128,24.271129169890195
synthetic_weather,weather,ridge_ar,weather_1,2024-01-09 06:40:00,24.307060986620538,24.196308754257323
synthetic_weather,weather,ridge_ar,weather_1,2024-01-09 06:50:00,24.20287384044295,24.106025645773165
synthetic_weather,weather,ridge_ar,weather_1,2024-01-09 07:00:00,24.07962913144536,24.00179830520725
synthetic_weather,weather,ridge_ar,weather_1,2024-01-09 07:10:00,23.93959482540397,23.885301656597278
synthetic_weather,weather,ridge_ar,weather_1,2024-01-09 07:20:00,23.78528719276301,23.758319302615153
synthetic_weather,weather,ridge_ar,weather_1,2024-01-09 07:30:00,23.61939766255644,23.62269288236989
synthetic_weather,weather,ridge_ar,weather_1,2024-01-09 07:40:00,23.444714846349797,23.480270152089414
synthetic_weather,weather,ridge_ar,weather_1,2024-01-09 07:50:00,23.26404409422829,23.332853371420804
synthetic_weather,weather,hist_gradient_boosting_ar,weather_0,2024-01-09 00:00:00,18.49999999999999,18.506401878793795
synthetic_weather,weather,hist_gradient_boosting_ar,weather_0,2024-01-09 00:10:00,18.71050081333277,18.728909949999355
synthetic_weather,weather,hist_gradient_boosting_ar,weather_0,2024-01-09 00:20:00,18.90562502413126,19.015113591001995
synthetic_weather,weather,hist_gradient_boosting_ar,weather_0,2024-01-09 00:30:00,19.085643662992485,19.24589073500643
synthetic_weather,weather,hist_gradient_boosting_ar,weather_0,2024-01-09 00:40:00,19.25126310989412,19.394003678700518
synthetic_weather,weather,hist_gradient_boosting_ar,weather_0,2024-01-09 00:50:00,19.40359187453376,19.464466059189707
synthetic_weather,weather,hist_gradient_boosting_ar,weather_0,2024-01-09 01:00:00,19.544095225512603,19.65671802276593
synthetic_weather,weather,hist_gradient_boosting_ar,weather_0,2024-01-09 01:10:00,19.674539069184195,19.792429045526227
synthetic_weather,weather,hist_gradient_boosting_ar,weather_0,2024-01-09 01:20:00,19.796924805461803,19.907275915430034
synthetic_weather,weather,hist_gradient_boosting_ar,weather_0,2024-01-09 01:30:00,19.91341716182544,20.019921305580347
synthetic_weather,weather,hist_gradient_boosting_ar,weather_0,2024-01-09 01:40:00,20.02626721987004,20.142126363654153
synthetic_weather,weather,hist_gradient_boosting_ar,weather_0,2024-01-09 01:50:00,20.137732994512323,20.262954283960525
synthetic_weather,weather,hist_gradient_boosting_ar,weather_0,2024-01-09 02:00:00,20.249999999999982,20.351094780171334
synthetic_weather,weather,hist_gradient_boosting_ar,weather_0,2024-01-09 02:10:00,20.36510423689085,20.434482748448037
synthetic_weather,weather,hist_gradient_boosting_ar,weather_0,2024-01-09 02:20:00,20.484859960195738,20.559171499356076
synthetic_weather,weather,hist_gradient_boosting_ar,weather_0,2024-01-09 02:30:00,20.610794443151377,20.62512689697175
synthetic_weather,weather,hist_gradient_boosting_ar,weather_0,2024-01-09 02:40:00,20.744091738039735,20.75368571717779
synthetic_weather,weather,hist_gradient_boosting_ar,weather_0,2024-01-09 02:50:00,20.88554716157221,20.886418405544998
synthetic_weather,weather,hist_gradient_boosting_ar,weather_0,2024-01-09 03:00:00,21.03553390593272,21.08062720209661
synthetic_weather,weather,hist_gradient_boosting_ar,weather_0,2024-01-09 03:10:00,21.193982807544497,21.272326879573
synthetic_weather,weather,hist_gradient_boosting_ar,weather_0,2024-01-09 03:20:00,21.36037590520191,21.399281810551827
synthetic_weather,weather,hist_gradient_boosting_ar,weather_0,2024-01-09 03:30:00,21.533753999563952,21.542856948807362
synthetic_weather,weather,hist_gradient_boosting_ar,weather_0,2024-01-09 03:40:00,21.712737999885466,21.710579844326375
synthetic_weather,weather,hist_gradient_boosting_ar,weather_0,2024-01-09 03:50:00,21.89556342422115,21.89175494884187
synthetic_weather,weather,hist_gradient_boosting_ar,weather_0,2024-01-09 04:00:00,22.080127018922212,22.077214515674243
synthetic_weather,weather,hist_gradient_boosting_ar,weather_0,2024-01-09 04:10:00,22.264044094228257,22.264014107795912
synthetic_weather,weather,hist_gradient_boosting_ar,weather_0,2024-01-09 04:20:00,22.444714846349765,22.43157281316518
synthetic_weather,weather,hist_gradient_boosting_ar,weather_0,2024-01-09 04:30:00,22.619397662556413,22.602641179615077
synthetic_weather,weather,hist_gradient_boosting_ar,weather_0,2024-01-09 04:40:00,22.785287192763008,22.775381303160597
synthetic_weather,weather,hist_gradient_boosting_ar,weather_0,2024-01-09 04:50:00,22.93959482540397,22.89107827906814
synthetic_weather,weather,hist_gradient_boosting_ar,weather_0,2024-01-09 05:00:00,23.079629131445337,23.07776301750104
synthetic_weather,weather,hist_gradient_boosting_ar,weather_0,2024-01-09 05:10:00,23.20287384044293,23.19092412383949
synthetic_weather,weather,hist_gradient_boosting_ar,weather_0,2024-01-09 05:20:00,23.307060986620524,23.309210520102294
synthetic_weather,weather,hist_gradient_boosting_ar,weather_0,2024-01-09 05:30:00,23.390237008761265,23.402738164973933
synthetic_weather,weather,hist_gradient_boosting_ar,weather_0,2024-01-09 05:40:00,23.450819800851676,23.444213156407415
synthetic_weather,weather,hist_gradient_boosting_ar,weather_0,2024-01-09 05:50:00,23.48764498441539,23.48274169244161
synthetic_weather,weather,hist_gradient_boosting_ar,weather_0,2024-01-09 06:00:00,23.5,23.482944252652338
synthetic_weather,weather,hist_gradient_boosting_ar,weather_0,2024-01-09 06:10:00,23.48764498441539,23.449518838533308
synthetic_weather,weather,hist_gradient_boosting_ar,weather_0,2024-01-09 06:20:00,23.450819800851686,23.40615542205041
synthetic_weather,weather,hist_gradient_boosting_ar,weather_0,2024-01-09 06:30:00,23.39023700876128,23.315109396707655
synthetic_weather,weather,hist_gradient_boosting_ar,weather_0,2024-01-09 06:40:00,23.307060986620538,23.19601127693948
synthetic_weather,weather,hist_gradient_boosting_ar,weather_0,2024-01-09 06:50:00,23.20287384044295,23.096307150537946
synthetic_weather,weather,hist_gradient_boosting_ar,weather_0,2024-01-09 07:00:00,23.07962913144536,22.959551008857748
synthetic_weather,weather,hist_gradient_boosting_ar,weather_0,2024-01-09 07:10:00,22.93959482540397,22.839036378158138
synthetic_weather,weather,hist_gradient_boosting_ar,weather_0,2024-01-09 07:20:00,22.78528719276301,22.742217764931198
synthetic_weather,weather,hist_gradient_boosting_ar,weather_0,2024-01-09 07:30:00,22.61939766255644,22.571579357219882
synthetic_weather,weather,hist_gradient_boosting_ar,weather_0,2024-01-09 07:40:00,22.444714846349797,22.397781137645566
synthetic_weather,weather,hist_gradient_boosting_ar,weather_0,2024-01-09 07:50:00,22.26404409422829,22.261973513633553
synthetic_weather,weather,hist_gradient_boosting_ar,weather_1,2024-01-09 00:00:00,19.49999999999999,19.506401878793795
synthetic_weather,weather,hist_gradient_boosting_ar,weather_1,2024-01-09 00:10:00,19.71050081333277,19.728909949999355
synthetic_weather,weather,hist_gradient_boosting_ar,weather_1,2024-01-09 00:20:00,19.90562502413126,20.015113591001995
synthetic_weather,weather,hist_gradient_boosting_ar,weather_1,2024-01-09 00:30:00,20.085643662992485,20.24589073500643
synthetic_weather,weather,hist_gradient_boosting_ar,weather_1,2024-01-09 00:40:00,20.25126310989412,20.394003678700518
synthetic_weather,weather,hist_gradient_boosting_ar,weather_1,2024-01-09 00:50:00,20.40359187453376,20.464466059189707
synthetic_weather,weather,hist_gradient_boosting_ar,weather_1,2024-01-09 01:00:00,20.544095225512603,20.65671802276593
synthetic_weather,weather,hist_gradient_boosting_ar,weather_1,2024-01-09 01:10:00,20.674539069184195,20.792429045526227
synthetic_weather,weather,hist_gradient_boosting_ar,weather_1,2024-01-09 01:20:00,20.796924805461803,20.907275915430034
synthetic_weather,weather,hist_gradient_boosting_ar,weather_1,2024-01-09 01:30:00,20.91341716182544,21.019921305580347
synthetic_weather,weather,hist_gradient_boosting_ar,weather_1,2024-01-09 01:40:00,21.02626721987004,21.142126363654153
synthetic_weather,weather,hist_gradient_boosting_ar,weather_1,2024-01-09 01:50:00,21.137732994512323,21.262954283960525
synthetic_weather,weather,hist_gradient_boosting_ar,weather_1,2024-01-09 02:00:00,21.249999999999982,21.351094780171334
synthetic_weather,weather,hist_gradient_boosting_ar,weather_1,2024-01-09 02:10:00,21.36510423689085,21.434482748448037
synthetic_weather,weather,hist_gradient_boosting_ar,weather_1,2024-01-09 02:20:00,21.484859960195738,21.559171499356076
synthetic_weather,weather,hist_gradient_boosting_ar,weather_1,2024-01-09 02:30:00,21.610794443151377,21.62512689697175
synthetic_weather,weather,hist_gradient_boosting_ar,weather_1,2024-01-09 02:40:00,21.744091738039735,21.75368571717779
synthetic_weather,weather,hist_gradient_boosting_ar,weather_1,2024-01-09 02:50:00,21.88554716157221,21.886418405544998
synthetic_weather,weather,hist_gradient_boosting_ar,weather_1,2024-01-09 03:00:00,22.03553390593272,22.08062720209661
synthetic_weather,weather,hist_gradient_boosting_ar,weather_1,2024-01-09 03:10:00,22.193982807544497,22.272326879573
synthetic_weather,weather,hist_gradient_boosting_ar,weather_1,2024-01-09 03:20:00,22.36037590520191,22.399281810551827
synthetic_weather,weather,hist_gradient_boosting_ar,weather_1,2024-01-09 03:30:00,22.533753999563952,22.542856948807362
synthetic_weather,weather,hist_gradient_boosting_ar,weather_1,2024-01-09 03:40:00,22.712737999885466,22.710579844326375
synthetic_weather,weather,hist_gradient_boosting_ar,weather_1,2024-01-09 03:50:00,22.89556342422115,22.89175494884187
synthetic_weather,weather,hist_gradient_boosting_ar,weather_1,2024-01-09 04:00:00,23.080127018922212,23.077214515674243
synthetic_weather,weather,hist_gradient_boosting_ar,weather_1,2024-01-09 04:10:00,23.264044094228257,23.264014107795912
synthetic_weather,weather,hist_gradient_boosting_ar,weather_1,2024-01-09 04:20:00,23.444714846349765,23.43157281316518
synthetic_weather,weather,hist_gradient_boosting_ar,weather_1,2024-01-09 04:30:00,23.619397662556413,23.602641179615077
synthetic_weather,weather,hist_gradient_boosting_ar,weather_1,2024-01-09 04:40:00,23.785287192763008,23.775381303160597
synthetic_weather,weather,hist_gradient_boosting_ar,weather_1,2024-01-09 04:50:00,23.93959482540397,23.89107827906814
synthetic_weather,weather,hist_gradient_boosting_ar,weather_1,2024-01-09 05:00:00,24.079629131445337,24.07776301750104
synthetic_weather,weather,hist_gradient_boosting_ar,weather_1,2024-01-09 05:10:00,24.20287384044293,24.19092412383949
synthetic_weather,weather,hist_gradient_boosting_ar,weather_1,2024-01-09 05:20:00,24.307060986620524,24.309210520102294
synthetic_weather,weather,hist_gradient_boosting_ar,weather_1,2024-01-09 05:30:00,24.390237008761265,24.402738164973933
synthetic_weather,weather,hist_gradient_boosting_ar,weather_1,2024-01-09 05:40:00,24.450819800851676,24.444213156407415
synthetic_weather,weather,hist_gradient_boosting_ar,weather_1,2024-01-09 05:50:00,24.48764498441539,24.48274169244161
synthetic_weather,weather,hist_gradient_boosting_ar,weather_1,2024-01-09 06:00:00,24.5,24.482944252652338
synthetic_weather,weather,hist_gradient_boosting_ar,weather_1,2024-01-09 06:10:00,24.48764498441539,24.449518838533308
synthetic_weather,weather,hist_gradient_boosting_ar,weather_1,2024-01-09 06:20:00,24.450819800851686,24.40615542205041
synthetic_weather,weather,hist_gradient_boosting_ar,weather_1,2024-01-09 06:30:00,24.39023700876128,24.315109396707655
synthetic_weather,weather,hist_gradient_boosting_ar,weather_1,2024-01-09 06:40:00,24.307060986620538,24.19601127693948
synthetic_weather,weather,hist_gradient_boosting_ar,weather_1,2024-01-09 06:50:00,24.20287384044295,24.096307150537946
synthetic_weather,weather,hist_gradient_boosting_ar,weather_1,2024-01-09 07:00:00,24.07962913144536,23.959551008857748
synthetic_weather,weather,hist_gradient_boosting_ar,weather_1,2024-01-09 07:10:00,23.93959482540397,23.839036378158138
synthetic_weather,weather,hist_gradient_boosting_ar,weather_1,2024-01-09 07:20:00,23.78528719276301,23.742217764931198
synthetic_weather,weather,hist_gradient_boosting_ar,weather_1,2024-01-09 07:30:00,23.61939766255644,23.571579357219882
synthetic_weather,weather,hist_gradient_boosting_ar,weather_1,2024-01-09 07:40:00,23.444714846349797,23.397781137645566
synthetic_weather,weather,hist_gradient_boosting_ar,weather_1,2024-01-09 07:50:00,23.26404409422829,23.261973513633553
synthetic_weather,weather,lightgbm_ar,weather_0,2024-01-09 00:00:00,18.49999999999999,18.501455258088455
synthetic_weather,weather,lightgbm_ar,weather_0,2024-01-09 00:10:00,18.71050081333277,18.709171251658944
synthetic_weather,weather,lightgbm_ar,weather_0,2024-01-09 00:20:00,18.90562502413126,18.88828999445196
synthetic_weather,weather,lightgbm_ar,weather_0,2024-01-09 00:30:00,19.085643662992485,19.090066469084043
synthetic_weather,weather,lightgbm_ar,weather_0,2024-01-09 00:40:00,19.25126310989412,19.257608464756892
synthetic_weather,weather,lightgbm_ar,weather_0,2024-01-09 00:50:00,19.40359187453376,19.402249255985538
synthetic_weather,weather,lightgbm_ar,weather_0,2024-01-09 01:00:00,19.544095225512603,19.514787900737808
synthetic_weather,weather,lightgbm_ar,weather_0,2024-01-09 01:10:00,19.674539069184195,19.65632426777179
synthetic_weather,weather,lightgbm_ar,weather_0,2024-01-09 01:20:00,19.796924805461803,19.78064560424643
synthetic_weather,weather,lightgbm_ar,weather_0,2024-01-09 01:30:00,19.91341716182544,19.905518689638924
synthetic_weather,weather,lightgbm_ar,weather_0,2024-01-09 01:40:00,20.02626721987004,20.029925577563066
synthetic_weather,weather,lightgbm_ar,weather_0,2024-01-09 01:50:00,20.137732994512323,20.137375170818608
synthetic_weather,weather,lightgbm_ar,weather_0,2024-01-09 02:00:00,20.249999999999982,20.250670494877838
synthetic_weather,weather,lightgbm_ar,weather_0,2024-01-09 02:10:00,20.36510423689085,20.362179177516097
synthetic_weather,weather,lightgbm_ar,weather_0,2024-01-09 02:20:00,20.484859960195738,20.487458714418885
synthetic_weather,weather,lightgbm_ar,weather_0,2024-01-09 02:30:00,20.610794443151377,20.61068125443817
synthetic_weather,weather,lightgbm_ar,weather_0,2024-01-09 02:40:00,20.744091738039735,20.683929832306216
synthetic_weather,weather,lightgbm_ar,weather_0,2024-01-09 02:50:00,20.88554716157221,20.88348739382075
synthetic_weather,weather,lightgbm_ar,weather_0,2024-01-09 03:00:00,21.03553390593272,21.025491964924157
synthetic_weather,weather,lightgbm_ar,weather_0,2024-01-09 03:10:00,21.193982807544497,21.189658904694667
synthetic_weather,weather,lightgbm_ar,weather_0,2024-01-09 03:20:00,21.36037590520191,21.359688063392532
synthetic_weather,weather,lightgbm_ar,weather_0,2024-01-09 03:30:00,21.533753999563952,21.53697346244899
synthetic_weather,weather,lightgbm_ar,weather_0,2024-01-09 03:40:00,21.712737999885466,21.70410783327231
synthetic_weather,weather,lightgbm_ar,weather_0,2024-01-09 03:50:00,21.89556342422115,21.904985917217726
synthetic_weather,weather,lightgbm_ar,weather_0,2024-01-09 04:00:00,22.080127018922212,22.21337563373898
synthetic_weather,weather,lightgbm_ar,weather_0,2024-01-09 04:10:00,22.264044094228257,22.431317547312137
synthetic_weather,weather,lightgbm_ar,weather_0,2024-01-09 04:20:00,22.444714846349765,22.616317587632203
synthetic_weather,weather,lightgbm_ar,weather_0,2024-01-09 04:30:00,22.619397662556413,22.791817423900785
synthetic_weather,weather,lightgbm_ar,weather_0,2024-01-09 04:40:00,22.785287192763008,22.993780617895894
synthetic_weather,weather,lightgbm_ar,weather_0,2024-01-09 04:50:00,22.93959482540397,23.165337349906522
synthetic_weather,weather,lightgbm_ar,weather_0,2024-01-09 05:00:00,23.079629131445337,23.289777006316477
synthetic_weather,weather,lightgbm_ar,weather_0,2024-01-09 05:10:00,23.20287384044293,23.398630979837407
synthetic_weather,weather,lightgbm_ar,weather_0,2024-01-09 05:20:00,23.307060986620524,23.451342871086574
synthetic_weather,weather,lightgbm_ar,weather_0,2024-01-09 05:30:00,23.390237008761265,23.48524087685365
synthetic_weather,weather,lightgbm_ar,weather_0,2024-01-09 05:40:00,23.450819800851676,23.49479586152767
synthetic_weather,weather,lightgbm_ar,weather_0,2024-01-09 05:50:00,23.48764498441539,23.491062195235394
synthetic_weather,weather,lightgbm_ar,weather_0,2024-01-09 06:00:00,23.5,23.486225723732222
synthetic_weather,weather,lightgbm_ar,weather_0,2024-01-09 06:10:00,23.48764498441539,23.482337760786614
synthetic_weather,weather,lightgbm_ar,weather_0,2024-01-09 06:20:00,23.450819800851686,23.451294612582892
synthetic_weather,weather,lightgbm_ar,weather_0,2024-01-09 06:30:00,23.39023700876128,23.43856286771481
synthetic_weather,weather,lightgbm_ar,weather_0,2024-01-09 06:40:00,23.307060986620538,23.331381804494143
synthetic_weather,weather,lightgbm_ar,weather_0,2024-01-09 06:50:00,23.20287384044295,23.215322652625403
synthetic_weather,weather,lightgbm_ar,weather_0,2024-01-09 07:00:00,23.07962913144536,23.101121362964214
synthetic_weather,weather,lightgbm_ar,weather_0,2024-01-09 07:10:00,22.93959482540397,22.950203990584747
synthetic_weather,weather,lightgbm_ar,weather_0,2024-01-09 07:20:00,22.78528719276301,22.788685307760787
synthetic_weather,weather,lightgbm_ar,weather_0,2024-01-09 07:30:00,22.61939766255644,22.7198623460886
synthetic_weather,weather,lightgbm_ar,weather_0,2024-01-09 07:40:00,22.444714846349797,22.544542888870257
synthetic_weather,weather,lightgbm_ar,weather_0,2024-01-09 07:50:00,22.26404409422829,22.428407674104317
synthetic_weather,weather,lightgbm_ar,weather_1,2024-01-09 00:00:00,19.49999999999999,19.501455258088455
synthetic_weather,weather,lightgbm_ar,weather_1,2024-01-09 00:10:00,19.71050081333277,19.709171251658944
synthetic_weather,weather,lightgbm_ar,weather_1,2024-01-09 00:20:00,19.90562502413126,19.88828999445196
synthetic_weather,weather,lightgbm_ar,weather_1,2024-01-09 00:30:00,20.085643662992485,20.090066469084043
synthetic_weather,weather,lightgbm_ar,weather_1,2024-01-09 00:40:00,20.25126310989412,20.257608464756892
synthetic_weather,weather,lightgbm_ar,weather_1,2024-01-09 00:50:00,20.40359187453376,20.402249255985538
synthetic_weather,weather,lightgbm_ar,weather_1,2024-01-09 01:00:00,20.544095225512603,20.514787900737808
synthetic_weather,weather,lightgbm_ar,weather_1,2024-01-09 01:10:00,20.674539069184195,20.65632426777179
synthetic_weather,weather,lightgbm_ar,weather_1,2024-01-09 01:20:00,20.796924805461803,20.78064560424643
synthetic_weather,weather,lightgbm_ar,weather_1,2024-01-09 01:30:00,20.91341716182544,20.905518689638924
synthetic_weather,weather,lightgbm_ar,weather_1,2024-01-09 01:40:00,21.02626721987004,21.029925577563066
synthetic_weather,weather,lightgbm_ar,weather_1,2024-01-09 01:50:00,21.137732994512323,21.137375170818608
synthetic_weather,weather,lightgbm_ar,weather_1,2024-01-09 02:00:00,21.249999999999982,21.250670494877838
synthetic_weather,weather,lightgbm_ar,weather_1,2024-01-09 02:10:00,21.36510423689085,21.362179177516097
synthetic_weather,weather,lightgbm_ar,weather_1,2024-01-09 02:20:00,21.484859960195738,21.487458714418885
synthetic_weather,weather,lightgbm_ar,weather_1,2024-01-09 02:30:00,21.610794443151377,21.61068125443817
synthetic_weather,weather,lightgbm_ar,weather_1,2024-01-09 02:40:00,21.744091738039735,21.683929832306216
synthetic_weather,weather,lightgbm_ar,weather_1,2024-01-09 02:50:00,21.88554716157221,21.88348739382075
synthetic_weather,weather,lightgbm_ar,weather_1,2024-01-09 03:00:00,22.03553390593272,22.025491964924157
synthetic_weather,weather,lightgbm_ar,weather_1,2024-01-09 03:10:00,22.193982807544497,22.189658904694667
synthetic_weather,weather,lightgbm_ar,weather_1,2024-01-09 03:20:00,22.36037590520191,22.359688063392532
synthetic_weather,weather,lightgbm_ar,weather_1,2024-01-09 03:30:00,22.533753999563952,22.53697346244899
synthetic_weather,weather,lightgbm_ar,weather_1,2024-01-09 03:40:00,22.712737999885466,22.70410783327231
synthetic_weather,weather,lightgbm_ar,weather_1,2024-01-09 03:50:00,22.89556342422115,22.904985917217726
synthetic_weather,weather,lightgbm_ar,weather_1,2024-01-09 04:00:00,23.080127018922212,23.21337563373898
synthetic_weather,weather,lightgbm_ar,weather_1,2024-01-09 04:10:00,23.264044094228257,23.431317547312137
synthetic_weather,weather,lightgbm_ar,weather_1,2024-01-09 04:20:00,23.444714846349765,23.616317587632203
synthetic_weather,weather,lightgbm_ar,weather_1,2024-01-09 04:30:00,23.619397662556413,23.791817423900785
synthetic_weather,weather,lightgbm_ar,weather_1,2024-01-09 04:40:00,23.785287192763008,23.993780617895894
synthetic_weather,weather,lightgbm_ar,weather_1,2024-01-09 04:50:00,23.93959482540397,24.165337349906522
synthetic_weather,weather,lightgbm_ar,weather_1,2024-01-09 05:00:00,24.079629131445337,24.289777006316477
synthetic_weather,weather,lightgbm_ar,weather_1,2024-01-09 05:10:00,24.20287384044293,24.398630979837407
synthetic_weather,weather,lightgbm_ar,weather_1,2024-01-09 05:20:00,24.307060986620524,24.451342871086574
synthetic_weather,weather,lightgbm_ar,weather_1,2024-01-09 05:30:00,24.390237008761265,24.48524087685365
synthetic_weather,weather,lightgbm_ar,weather_1,2024-01-09 05:40:00,24.450819800851676,24.49479586152767
synthetic_weather,weather,lightgbm_ar,weather_1,2024-01-09 05:50:00,24.48764498441539,24.491062195235394
synthetic_weather,weather,lightgbm_ar,weather_1,2024-01-09 06:00:00,24.5,24.486225723732222
synthetic_weather,weather,lightgbm_ar,weather_1,2024-01-09 06:10:00,24.48764498441539,24.482337760786614
synthetic_weather,weather,lightgbm_ar,weather_1,2024-01-09 06:20:00,24.450819800851686,24.451294612582892
synthetic_weather,weather,lightgbm_ar,weather_1,2024-01-09 06:30:00,24.39023700876128,24.43856286771481
synthetic_weather,weather,lightgbm_ar,weather_1,2024-01-09 06:40:00,24.307060986620538,24.331381804494143
synthetic_weather,weather,lightgbm_ar,weather_1,2024-01-09 06:50:00,24.20287384044295,24.215322652625403
synthetic_weather,weather,lightgbm_ar,weather_1,2024-01-09 07:00:00,24.07962913144536,24.101121362964214
synthetic_weather,weather,lightgbm_ar,weather_1,2024-01-09 07:10:00,23.93959482540397,23.950203990584747
synthetic_weather,weather,lightgbm_ar,weather_1,2024-01-09 07:20:00,23.78528719276301,23.788685307760787
synthetic_weather,weather,lightgbm_ar,weather_1,2024-01-09 07:30:00,23.61939766255644,23.7198623460886
synthetic_weather,weather,lightgbm_ar,weather_1,2024-01-09 07:40:00,23.444714846349797,23.544542888870257
synthetic_weather,weather,lightgbm_ar,weather_1,2024-01-09 07:50:00,23.26404409422829,23.428407674104317
synthetic_weather,weather,xgboost_ar,weather_0,2024-01-09 00:00:00,18.49999999999999,18.49776207934274
synthetic_weather,weather,xgboost_ar,weather_0,2024-01-09 00:10:00,18.71050081333277,18.513960611306434
synthetic_weather,weather,xgboost_ar,weather_0,2024-01-09 00:20:00,18.90562502413126,18.716225069318657
synthetic_weather,weather,xgboost_ar,weather_0,2024-01-09 00:30:00,19.085643662992485,18.887042016089865
synthetic_weather,weather,xgboost_ar,weather_0,2024-01-09 00:40:00,19.25126310989412,18.898235303384972
synthetic_weather,weather,xgboost_ar,weather_0,2024-01-09 00:50:00,19.40359187453376,18.880429636927996
synthetic_weather,weather,xgboost_ar,weather_0,2024-01-09 01:00:00,19.544095225512603,18.793498544209672
synthetic_weather,weather,xgboost_ar,weather_0,2024-01-09 01:10:00,19.674539069184195,18.78468607798804
synthetic_weather,weather,xgboost_ar,weather_0,2024-01-09 01:20:00,19.796924805461803,18.78468607798804
synthetic_weather,weather,xgboost_ar,weather_0,2024-01-09 01:30:00,19.91341716182544,18.78818693208403
synthetic_weather,weather,xgboost_ar,weather_0,2024-01-09 01:40:00,20.02626721987004,18.78856238239905
synthetic_weather,weather,xgboost_ar,weather_0,2024-01-09 01:50:00,20.137732994512323,18.78856238239905
synthetic_weather,weather,xgboost_ar,weather_0,2024-01-09 02:00:00,20.249999999999982,18.78821935027675
synthetic_weather,weather,xgboost_ar,weather_0,2024-01-09 02:10:00,20.36510423689085,18.79117883091161
synthetic_weather,weather,xgboost_ar,weather_0,2024-01-09 02:20:00,20.484859960195738,18.79117883091161
synthetic_weather,weather,xgboost_ar,weather_0,2024-01-09 02:30:00,20.610794443151377,18.79117883091161
synthetic_weather,weather,xgboost_ar,weather_0,2024-01-09 02:40:00,20.744091738039735,18.79117883091161
synthetic_weather,weather,xgboost_ar,weather_0,2024-01-09 02:50:00,20.88554716157221,18.79117883091161
synthetic_weather,weather,xgboost_ar,weather_0,2024-01-09 03:00:00,21.03553390593272,18.79923842862569
synthetic_weather,weather,xgboost_ar,weather_0,2024-01-09 03:10:00,21.193982807544497,18.887420884297406
synthetic_weather,weather,xgboost_ar,weather_0,2024-01-09 03:20:00,21.36037590520191,18.909908856365803
synthetic_weather,weather,xgboost_ar,weather_0,2024-01-09 03:30:00,21.533753999563952,19.099299770404144
synthetic_weather,weather,xgboost_ar,weather_0,2024-01-09 03:40:00,21.712737999885466,19.269330291177575
synthetic_weather,weather,xgboost_ar,weather_0,2024-01-09 03:50:00,21.89556342422115,19.389705047942808
synthetic_weather,weather,xgboost_ar,weather_0,2024-01-09 04:00:00,22.080127018922212,19.463634477503884
synthetic_weather,weather,xgboost_ar,weather_0,2024-01-09 04:10:00,22.264044094228257,19.546776266711777
synthetic_weather,weather,xgboost_ar,weather_0,2024-01-09 04:20:00,22.444714846349765,19.66180098595361
synthetic_weather,weather,xgboost_ar,weather_0,2024-01-09 04:30:00,22.619397662556413,19.687749625987728
synthetic_weather,weather,xgboost_ar,weather_0,2024-01-09 04:40:00,22.785287192763008,19.777944702492952
synthetic_weather,weather,xgboost_ar,weather_0,2024-01-09 04:50:00,22.93959482540397,19.825102090639383
synthetic_weather,weather,xgboost_ar,weather_0,2024-01-09 05:00:00,23.079629131445337,19.887714360194522
synthetic_weather,weather,xgboost_ar,weather_0,2024-01-09 05:10:00,23.20287384044293,19.87166994411186
synthetic_weather,weather,xgboost_ar,weather_0,2024-01-09 05:20:00,23.307060986620524,19.87166994411186
synthetic_weather,weather,xgboost_ar,weather_0,2024-01-09 05:30:00,23.390237008761265,19.87166994411186
synthetic_weather,weather,xgboost_ar,weather_0,2024-01-09 05:40:00,23.450819800851676,19.87166994411186
synthetic_weather,weather,xgboost_ar,weather_0,2024-01-09 05:50:00,23.48764498441539,19.87166994411186
synthetic_weather,weather,xgboost_ar,weather_0,2024-01-09 06:00:00,23.5,19.87166994411186
synthetic_weather,weather,xgboost_ar,weather_0,2024-01-09 06:10:00,23.48764498441539,19.87166994411186
synthetic_weather,weather,xgboost_ar,weather_0,2024-01-09 06:20:00,23.450819800851686,19.87166994411186
synthetic_weather,weather,xgboost_ar,weather_0,2024-01-09 06:30:00,23.39023700876128,19.87166994411186
synthetic_weather,weather,xgboost_ar,weather_0,2024-01-09 06:40:00,23.307060986620538,19.87166994411186
synthetic_weather,weather,xgboost_ar,weather_0,2024-01-09 06:50:00,23.20287384044295,19.87166994411186
synthetic_weather,weather,xgboost_ar,weather_0,2024-01-09 07:00:00,23.07962913144536,19.87166994411186
synthetic_weather,weather,xgboost_ar,weather_0,2024-01-09 07:10:00,22.93959482540397,19.87166994411186
synthetic_weather,weather,xgboost_ar,weather_0,2024-01-09 07:20:00,22.78528719276301,19.87166994411186
synthetic_weather,weather,xgboost_ar,weather_0,2024-01-09 07:30:00,22.61939766255644,19.871857203193116
synthetic_weather,weather,xgboost_ar,weather_0,2024-01-09 07:40:00,22.444714846349797,19.871857203193116
synthetic_weather,weather,xgboost_ar,weather_0,2024-01-09 07:50:00,22.26404409422829,19.871857203193116
synthetic_weather,weather,xgboost_ar,weather_1,2024-01-09 00:00:00,19.49999999999999,19.49776207934274
synthetic_weather,weather,xgboost_ar,weather_1,2024-01-09 00:10:00,19.71050081333277,19.513960611306434
synthetic_weather,weather,xgboost_ar,weather_1,2024-01-09 00:20:00,19.90562502413126,19.716225069318657
synthetic_weather,weather,xgboost_ar,weather_1,2024-01-09 00:30:00,20.085643662992485,19.887042016089865
synthetic_weather,weather,xgboost_ar,weather_1,2024-01-09 00:40:00,20.25126310989412,19.898235303384972
synthetic_weather,weather,xgboost_ar,weather_1,2024-01-09 00:50:00,20.40359187453376,19.880429636927996
synthetic_weather,weather,xgboost_ar,weather_1,2024-01-09 01:00:00,20.544095225512603,19.793498544209672
synthetic_weather,weather,xgboost_ar,weather_1,2024-01-09 01:10:00,20.674539069184195,19.78468607798804
synthetic_weather,weather,xgboost_ar,weather_1,2024-01-09 01:20:00,20.796924805461803,19.78468607798804
synthetic_weather,weather,xgboost_ar,weather_1,2024-01-09 01:30:00,20.91341716182544,19.78818693208403
synthetic_weather,weather,xgboost_ar,weather_1,2024-01-09 01:40:00,21.02626721987004,19.78856238239905
synthetic_weather,weather,xgboost_ar,weather_1,2024-01-09 01:50:00,21.137732994512323,19.78856238239905
synthetic_weather,weather,xgboost_ar,weather_1,2024-01-09 02:00:00,21.249999999999982,19.78821935027675
synthetic_weather,weather,xgboost_ar,weather_1,2024-01-09 02:10:00,21.36510423689085,19.79117883091161
synthetic_weather,weather,xgboost_ar,weather_1,2024-01-09 02:20:00,21.484859960195738,19.79117883091161
synthetic_weather,weather,xgboost_ar,weather_1,2024-01-09 02:30:00,21.610794443151377,19.79117883091161
synthetic_weather,weather,xgboost_ar,weather_1,2024-01-09 02:40:00,21.744091738039735,19.79117883091161
synthetic_weather,weather,xgboost_ar,weather_1,2024-01-09 02:50:00,21.88554716157221,19.79117883091161
synthetic_weather,weather,xgboost_ar,weather_1,2024-01-09 03:00:00,22.03553390593272,19.79923842862569
synthetic_weather,weather,xgboost_ar,weather_1,2024-01-09 03:10:00,22.193982807544497,19.887420884297406
synthetic_weather,weather,xgboost_ar,weather_1,2024-01-09 03:20:00,22.36037590520191,19.909908856365803
synthetic_weather,weather,xgboost_ar,weather_1,2024-01-09 03:30:00,22.533753999563952,20.099299770404144
synthetic_weather,weather,xgboost_ar,weather_1,2024-01-09 03:40:00,22.712737999885466,20.269330291177575
synthetic_weather,weather,xgboost_ar,weather_1,2024-01-09 03:50:00,22.89556342422115,20.389705047942808
synthetic_weather,weather,xgboost_ar,weather_1,2024-01-09 04:00:00,23.080127018922212,20.463634477503884
synthetic_weather,weather,xgboost_ar,weather_1,2024-01-09 04:10:00,23.264044094228257,20.546776266711777
synthetic_weather,weather,xgboost_ar,weather_1,2024-01-09 04:20:00,23.444714846349765,20.66180098595361
synthetic_weather,weather,xgboost_ar,weather_1,2024-01-09 04:30:00,23.619397662556413,20.687749625987728
synthetic_weather,weather,xgboost_ar,weather_1,2024-01-09 04:40:00,23.785287192763008,20.777944702492952
synthetic_weather,weather,xgboost_ar,weather_1,2024-01-09 04:50:00,23.93959482540397,20.825102090639383
synthetic_weather,weather,xgboost_ar,weather_1,2024-01-09 05:00:00,24.079629131445337,20.887714360194522
synthetic_weather,weather,xgboost_ar,weather_1,2024-01-09 05:10:00,24.20287384044293,20.87166994411186
synthetic_weather,weather,xgboost_ar,weather_1,2024-01-09 05:20:00,24.307060986620524,20.87166994411186
synthetic_weather,weather,xgboost_ar,weather_1,2024-01-09 05:30:00,24.390237008761265,20.87166994411186
synthetic_weather,weather,xgboost_ar,weather_1,2024-01-09 05:40:00,24.450819800851676,20.87166994411186
synthetic_weather,weather,xgboost_ar,weather_1,2024-01-09 05:50:00,24.48764498441539,20.87166994411186
synthetic_weather,weather,xgboost_ar,weather_1,2024-01-09 06:00:00,24.5,20.87166994411186
synthetic_weather,weather,xgboost_ar,weather_1,2024-01-09 06:10:00,24.48764498441539,20.87166994411186
synthetic_weather,weather,xgboost_ar,weather_1,2024-01-09 06:20:00,24.450819800851686,20.87166994411186
synthetic_weather,weather,xgboost_ar,weather_1,2024-01-09 06:30:00,24.39023700876128,20.87166994411186
synthetic_weather,weather,xgboost_ar,weather_1,2024-01-09 06:40:00,24.307060986620538,20.87166994411186
synthetic_weather,weather,xgboost_ar,weather_1,2024-01-09 06:50:00,24.20287384044295,20.87166994411186
synthetic_weather,weather,xgboost_ar,weather_1,2024-01-09 07:00:00,24.07962913144536,20.87166994411186
synthetic_weather,weather,xgboost_ar,weather_1,2024-01-09 07:10:00,23.93959482540397,20.87166994411186
synthetic_weather,weather,xgboost_ar,weather_1,2024-01-09 07:20:00,23.78528719276301,20.87166994411186
synthetic_weather,weather,xgboost_ar,weather_1,2024-01-09 07:30:00,23.61939766255644,20.871857203193116
synthetic_weather,weather,xgboost_ar,weather_1,2024-01-09 07:40:00,23.444714846349797,20.871857203193116
synthetic_weather,weather,xgboost_ar,weather_1,2024-01-09 07:50:00,23.26404409422829,20.871857203193116
synthetic_weather,weather,tabpfn_ts,weather_0,2024-01-09 00:00:00,18.49999999999999,18.571596145629883
synthetic_weather,weather,tabpfn_ts,weather_0,2024-01-09 00:10:00,18.71050081333277,18.650375366210938
synthetic_weather,weather,tabpfn_ts,weather_0,2024-01-09 00:20:00,18.90562502413126,18.7225341796875
synthetic_weather,weather,tabpfn_ts,weather_0,2024-01-09 00:30:00,19.085643662992485,18.78333854675293
synthetic_weather,weather,tabpfn_ts,weather_0,2024-01-09 00:40:00,19.25126310989412,18.827741622924805
synthetic_weather,weather,tabpfn_ts,weather_0,2024-01-09 00:50:00,19.40359187453376,18.86617660522461
synthetic_weather,weather,tabpfn_ts,weather_0,2024-01-09 01:00:00,19.544095225512603,19.686269760131836
synthetic_weather,weather,tabpfn_ts,weather_0,2024-01-09 01:10:00,19.674539069184195,19.728200912475586
synthetic_weather,weather,tabpfn_ts,weather_0,2024-01-09 01:20:00,19.796924805461803,19.778966903686523
synthetic_weather,weather,tabpfn_ts,weather_0,2024-01-09 01:30:00,19.91341716182544,19.82109832763672
synthetic_weather,weather,tabpfn_ts,weather_0,2024-01-09 01:40:00,20.02626721987004,19.844497680664062
synthetic_weather,weather,tabpfn_ts,weather_0,2024-01-09 01:50:00,20.137732994512323,19.858327865600586
synthetic_weather,weather,tabpfn_ts,weather_0,2024-01-09 02:00:00,20.249999999999982,20.395055770874023
synthetic_weather,weather,tabpfn_ts,weather_0,2024-01-09 02:10:00,20.36510423689085,20.3963565826416
synthetic_weather,weather,tabpfn_ts,weather_0,2024-01-09 02:20:00,20.484859960195738,20.418062210083008
synthetic_weather,weather,tabpfn_ts,weather_0,2024-01-09 02:30:00,20.610794443151377,20.456584930419922
synthetic_weather,weather,tabpfn_ts,weather_0,2024-01-09 02:40:00,20.744091738039735,20.498008728027344
synthetic_weather,weather,tabpfn_ts,weather_0,2024-01-09 02:50:00,20.88554716157221,20.538087844848633
synthetic_weather,weather,tabpfn_ts,weather_0,2024-01-09 03:00:00,21.03553390593272,21.16582489013672
synthetic_weather,weather,tabpfn_ts,weather_0,2024-01-09 03:10:00,21.193982807544497,21.18063735961914
synthetic_weather,weather,tabpfn_ts,weather_0,2024-01-09 03:20:00,21.36037590520191,21.23257064819336
synthetic_weather,weather,tabpfn_ts,weather_0,2024-01-09 03:30:00,21.533753999563952,21.29520606994629
synthetic_weather,weather,tabpfn_ts,weather_0,2024-01-09 03:40:00,21.712737999885466,21.35274314880371
synthetic_weather,weather,tabpfn_ts,weather_0,2024-01-09 03:50:00,21.89556342422115,21.412046432495117
synthetic_weather,weather,tabpfn_ts,weather_0,2024-01-09 04:00:00,22.080127018922212,22.22220230102539
synthetic_weather,weather,tabpfn_ts,weather_0,2024-01-09 04:10:00,22.264044094228257,22.29193878173828
synthetic_weather,weather,tabpfn_ts,weather_0,2024-01-09 04:20:00,22.444714846349765,22.363412857055664
synthetic_weather,weather,tabpfn_ts,weather_0,2024-01-09 04:30:00,22.619397662556413,22.452028274536133
synthetic_weather,weather,tabpfn_ts,weather_0,2024-01-09 04:40:00,22.785287192763008,22.540220260620117
synthetic_weather,weather,tabpfn_ts,weather_0,2024-01-09 04:50:00,22.93959482540397,22.624563217163086
synthetic_weather,weather,tabpfn_ts,weather_0,2024-01-09 05:00:00,23.079629131445337,23.00629234313965
synthetic_weather,weather,tabpfn_ts,weather_0,2024-01-09 05:10:00,23.20287384044293,23.043567657470703
synthetic_weather,weather,tabpfn_ts,weather_0,2024-01-09 05:20:00,23.307060986620524,23.081180572509766
synthetic_weather,weather,tabpfn_ts,weather_0,2024-01-09 05:30:00,23.390237008761265,23.137157440185547
synthetic_weather,weather,tabpfn_ts,weather_0,2024-01-09 05:40:00,23.450819800851676,23.149606704711914
synthetic_weather,weather,tabpfn_ts,weather_0,2024-01-09 05:50:00,23.48764498441539,23.174577713012695
synthetic_weather,weather,tabpfn_ts,weather_0,2024-01-09 06:00:00,23.5,23.37204360961914
synthetic_weather,weather,tabpfn_ts,weather_0,2024-01-09 06:10:00,23.48764498441539,23.380725860595703
synthetic_weather,weather,tabpfn_ts,weather_0,2024-01-09 06:20:00,23.450819800851686,23.40250015258789
synthetic_weather,weather,tabpfn_ts,weather_0,2024-01-09 06:30:00,23.39023700876128,23.406238555908203
synthetic_weather,weather,tabpfn_ts,weather_0,2024-01-09 06:40:00,23.307060986620538,23.40737533569336
synthetic_weather,weather,tabpfn_ts,weather_0,2024-01-09 06:50:00,23.20287384044295,23.409286499023438
synthetic_weather,weather,tabpfn_ts,weather_0,2024-01-09 07:00:00,23.07962913144536,23.012502670288086
synthetic_weather,weather,tabpfn_ts,weather_0,2024-01-09 07:10:00,22.93959482540397,23.012475967407227
synthetic_weather,weather,tabpfn_ts,weather_0,2024-01-09 07:20:00,22.78528719276301,23.00844383239746
synthetic_weather,weather,tabpfn_ts,weather_0,2024-01-09 07:30:00,22.61939766255644,23.004377365112305
synthetic_weather,weather,tabpfn_ts,weather_0,2024-01-09 07:40:00,22.444714846349797,22.996286392211914
synthetic_weather,weather,tabpfn_ts,weather_0,2024-01-09 07:50:00,22.26404409422829,22.97533416748047
synthetic_weather,weather,tabpfn_ts,weather_1,2024-01-09 00:00:00,19.49999999999999,19.571596145629883
synthetic_weather,weather,tabpfn_ts,weather_1,2024-01-09 00:10:00,19.71050081333277,19.650375366210938
synthetic_weather,weather,tabpfn_ts,weather_1,2024-01-09 00:20:00,19.90562502413126,19.7225341796875
synthetic_weather,weather,tabpfn_ts,weather_1,2024-01-09 00:30:00,20.085643662992485,19.78333854675293
synthetic_weather,weather,tabpfn_ts,weather_1,2024-01-09 00:40:00,20.25126310989412,19.827741622924805
synthetic_weather,weather,tabpfn_ts,weather_1,2024-01-09 00:50:00,20.40359187453376,19.86617660522461
synthetic_weather,weather,tabpfn_ts,weather_1,2024-01-09 01:00:00,20.544095225512603,20.686269760131836
synthetic_weather,weather,tabpfn_ts,weather_1,2024-01-09 01:10:00,20.674539069184195,20.728200912475586
synthetic_weather,weather,tabpfn_ts,weather_1,2024-01-09 01:20:00,20.796924805461803,20.778966903686523
synthetic_weather,weather,tabpfn_ts,weather_1,2024-01-09 01:30:00,20.91341716182544,20.82109832763672
synthetic_weather,weather,tabpfn_ts,weather_1,2024-01-09 01:40:00,21.02626721987004,20.844497680664062
synthetic_weather,weather,tabpfn_ts,weather_1,2024-01-09 01:50:00,21.137732994512323,20.858327865600586
synthetic_weather,weather,tabpfn_ts,weather_1,2024-01-09 02:00:00,21.249999999999982,21.395055770874023
synthetic_weather,weather,tabpfn_ts,weather_1,2024-01-09 02:10:00,21.36510423689085,21.3963565826416
synthetic_weather,weather,tabpfn_ts,weather_1,2024-01-09 02:20:00,21.484859960195738,21.418062210083008
synthetic_weather,weather,tabpfn_ts,weather_1,2024-01-09 02:30:00,21.610794443151377,21.456584930419922
synthetic_weather,weather,tabpfn_ts,weather_1,2024-01-09 02:40:00,21.744091738039735,21.498008728027344
synthetic_weather,weather,tabpfn_ts,weather_1,2024-01-09 02:50:00,21.88554716157221,21.538087844848633
synthetic_weather,weather,tabpfn_ts,weather_1,2024-01-09 03:00:00,22.03553390593272,22.16582489013672
synthetic_weather,weather,tabpfn_ts,weather_1,2024-01-09 03:10:00,22.193982807544497,22.18063735961914
synthetic_weather,weather,tabpfn_ts,weather_1,2024-01-09 03:20:00,22.36037590520191,22.23257064819336
synthetic_weather,weather,tabpfn_ts,weather_1,2024-01-09 03:30:00,22.533753999563952,22.29520606994629
synthetic_weather,weather,tabpfn_ts,weather_1,2024-01-09 03:40:00,22.712737999885466,22.35274314880371
synthetic_weather,weather,tabpfn_ts,weather_1,2024-01-09 03:50:00,22.89556342422115,22.412046432495117
synthetic_weather,weather,tabpfn_ts,weather_1,2024-01-09 04:00:00,23.080127018922212,23.22220230102539
synthetic_weather,weather,tabpfn_ts,weather_1,2024-01-09 04:10:00,23.264044094228257,23.29193878173828
synthetic_weather,weather,tabpfn_ts,weather_1,2024-01-09 04:20:00,23.444714846349765,23.363412857055664
synthetic_weather,weather,tabpfn_ts,weather_1,2024-01-09 04:30:00,23.619397662556413,23.452028274536133
synthetic_weather,weather,tabpfn_ts,weather_1,2024-01-09 04:40:00,23.785287192763008,23.540220260620117
synthetic_weather,weather,tabpfn_ts,weather_1,2024-01-09 04:50:00,23.93959482540397,23.624563217163086
synthetic_weather,weather,tabpfn_ts,weather_1,2024-01-09 05:00:00,24.079629131445337,24.00629234313965
synthetic_weather,weather,tabpfn_ts,weather_1,2024-01-09 05:10:00,24.20287384044293,24.043567657470703
synthetic_weather,weather,tabpfn_ts,weather_1,2024-01-09 05:20:00,24.307060986620524,24.081180572509766
synthetic_weather,weather,tabpfn_ts,weather_1,2024-01-09 05:30:00,24.390237008761265,24.137157440185547
synthetic_weather,weather,tabpfn_ts,weather_1,2024-01-09 05:40:00,24.450819800851676,24.149606704711914
synthetic_weather,weather,tabpfn_ts,weather_1,2024-01-09 05:50:00,24.48764498441539,24.174577713012695
synthetic_weather,weather,tabpfn_ts,weather_1,2024-01-09 06:00:00,24.5,24.37204360961914
synthetic_weather,weather,tabpfn_ts,weather_1,2024-01-09 06:10:00,24.48764498441539,24.380725860595703
synthetic_weather,weather,tabpfn_ts,weather_1,2024-01-09 06:20:00,24.450819800851686,24.40250015258789
synthetic_weather,weather,tabpfn_ts,weather_1,2024-01-09 06:30:00,24.39023700876128,24.406238555908203
synthetic_weather,weather,tabpfn_ts,weather_1,2024-01-09 06:40:00,24.307060986620538,24.40737533569336
synthetic_weather,weather,tabpfn_ts,weather_1,2024-01-09 06:50:00,24.20287384044295,24.409286499023438
synthetic_weather,weather,tabpfn_ts,weather_1,2024-01-09 07:00:00,24.07962913144536,24.012502670288086
synthetic_weather,weather,tabpfn_ts,weather_1,2024-01-09 07:10:00,23.93959482540397,24.012475967407227
synthetic_weather,weather,tabpfn_ts,weather_1,2024-01-09 07:20:00,23.78528719276301,24.00844383239746
synthetic_weather,weather,tabpfn_ts,weather_1,2024-01-09 07:30:00,23.61939766255644,24.004377365112305
synthetic_weather,weather,tabpfn_ts,weather_1,2024-01-09 07:40:00,23.444714846349797,23.996286392211914
synthetic_weather,weather,tabpfn_ts,weather_1,2024-01-09 07:50:00,23.26404409422829,23.97533416748047
synthetic_exchange,economics,dummy_mean,exchange_0,2025-01-07 00:00:00,4.7825465185974405,2.855
synthetic_exchange,economics,dummy_mean,exchange_0,2025-01-08 00:00:00,4.807994232974547,2.855
synthetic_exchange,economics,dummy_mean,exchange_0,2025-01-09 00:00:00,4.774710699129405,2.855
synthetic_exchange,economics,dummy_mean,exchange_0,2025-01-10 00:00:00,4.715289300870598,2.855
synthetic_exchange,economics,dummy_mean,exchange_0,2025-01-11 00:00:00,4.682005767025454,2.855
synthetic_exchange,economics,dummy_mean,exchange_0,2025-01-12 00:00:00,4.707453481402554,2.855
synthetic_exchange,economics,dummy_mean,exchange_0,2025-01-13 00:00:00,4.780000000000003,2.855
synthetic_exchange,economics,dummy_mean,exchange_0,2025-01-14 00:00:00,4.852546518597442,2.855
synthetic_exchange,economics,dummy_mean,exchange_0,2025-01-15 00:00:00,4.8779942329745465,2.855
synthetic_exchange,economics,dummy_mean,exchange_0,2025-01-16 00:00:00,4.844710699129407,2.855
synthetic_exchange,economics,dummy_mean,exchange_0,2025-01-17 00:00:00,4.785289300870596,2.855
synthetic_exchange,economics,dummy_mean,exchange_0,2025-01-18 00:00:00,4.752005767025455,2.855
synthetic_exchange,economics,dummy_mean,exchange_0,2025-01-19 00:00:00,4.777453481402556,2.855
synthetic_exchange,economics,dummy_mean,exchange_0,2025-01-20 00:00:00,4.8500000000000005,2.855
synthetic_exchange,economics,dummy_mean,exchange_0,2025-01-21 00:00:00,4.92254651859744,2.855
synthetic_exchange,economics,dummy_mean,exchange_0,2025-01-22 00:00:00,4.947994232974546,2.855
synthetic_exchange,economics,dummy_mean,exchange_0,2025-01-23 00:00:00,4.914710699129407,2.855
synthetic_exchange,economics,dummy_mean,exchange_0,2025-01-24 00:00:00,4.855289300870598,2.855
synthetic_exchange,economics,dummy_mean,exchange_0,2025-01-25 00:00:00,4.8220057670254555,2.855
synthetic_exchange,economics,dummy_mean,exchange_0,2025-01-26 00:00:00,4.8474534814025585,2.855
synthetic_exchange,economics,dummy_mean,exchange_0,2025-01-27 00:00:00,4.919999999999999,2.855
synthetic_exchange,economics,dummy_mean,exchange_0,2025-01-28 00:00:00,4.992546518597442,2.855
synthetic_exchange,economics,dummy_mean,exchange_0,2025-01-29 00:00:00,5.017994232974546,2.855
synthetic_exchange,economics,dummy_mean,exchange_0,2025-01-30 00:00:00,4.984710699129406,2.855
synthetic_exchange,economics,dummy_mean,exchange_0,2025-01-31 00:00:00,4.9252893008705945,2.855
synthetic_exchange,economics,dummy_mean,exchange_0,2025-02-01 00:00:00,4.892005767025455,2.855
synthetic_exchange,economics,dummy_mean,exchange_0,2025-02-02 00:00:00,4.917453481402558,2.855
synthetic_exchange,economics,dummy_mean,exchange_0,2025-02-03 00:00:00,4.9899999999999975,2.855
synthetic_exchange,economics,dummy_mean,exchange_0,2025-02-04 00:00:00,5.062546518597442,2.855
synthetic_exchange,economics,dummy_mean,exchange_0,2025-02-05 00:00:00,5.0879942329745464,2.855
synthetic_exchange,economics,dummy_mean,exchange_0,2025-02-06 00:00:00,5.054710699129407,2.855
synthetic_exchange,economics,dummy_mean,exchange_0,2025-02-07 00:00:00,4.9952893008706,2.855
synthetic_exchange,economics,dummy_mean,exchange_0,2025-02-08 00:00:00,4.962005767025454,2.855
synthetic_exchange,economics,dummy_mean,exchange_0,2025-02-09 00:00:00,4.987453481402556,2.855
synthetic_exchange,economics,dummy_mean,exchange_0,2025-02-10 00:00:00,5.0600000000000005,2.855
synthetic_exchange,economics,dummy_mean,exchange_0,2025-02-11 00:00:00,5.132546518597444,2.855
synthetic_exchange,economics,dummy_mean,exchange_0,2025-02-12 00:00:00,5.157994232974546,2.855
synthetic_exchange,economics,dummy_mean,exchange_0,2025-02-13 00:00:00,5.124710699129404,2.855
synthetic_exchange,economics,dummy_mean,exchange_0,2025-02-14 00:00:00,5.065289300870597,2.855
synthetic_exchange,economics,dummy_mean,exchange_0,2025-02-15 00:00:00,5.0320057670254545,2.855
synthetic_exchange,economics,dummy_mean,exchange_0,2025-02-16 00:00:00,5.057453481402556,2.855
synthetic_exchange,economics,dummy_mean,exchange_0,2025-02-17 00:00:00,5.129999999999998,2.855
synthetic_exchange,economics,dummy_mean,exchange_0,2025-02-18 00:00:00,5.2025465185974396,2.855
synthetic_exchange,economics,dummy_mean,exchange_0,2025-02-19 00:00:00,5.227994232974547,2.855
synthetic_exchange,economics,dummy_mean,exchange_0,2025-02-20 00:00:00,5.194710699129402,2.855
synthetic_exchange,economics,dummy_mean,exchange_0,2025-02-21 00:00:00,5.135289300870594,2.855
synthetic_exchange,economics,dummy_mean,exchange_0,2025-02-22 00:00:00,5.102005767025453,2.855
synthetic_exchange,economics,dummy_mean,exchange_0,2025-02-23 00:00:00,5.127453481402558,2.855
synthetic_exchange,economics,dummy_mean,exchange_1,2025-01-07 00:00:00,4.812546518597441,2.8850000000000002
synthetic_exchange,economics,dummy_mean,exchange_1,2025-01-08 00:00:00,4.837994232974547,2.8850000000000002
synthetic_exchange,economics,dummy_mean,exchange_1,2025-01-09 00:00:00,4.804710699129405,2.8850000000000002
synthetic_exchange,economics,dummy_mean,exchange_1,2025-01-10 00:00:00,4.745289300870598,2.8850000000000002
synthetic_exchange,economics,dummy_mean,exchange_1,2025-01-11 00:00:00,4.712005767025454,2.8850000000000002
synthetic_exchange,economics,dummy_mean,exchange_1,2025-01-12 00:00:00,4.737453481402555,2.8850000000000002
synthetic_exchange,economics,dummy_mean,exchange_1,2025-01-13 00:00:00,4.810000000000003,2.8850000000000002
synthetic_exchange,economics,dummy_mean,exchange_1,2025-01-14 00:00:00,4.882546518597442,2.8850000000000002
synthetic_exchange,economics,dummy_mean,exchange_1,2025-01-15 00:00:00,4.907994232974547,2.8850000000000002
synthetic_exchange,economics,dummy_mean,exchange_1,2025-01-16 00:00:00,4.874710699129407,2.8850000000000002
synthetic_exchange,economics,dummy_mean,exchange_1,2025-01-17 00:00:00,4.815289300870596,2.8850000000000002
synthetic_exchange,economics,dummy_mean,exchange_1,2025-01-18 00:00:00,4.782005767025455,2.8850000000000002
synthetic_exchange,economics,dummy_mean,exchange_1,2025-01-19 00:00:00,4.807453481402557,2.8850000000000002
synthetic_exchange,economics,dummy_mean,exchange_1,2025-01-20 00:00:00,4.880000000000001,2.8850000000000002
synthetic_exchange,economics,dummy_mean,exchange_1,2025-01-21 00:00:00,4.95254651859744,2.8850000000000002
synthetic_exchange,economics,dummy_mean,exchange_1,2025-01-22 00:00:00,4.977994232974546,2.8850000000000002
synthetic_exchange,economics,dummy_mean,exchange_1,2025-01-23 00:00:00,4.944710699129407,2.8850000000000002
synthetic_exchange,economics,dummy_mean,exchange_1,2025-01-24 00:00:00,4.885289300870598,2.8850000000000002
synthetic_exchange,economics,dummy_mean,exchange_1,2025-01-25 00:00:00,4.852005767025456,2.8850000000000002
synthetic_exchange,economics,dummy_mean,exchange_1,2025-01-26 00:00:00,4.877453481402559,2.8850000000000002
synthetic_exchange,economics,dummy_mean,exchange_1,2025-01-27 00:00:00,4.949999999999999,2.8850000000000002
synthetic_exchange,economics,dummy_mean,exchange_1,2025-01-28 00:00:00,5.0225465185974425,2.8850000000000002
synthetic_exchange,economics,dummy_mean,exchange_1,2025-01-29 00:00:00,5.047994232974546,2.8850000000000002
synthetic_exchange,economics,dummy_mean,exchange_1,2025-01-30 00:00:00,5.014710699129406,2.8850000000000002
synthetic_exchange,economics,dummy_mean,exchange_1,2025-01-31 00:00:00,4.955289300870595,2.8850000000000002
synthetic_exchange,economics,dummy_mean,exchange_1,2025-02-01 00:00:00,4.922005767025455,2.8850000000000002
synthetic_exchange,economics,dummy_mean,exchange_1,2025-02-02 00:00:00,4.947453481402558,2.8850000000000002
synthetic_exchange,economics,dummy_mean,exchange_1,2025-02-03 00:00:00,5.019999999999998,2.8850000000000002
synthetic_exchange,economics,dummy_mean,exchange_1,2025-02-04 00:00:00,5.092546518597442,2.8850000000000002
synthetic_exchange,economics,dummy_mean,exchange_1,2025-02-05 00:00:00,5.117994232974547,2.8850000000000002
synthetic_exchange,economics,dummy_mean,exchange_1,2025-02-06 00:00:00,5.084710699129407,2.8850000000000002
synthetic_exchange,economics,dummy_mean,exchange_1,2025-02-07 00:00:00,5.0252893008706,2.8850000000000002
synthetic_exchange,economics,dummy_mean,exchange_1,2025-02-08 00:00:00,4.9920057670254545,2.8850000000000002
synthetic_exchange,economics,dummy_mean,exchange_1,2025-02-09 00:00:00,5.017453481402557,2.8850000000000002
synthetic_exchange,economics,dummy_mean,exchange_1,2025-02-10 00:00:00,5.090000000000001,2.8850000000000002
synthetic_exchange,economics,dummy_mean,exchange_1,2025-02-11 00:00:00,5.162546518597444,2.8850000000000002
synthetic_exchange,economics,dummy_mean,exchange_1,2025-02-12 00:00:00,5.187994232974546,2.8850000000000002
synthetic_exchange,economics,dummy_mean,exchange_1,2025-02-13 00:00:00,5.154710699129404,2.8850000000000002
synthetic_exchange,economics,dummy_mean,exchange_1,2025-02-14 00:00:00,5.095289300870597,2.8850000000000002
synthetic_exchange,economics,dummy_mean,exchange_1,2025-02-15 00:00:00,5.062005767025455,2.8850000000000002
synthetic_exchange,economics,dummy_mean,exchange_1,2025-02-16 00:00:00,5.087453481402556,2.8850000000000002
synthetic_exchange,economics,dummy_mean,exchange_1,2025-02-17 00:00:00,5.159999999999998,2.8850000000000002
synthetic_exchange,economics,dummy_mean,exchange_1,2025-02-18 00:00:00,5.23254651859744,2.8850000000000002
synthetic_exchange,economics,dummy_mean,exchange_1,2025-02-19 00:00:00,5.257994232974547,2.8850000000000002
synthetic_exchange,economics,dummy_mean,exchange_1,2025-02-20 00:00:00,5.224710699129402,2.8850000000000002
synthetic_exchange,economics,dummy_mean,exchange_1,2025-02-21 00:00:00,5.165289300870595,2.8850000000000002
synthetic_exchange,economics,dummy_mean,exchange_1,2025-02-22 00:00:00,5.132005767025453,2.8850000000000002
synthetic_exchange,economics,dummy_mean,exchange_1,2025-02-23 00:00:00,5.157453481402558,2.8850000000000002
synthetic_exchange,economics,dummy_mean,exchange_2,2025-01-07 00:00:00,4.84254651859744,2.9150000000000005
synthetic_exchange,economics,dummy_mean,exchange_2,2025-01-08 00:00:00,4.867994232974547,2.9150000000000005
synthetic_exchange,economics,dummy_mean,exchange_2,2025-01-09 00:00:00,4.834710699129404,2.9150000000000005
synthetic_exchange,economics,dummy_mean,exchange_2,2025-01-10 00:00:00,4.775289300870598,2.9150000000000005
synthetic_exchange,economics,dummy_mean,exchange_2,2025-01-11 00:00:00,4.742005767025454,2.9150000000000005
synthetic_exchange,economics,dummy_mean,exchange_2,2025-01-12 00:00:00,4.767453481402554,2.9150000000000005
synthetic_exchange,economics,dummy_mean,exchange_2,2025-01-13 00:00:00,4.8400000000000025,2.9150000000000005
synthetic_exchange,economics,dummy_mean,exchange_2,2025-01-14 00:00:00,4.912546518597441,2.9150000000000005
synthetic_exchange,economics,dummy_mean,exchange_2,2025-01-15 00:00:00,4.937994232974546,2.9150000000000005
synthetic_exchange,economics,dummy_mean,exchange_2,2025-01-16 00:00:00,4.9047106991294065,2.9150000000000005
synthetic_exchange,economics,dummy_mean,exchange_2,2025-01-17 00:00:00,4.845289300870595,2.9150000000000005
synthetic_exchange,economics,dummy_mean,exchange_2,2025-01-18 00:00:00,4.812005767025455,2.9150000000000005
synthetic_exchange,economics,dummy_mean,exchange_2,2025-01-19 00:00:00,4.837453481402556,2.9150000000000005
synthetic_exchange,economics,dummy_mean,exchange_2,2025-01-20 00:00:00,4.91,2.9150000000000005
synthetic_exchange,economics,dummy_mean,exchange_2,2025-01-21 00:00:00,4.98254651859744,2.9150000000000005
synthetic_exchange,economics,dummy_mean,exchange_2,2025-01-22 00:00:00,5.0079942329745455,2.9150000000000005
synthetic_exchange,economics,dummy_mean,exchange_2,2025-01-23 00:00:00,4.974710699129407,2.9150000000000005
synthetic_exchange,economics,dummy_mean,exchange_2,2025-01-24 00:00:00,4.915289300870597,2.9150000000000005
synthetic_exchange,economics,dummy_mean,exchange_2,2025-01-25 00:00:00,4.882005767025455,2.9150000000000005
synthetic_exchange,economics,dummy_mean,exchange_2,2025-01-26 00:00:00,4.907453481402558,2.9150000000000005
synthetic_exchange,economics,dummy_mean,exchange_2,2025-01-27 00:00:00,4.979999999999999,2.9150000000000005
synthetic_exchange,economics,dummy_mean,exchange_2,2025-01-28 00:00:00,5.052546518597442,2.9150000000000005
synthetic_exchange,economics,dummy_mean,exchange_2,2025-01-29 00:00:00,5.077994232974546,2.9150000000000005
synthetic_exchange,economics,dummy_mean,exchange_2,2025-01-30 00:00:00,5.044710699129405,2.9150000000000005
synthetic_exchange,economics,dummy_mean,exchange_2,2025-01-31 00:00:00,4.985289300870594,2.9150000000000005
synthetic_exchange,economics,dummy_mean,exchange_2,2025-02-01 00:00:00,4.9520057670254545,2.9150000000000005
synthetic_exchange,economics,dummy_mean,exchange_2,2025-02-02 00:00:00,4.9774534814025575,2.9150000000000005
synthetic_exchange,economics,dummy_mean,exchange_2,2025-02-03 00:00:00,5.049999999999997,2.9150000000000005
synthetic_exchange,economics,dummy_mean,exchange_2,2025-02-04 00:00:00,5.122546518597441,2.9150000000000005
synthetic_exchange,economics,dummy_mean,exchange_2,2025-02-05 00:00:00,5.147994232974546,2.9150000000000005
synthetic_exchange,economics,dummy_mean,exchange_2,2025-02-06 00:00:00,5.1147106991294065,2.9150000000000005
synthetic_exchange,economics,dummy_mean,exchange_2,2025-02-07 00:00:00,5.0552893008706,2.9150000000000005
synthetic_exchange,economics,dummy_mean,exchange_2,2025-02-08 00:00:00,5.022005767025454,2.9150000000000005
synthetic_exchange,economics,dummy_mean,exchange_2,2025-02-09 00:00:00,5.047453481402556,2.9150000000000005
synthetic_exchange,economics,dummy_mean,exchange_2,2025-02-10 00:00:00,5.12,2.9150000000000005
synthetic_exchange,economics,dummy_mean,exchange_2,2025-02-11 00:00:00,5.192546518597443,2.9150000000000005
synthetic_exchange,economics,dummy_mean,exchange_2,2025-02-12 00:00:00,5.2179942329745455,2.9150000000000005
synthetic_exchange,economics,dummy_mean,exchange_2,2025-02-13 00:00:00,5.184710699129403,2.9150000000000005
synthetic_exchange,economics,dummy_mean,exchange_2,2025-02-14 00:00:00,5.125289300870596,2.9150000000000005
synthetic_exchange,economics,dummy_mean,exchange_2,2025-02-15 00:00:00,5.092005767025454,2.9150000000000005
synthetic_exchange,economics,dummy_mean,exchange_2,2025-02-16 00:00:00,5.117453481402555,2.9150000000000005
synthetic_exchange,economics,dummy_mean,exchange_2,2025-02-17 00:00:00,5.189999999999998,2.9150000000000005
synthetic_exchange,economics,dummy_mean,exchange_2,2025-02-18 00:00:00,5.262546518597439,2.9150000000000005
synthetic_exchange,economics,dummy_mean,exchange_2,2025-02-19 00:00:00,5.287994232974547,2.9150000000000005
synthetic_exchange,economics,dummy_mean,exchange_2,2025-02-20 00:00:00,5.254710699129402,2.9150000000000005
synthetic_exchange,economics,dummy_mean,exchange_2,2025-02-21 00:00:00,5.195289300870594,2.9150000000000005
synthetic_exchange,economics,dummy_mean,exchange_2,2025-02-22 00:00:00,5.162005767025453,2.9150000000000005
synthetic_exchange,economics,dummy_mean,exchange_2,2025-02-23 00:00:00,5.1874534814025575,2.9150000000000005
synthetic_exchange,economics,seasonal_naive,exchange_0,2025-01-07 00:00:00,4.7825465185974405,4.4020057670254555
synthetic_exchange,economics,seasonal_naive,exchange_0,2025-01-08 00:00:00,4.807994232974547,4.427453481402557
synthetic_exchange,economics,seasonal_naive,exchange_0,2025-01-09 00:00:00,4.774710699129405,4.499999999999996
synthetic_exchange,economics,seasonal_naive,exchange_0,2025-01-10 00:00:00,4.715289300870598,4.5725465185974405
synthetic_exchange,economics,seasonal_naive,exchange_0,2025-01-11 00:00:00,4.682005767025454,4.597994232974547
synthetic_exchange,economics,seasonal_naive,exchange_0,2025-01-12 00:00:00,4.707453481402554,4.564710699129404
synthetic_exchange,economics,seasonal_naive,exchange_0,2025-01-13 00:00:00,4.780000000000003,4.505289300870594
synthetic_exchange,economics,seasonal_naive,exchange_0,2025-01-14 00:00:00,4.852546518597442,4.472005767025455
synthetic_exchange,economics,seasonal_naive,exchange_0,2025-01-15 00:00:00,4.8779942329745465,4.497453481402559
synthetic_exchange,economics,seasonal_naive,exchange_0,2025-01-16 00:00:00,4.844710699129407,4.5699999999999985
synthetic_exchange,economics,seasonal_naive,exchange_0,2025-01-17 00:00:00,4.785289300870596,4.642546518597443
synthetic_exchange,economics,seasonal_naive,exchange_0,2025-01-18 00:00:00,4.752005767025455,4.6679942329745465
synthetic_exchange,economics,seasonal_naive,exchange_0,2025-01-19 00:00:00,4.777453481402556,4.634710699129405
synthetic_exchange,economics,seasonal_naive,exchange_0,2025-01-20 00:00:00,4.8500000000000005,4.575289300870598
synthetic_exchange,economics,seasonal_naive,exchange_0,2025-01-21 00:00:00,4.92254651859744,4.542005767025454
synthetic_exchange,economics,seasonal_naive,exchange_0,2025-01-22 00:00:00,4.947994232974546,4.567453481402557
synthetic_exchange,economics,seasonal_naive,exchange_0,2025-01-23 00:00:00,4.914710699129407,4.639999999999997
synthetic_exchange,economics,seasonal_naive,exchange_0,2025-01-24 00:00:00,4.855289300870598,4.712546518597445
synthetic_exchange,economics,seasonal_naive,exchange_0,2025-01-25 00:00:00,4.8220057670254555,4.737994232974546
synthetic_exchange,economics,seasonal_naive,exchange_0,2025-01-26 00:00:00,4.8474534814025585,4.704710699129403
synthetic_exchange,economics,seasonal_naive,exchange_0,2025-01-27 00:00:00,4.919999999999999,4.645289300870596
synthetic_exchange,economics,seasonal_naive,exchange_0,2025-01-28 00:00:00,4.992546518597442,4.612005767025454
synthetic_exchange,economics,seasonal_naive,exchange_0,2025-01-29 00:00:00,5.017994232974546,4.637453481402557
synthetic_exchange,economics,seasonal_naive,exchange_0,2025-01-30 00:00:00,4.984710699129406,4.709999999999999
synthetic_exchange,economics,seasonal_naive,exchange_0,2025-01-31 00:00:00,4.9252893008705945,4.4020057670254555
synthetic_exchange,economics,seasonal_naive,exchange_0,2025-02-01 00:00:00,4.892005767025455,4.427453481402557
synthetic_exchange,economics,seasonal_naive,exchange_0,2025-02-02 00:00:00,4.917453481402558,4.499999999999996
synthetic_exchange,economics,seasonal_naive,exchange_0,2025-02-03 00:00:00,4.9899999999999975,4.5725465185974405
synthetic_exchange,economics,seasonal_naive,exchange_0,2025-02-04 00:00:00,5.062546518597442,4.597994232974547
synthetic_exchange,economics,seasonal_naive,exchange_0,2025-02-05 00:00:00,5.0879942329745464,4.564710699129404
synthetic_exchange,economics,seasonal_naive,exchange_0,2025-02-06 00:00:00,5.054710699129407,4.505289300870594
synthetic_exchange,economics,seasonal_naive,exchange_0,2025-02-07 00:00:00,4.9952893008706,4.472005767025455
synthetic_exchange,economics,seasonal_naive,exchange_0,2025-02-08 00:00:00,4.962005767025454,4.497453481402559
synthetic_exchange,economics,seasonal_naive,exchange_0,2025-02-09 00:00:00,4.987453481402556,4.5699999999999985
synthetic_exchange,economics,seasonal_naive,exchange_0,2025-02-10 00:00:00,5.0600000000000005,4.642546518597443
synthetic_exchange,economics,seasonal_naive,exchange_0,2025-02-11 00:00:00,5.132546518597444,4.6679942329745465
synthetic_exchange,economics,seasonal_naive,exchange_0,2025-02-12 00:00:00,5.157994232974546,4.634710699129405
synthetic_exchange,economics,seasonal_naive,exchange_0,2025-02-13 00:00:00,5.124710699129404,4.575289300870598
synthetic_exchange,economics,seasonal_naive,exchange_0,2025-02-14 00:00:00,5.065289300870597,4.542005767025454
synthetic_exchange,economics,seasonal_naive,exchange_0,2025-02-15 00:00:00,5.0320057670254545,4.567453481402557
synthetic_exchange,economics,seasonal_naive,exchange_0,2025-02-16 00:00:00,5.057453481402556,4.639999999999997
synthetic_exchange,economics,seasonal_naive,exchange_0,2025-02-17 00:00:00,5.129999999999998,4.712546518597445
synthetic_exchange,economics,seasonal_naive,exchange_0,2025-02-18 00:00:00,5.2025465185974396,4.737994232974546
synthetic_exchange,economics,seasonal_naive,exchange_0,2025-02-19 00:00:00,5.227994232974547,4.704710699129403
synthetic_exchange,economics,seasonal_naive,exchange_0,2025-02-20 00:00:00,5.194710699129402,4.645289300870596
synthetic_exchange,economics,seasonal_naive,exchange_0,2025-02-21 00:00:00,5.135289300870594,4.612005767025454
synthetic_exchange,economics,seasonal_naive,exchange_0,2025-02-22 00:00:00,5.102005767025453,4.637453481402557
synthetic_exchange,economics,seasonal_naive,exchange_0,2025-02-23 00:00:00,5.127453481402558,4.709999999999999
synthetic_exchange,economics,seasonal_naive,exchange_1,2025-01-07 00:00:00,4.812546518597441,4.432005767025456
synthetic_exchange,economics,seasonal_naive,exchange_1,2025-01-08 00:00:00,4.837994232974547,4.457453481402557
synthetic_exchange,economics,seasonal_naive,exchange_1,2025-01-09 00:00:00,4.804710699129405,4.529999999999996
synthetic_exchange,economics,seasonal_naive,exchange_1,2025-01-10 00:00:00,4.745289300870598,4.602546518597441
synthetic_exchange,economics,seasonal_naive,exchange_1,2025-01-11 00:00:00,4.712005767025454,4.627994232974547
synthetic_exchange,economics,seasonal_naive,exchange_1,2025-01-12 00:00:00,4.737453481402555,4.594710699129404
synthetic_exchange,economics,seasonal_naive,exchange_1,2025-01-13 00:00:00,4.810000000000003,4.535289300870594
synthetic_exchange,economics,seasonal_naive,exchange_1,2025-01-14 00:00:00,4.882546518597442,4.502005767025455
synthetic_exchange,economics,seasonal_naive,exchange_1,2025-01-15 00:00:00,4.907994232974547,4.527453481402559
synthetic_exchange,economics,seasonal_naive,exchange_1,2025-01-16 00:00:00,4.874710699129407,4.599999999999999
synthetic_exchange,economics,seasonal_naive,exchange_1,2025-01-17 00:00:00,4.815289300870596,4.672546518597443
synthetic_exchange,economics,seasonal_naive,exchange_1,2025-01-18 00:00:00,4.782005767025455,4.697994232974547
synthetic_exchange,economics,seasonal_naive,exchange_1,2025-01-19 00:00:00,4.807453481402557,4.664710699129405
synthetic_exchange,economics,seasonal_naive,exchange_1,2025-01-20 00:00:00,4.880000000000001,4.605289300870599
synthetic_exchange,economics,seasonal_naive,exchange_1,2025-01-21 00:00:00,4.95254651859744,4.572005767025455
synthetic_exchange,economics,seasonal_naive,exchange_1,2025-01-22 00:00:00,4.977994232974546,4.597453481402558
synthetic_exchange,economics,seasonal_naive,exchange_1,2025-01-23 00:00:00,4.944710699129407,4.669999999999997
synthetic_exchange,economics,seasonal_naive,exchange_1,2025-01-24 00:00:00,4.885289300870598,4.742546518597445
synthetic_exchange,economics,seasonal_naive,exchange_1,2025-01-25 00:00:00,4.852005767025456,4.767994232974546
synthetic_exchange,economics,seasonal_naive,exchange_1,2025-01-26 00:00:00,4.877453481402559,4.734710699129403
synthetic_exchange,economics,seasonal_naive,exchange_1,2025-01-27 00:00:00,4.949999999999999,4.675289300870596
synthetic_exchange,economics,seasonal_naive,exchange_1,2025-01-28 00:00:00,5.0225465185974425,4.642005767025454
synthetic_exchange,economics,seasonal_naive,exchange_1,2025-01-29 00:00:00,5.047994232974546,4.667453481402557
synthetic_exchange,economics,seasonal_naive,exchange_1,2025-01-30 00:00:00,5.014710699129406,4.739999999999999
synthetic_exchange,economics,seasonal_naive,exchange_1,2025-01-31 00:00:00,4.955289300870595,4.432005767025456
synthetic_exchange,economics,seasonal_naive,exchange_1,2025-02-01 00:00:00,4.922005767025455,4.457453481402557
synthetic_exchange,economics,seasonal_naive,exchange_1,2025-02-02 00:00:00,4.947453481402558,4.529999999999996
synthetic_exchange,economics,seasonal_naive,exchange_1,2025-02-03 00:00:00,5.019999999999998,4.602546518597441
synthetic_exchange,economics,seasonal_naive,exchange_1,2025-02-04 00:00:00,5.092546518597442,4.627994232974547
synthetic_exchange,economics,seasonal_naive,exchange_1,2025-02-05 00:00:00,5.117994232974547,4.594710699129404
synthetic_exchange,economics,seasonal_naive,exchange_1,2025-02-06 00:00:00,5.084710699129407,4.535289300870594
synthetic_exchange,economics,seasonal_naive,exchange_1,2025-02-07 00:00:00,5.0252893008706,4.502005767025455
synthetic_exchange,economics,seasonal_naive,exchange_1,2025-02-08 00:00:00,4.9920057670254545,4.527453481402559
synthetic_exchange,economics,seasonal_naive,exchange_1,2025-02-09 00:00:00,5.017453481402557,4.599999999999999
synthetic_exchange,economics,seasonal_naive,exchange_1,2025-02-10 00:00:00,5.090000000000001,4.672546518597443
synthetic_exchange,economics,seasonal_naive,exchange_1,2025-02-11 00:00:00,5.162546518597444,4.697994232974547
synthetic_exchange,economics,seasonal_naive,exchange_1,2025-02-12 00:00:00,5.187994232974546,4.664710699129405
synthetic_exchange,economics,seasonal_naive,exchange_1,2025-02-13 00:00:00,5.154710699129404,4.605289300870599
synthetic_exchange,economics,seasonal_naive,exchange_1,2025-02-14 00:00:00,5.095289300870597,4.572005767025455
synthetic_exchange,economics,seasonal_naive,exchange_1,2025-02-15 00:00:00,5.062005767025455,4.597453481402558
synthetic_exchange,economics,seasonal_naive,exchange_1,2025-02-16 00:00:00,5.087453481402556,4.669999999999997
synthetic_exchange,economics,seasonal_naive,exchange_1,2025-02-17 00:00:00,5.159999999999998,4.742546518597445
synthetic_exchange,economics,seasonal_naive,exchange_1,2025-02-18 00:00:00,5.23254651859744,4.767994232974546
synthetic_exchange,economics,seasonal_naive,exchange_1,2025-02-19 00:00:00,5.257994232974547,4.734710699129403
synthetic_exchange,economics,seasonal_naive,exchange_1,2025-02-20 00:00:00,5.224710699129402,4.675289300870596
synthetic_exchange,economics,seasonal_naive,exchange_1,2025-02-21 00:00:00,5.165289300870595,4.642005767025454
synthetic_exchange,economics,seasonal_naive,exchange_1,2025-02-22 00:00:00,5.132005767025453,4.667453481402557
synthetic_exchange,economics,seasonal_naive,exchange_1,2025-02-23 00:00:00,5.157453481402558,4.739999999999999
synthetic_exchange,economics,seasonal_naive,exchange_2,2025-01-07 00:00:00,4.84254651859744,4.462005767025455
synthetic_exchange,economics,seasonal_naive,exchange_2,2025-01-08 00:00:00,4.867994232974547,4.487453481402556
synthetic_exchange,economics,seasonal_naive,exchange_2,2025-01-09 00:00:00,4.834710699129404,4.559999999999995
synthetic_exchange,economics,seasonal_naive,exchange_2,2025-01-10 00:00:00,4.775289300870598,4.63254651859744
synthetic_exchange,economics,seasonal_naive,exchange_2,2025-01-11 00:00:00,4.742005767025454,4.657994232974547
synthetic_exchange,economics,seasonal_naive,exchange_2,2025-01-12 00:00:00,4.767453481402554,4.624710699129404
synthetic_exchange,economics,seasonal_naive,exchange_2,2025-01-13 00:00:00,4.8400000000000025,4.565289300870593
synthetic_exchange,economics,seasonal_naive,exchange_2,2025-01-14 00:00:00,4.912546518597441,4.5320057670254545
synthetic_exchange,economics,seasonal_naive,exchange_2,2025-01-15 00:00:00,4.937994232974546,4.5574534814025585
synthetic_exchange,economics,seasonal_naive,exchange_2,2025-01-16 00:00:00,4.9047106991294065,4.629999999999998
synthetic_exchange,economics,seasonal_naive,exchange_2,2025-01-17 00:00:00,4.845289300870595,4.702546518597442
synthetic_exchange,economics,seasonal_naive,exchange_2,2025-01-18 00:00:00,4.812005767025455,4.727994232974546
synthetic_exchange,economics,seasonal_naive,exchange_2,2025-01-19 00:00:00,4.837453481402556,4.694710699129405
synthetic_exchange,economics,seasonal_naive,exchange_2,2025-01-20 00:00:00,4.91,4.635289300870598
synthetic_exchange,economics,seasonal_naive,exchange_2,2025-01-21 00:00:00,4.98254651859744,4.602005767025454
synthetic_exchange,economics,seasonal_naive,exchange_2,2025-01-22 00:00:00,5.0079942329745455,4.627453481402557
synthetic_exchange,economics,seasonal_naive,exchange_2,2025-01-23 00:00:00,4.974710699129407,4.699999999999997
synthetic_exchange,economics,seasonal_naive,exchange_2,2025-01-24 00:00:00,4.915289300870597,4.772546518597444
synthetic_exchange,economics,seasonal_naive,exchange_2,2025-01-25 00:00:00,4.882005767025455,4.7979942329745455
synthetic_exchange,economics,seasonal_naive,exchange_2,2025-01-26 00:00:00,4.907453481402558,4.764710699129402
synthetic_exchange,economics,seasonal_naive,exchange_2,2025-01-27 00:00:00,4.979999999999999,4.705289300870596
synthetic_exchange,economics,seasonal_naive,exchange_2,2025-01-28 00:00:00,5.052546518597442,4.672005767025453
synthetic_exchange,economics,seasonal_naive,exchange_2,2025-01-29 00:00:00,5.077994232974546,4.697453481402556
synthetic_exchange,economics,seasonal_naive,exchange_2,2025-01-30 00:00:00,5.044710699129405,4.769999999999999
synthetic_exchange,economics,seasonal_naive,exchange_2,2025-01-31 00:00:00,4.985289300870594,4.462005767025455
synthetic_exchange,economics,seasonal_naive,exchange_2,2025-02-01 00:00:00,4.9520057670254545,4.487453481402556
synthetic_exchange,economics,seasonal_naive,exchange_2,2025-02-02 00:00:00,4.9774534814025575,4.559999999999995
synthetic_exchange,economics,seasonal_naive,exchange_2,2025-02-03 00:00:00,5.049999999999997,4.63254651859744
synthetic_exchange,economics,seasonal_naive,exchange_2,2025-02-04 00:00:00,5.122546518597441,4.657994232974547
synthetic_exchange,economics,seasonal_naive,exchange_2,2025-02-05 00:00:00,5.147994232974546,4.624710699129404
synthetic_exchange,economics,seasonal_naive,exchange_2,2025-02-06 00:00:00,5.1147106991294065,4.565289300870593
synthetic_exchange,economics,seasonal_naive,exchange_2,2025-02-07 00:00:00,5.0552893008706,4.5320057670254545
synthetic_exchange,economics,seasonal_naive,exchange_2,2025-02-08 00:00:00,5.022005767025454,4.5574534814025585
synthetic_exchange,economics,seasonal_naive,exchange_2,2025-02-09 00:00:00,5.047453481402556,4.629999999999998
synthetic_exchange,economics,seasonal_naive,exchange_2,2025-02-10 00:00:00,5.12,4.702546518597442
synthetic_exchange,economics,seasonal_naive,exchange_2,2025-02-11 00:00:00,5.192546518597443,4.727994232974546
synthetic_exchange,economics,seasonal_naive,exchange_2,2025-02-12 00:00:00,5.2179942329745455,4.694710699129405
synthetic_exchange,economics,seasonal_naive,exchange_2,2025-02-13 00:00:00,5.184710699129403,4.635289300870598
synthetic_exchange,economics,seasonal_naive,exchange_2,2025-02-14 00:00:00,5.125289300870596,4.602005767025454
synthetic_exchange,economics,seasonal_naive,exchange_2,2025-02-15 00:00:00,5.092005767025454,4.627453481402557
synthetic_exchange,economics,seasonal_naive,exchange_2,2025-02-16 00:00:00,5.117453481402555,4.699999999999997
synthetic_exchange,economics,seasonal_naive,exchange_2,2025-02-17 00:00:00,5.189999999999998,4.772546518597444
synthetic_exchange,economics,seasonal_naive,exchange_2,2025-02-18 00:00:00,5.262546518597439,4.7979942329745455
synthetic_exchange,economics,seasonal_naive,exchange_2,2025-02-19 00:00:00,5.287994232974547,4.764710699129402
synthetic_exchange,economics,seasonal_naive,exchange_2,2025-02-20 00:00:00,5.254710699129402,4.705289300870596
synthetic_exchange,economics,seasonal_naive,exchange_2,2025-02-21 00:00:00,5.195289300870594,4.672005767025453
synthetic_exchange,economics,seasonal_naive,exchange_2,2025-02-22 00:00:00,5.162005767025453,4.697453481402556
synthetic_exchange,economics,seasonal_naive,exchange_2,2025-02-23 00:00:00,5.1874534814025575,4.769999999999999
synthetic_exchange,economics,moving_average,exchange_0,2025-01-07 00:00:00,4.7825465185974405,4.47369694752922
synthetic_exchange,economics,moving_average,exchange_0,2025-01-08 00:00:00,4.807994232974547,4.47369694752922
synthetic_exchange,economics,moving_average,exchange_0,2025-01-09 00:00:00,4.774710699129405,4.47369694752922
synthetic_exchange,economics,moving_average,exchange_0,2025-01-10 00:00:00,4.715289300870598,4.47369694752922
synthetic_exchange,economics,moving_average,exchange_0,2025-01-11 00:00:00,4.682005767025454,4.47369694752922
synthetic_exchange,economics,moving_average,exchange_0,2025-01-12 00:00:00,4.707453481402554,4.47369694752922
synthetic_exchange,economics,moving_average,exchange_0,2025-01-13 00:00:00,4.780000000000003,4.47369694752922
synthetic_exchange,economics,moving_average,exchange_0,2025-01-14 00:00:00,4.852546518597442,4.47369694752922
synthetic_exchange,economics,moving_average,exchange_0,2025-01-15 00:00:00,4.8779942329745465,4.47369694752922
synthetic_exchange,economics,moving_average,exchange_0,2025-01-16 00:00:00,4.844710699129407,4.47369694752922
synthetic_exchange,economics,moving_average,exchange_0,2025-01-17 00:00:00,4.785289300870596,4.47369694752922
synthetic_exchange,economics,moving_average,exchange_0,2025-01-18 00:00:00,4.752005767025455,4.47369694752922
synthetic_exchange,economics,moving_average,exchange_0,2025-01-19 00:00:00,4.777453481402556,4.47369694752922
synthetic_exchange,economics,moving_average,exchange_0,2025-01-20 00:00:00,4.8500000000000005,4.47369694752922
synthetic_exchange,economics,moving_average,exchange_0,2025-01-21 00:00:00,4.92254651859744,4.47369694752922
synthetic_exchange,economics,moving_average,exchange_0,2025-01-22 00:00:00,4.947994232974546,4.47369694752922
synthetic_exchange,economics,moving_average,exchange_0,2025-01-23 00:00:00,4.914710699129407,4.47369694752922
synthetic_exchange,economics,moving_average,exchange_0,2025-01-24 00:00:00,4.855289300870598,4.47369694752922
synthetic_exchange,economics,moving_average,exchange_0,2025-01-25 00:00:00,4.8220057670254555,4.47369694752922
synthetic_exchange,economics,moving_average,exchange_0,2025-01-26 00:00:00,4.8474534814025585,4.47369694752922
synthetic_exchange,economics,moving_average,exchange_0,2025-01-27 00:00:00,4.919999999999999,4.47369694752922
synthetic_exchange,economics,moving_average,exchange_0,2025-01-28 00:00:00,4.992546518597442,4.47369694752922
synthetic_exchange,economics,moving_average,exchange_0,2025-01-29 00:00:00,5.017994232974546,4.47369694752922
synthetic_exchange,economics,moving_average,exchange_0,2025-01-30 00:00:00,4.984710699129406,4.47369694752922
synthetic_exchange,economics,moving_average,exchange_0,2025-01-31 00:00:00,4.9252893008705945,4.47369694752922
synthetic_exchange,economics,moving_average,exchange_0,2025-02-01 00:00:00,4.892005767025455,4.47369694752922
synthetic_exchange,economics,moving_average,exchange_0,2025-02-02 00:00:00,4.917453481402558,4.47369694752922
synthetic_exchange,economics,moving_average,exchange_0,2025-02-03 00:00:00,4.9899999999999975,4.47369694752922
synthetic_exchange,economics,moving_average,exchange_0,2025-02-04 00:00:00,5.062546518597442,4.47369694752922
synthetic_exchange,economics,moving_average,exchange_0,2025-02-05 00:00:00,5.0879942329745464,4.47369694752922
synthetic_exchange,economics,moving_average,exchange_0,2025-02-06 00:00:00,5.054710699129407,4.47369694752922
synthetic_exchange,economics,moving_average,exchange_0,2025-02-07 00:00:00,4.9952893008706,4.47369694752922
synthetic_exchange,economics,moving_average,exchange_0,2025-02-08 00:00:00,4.962005767025454,4.47369694752922
synthetic_exchange,economics,moving_average,exchange_0,2025-02-09 00:00:00,4.987453481402556,4.47369694752922
synthetic_exchange,economics,moving_average,exchange_0,2025-02-10 00:00:00,5.0600000000000005,4.47369694752922
synthetic_exchange,economics,moving_average,exchange_0,2025-02-11 00:00:00,5.132546518597444,4.47369694752922
synthetic_exchange,economics,moving_average,exchange_0,2025-02-12 00:00:00,5.157994232974546,4.47369694752922
synthetic_exchange,economics,moving_average,exchange_0,2025-02-13 00:00:00,5.124710699129404,4.47369694752922
synthetic_exchange,economics,moving_average,exchange_0,2025-02-14 00:00:00,5.065289300870597,4.47369694752922
synthetic_exchange,economics,moving_average,exchange_0,2025-02-15 00:00:00,5.0320057670254545,4.47369694752922
synthetic_exchange,economics,moving_average,exchange_0,2025-02-16 00:00:00,5.057453481402556,4.47369694752922
synthetic_exchange,economics,moving_average,exchange_0,2025-02-17 00:00:00,5.129999999999998,4.47369694752922
synthetic_exchange,economics,moving_average,exchange_0,2025-02-18 00:00:00,5.2025465185974396,4.47369694752922
synthetic_exchange,economics,moving_average,exchange_0,2025-02-19 00:00:00,5.227994232974547,4.47369694752922
synthetic_exchange,economics,moving_average,exchange_0,2025-02-20 00:00:00,5.194710699129402,4.47369694752922
synthetic_exchange,economics,moving_average,exchange_0,2025-02-21 00:00:00,5.135289300870594,4.47369694752922
synthetic_exchange,economics,moving_average,exchange_0,2025-02-22 00:00:00,5.102005767025453,4.47369694752922
synthetic_exchange,economics,moving_average,exchange_0,2025-02-23 00:00:00,5.127453481402558,4.47369694752922
synthetic_exchange,economics,moving_average,exchange_1,2025-01-07 00:00:00,4.812546518597441,4.50369694752922
synthetic_exchange,economics,moving_average,exchange_1,2025-01-08 00:00:00,4.837994232974547,4.50369694752922
synthetic_exchange,economics,moving_average,exchange_1,2025-01-09 00:00:00,4.804710699129405,4.50369694752922
synthetic_exchange,economics,moving_average,exchange_1,2025-01-10 00:00:00,4.745289300870598,4.50369694752922
synthetic_exchange,economics,moving_average,exchange_1,2025-01-11 00:00:00,4.712005767025454,4.50369694752922
synthetic_exchange,economics,moving_average,exchange_1,2025-01-12 00:00:00,4.737453481402555,4.50369694752922
synthetic_exchange,economics,moving_average,exchange_1,2025-01-13 00:00:00,4.810000000000003,4.50369694752922
synthetic_exchange,economics,moving_average,exchange_1,2025-01-14 00:00:00,4.882546518597442,4.50369694752922
synthetic_exchange,economics,moving_average,exchange_1,2025-01-15 00:00:00,4.907994232974547,4.50369694752922
synthetic_exchange,economics,moving_average,exchange_1,2025-01-16 00:00:00,4.874710699129407,4.50369694752922
synthetic_exchange,economics,moving_average,exchange_1,2025-01-17 00:00:00,4.815289300870596,4.50369694752922
synthetic_exchange,economics,moving_average,exchange_1,2025-01-18 00:00:00,4.782005767025455,4.50369694752922
synthetic_exchange,economics,moving_average,exchange_1,2025-01-19 00:00:00,4.807453481402557,4.50369694752922
synthetic_exchange,economics,moving_average,exchange_1,2025-01-20 00:00:00,4.880000000000001,4.50369694752922
synthetic_exchange,economics,moving_average,exchange_1,2025-01-21 00:00:00,4.95254651859744,4.50369694752922
synthetic_exchange,economics,moving_average,exchange_1,2025-01-22 00:00:00,4.977994232974546,4.50369694752922
synthetic_exchange,economics,moving_average,exchange_1,2025-01-23 00:00:00,4.944710699129407,4.50369694752922
synthetic_exchange,economics,moving_average,exchange_1,2025-01-24 00:00:00,4.885289300870598,4.50369694752922
synthetic_exchange,economics,moving_average,exchange_1,2025-01-25 00:00:00,4.852005767025456,4.50369694752922
synthetic_exchange,economics,moving_average,exchange_1,2025-01-26 00:00:00,4.877453481402559,4.50369694752922
synthetic_exchange,economics,moving_average,exchange_1,2025-01-27 00:00:00,4.949999999999999,4.50369694752922
synthetic_exchange,economics,moving_average,exchange_1,2025-01-28 00:00:00,5.0225465185974425,4.50369694752922
synthetic_exchange,economics,moving_average,exchange_1,2025-01-29 00:00:00,5.047994232974546,4.50369694752922
synthetic_exchange,economics,moving_average,exchange_1,2025-01-30 00:00:00,5.014710699129406,4.50369694752922
synthetic_exchange,economics,moving_average,exchange_1,2025-01-31 00:00:00,4.955289300870595,4.50369694752922
synthetic_exchange,economics,moving_average,exchange_1,2025-02-01 00:00:00,4.922005767025455,4.50369694752922
synthetic_exchange,economics,moving_average,exchange_1,2025-02-02 00:00:00,4.947453481402558,4.50369694752922
synthetic_exchange,economics,moving_average,exchange_1,2025-02-03 00:00:00,5.019999999999998,4.50369694752922
synthetic_exchange,economics,moving_average,exchange_1,2025-02-04 00:00:00,5.092546518597442,4.50369694752922
synthetic_exchange,economics,moving_average,exchange_1,2025-02-05 00:00:00,5.117994232974547,4.50369694752922
synthetic_exchange,economics,moving_average,exchange_1,2025-02-06 00:00:00,5.084710699129407,4.50369694752922
synthetic_exchange,economics,moving_average,exchange_1,2025-02-07 00:00:00,5.0252893008706,4.50369694752922
synthetic_exchange,economics,moving_average,exchange_1,2025-02-08 00:00:00,4.9920057670254545,4.50369694752922
synthetic_exchange,economics,moving_average,exchange_1,2025-02-09 00:00:00,5.017453481402557,4.50369694752922
synthetic_exchange,economics,moving_average,exchange_1,2025-02-10 00:00:00,5.090000000000001,4.50369694752922
synthetic_exchange,economics,moving_average,exchange_1,2025-02-11 00:00:00,5.162546518597444,4.50369694752922
synthetic_exchange,economics,moving_average,exchange_1,2025-02-12 00:00:00,5.187994232974546,4.50369694752922
synthetic_exchange,economics,moving_average,exchange_1,2025-02-13 00:00:00,5.154710699129404,4.50369694752922
synthetic_exchange,economics,moving_average,exchange_1,2025-02-14 00:00:00,5.095289300870597,4.50369694752922
synthetic_exchange,economics,moving_average,exchange_1,2025-02-15 00:00:00,5.062005767025455,4.50369694752922
synthetic_exchange,economics,moving_average,exchange_1,2025-02-16 00:00:00,5.087453481402556,4.50369694752922
synthetic_exchange,economics,moving_average,exchange_1,2025-02-17 00:00:00,5.159999999999998,4.50369694752922
synthetic_exchange,economics,moving_average,exchange_1,2025-02-18 00:00:00,5.23254651859744,4.50369694752922
synthetic_exchange,economics,moving_average,exchange_1,2025-02-19 00:00:00,5.257994232974547,4.50369694752922
synthetic_exchange,economics,moving_average,exchange_1,2025-02-20 00:00:00,5.224710699129402,4.50369694752922
synthetic_exchange,economics,moving_average,exchange_1,2025-02-21 00:00:00,5.165289300870595,4.50369694752922
synthetic_exchange,economics,moving_average,exchange_1,2025-02-22 00:00:00,5.132005767025453,4.50369694752922
synthetic_exchange,economics,moving_average,exchange_1,2025-02-23 00:00:00,5.157453481402558,4.50369694752922
synthetic_exchange,economics,moving_average,exchange_2,2025-01-07 00:00:00,4.84254651859744,4.5336969475292195
synthetic_exchange,economics,moving_average,exchange_2,2025-01-08 00:00:00,4.867994232974547,4.5336969475292195
synthetic_exchange,economics,moving_average,exchange_2,2025-01-09 00:00:00,4.834710699129404,4.5336969475292195
synthetic_exchange,economics,moving_average,exchange_2,2025-01-10 00:00:00,4.775289300870598,4.5336969475292195
synthetic_exchange,economics,moving_average,exchange_2,2025-01-11 00:00:00,4.742005767025454,4.5336969475292195
synthetic_exchange,economics,moving_average,exchange_2,2025-01-12 00:00:00,4.767453481402554,4.5336969475292195
synthetic_exchange,economics,moving_average,exchange_2,2025-01-13 00:00:00,4.8400000000000025,4.5336969475292195
synthetic_exchange,economics,moving_average,exchange_2,2025-01-14 00:00:00,4.912546518597441,4.5336969475292195
synthetic_exchange,economics,moving_average,exchange_2,2025-01-15 00:00:00,4.937994232974546,4.5336969475292195
synthetic_exchange,economics,moving_average,exchange_2,2025-01-16 00:00:00,4.9047106991294065,4.5336969475292195
synthetic_exchange,economics,moving_average,exchange_2,2025-01-17 00:00:00,4.845289300870595,4.5336969475292195
synthetic_exchange,economics,moving_average,exchange_2,2025-01-18 00:00:00,4.812005767025455,4.5336969475292195
synthetic_exchange,economics,moving_average,exchange_2,2025-01-19 00:00:00,4.837453481402556,4.5336969475292195
synthetic_exchange,economics,moving_average,exchange_2,2025-01-20 00:00:00,4.91,4.5336969475292195
synthetic_exchange,economics,moving_average,exchange_2,2025-01-21 00:00:00,4.98254651859744,4.5336969475292195
synthetic_exchange,economics,moving_average,exchange_2,2025-01-22 00:00:00,5.0079942329745455,4.5336969475292195
synthetic_exchange,economics,moving_average,exchange_2,2025-01-23 00:00:00,4.974710699129407,4.5336969475292195
synthetic_exchange,economics,moving_average,exchange_2,2025-01-24 00:00:00,4.915289300870597,4.5336969475292195
synthetic_exchange,economics,moving_average,exchange_2,2025-01-25 00:00:00,4.882005767025455,4.5336969475292195
synthetic_exchange,economics,moving_average,exchange_2,2025-01-26 00:00:00,4.907453481402558,4.5336969475292195
synthetic_exchange,economics,moving_average,exchange_2,2025-01-27 00:00:00,4.979999999999999,4.5336969475292195
synthetic_exchange,economics,moving_average,exchange_2,2025-01-28 00:00:00,5.052546518597442,4.5336969475292195
synthetic_exchange,economics,moving_average,exchange_2,2025-01-29 00:00:00,5.077994232974546,4.5336969475292195
synthetic_exchange,economics,moving_average,exchange_2,2025-01-30 00:00:00,5.044710699129405,4.5336969475292195
synthetic_exchange,economics,moving_average,exchange_2,2025-01-31 00:00:00,4.985289300870594,4.5336969475292195
synthetic_exchange,economics,moving_average,exchange_2,2025-02-01 00:00:00,4.9520057670254545,4.5336969475292195
synthetic_exchange,economics,moving_average,exchange_2,2025-02-02 00:00:00,4.9774534814025575,4.5336969475292195
synthetic_exchange,economics,moving_average,exchange_2,2025-02-03 00:00:00,5.049999999999997,4.5336969475292195
synthetic_exchange,economics,moving_average,exchange_2,2025-02-04 00:00:00,5.122546518597441,4.5336969475292195
synthetic_exchange,economics,moving_average,exchange_2,2025-02-05 00:00:00,5.147994232974546,4.5336969475292195
synthetic_exchange,economics,moving_average,exchange_2,2025-02-06 00:00:00,5.1147106991294065,4.5336969475292195
synthetic_exchange,economics,moving_average,exchange_2,2025-02-07 00:00:00,5.0552893008706,4.5336969475292195
synthetic_exchange,economics,moving_average,exchange_2,2025-02-08 00:00:00,5.022005767025454,4.5336969475292195
synthetic_exchange,economics,moving_average,exchange_2,2025-02-09 00:00:00,5.047453481402556,4.5336969475292195
synthetic_exchange,economics,moving_average,exchange_2,2025-02-10 00:00:00,5.12,4.5336969475292195
synthetic_exchange,economics,moving_average,exchange_2,2025-02-11 00:00:00,5.192546518597443,4.5336969475292195
synthetic_exchange,economics,moving_average,exchange_2,2025-02-12 00:00:00,5.2179942329745455,4.5336969475292195
synthetic_exchange,economics,moving_average,exchange_2,2025-02-13 00:00:00,5.184710699129403,4.5336969475292195
synthetic_exchange,economics,moving_average,exchange_2,2025-02-14 00:00:00,5.125289300870596,4.5336969475292195
synthetic_exchange,economics,moving_average,exchange_2,2025-02-15 00:00:00,5.092005767025454,4.5336969475292195
synthetic_exchange,economics,moving_average,exchange_2,2025-02-16 00:00:00,5.117453481402555,4.5336969475292195
synthetic_exchange,economics,moving_average,exchange_2,2025-02-17 00:00:00,5.189999999999998,4.5336969475292195
synthetic_exchange,economics,moving_average,exchange_2,2025-02-18 00:00:00,5.262546518597439,4.5336969475292195
synthetic_exchange,economics,moving_average,exchange_2,2025-02-19 00:00:00,5.287994232974547,4.5336969475292195
synthetic_exchange,economics,moving_average,exchange_2,2025-02-20 00:00:00,5.254710699129402,4.5336969475292195
synthetic_exchange,economics,moving_average,exchange_2,2025-02-21 00:00:00,5.195289300870594,4.5336969475292195
synthetic_exchange,economics,moving_average,exchange_2,2025-02-22 00:00:00,5.162005767025453,4.5336969475292195
synthetic_exchange,economics,moving_average,exchange_2,2025-02-23 00:00:00,5.1874534814025575,4.5336969475292195
synthetic_exchange,economics,linear_trend,exchange_0,2025-01-07 00:00:00,4.7825465185974405,4.718660308776405
synthetic_exchange,economics,linear_trend,exchange_0,2025-01-08 00:00:00,4.807994232974547,4.728653125445447
synthetic_exchange,economics,linear_trend,exchange_0,2025-01-09 00:00:00,4.774710699129405,4.7386459421144895
synthetic_exchange,economics,linear_trend,exchange_0,2025-01-10 00:00:00,4.715289300870598,4.748638758783533
synthetic_exchange,economics,linear_trend,exchange_0,2025-01-11 00:00:00,4.682005767025454,4.758631575452575
synthetic_exchange,economics,linear_trend,exchange_0,2025-01-12 00:00:00,4.707453481402554,4.768624392121617
synthetic_exchange,economics,linear_trend,exchange_0,2025-01-13 00:00:00,4.780000000000003,4.778617208790659
synthetic_exchange,economics,linear_trend,exchange_0,2025-01-14 00:00:00,4.852546518597442,4.788610025459702
synthetic_exchange,economics,linear_trend,exchange_0,2025-01-15 00:00:00,4.8779942329745465,4.798602842128744
synthetic_exchange,economics,linear_trend,exchange_0,2025-01-16 00:00:00,4.844710699129407,4.8085956587977865
synthetic_exchange,economics,linear_trend,exchange_0,2025-01-17 00:00:00,4.785289300870596,4.818588475466829
synthetic_exchange,economics,linear_trend,exchange_0,2025-01-18 00:00:00,4.752005767025455,4.828581292135872
synthetic_exchange,economics,linear_trend,exchange_0,2025-01-19 00:00:00,4.777453481402556,4.838574108804914
synthetic_exchange,economics,linear_trend,exchange_0,2025-01-20 00:00:00,4.8500000000000005,4.848566925473956
synthetic_exchange,economics,linear_trend,exchange_0,2025-01-21 00:00:00,4.92254651859744,4.858559742142998
synthetic_exchange,economics,linear_trend,exchange_0,2025-01-22 00:00:00,4.947994232974546,4.86855255881204
synthetic_exchange,economics,linear_trend,exchange_0,2025-01-23 00:00:00,4.914710699129407,4.8785453754810835
synthetic_exchange,economics,linear_trend,exchange_0,2025-01-24 00:00:00,4.855289300870598,4.888538192150126
synthetic_exchange,economics,linear_trend,exchange_0,2025-01-25 00:00:00,4.8220057670254555,4.898531008819168
synthetic_exchange,economics,linear_trend,exchange_0,2025-01-26 00:00:00,4.8474534814025585,4.90852382548821
synthetic_exchange,economics,linear_trend,exchange_0,2025-01-27 00:00:00,4.919999999999999,4.918516642157253
synthetic_exchange,economics,linear_trend,exchange_0,2025-01-28 00:00:00,4.992546518597442,4.928509458826295
synthetic_exchange,economics,linear_trend,exchange_0,2025-01-29 00:00:00,5.017994232974546,4.938502275495337
synthetic_exchange,economics,linear_trend,exchange_0,2025-01-30 00:00:00,4.984710699129406,4.9484950921643795
synthetic_exchange,economics,linear_trend,exchange_0,2025-01-31 00:00:00,4.9252893008705945,4.958487908833423
synthetic_exchange,economics,linear_trend,exchange_0,2025-02-01 00:00:00,4.892005767025455,4.968480725502465
synthetic_exchange,economics,linear_trend,exchange_0,2025-02-02 00:00:00,4.917453481402558,4.978473542171507
synthetic_exchange,economics,linear_trend,exchange_0,2025-02-03 00:00:00,4.9899999999999975,4.988466358840549
synthetic_exchange,economics,linear_trend,exchange_0,2025-02-04 00:00:00,5.062546518597442,4.998459175509592
synthetic_exchange,economics,linear_trend,exchange_0,2025-02-05 00:00:00,5.0879942329745464,5.008451992178634
synthetic_exchange,economics,linear_trend,exchange_0,2025-02-06 00:00:00,5.054710699129407,5.0184448088476765
synthetic_exchange,economics,linear_trend,exchange_0,2025-02-07 00:00:00,4.9952893008706,5.02843762551672
synthetic_exchange,economics,linear_trend,exchange_0,2025-02-08 00:00:00,4.962005767025454,5.038430442185762
synthetic_exchange,economics,linear_trend,exchange_0,2025-02-09 00:00:00,4.987453481402556,5.048423258854804
synthetic_exchange,economics,linear_trend,exchange_0,2025-02-10 00:00:00,5.0600000000000005,5.058416075523846
synthetic_exchange,economics,linear_trend,exchange_0,2025-02-11 00:00:00,5.132546518597444,5.068408892192889
synthetic_exchange,economics,linear_trend,exchange_0,2025-02-12 00:00:00,5.157994232974546,5.078401708861931
synthetic_exchange,economics,linear_trend,exchange_0,2025-02-13 00:00:00,5.124710699129404,5.0883945255309735
synthetic_exchange,economics,linear_trend,exchange_0,2025-02-14 00:00:00,5.065289300870597,5.098387342200016
synthetic_exchange,economics,linear_trend,exchange_0,2025-02-15 00:00:00,5.0320057670254545,5.108380158869059
synthetic_exchange,economics,linear_trend,exchange_0,2025-02-16 00:00:00,5.057453481402556,5.118372975538101
synthetic_exchange,economics,linear_trend,exchange_0,2025-02-17 00:00:00,5.129999999999998,5.128365792207143
synthetic_exchange,economics,linear_trend,exchange_0,2025-02-18 00:00:00,5.2025465185974396,5.138358608876185
synthetic_exchange,economics,linear_trend,exchange_0,2025-02-19 00:00:00,5.227994232974547,5.148351425545228
synthetic_exchange,economics,linear_trend,exchange_0,2025-02-20 00:00:00,5.194710699129402,5.1583442422142705
synthetic_exchange,economics,linear_trend,exchange_0,2025-02-21 00:00:00,5.135289300870594,5.168337058883313
synthetic_exchange,economics,linear_trend,exchange_0,2025-02-22 00:00:00,5.102005767025453,5.178329875552355
synthetic_exchange,economics,linear_trend,exchange_0,2025-02-23 00:00:00,5.127453481402558,5.188322692221397
synthetic_exchange,economics,linear_trend,exchange_1,2025-01-07 00:00:00,4.812546518597441,4.7486603087764045
synthetic_exchange,economics,linear_trend,exchange_1,2025-01-08 00:00:00,4.837994232974547,4.758653125445447
synthetic_exchange,economics,linear_trend,exchange_1,2025-01-09 00:00:00,4.804710699129405,4.768645942114489
synthetic_exchange,economics,linear_trend,exchange_1,2025-01-10 00:00:00,4.745289300870598,4.778638758783531
synthetic_exchange,economics,linear_trend,exchange_1,2025-01-11 00:00:00,4.712005767025454,4.788631575452573
synthetic_exchange,economics,linear_trend,exchange_1,2025-01-12 00:00:00,4.737453481402555,4.798624392121615
synthetic_exchange,economics,linear_trend,exchange_1,2025-01-13 00:00:00,4.810000000000003,4.8086172087906585
synthetic_exchange,economics,linear_trend,exchange_1,2025-01-14 00:00:00,4.882546518597442,4.818610025459701
synthetic_exchange,economics,linear_trend,exchange_1,2025-01-15 00:00:00,4.907994232974547,4.828602842128744
synthetic_exchange,economics,linear_trend,exchange_1,2025-01-16 00:00:00,4.874710699129407,4.838595658797786
synthetic_exchange,economics,linear_trend,exchange_1,2025-01-17 00:00:00,4.815289300870596,4.848588475466828
synthetic_exchange,economics,linear_trend,exchange_1,2025-01-18 00:00:00,4.782005767025455,4.85858129213587
synthetic_exchange,economics,linear_trend,exchange_1,2025-01-19 00:00:00,4.807453481402557,4.868574108804912
synthetic_exchange,economics,linear_trend,exchange_1,2025-01-20 00:00:00,4.880000000000001,4.8785669254739545
synthetic_exchange,economics,linear_trend,exchange_1,2025-01-21 00:00:00,4.95254651859744,4.888559742142997
synthetic_exchange,economics,linear_trend,exchange_1,2025-01-22 00:00:00,4.977994232974546,4.89855255881204
synthetic_exchange,economics,linear_trend,exchange_1,2025-01-23 00:00:00,4.944710699129407,4.908545375481082
synthetic_exchange,economics,linear_trend,exchange_1,2025-01-24 00:00:00,4.885289300870598,4.918538192150125
synthetic_exchange,economics,linear_trend,exchange_1,2025-01-25 00:00:00,4.852005767025456,4.928531008819167
synthetic_exchange,economics,linear_trend,exchange_1,2025-01-26 00:00:00,4.877453481402559,4.938523825488209
synthetic_exchange,economics,linear_trend,exchange_1,2025-01-27 00:00:00,4.949999999999999,4.9485166421572515
synthetic_exchange,economics,linear_trend,exchange_1,2025-01-28 00:00:00,5.0225465185974425,4.958509458826294
synthetic_exchange,economics,linear_trend,exchange_1,2025-01-29 00:00:00,5.047994232974546,4.968502275495336
synthetic_exchange,economics,linear_trend,exchange_1,2025-01-30 00:00:00,5.014710699129406,4.978495092164379
synthetic_exchange,economics,linear_trend,exchange_1,2025-01-31 00:00:00,4.955289300870595,4.988487908833421
synthetic_exchange,economics,linear_trend,exchange_1,2025-02-01 00:00:00,4.922005767025455,4.998480725502464
synthetic_exchange,economics,linear_trend,exchange_1,2025-02-02 00:00:00,4.947453481402558,5.008473542171506
synthetic_exchange,economics,linear_trend,exchange_1,2025-02-03 00:00:00,5.019999999999998,5.0184663588405485
synthetic_exchange,economics,linear_trend,exchange_1,2025-02-04 00:00:00,5.092546518597442,5.028459175509591
synthetic_exchange,economics,linear_trend,exchange_1,2025-02-05 00:00:00,5.117994232974547,5.038451992178633
synthetic_exchange,economics,linear_trend,exchange_1,2025-02-06 00:00:00,5.084710699129407,5.048444808847676
synthetic_exchange,economics,linear_trend,exchange_1,2025-02-07 00:00:00,5.0252893008706,5.058437625516718
synthetic_exchange,economics,linear_trend,exchange_1,2025-02-08 00:00:00,4.9920057670254545,5.06843044218576
synthetic_exchange,economics,linear_trend,exchange_1,2025-02-09 00:00:00,5.017453481402557,5.078423258854802
synthetic_exchange,economics,linear_trend,exchange_1,2025-02-10 00:00:00,5.090000000000001,5.0884160755238454
synthetic_exchange,economics,linear_trend,exchange_1,2025-02-11 00:00:00,5.162546518597444,5.098408892192888
synthetic_exchange,economics,linear_trend,exchange_1,2025-02-12 00:00:00,5.187994232974546,5.10840170886193
synthetic_exchange,economics,linear_trend,exchange_1,2025-02-13 00:00:00,5.154710699129404,5.118394525530972
synthetic_exchange,economics,linear_trend,exchange_1,2025-02-14 00:00:00,5.095289300870597,5.128387342200014
synthetic_exchange,economics,linear_trend,exchange_1,2025-02-15 00:00:00,5.062005767025455,5.138380158869057
synthetic_exchange,economics,linear_trend,exchange_1,2025-02-16 00:00:00,5.087453481402556,5.148372975538099
synthetic_exchange,economics,linear_trend,exchange_1,2025-02-17 00:00:00,5.159999999999998,5.1583657922071415
synthetic_exchange,economics,linear_trend,exchange_1,2025-02-18 00:00:00,5.23254651859744,5.168358608876184
synthetic_exchange,economics,linear_trend,exchange_1,2025-02-19 00:00:00,5.257994232974547,5.178351425545227
synthetic_exchange,economics,linear_trend,exchange_1,2025-02-20 00:00:00,5.224710699129402,5.188344242214269
synthetic_exchange,economics,linear_trend,exchange_1,2025-02-21 00:00:00,5.165289300870595,5.198337058883311
synthetic_exchange,economics,linear_trend,exchange_1,2025-02-22 00:00:00,5.132005767025453,5.208329875552353
synthetic_exchange,economics,linear_trend,exchange_1,2025-02-23 00:00:00,5.157453481402558,5.218322692221396
synthetic_exchange,economics,linear_trend,exchange_2,2025-01-07 00:00:00,4.84254651859744,4.778660308776404
synthetic_exchange,economics,linear_trend,exchange_2,2025-01-08 00:00:00,4.867994232974547,4.788653125445446
synthetic_exchange,economics,linear_trend,exchange_2,2025-01-09 00:00:00,4.834710699129404,4.798645942114488
synthetic_exchange,economics,linear_trend,exchange_2,2025-01-10 00:00:00,4.775289300870598,4.80863875878353
synthetic_exchange,economics,linear_trend,exchange_2,2025-01-11 00:00:00,4.742005767025454,4.818631575452573
synthetic_exchange,economics,linear_trend,exchange_2,2025-01-12 00:00:00,4.767453481402554,4.828624392121616
synthetic_exchange,economics,linear_trend,exchange_2,2025-01-13 00:00:00,4.8400000000000025,4.838617208790658
synthetic_exchange,economics,linear_trend,exchange_2,2025-01-14 00:00:00,4.912546518597441,4.848610025459701
synthetic_exchange,economics,linear_trend,exchange_2,2025-01-15 00:00:00,4.937994232974546,4.858602842128743
synthetic_exchange,economics,linear_trend,exchange_2,2025-01-16 00:00:00,4.9047106991294065,4.868595658797785
synthetic_exchange,economics,linear_trend,exchange_2,2025-01-17 00:00:00,4.845289300870595,4.878588475466827
synthetic_exchange,economics,linear_trend,exchange_2,2025-01-18 00:00:00,4.812005767025455,4.88858129213587
synthetic_exchange,economics,linear_trend,exchange_2,2025-01-19 00:00:00,4.837453481402556,4.898574108804912
synthetic_exchange,economics,linear_trend,exchange_2,2025-01-20 00:00:00,4.91,4.908566925473954
synthetic_exchange,economics,linear_trend,exchange_2,2025-01-21 00:00:00,4.98254651859744,4.918559742142997
synthetic_exchange,economics,linear_trend,exchange_2,2025-01-22 00:00:00,5.0079942329745455,4.928552558812039
synthetic_exchange,economics,linear_trend,exchange_2,2025-01-23 00:00:00,4.974710699129407,4.938545375481082
synthetic_exchange,economics,linear_trend,exchange_2,2025-01-24 00:00:00,4.915289300870597,4.948538192150124
synthetic_exchange,economics,linear_trend,exchange_2,2025-01-25 00:00:00,4.882005767025455,4.9585310088191665
synthetic_exchange,economics,linear_trend,exchange_2,2025-01-26 00:00:00,4.907453481402558,4.968523825488209
synthetic_exchange,economics,linear_trend,exchange_2,2025-01-27 00:00:00,4.979999999999999,4.978516642157251
synthetic_exchange,economics,linear_trend,exchange_2,2025-01-28 00:00:00,5.052546518597442,4.988509458826293
synthetic_exchange,economics,linear_trend,exchange_2,2025-01-29 00:00:00,5.077994232974546,4.998502275495336
synthetic_exchange,economics,linear_trend,exchange_2,2025-01-30 00:00:00,5.044710699129405,5.008495092164378
synthetic_exchange,economics,linear_trend,exchange_2,2025-01-31 00:00:00,4.985289300870594,5.018487908833421
synthetic_exchange,economics,linear_trend,exchange_2,2025-02-01 00:00:00,4.9520057670254545,5.0284807255024635
synthetic_exchange,economics,linear_trend,exchange_2,2025-02-02 00:00:00,4.9774534814025575,5.038473542171506
synthetic_exchange,economics,linear_trend,exchange_2,2025-02-03 00:00:00,5.049999999999997,5.048466358840548
synthetic_exchange,economics,linear_trend,exchange_2,2025-02-04 00:00:00,5.122546518597441,5.05845917550959
synthetic_exchange,economics,linear_trend,exchange_2,2025-02-05 00:00:00,5.147994232974546,5.068451992178633
synthetic_exchange,economics,linear_trend,exchange_2,2025-02-06 00:00:00,5.1147106991294065,5.078444808847675
synthetic_exchange,economics,linear_trend,exchange_2,2025-02-07 00:00:00,5.0552893008706,5.088437625516717
synthetic_exchange,economics,linear_trend,exchange_2,2025-02-08 00:00:00,5.022005767025454,5.09843044218576
synthetic_exchange,economics,linear_trend,exchange_2,2025-02-09 00:00:00,5.047453481402556,5.108423258854803
synthetic_exchange,economics,linear_trend,exchange_2,2025-02-10 00:00:00,5.12,5.118416075523845
synthetic_exchange,economics,linear_trend,exchange_2,2025-02-11 00:00:00,5.192546518597443,5.128408892192887
synthetic_exchange,economics,linear_trend,exchange_2,2025-02-12 00:00:00,5.2179942329745455,5.138401708861929
synthetic_exchange,economics,linear_trend,exchange_2,2025-02-13 00:00:00,5.184710699129403,5.148394525530971
synthetic_exchange,economics,linear_trend,exchange_2,2025-02-14 00:00:00,5.125289300870596,5.158387342200014
synthetic_exchange,economics,linear_trend,exchange_2,2025-02-15 00:00:00,5.092005767025454,5.1683801588690566
synthetic_exchange,economics,linear_trend,exchange_2,2025-02-16 00:00:00,5.117453481402555,5.178372975538099
synthetic_exchange,economics,linear_trend,exchange_2,2025-02-17 00:00:00,5.189999999999998,5.188365792207141
synthetic_exchange,economics,linear_trend,exchange_2,2025-02-18 00:00:00,5.262546518597439,5.198358608876184
synthetic_exchange,economics,linear_trend,exchange_2,2025-02-19 00:00:00,5.287994232974547,5.208351425545226
synthetic_exchange,economics,linear_trend,exchange_2,2025-02-20 00:00:00,5.254710699129402,5.218344242214268
synthetic_exchange,economics,linear_trend,exchange_2,2025-02-21 00:00:00,5.195289300870594,5.2283370588833105
synthetic_exchange,economics,linear_trend,exchange_2,2025-02-22 00:00:00,5.162005767025453,5.2383298755523535
synthetic_exchange,economics,linear_trend,exchange_2,2025-02-23 00:00:00,5.1874534814025575,5.248322692221396
synthetic_exchange,economics,ridge_ar,exchange_0,2025-01-07 00:00:00,4.7825465185974405,4.774404265280582
synthetic_exchange,economics,ridge_ar,exchange_0,2025-01-08 00:00:00,4.807994232974547,4.793974721812811
synthetic_exchange,economics,ridge_ar,exchange_0,2025-01-09 00:00:00,4.774710699129405,4.761859579960359
synthetic_exchange,economics,ridge_ar,exchange_0,2025-01-10 00:00:00,4.715289300870598,4.711990087993723
synthetic_exchange,economics,ridge_ar,exchange_0,2025-01-11 00:00:00,4.682005767025454,4.6900730699187605
synthetic_exchange,economics,ridge_ar,exchange_0,2025-01-12 00:00:00,4.707453481402554,4.720592014453268
synthetic_exchange,economics,ridge_ar,exchange_0,2025-01-13 00:00:00,4.780000000000003,4.78816341228499
synthetic_exchange,economics,ridge_ar,exchange_0,2025-01-14 00:00:00,4.852546518597442,4.849602125349402
synthetic_exchange,economics,ridge_ar,exchange_0,2025-01-15 00:00:00,4.8779942329745465,4.866077548057895
synthetic_exchange,economics,ridge_ar,exchange_0,2025-01-16 00:00:00,4.844710699129407,4.832603188923119
synthetic_exchange,economics,ridge_ar,exchange_0,2025-01-17 00:00:00,4.785289300870596,4.781988543648934
synthetic_exchange,economics,ridge_ar,exchange_0,2025-01-18 00:00:00,4.752005767025455,4.759932164361401
synthetic_exchange,economics,ridge_ar,exchange_0,2025-01-19 00:00:00,4.777453481402556,4.790466773382679
synthetic_exchange,economics,ridge_ar,exchange_0,2025-01-20 00:00:00,4.8500000000000005,4.858134132498229
synthetic_exchange,economics,ridge_ar,exchange_0,2025-01-21 00:00:00,4.92254651859744,4.919643135598832
synthetic_exchange,economics,ridge_ar,exchange_0,2025-01-22 00:00:00,4.947994232974546,4.936162985875832
synthetic_exchange,economics,ridge_ar,exchange_0,2025-01-23 00:00:00,4.914710699129407,4.902704237996165
synthetic_exchange,economics,ridge_ar,exchange_0,2025-01-24 00:00:00,4.855289300870598,4.8520922222024065
synthetic_exchange,economics,ridge_ar,exchange_0,2025-01-25 00:00:00,4.8220057670254555,4.830033374854789
synthetic_exchange,economics,ridge_ar,exchange_0,2025-01-26 00:00:00,4.8474534814025585,4.860565627874206
synthetic_exchange,economics,ridge_ar,exchange_0,2025-01-27 00:00:00,4.919999999999999,4.928230389562127
synthetic_exchange,economics,ridge_ar,exchange_0,2025-01-28 00:00:00,4.992546518597442,4.989735363706854
synthetic_exchange,economics,ridge_ar,exchange_0,2025-01-29 00:00:00,5.017994232974546,5.00624927586957
synthetic_exchange,economics,ridge_ar,exchange_0,2025-01-30 00:00:00,4.984710699129406,4.972784107172524
synthetic_exchange,economics,ridge_ar,exchange_0,2025-01-31 00:00:00,4.9252893008705945,4.923693243861484
synthetic_exchange,economics,ridge_ar,exchange_0,2025-02-01 00:00:00,4.892005767025455,4.903506091318935
synthetic_exchange,economics,ridge_ar,exchange_0,2025-02-02 00:00:00,4.917453481402558,4.934987325664786
synthetic_exchange,economics,ridge_ar,exchange_0,2025-02-03 00:00:00,4.9899999999999975,5.00137306012338
synthetic_exchange,economics,ridge_ar,exchange_0,2025-02-04 00:00:00,5.062546518597442,5.059926092122071
synthetic_exchange,economics,ridge_ar,exchange_0,2025-02-05 00:00:00,5.0879942329745464,5.073649196862176
synthetic_exchange,economics,ridge_ar,exchange_0,2025-02-06 00:00:00,5.054710699129407,5.039474462724968
synthetic_exchange,economics,ridge_ar,exchange_0,2025-02-07 00:00:00,4.9952893008706,4.9906326646318835
synthetic_exchange,economics,ridge_ar,exchange_0,2025-02-08 00:00:00,4.962005767025454,4.971484123359799
synthetic_exchange,economics,ridge_ar,exchange_0,2025-02-09 00:00:00,4.987453481402556,5.003914766758355
synthetic_exchange,economics,ridge_ar,exchange_0,2025-02-10 00:00:00,5.0600000000000005,5.071060380977379
synthetic_exchange,economics,ridge_ar,exchange_0,2025-02-11 00:00:00,5.132546518597444,5.13002553192798
synthetic_exchange,economics,ridge_ar,exchange_0,2025-02-12 00:00:00,5.157994232974546,5.143929359288334
synthetic_exchange,economics,ridge_ar,exchange_0,2025-02-13 00:00:00,5.124710699129404,5.109774840710799
synthetic_exchange,economics,ridge_ar,exchange_0,2025-02-14 00:00:00,5.065289300870597,5.060894776039811
synthetic_exchange,economics,ridge_ar,exchange_0,2025-02-15 00:00:00,5.0320057670254545,5.041696325960302
synthetic_exchange,economics,ridge_ar,exchange_0,2025-02-16 00:00:00,5.057453481402556,5.074092079093141
synthetic_exchange,economics,ridge_ar,exchange_0,2025-02-17 00:00:00,5.129999999999998,5.141217552279044
synthetic_exchange,economics,ridge_ar,exchange_0,2025-02-18 00:00:00,5.2025465185974396,5.200171932424697
synthetic_exchange,economics,ridge_ar,exchange_0,2025-02-19 00:00:00,5.227994232974547,5.21406827005463
synthetic_exchange,economics,ridge_ar,exchange_0,2025-02-20 00:00:00,5.194710699129402,5.1799084944712686
synthetic_exchange,economics,ridge_ar,exchange_0,2025-02-21 00:00:00,5.135289300870594,5.131026920557277
synthetic_exchange,economics,ridge_ar,exchange_0,2025-02-22 00:00:00,5.102005767025453,5.111832025236129
synthetic_exchange,economics,ridge_ar,exchange_0,2025-02-23 00:00:00,5.127453481402558,5.144234772308828
synthetic_exchange,economics,ridge_ar,exchange_1,2025-01-07 00:00:00,4.812546518597441,4.804404265280582
synthetic_exchange,economics,ridge_ar,exchange_1,2025-01-08 00:00:00,4.837994232974547,4.823974721812811
synthetic_exchange,economics,ridge_ar,exchange_1,2025-01-09 00:00:00,4.804710699129405,4.791859579960359
synthetic_exchange,economics,ridge_ar,exchange_1,2025-01-10 00:00:00,4.745289300870598,4.741990087993723
synthetic_exchange,economics,ridge_ar,exchange_1,2025-01-11 00:00:00,4.712005767025454,4.720073069918761
synthetic_exchange,economics,ridge_ar,exchange_1,2025-01-12 00:00:00,4.737453481402555,4.750592014453268
synthetic_exchange,economics,ridge_ar,exchange_1,2025-01-13 00:00:00,4.810000000000003,4.81816341228499
synthetic_exchange,economics,ridge_ar,exchange_1,2025-01-14 00:00:00,4.882546518597442,4.879602125349402
synthetic_exchange,economics,ridge_ar,exchange_1,2025-01-15 00:00:00,4.907994232974547,4.896077548057895
synthetic_exchange,economics,ridge_ar,exchange_1,2025-01-16 00:00:00,4.874710699129407,4.862603188923119
synthetic_exchange,economics,ridge_ar,exchange_1,2025-01-17 00:00:00,4.815289300870596,4.811988543648934
synthetic_exchange,economics,ridge_ar,exchange_1,2025-01-18 00:00:00,4.782005767025455,4.789932164361401
synthetic_exchange,economics,ridge_ar,exchange_1,2025-01-19 00:00:00,4.807453481402557,4.82046677338268
synthetic_exchange,economics,ridge_ar,exchange_1,2025-01-20 00:00:00,4.880000000000001,4.88813413249823
synthetic_exchange,economics,ridge_ar,exchange_1,2025-01-21 00:00:00,4.95254651859744,4.949643135598832
synthetic_exchange,economics,ridge_ar,exchange_1,2025-01-22 00:00:00,4.977994232974546,4.966162985875831
synthetic_exchange,economics,ridge_ar,exchange_1,2025-01-23 00:00:00,4.944710699129407,4.932704237996164
synthetic_exchange,economics,ridge_ar,exchange_1,2025-01-24 00:00:00,4.885289300870598,4.882092222202407
synthetic_exchange,economics,ridge_ar,exchange_1,2025-01-25 00:00:00,4.852005767025456,4.860033374854789
synthetic_exchange,economics,ridge_ar,exchange_1,2025-01-26 00:00:00,4.877453481402559,4.8905656278742065
synthetic_exchange,economics,ridge_ar,exchange_1,2025-01-27 00:00:00,4.949999999999999,4.958230389562127
synthetic_exchange,economics,ridge_ar,exchange_1,2025-01-28 00:00:00,5.0225465185974425,5.019735363706854
synthetic_exchange,economics,ridge_ar,exchange_1,2025-01-29 00:00:00,5.047994232974546,5.0362492758695705
synthetic_exchange,economics,ridge_ar,exchange_1,2025-01-30 00:00:00,5.014710699129406,5.002784107172525
synthetic_exchange,economics,ridge_ar,exchange_1,2025-01-31 00:00:00,4.955289300870595,4.953693243861485
synthetic_exchange,economics,ridge_ar,exchange_1,2025-02-01 00:00:00,4.922005767025455,4.933506091318936
synthetic_exchange,economics,ridge_ar,exchange_1,2025-02-02 00:00:00,4.947453481402558,4.9649873256647865
synthetic_exchange,economics,ridge_ar,exchange_1,2025-02-03 00:00:00,5.019999999999998,5.03137306012338
synthetic_exchange,economics,ridge_ar,exchange_1,2025-02-04 00:00:00,5.092546518597442,5.089926092122072
synthetic_exchange,economics,ridge_ar,exchange_1,2025-02-05 00:00:00,5.117994232974547,5.103649196862175
synthetic_exchange,economics,ridge_ar,exchange_1,2025-02-06 00:00:00,5.084710699129407,5.069474462724969
synthetic_exchange,economics,ridge_ar,exchange_1,2025-02-07 00:00:00,5.0252893008706,5.020632664631885
synthetic_exchange,economics,ridge_ar,exchange_1,2025-02-08 00:00:00,4.9920057670254545,5.0014841233598
synthetic_exchange,economics,ridge_ar,exchange_1,2025-02-09 00:00:00,5.017453481402557,5.033914766758355
synthetic_exchange,economics,ridge_ar,exchange_1,2025-02-10 00:00:00,5.090000000000001,5.101060380977379
synthetic_exchange,economics,ridge_ar,exchange_1,2025-02-11 00:00:00,5.162546518597444,5.160025531927979
synthetic_exchange,economics,ridge_ar,exchange_1,2025-02-12 00:00:00,5.187994232974546,5.1739293592883335
synthetic_exchange,economics,ridge_ar,exchange_1,2025-02-13 00:00:00,5.154710699129404,5.139774840710798
synthetic_exchange,economics,ridge_ar,exchange_1,2025-02-14 00:00:00,5.095289300870597,5.0908947760398116
synthetic_exchange,economics,ridge_ar,exchange_1,2025-02-15 00:00:00,5.062005767025455,5.071696325960302
synthetic_exchange,economics,ridge_ar,exchange_1,2025-02-16 00:00:00,5.087453481402556,5.104092079093141
synthetic_exchange,economics,ridge_ar,exchange_1,2025-02-17 00:00:00,5.159999999999998,5.171217552279044
synthetic_exchange,economics,ridge_ar,exchange_1,2025-02-18 00:00:00,5.23254651859744,5.230171932424697
synthetic_exchange,economics,ridge_ar,exchange_1,2025-02-19 00:00:00,5.257994232974547,5.24406827005463
synthetic_exchange,economics,ridge_ar,exchange_1,2025-02-20 00:00:00,5.224710699129402,5.209908494471269
synthetic_exchange,economics,ridge_ar,exchange_1,2025-02-21 00:00:00,5.165289300870595,5.161026920557276
synthetic_exchange,economics,ridge_ar,exchange_1,2025-02-22 00:00:00,5.132005767025453,5.1418320252361305
synthetic_exchange,economics,ridge_ar,exchange_1,2025-02-23 00:00:00,5.157453481402558,5.174234772308829
synthetic_exchange,economics,ridge_ar,exchange_2,2025-01-07 00:00:00,4.84254651859744,4.834404265280582
synthetic_exchange,economics,ridge_ar,exchange_2,2025-01-08 00:00:00,4.867994232974547,4.85397472181281
synthetic_exchange,economics,ridge_ar,exchange_2,2025-01-09 00:00:00,4.834710699129404,4.821859579960359
synthetic_exchange,economics,ridge_ar,exchange_2,2025-01-10 00:00:00,4.775289300870598,4.771990087993722
synthetic_exchange,economics,ridge_ar,exchange_2,2025-01-11 00:00:00,4.742005767025454,4.75007306991876
synthetic_exchange,economics,ridge_ar,exchange_2,2025-01-12 00:00:00,4.767453481402554,4.780592014453267
synthetic_exchange,economics,ridge_ar,exchange_2,2025-01-13 00:00:00,4.8400000000000025,4.84816341228499
synthetic_exchange,economics,ridge_ar,exchange_2,2025-01-14 00:00:00,4.912546518597441,4.9096021253494015
synthetic_exchange,economics,ridge_ar,exchange_2,2025-01-15 00:00:00,4.937994232974546,4.926077548057894
synthetic_exchange,economics,ridge_ar,exchange_2,2025-01-16 00:00:00,4.9047106991294065,4.892603188923118
synthetic_exchange,economics,ridge_ar,exchange_2,2025-01-17 00:00:00,4.845289300870595,4.841988543648934
synthetic_exchange,economics,ridge_ar,exchange_2,2025-01-18 00:00:00,4.812005767025455,4.819932164361401
synthetic_exchange,economics,ridge_ar,exchange_2,2025-01-19 00:00:00,4.837453481402556,4.850466773382679
synthetic_exchange,economics,ridge_ar,exchange_2,2025-01-20 00:00:00,4.91,4.9181341324982295
synthetic_exchange,economics,ridge_ar,exchange_2,2025-01-21 00:00:00,4.98254651859744,4.979643135598831
synthetic_exchange,economics,ridge_ar,exchange_2,2025-01-22 00:00:00,5.0079942329745455,4.996162985875831
synthetic_exchange,economics,ridge_ar,exchange_2,2025-01-23 00:00:00,4.974710699129407,4.962704237996164
synthetic_exchange,economics,ridge_ar,exchange_2,2025-01-24 00:00:00,4.915289300870597,4.912092222202406
synthetic_exchange,economics,ridge_ar,exchange_2,2025-01-25 00:00:00,4.882005767025455,4.890033374854788
synthetic_exchange,economics,ridge_ar,exchange_2,2025-01-26 00:00:00,4.907453481402558,4.920565627874206
synthetic_exchange,economics,ridge_ar,exchange_2,2025-01-27 00:00:00,4.979999999999999,4.988230389562126
synthetic_exchange,economics,ridge_ar,exchange_2,2025-01-28 00:00:00,5.052546518597442,5.049735363706853
synthetic_exchange,economics,ridge_ar,exchange_2,2025-01-29 00:00:00,5.077994232974546,5.06624927586957
synthetic_exchange,economics,ridge_ar,exchange_2,2025-01-30 00:00:00,5.044710699129405,5.032784107172524
synthetic_exchange,economics,ridge_ar,exchange_2,2025-01-31 00:00:00,4.985289300870594,4.983693243861483
synthetic_exchange,economics,ridge_ar,exchange_2,2025-02-01 00:00:00,4.9520057670254545,4.963506091318935
synthetic_exchange,economics,ridge_ar,exchange_2,2025-02-02 00:00:00,4.9774534814025575,4.994987325664786
synthetic_exchange,economics,ridge_ar,exchange_2,2025-02-03 00:00:00,5.049999999999997,5.06137306012338
synthetic_exchange,economics,ridge_ar,exchange_2,2025-02-04 00:00:00,5.122546518597441,5.119926092122071
synthetic_exchange,economics,ridge_ar,exchange_2,2025-02-05 00:00:00,5.147994232974546,5.133649196862176
synthetic_exchange,economics,ridge_ar,exchange_2,2025-02-06 00:00:00,5.1147106991294065,5.0994744627249675
synthetic_exchange,economics,ridge_ar,exchange_2,2025-02-07 00:00:00,5.0552893008706,5.050632664631883
synthetic_exchange,economics,ridge_ar,exchange_2,2025-02-08 00:00:00,5.022005767025454,5.0314841233597996
synthetic_exchange,economics,ridge_ar,exchange_2,2025-02-09 00:00:00,5.047453481402556,5.063914766758354
synthetic_exchange,economics,ridge_ar,exchange_2,2025-02-10 00:00:00,5.12,5.131060380977379
synthetic_exchange,economics,ridge_ar,exchange_2,2025-02-11 00:00:00,5.192546518597443,5.1900255319279776
synthetic_exchange,economics,ridge_ar,exchange_2,2025-02-12 00:00:00,5.2179942329745455,5.203929359288333
synthetic_exchange,economics,ridge_ar,exchange_2,2025-02-13 00:00:00,5.184710699129403,5.169774840710797
synthetic_exchange,economics,ridge_ar,exchange_2,2025-02-14 00:00:00,5.125289300870596,5.120894776039812
synthetic_exchange,economics,ridge_ar,exchange_2,2025-02-15 00:00:00,5.092005767025454,5.101696325960302
synthetic_exchange,economics,ridge_ar,exchange_2,2025-02-16 00:00:00,5.117453481402555,5.134092079093141
synthetic_exchange,economics,ridge_ar,exchange_2,2025-02-17 00:00:00,5.189999999999998,5.201217552279044
synthetic_exchange,economics,ridge_ar,exchange_2,2025-02-18 00:00:00,5.262546518597439,5.260171932424696
synthetic_exchange,economics,ridge_ar,exchange_2,2025-02-19 00:00:00,5.287994232974547,5.27406827005463
synthetic_exchange,economics,ridge_ar,exchange_2,2025-02-20 00:00:00,5.254710699129402,5.239908494471269
synthetic_exchange,economics,ridge_ar,exchange_2,2025-02-21 00:00:00,5.195289300870594,5.191026920557276
synthetic_exchange,economics,ridge_ar,exchange_2,2025-02-22 00:00:00,5.162005767025453,5.17183202523613
synthetic_exchange,economics,ridge_ar,exchange_2,2025-02-23 00:00:00,5.1874534814025575,5.204234772308828
synthetic_exchange,economics,hist_gradient_boosting_ar,exchange_0,2025-01-07 00:00:00,4.7825465185974405,4.706369359379685
synthetic_exchange,economics,hist_gradient_boosting_ar,exchange_0,2025-01-08 00:00:00,4.807994232974547,4.706369359379685
synthetic_exchange,economics,hist_gradient_boosting_ar,exchange_0,2025-01-09 00:00:00,4.774710699129405,4.704972651409439
synthetic_exchange,economics,hist_gradient_boosting_ar,exchange_0,2025-01-10 00:00:00,4.715289300870598,4.704972651409439
synthetic_exchange,economics,hist_gradient_boosting_ar,exchange_0,2025-01-11 00:00:00,4.682005767025454,4.704972651409439
synthetic_exchange,economics,hist_gradient_boosting_ar,exchange_0,2025-01-12 00:00:00,4.707453481402554,4.704972651409439
synthetic_exchange,economics,hist_gradient_boosting_ar,exchange_0,2025-01-13 00:00:00,4.780000000000003,4.704972651409439
synthetic_exchange,economics,hist_gradient_boosting_ar,exchange_0,2025-01-14 00:00:00,4.852546518597442,4.704972651409439
synthetic_exchange,economics,hist_gradient_boosting_ar,exchange_0,2025-01-15 00:00:00,4.8779942329745465,4.704972651409439
synthetic_exchange,economics,hist_gradient_boosting_ar,exchange_0,2025-01-16 00:00:00,4.844710699129407,4.704972651409439
synthetic_exchange,economics,hist_gradient_boosting_ar,exchange_0,2025-01-17 00:00:00,4.785289300870596,4.704972651409439
synthetic_exchange,economics,hist_gradient_boosting_ar,exchange_0,2025-01-18 00:00:00,4.752005767025455,4.704972651409439
synthetic_exchange,economics,hist_gradient_boosting_ar,exchange_0,2025-01-19 00:00:00,4.777453481402556,4.704972651409439
synthetic_exchange,economics,hist_gradient_boosting_ar,exchange_0,2025-01-20 00:00:00,4.8500000000000005,4.704972651409439
synthetic_exchange,economics,hist_gradient_boosting_ar,exchange_0,2025-01-21 00:00:00,4.92254651859744,4.704972651409439
synthetic_exchange,economics,hist_gradient_boosting_ar,exchange_0,2025-01-22 00:00:00,4.947994232974546,4.704972651409439
synthetic_exchange,economics,hist_gradient_boosting_ar,exchange_0,2025-01-23 00:00:00,4.914710699129407,4.704972651409439
synthetic_exchange,economics,hist_gradient_boosting_ar,exchange_0,2025-01-24 00:00:00,4.855289300870598,4.704972651409439
synthetic_exchange,economics,hist_gradient_boosting_ar,exchange_0,2025-01-25 00:00:00,4.8220057670254555,4.704972651409439
synthetic_exchange,economics,hist_gradient_boosting_ar,exchange_0,2025-01-26 00:00:00,4.8474534814025585,4.704972651409439
synthetic_exchange,economics,hist_gradient_boosting_ar,exchange_0,2025-01-27 00:00:00,4.919999999999999,4.704972651409439
synthetic_exchange,economics,hist_gradient_boosting_ar,exchange_0,2025-01-28 00:00:00,4.992546518597442,4.704972651409439
synthetic_exchange,economics,hist_gradient_boosting_ar,exchange_0,2025-01-29 00:00:00,5.017994232974546,4.704972651409439
synthetic_exchange,economics,hist_gradient_boosting_ar,exchange_0,2025-01-30 00:00:00,4.984710699129406,4.704972651409439
synthetic_exchange,economics,hist_gradient_boosting_ar,exchange_0,2025-01-31 00:00:00,4.9252893008705945,4.704972651409439
synthetic_exchange,economics,hist_gradient_boosting_ar,exchange_0,2025-02-01 00:00:00,4.892005767025455,4.704972651409439
synthetic_exchange,economics,hist_gradient_boosting_ar,exchange_0,2025-02-02 00:00:00,4.917453481402558,4.704972651409439
synthetic_exchange,economics,hist_gradient_boosting_ar,exchange_0,2025-02-03 00:00:00,4.9899999999999975,4.704972651409439
synthetic_exchange,economics,hist_gradient_boosting_ar,exchange_0,2025-02-04 00:00:00,5.062546518597442,4.704972651409439
synthetic_exchange,economics,hist_gradient_boosting_ar,exchange_0,2025-02-05 00:00:00,5.0879942329745464,4.704972651409439
synthetic_exchange,economics,hist_gradient_boosting_ar,exchange_0,2025-02-06 00:00:00,5.054710699129407,4.704972651409439
synthetic_exchange,economics,hist_gradient_boosting_ar,exchange_0,2025-02-07 00:00:00,4.9952893008706,4.704972651409439
synthetic_exchange,economics,hist_gradient_boosting_ar,exchange_0,2025-02-08 00:00:00,4.962005767025454,4.704972651409439
synthetic_exchange,economics,hist_gradient_boosting_ar,exchange_0,2025-02-09 00:00:00,4.987453481402556,4.704972651409439
synthetic_exchange,economics,hist_gradient_boosting_ar,exchange_0,2025-02-10 00:00:00,5.0600000000000005,4.704972651409439
synthetic_exchange,economics,hist_gradient_boosting_ar,exchange_0,2025-02-11 00:00:00,5.132546518597444,4.704972651409439
synthetic_exchange,economics,hist_gradient_boosting_ar,exchange_0,2025-02-12 00:00:00,5.157994232974546,4.704972651409439
synthetic_exchange,economics,hist_gradient_boosting_ar,exchange_0,2025-02-13 00:00:00,5.124710699129404,4.704972651409439
synthetic_exchange,economics,hist_gradient_boosting_ar,exchange_0,2025-02-14 00:00:00,5.065289300870597,4.704972651409439
synthetic_exchange,economics,hist_gradient_boosting_ar,exchange_0,2025-02-15 00:00:00,5.0320057670254545,4.704972651409439
synthetic_exchange,economics,hist_gradient_boosting_ar,exchange_0,2025-02-16 00:00:00,5.057453481402556,4.704972651409439
synthetic_exchange,economics,hist_gradient_boosting_ar,exchange_0,2025-02-17 00:00:00,5.129999999999998,4.704972651409439
synthetic_exchange,economics,hist_gradient_boosting_ar,exchange_0,2025-02-18 00:00:00,5.2025465185974396,4.704972651409439
synthetic_exchange,economics,hist_gradient_boosting_ar,exchange_0,2025-02-19 00:00:00,5.227994232974547,4.704972651409439
synthetic_exchange,economics,hist_gradient_boosting_ar,exchange_0,2025-02-20 00:00:00,5.194710699129402,4.704972651409439
synthetic_exchange,economics,hist_gradient_boosting_ar,exchange_0,2025-02-21 00:00:00,5.135289300870594,4.704972651409439
synthetic_exchange,economics,hist_gradient_boosting_ar,exchange_0,2025-02-22 00:00:00,5.102005767025453,4.704972651409439
synthetic_exchange,economics,hist_gradient_boosting_ar,exchange_0,2025-02-23 00:00:00,5.127453481402558,4.704972651409439
synthetic_exchange,economics,hist_gradient_boosting_ar,exchange_1,2025-01-07 00:00:00,4.812546518597441,4.736369359379684
synthetic_exchange,economics,hist_gradient_boosting_ar,exchange_1,2025-01-08 00:00:00,4.837994232974547,4.736369359379684
synthetic_exchange,economics,hist_gradient_boosting_ar,exchange_1,2025-01-09 00:00:00,4.804710699129405,4.734972651409438
synthetic_exchange,economics,hist_gradient_boosting_ar,exchange_1,2025-01-10 00:00:00,4.745289300870598,4.734972651409438
synthetic_exchange,economics,hist_gradient_boosting_ar,exchange_1,2025-01-11 00:00:00,4.712005767025454,4.734972651409438
synthetic_exchange,economics,hist_gradient_boosting_ar,exchange_1,2025-01-12 00:00:00,4.737453481402555,4.734972651409438
synthetic_exchange,economics,hist_gradient_boosting_ar,exchange_1,2025-01-13 00:00:00,4.810000000000003,4.734972651409438
synthetic_exchange,economics,hist_gradient_boosting_ar,exchange_1,2025-01-14 00:00:00,4.882546518597442,4.734972651409438
synthetic_exchange,economics,hist_gradient_boosting_ar,exchange_1,2025-01-15 00:00:00,4.907994232974547,4.734972651409438
synthetic_exchange,economics,hist_gradient_boosting_ar,exchange_1,2025-01-16 00:00:00,4.874710699129407,4.734972651409438
synthetic_exchange,economics,hist_gradient_boosting_ar,exchange_1,2025-01-17 00:00:00,4.815289300870596,4.734972651409438
synthetic_exchange,economics,hist_gradient_boosting_ar,exchange_1,2025-01-18 00:00:00,4.782005767025455,4.734972651409438
synthetic_exchange,economics,hist_gradient_boosting_ar,exchange_1,2025-01-19 00:00:00,4.807453481402557,4.734972651409438
synthetic_exchange,economics,hist_gradient_boosting_ar,exchange_1,2025-01-20 00:00:00,4.880000000000001,4.734972651409438
synthetic_exchange,economics,hist_gradient_boosting_ar,exchange_1,2025-01-21 00:00:00,4.95254651859744,4.734972651409438
synthetic_exchange,economics,hist_gradient_boosting_ar,exchange_1,2025-01-22 00:00:00,4.977994232974546,4.734972651409438
synthetic_exchange,economics,hist_gradient_boosting_ar,exchange_1,2025-01-23 00:00:00,4.944710699129407,4.734972651409438
synthetic_exchange,economics,hist_gradient_boosting_ar,exchange_1,2025-01-24 00:00:00,4.885289300870598,4.734972651409438
synthetic_exchange,economics,hist_gradient_boosting_ar,exchange_1,2025-01-25 00:00:00,4.852005767025456,4.734972651409438
synthetic_exchange,economics,hist_gradient_boosting_ar,exchange_1,2025-01-26 00:00:00,4.877453481402559,4.734972651409438
synthetic_exchange,economics,hist_gradient_boosting_ar,exchange_1,2025-01-27 00:00:00,4.949999999999999,4.734972651409438
synthetic_exchange,economics,hist_gradient_boosting_ar,exchange_1,2025-01-28 00:00:00,5.0225465185974425,4.734972651409438
synthetic_exchange,economics,hist_gradient_boosting_ar,exchange_1,2025-01-29 00:00:00,5.047994232974546,4.734972651409438
synthetic_exchange,economics,hist_gradient_boosting_ar,exchange_1,2025-01-30 00:00:00,5.014710699129406,4.734972651409438
synthetic_exchange,economics,hist_gradient_boosting_ar,exchange_1,2025-01-31 00:00:00,4.955289300870595,4.734972651409438
synthetic_exchange,economics,hist_gradient_boosting_ar,exchange_1,2025-02-01 00:00:00,4.922005767025455,4.734972651409438
synthetic_exchange,economics,hist_gradient_boosting_ar,exchange_1,2025-02-02 00:00:00,4.947453481402558,4.734972651409438
synthetic_exchange,economics,hist_gradient_boosting_ar,exchange_1,2025-02-03 00:00:00,5.019999999999998,4.734972651409438
synthetic_exchange,economics,hist_gradient_boosting_ar,exchange_1,2025-02-04 00:00:00,5.092546518597442,4.734972651409438
synthetic_exchange,economics,hist_gradient_boosting_ar,exchange_1,2025-02-05 00:00:00,5.117994232974547,4.734972651409438
synthetic_exchange,economics,hist_gradient_boosting_ar,exchange_1,2025-02-06 00:00:00,5.084710699129407,4.734972651409438
synthetic_exchange,economics,hist_gradient_boosting_ar,exchange_1,2025-02-07 00:00:00,5.0252893008706,4.734972651409438
synthetic_exchange,economics,hist_gradient_boosting_ar,exchange_1,2025-02-08 00:00:00,4.9920057670254545,4.734972651409438
synthetic_exchange,economics,hist_gradient_boosting_ar,exchange_1,2025-02-09 00:00:00,5.017453481402557,4.734972651409438
synthetic_exchange,economics,hist_gradient_boosting_ar,exchange_1,2025-02-10 00:00:00,5.090000000000001,4.734972651409438
synthetic_exchange,economics,hist_gradient_boosting_ar,exchange_1,2025-02-11 00:00:00,5.162546518597444,4.734972651409438
synthetic_exchange,economics,hist_gradient_boosting_ar,exchange_1,2025-02-12 00:00:00,5.187994232974546,4.734972651409438
synthetic_exchange,economics,hist_gradient_boosting_ar,exchange_1,2025-02-13 00:00:00,5.154710699129404,4.734972651409438
synthetic_exchange,economics,hist_gradient_boosting_ar,exchange_1,2025-02-14 00:00:00,5.095289300870597,4.734972651409438
synthetic_exchange,economics,hist_gradient_boosting_ar,exchange_1,2025-02-15 00:00:00,5.062005767025455,4.734972651409438
synthetic_exchange,economics,hist_gradient_boosting_ar,exchange_1,2025-02-16 00:00:00,5.087453481402556,4.734972651409438
synthetic_exchange,economics,hist_gradient_boosting_ar,exchange_1,2025-02-17 00:00:00,5.159999999999998,4.734972651409438
synthetic_exchange,economics,hist_gradient_boosting_ar,exchange_1,2025-02-18 00:00:00,5.23254651859744,4.734972651409438
synthetic_exchange,economics,hist_gradient_boosting_ar,exchange_1,2025-02-19 00:00:00,5.257994232974547,4.734972651409438
synthetic_exchange,economics,hist_gradient_boosting_ar,exchange_1,2025-02-20 00:00:00,5.224710699129402,4.734972651409438
synthetic_exchange,economics,hist_gradient_boosting_ar,exchange_1,2025-02-21 00:00:00,5.165289300870595,4.734972651409438
synthetic_exchange,economics,hist_gradient_boosting_ar,exchange_1,2025-02-22 00:00:00,5.132005767025453,4.734972651409438
synthetic_exchange,economics,hist_gradient_boosting_ar,exchange_1,2025-02-23 00:00:00,5.157453481402558,4.734972651409438
synthetic_exchange,economics,hist_gradient_boosting_ar,exchange_2,2025-01-07 00:00:00,4.84254651859744,4.766369359379684
synthetic_exchange,economics,hist_gradient_boosting_ar,exchange_2,2025-01-08 00:00:00,4.867994232974547,4.766369359379684
synthetic_exchange,economics,hist_gradient_boosting_ar,exchange_2,2025-01-09 00:00:00,4.834710699129404,4.764972651409439
synthetic_exchange,economics,hist_gradient_boosting_ar,exchange_2,2025-01-10 00:00:00,4.775289300870598,4.764972651409439
synthetic_exchange,economics,hist_gradient_boosting_ar,exchange_2,2025-01-11 00:00:00,4.742005767025454,4.764972651409439
synthetic_exchange,economics,hist_gradient_boosting_ar,exchange_2,2025-01-12 00:00:00,4.767453481402554,4.764972651409439
synthetic_exchange,economics,hist_gradient_boosting_ar,exchange_2,2025-01-13 00:00:00,4.8400000000000025,4.764972651409439
synthetic_exchange,economics,hist_gradient_boosting_ar,exchange_2,2025-01-14 00:00:00,4.912546518597441,4.764972651409439
synthetic_exchange,economics,hist_gradient_boosting_ar,exchange_2,2025-01-15 00:00:00,4.937994232974546,4.764972651409439
synthetic_exchange,economics,hist_gradient_boosting_ar,exchange_2,2025-01-16 00:00:00,4.9047106991294065,4.764972651409439
synthetic_exchange,economics,hist_gradient_boosting_ar,exchange_2,2025-01-17 00:00:00,4.845289300870595,4.764972651409439
synthetic_exchange,economics,hist_gradient_boosting_ar,exchange_2,2025-01-18 00:00:00,4.812005767025455,4.764972651409439
synthetic_exchange,economics,hist_gradient_boosting_ar,exchange_2,2025-01-19 00:00:00,4.837453481402556,4.764972651409439
synthetic_exchange,economics,hist_gradient_boosting_ar,exchange_2,2025-01-20 00:00:00,4.91,4.764972651409439
synthetic_exchange,economics,hist_gradient_boosting_ar,exchange_2,2025-01-21 00:00:00,4.98254651859744,4.764972651409439
synthetic_exchange,economics,hist_gradient_boosting_ar,exchange_2,2025-01-22 00:00:00,5.0079942329745455,4.764972651409439
synthetic_exchange,economics,hist_gradient_boosting_ar,exchange_2,2025-01-23 00:00:00,4.974710699129407,4.764972651409439
synthetic_exchange,economics,hist_gradient_boosting_ar,exchange_2,2025-01-24 00:00:00,4.915289300870597,4.764972651409439
synthetic_exchange,economics,hist_gradient_boosting_ar,exchange_2,2025-01-25 00:00:00,4.882005767025455,4.764972651409439
synthetic_exchange,economics,hist_gradient_boosting_ar,exchange_2,2025-01-26 00:00:00,4.907453481402558,4.764972651409439
synthetic_exchange,economics,hist_gradient_boosting_ar,exchange_2,2025-01-27 00:00:00,4.979999999999999,4.764972651409439
synthetic_exchange,economics,hist_gradient_boosting_ar,exchange_2,2025-01-28 00:00:00,5.052546518597442,4.764972651409439
synthetic_exchange,economics,hist_gradient_boosting_ar,exchange_2,2025-01-29 00:00:00,5.077994232974546,4.764972651409439
synthetic_exchange,economics,hist_gradient_boosting_ar,exchange_2,2025-01-30 00:00:00,5.044710699129405,4.764972651409439
synthetic_exchange,economics,hist_gradient_boosting_ar,exchange_2,2025-01-31 00:00:00,4.985289300870594,4.764972651409439
synthetic_exchange,economics,hist_gradient_boosting_ar,exchange_2,2025-02-01 00:00:00,4.9520057670254545,4.764972651409439
synthetic_exchange,economics,hist_gradient_boosting_ar,exchange_2,2025-02-02 00:00:00,4.9774534814025575,4.764972651409439
synthetic_exchange,economics,hist_gradient_boosting_ar,exchange_2,2025-02-03 00:00:00,5.049999999999997,4.764972651409439
synthetic_exchange,economics,hist_gradient_boosting_ar,exchange_2,2025-02-04 00:00:00,5.122546518597441,4.764972651409439
synthetic_exchange,economics,hist_gradient_boosting_ar,exchange_2,2025-02-05 00:00:00,5.147994232974546,4.764972651409439
synthetic_exchange,economics,hist_gradient_boosting_ar,exchange_2,2025-02-06 00:00:00,5.1147106991294065,4.764972651409439
synthetic_exchange,economics,hist_gradient_boosting_ar,exchange_2,2025-02-07 00:00:00,5.0552893008706,4.764972651409439
synthetic_exchange,economics,hist_gradient_boosting_ar,exchange_2,2025-02-08 00:00:00,5.022005767025454,4.764972651409439
synthetic_exchange,economics,hist_gradient_boosting_ar,exchange_2,2025-02-09 00:00:00,5.047453481402556,4.764972651409439
synthetic_exchange,economics,hist_gradient_boosting_ar,exchange_2,2025-02-10 00:00:00,5.12,4.764972651409439
synthetic_exchange,economics,hist_gradient_boosting_ar,exchange_2,2025-02-11 00:00:00,5.192546518597443,4.764972651409439
synthetic_exchange,economics,hist_gradient_boosting_ar,exchange_2,2025-02-12 00:00:00,5.2179942329745455,4.764972651409439
synthetic_exchange,economics,hist_gradient_boosting_ar,exchange_2,2025-02-13 00:00:00,5.184710699129403,4.764972651409439
synthetic_exchange,economics,hist_gradient_boosting_ar,exchange_2,2025-02-14 00:00:00,5.125289300870596,4.764972651409439
synthetic_exchange,economics,hist_gradient_boosting_ar,exchange_2,2025-02-15 00:00:00,5.092005767025454,4.764972651409439
synthetic_exchange,economics,hist_gradient_boosting_ar,exchange_2,2025-02-16 00:00:00,5.117453481402555,4.764972651409439
synthetic_exchange,economics,hist_gradient_boosting_ar,exchange_2,2025-02-17 00:00:00,5.189999999999998,4.764972651409439
synthetic_exchange,economics,hist_gradient_boosting_ar,exchange_2,2025-02-18 00:00:00,5.262546518597439,4.764972651409439
synthetic_exchange,economics,hist_gradient_boosting_ar,exchange_2,2025-02-19 00:00:00,5.287994232974547,4.764972651409439
synthetic_exchange,economics,hist_gradient_boosting_ar,exchange_2,2025-02-20 00:00:00,5.254710699129402,4.764972651409439
synthetic_exchange,economics,hist_gradient_boosting_ar,exchange_2,2025-02-21 00:00:00,5.195289300870594,4.764972651409439
synthetic_exchange,economics,hist_gradient_boosting_ar,exchange_2,2025-02-22 00:00:00,5.162005767025453,4.764972651409439
synthetic_exchange,economics,hist_gradient_boosting_ar,exchange_2,2025-02-23 00:00:00,5.1874534814025575,4.764972651409439
synthetic_exchange,economics,lightgbm_ar,exchange_0,2025-01-07 00:00:00,4.7825465185974405,4.719749018137217
synthetic_exchange,economics,lightgbm_ar,exchange_0,2025-01-08 00:00:00,4.807994232974547,4.705971526825746
synthetic_exchange,economics,lightgbm_ar,exchange_0,2025-01-09 00:00:00,4.774710699129405,4.697209656214747
synthetic_exchange,economics,lightgbm_ar,exchange_0,2025-01-10 00:00:00,4.715289300870598,4.691869139705579
synthetic_exchange,economics,lightgbm_ar,exchange_0,2025-01-11 00:00:00,4.682005767025454,4.697089472855703
synthetic_exchange,economics,lightgbm_ar,exchange_0,2025-01-12 00:00:00,4.707453481402554,4.697089472855703
synthetic_exchange,economics,lightgbm_ar,exchange_0,2025-01-13 00:00:00,4.780000000000003,4.697089472855703
synthetic_exchange,economics,lightgbm_ar,exchange_0,2025-01-14 00:00:00,4.852546518597442,4.697089472855703
synthetic_exchange,economics,lightgbm_ar,exchange_0,2025-01-15 00:00:00,4.8779942329745465,4.697089472855703
synthetic_exchange,economics,lightgbm_ar,exchange_0,2025-01-16 00:00:00,4.844710699129407,4.697089472855703
synthetic_exchange,economics,lightgbm_ar,exchange_0,2025-01-17 00:00:00,4.785289300870596,4.697089472855703
synthetic_exchange,economics,lightgbm_ar,exchange_0,2025-01-18 00:00:00,4.752005767025455,4.697089472855703
synthetic_exchange,economics,lightgbm_ar,exchange_0,2025-01-19 00:00:00,4.777453481402556,4.697089472855703
synthetic_exchange,economics,lightgbm_ar,exchange_0,2025-01-20 00:00:00,4.8500000000000005,4.697089472855703
synthetic_exchange,economics,lightgbm_ar,exchange_0,2025-01-21 00:00:00,4.92254651859744,4.697089472855703
synthetic_exchange,economics,lightgbm_ar,exchange_0,2025-01-22 00:00:00,4.947994232974546,4.697089472855703
synthetic_exchange,economics,lightgbm_ar,exchange_0,2025-01-23 00:00:00,4.914710699129407,4.697089472855703
synthetic_exchange,economics,lightgbm_ar,exchange_0,2025-01-24 00:00:00,4.855289300870598,4.697089472855703
synthetic_exchange,economics,lightgbm_ar,exchange_0,2025-01-25 00:00:00,4.8220057670254555,4.697089472855703
synthetic_exchange,economics,lightgbm_ar,exchange_0,2025-01-26 00:00:00,4.8474534814025585,4.697089472855703
synthetic_exchange,economics,lightgbm_ar,exchange_0,2025-01-27 00:00:00,4.919999999999999,4.697089472855703
synthetic_exchange,economics,lightgbm_ar,exchange_0,2025-01-28 00:00:00,4.992546518597442,4.697089472855703
synthetic_exchange,economics,lightgbm_ar,exchange_0,2025-01-29 00:00:00,5.017994232974546,4.697089472855703
synthetic_exchange,economics,lightgbm_ar,exchange_0,2025-01-30 00:00:00,4.984710699129406,4.697089472855703
synthetic_exchange,economics,lightgbm_ar,exchange_0,2025-01-31 00:00:00,4.9252893008705945,4.697089472855703
synthetic_exchange,economics,lightgbm_ar,exchange_0,2025-02-01 00:00:00,4.892005767025455,4.697089472855703
synthetic_exchange,economics,lightgbm_ar,exchange_0,2025-02-02 00:00:00,4.917453481402558,4.697089472855703
synthetic_exchange,economics,lightgbm_ar,exchange_0,2025-02-03 00:00:00,4.9899999999999975,4.697089472855703
synthetic_exchange,economics,lightgbm_ar,exchange_0,2025-02-04 00:00:00,5.062546518597442,4.697089472855703
synthetic_exchange,economics,lightgbm_ar,exchange_0,2025-02-05 00:00:00,5.0879942329745464,4.697089472855703
synthetic_exchange,economics,lightgbm_ar,exchange_0,2025-02-06 00:00:00,5.054710699129407,4.697089472855703
synthetic_exchange,economics,lightgbm_ar,exchange_0,2025-02-07 00:00:00,4.9952893008706,4.697089472855703
synthetic_exchange,economics,lightgbm_ar,exchange_0,2025-02-08 00:00:00,4.962005767025454,4.697089472855703
synthetic_exchange,economics,lightgbm_ar,exchange_0,2025-02-09 00:00:00,4.987453481402556,4.697089472855703
synthetic_exchange,economics,lightgbm_ar,exchange_0,2025-02-10 00:00:00,5.0600000000000005,4.697089472855703
synthetic_exchange,economics,lightgbm_ar,exchange_0,2025-02-11 00:00:00,5.132546518597444,4.697089472855703
synthetic_exchange,economics,lightgbm_ar,exchange_0,2025-02-12 00:00:00,5.157994232974546,4.697089472855703
synthetic_exchange,economics,lightgbm_ar,exchange_0,2025-02-13 00:00:00,5.124710699129404,4.697089472855703
synthetic_exchange,economics,lightgbm_ar,exchange_0,2025-02-14 00:00:00,5.065289300870597,4.697089472855703
synthetic_exchange,economics,lightgbm_ar,exchange_0,2025-02-15 00:00:00,5.0320057670254545,4.697089472855703
synthetic_exchange,economics,lightgbm_ar,exchange_0,2025-02-16 00:00:00,5.057453481402556,4.697089472855703
synthetic_exchange,economics,lightgbm_ar,exchange_0,2025-02-17 00:00:00,5.129999999999998,4.697089472855703
synthetic_exchange,economics,lightgbm_ar,exchange_0,2025-02-18 00:00:00,5.2025465185974396,4.697089472855703
synthetic_exchange,economics,lightgbm_ar,exchange_0,2025-02-19 00:00:00,5.227994232974547,4.697089472855703
synthetic_exchange,economics,lightgbm_ar,exchange_0,2025-02-20 00:00:00,5.194710699129402,4.697089472855703
synthetic_exchange,economics,lightgbm_ar,exchange_0,2025-02-21 00:00:00,5.135289300870594,4.697089472855703
synthetic_exchange,economics,lightgbm_ar,exchange_0,2025-02-22 00:00:00,5.102005767025453,4.697089472855703
synthetic_exchange,economics,lightgbm_ar,exchange_0,2025-02-23 00:00:00,5.127453481402558,4.697089472855703
synthetic_exchange,economics,lightgbm_ar,exchange_1,2025-01-07 00:00:00,4.812546518597441,4.749749018137217
synthetic_exchange,economics,lightgbm_ar,exchange_1,2025-01-08 00:00:00,4.837994232974547,4.735971526825745
synthetic_exchange,economics,lightgbm_ar,exchange_1,2025-01-09 00:00:00,4.804710699129405,4.727209656214747
synthetic_exchange,economics,lightgbm_ar,exchange_1,2025-01-10 00:00:00,4.745289300870598,4.7218691397055785
synthetic_exchange,economics,lightgbm_ar,exchange_1,2025-01-11 00:00:00,4.712005767025454,4.7270894728557025
synthetic_exchange,economics,lightgbm_ar,exchange_1,2025-01-12 00:00:00,4.737453481402555,4.7270894728557025
synthetic_exchange,economics,lightgbm_ar,exchange_1,2025-01-13 00:00:00,4.810000000000003,4.7270894728557025
synthetic_exchange,economics,lightgbm_ar,exchange_1,2025-01-14 00:00:00,4.882546518597442,4.7270894728557025
synthetic_exchange,economics,lightgbm_ar,exchange_1,2025-01-15 00:00:00,4.907994232974547,4.7270894728557025
synthetic_exchange,economics,lightgbm_ar,exchange_1,2025-01-16 00:00:00,4.874710699129407,4.7270894728557025
synthetic_exchange,economics,lightgbm_ar,exchange_1,2025-01-17 00:00:00,4.815289300870596,4.7270894728557025
synthetic_exchange,economics,lightgbm_ar,exchange_1,2025-01-18 00:00:00,4.782005767025455,4.7270894728557025
synthetic_exchange,economics,lightgbm_ar,exchange_1,2025-01-19 00:00:00,4.807453481402557,4.7270894728557025
synthetic_exchange,economics,lightgbm_ar,exchange_1,2025-01-20 00:00:00,4.880000000000001,4.7270894728557025
synthetic_exchange,economics,lightgbm_ar,exchange_1,2025-01-21 00:00:00,4.95254651859744,4.7270894728557025
synthetic_exchange,economics,lightgbm_ar,exchange_1,2025-01-22 00:00:00,4.977994232974546,4.7270894728557025
synthetic_exchange,economics,lightgbm_ar,exchange_1,2025-01-23 00:00:00,4.944710699129407,4.7270894728557025
synthetic_exchange,economics,lightgbm_ar,exchange_1,2025-01-24 00:00:00,4.885289300870598,4.7270894728557025
synthetic_exchange,economics,lightgbm_ar,exchange_1,2025-01-25 00:00:00,4.852005767025456,4.7270894728557025
synthetic_exchange,economics,lightgbm_ar,exchange_1,2025-01-26 00:00:00,4.877453481402559,4.7270894728557025
synthetic_exchange,economics,lightgbm_ar,exchange_1,2025-01-27 00:00:00,4.949999999999999,4.7270894728557025
synthetic_exchange,economics,lightgbm_ar,exchange_1,2025-01-28 00:00:00,5.0225465185974425,4.7270894728557025
synthetic_exchange,economics,lightgbm_ar,exchange_1,2025-01-29 00:00:00,5.047994232974546,4.7270894728557025
synthetic_exchange,economics,lightgbm_ar,exchange_1,2025-01-30 00:00:00,5.014710699129406,4.7270894728557025
synthetic_exchange,economics,lightgbm_ar,exchange_1,2025-01-31 00:00:00,4.955289300870595,4.7270894728557025
synthetic_exchange,economics,lightgbm_ar,exchange_1,2025-02-01 00:00:00,4.922005767025455,4.7270894728557025
synthetic_exchange,economics,lightgbm_ar,exchange_1,2025-02-02 00:00:00,4.947453481402558,4.7270894728557025
synthetic_exchange,economics,lightgbm_ar,exchange_1,2025-02-03 00:00:00,5.019999999999998,4.7270894728557025
synthetic_exchange,economics,lightgbm_ar,exchange_1,2025-02-04 00:00:00,5.092546518597442,4.7270894728557025
synthetic_exchange,economics,lightgbm_ar,exchange_1,2025-02-05 00:00:00,5.117994232974547,4.7270894728557025
synthetic_exchange,economics,lightgbm_ar,exchange_1,2025-02-06 00:00:00,5.084710699129407,4.7270894728557025
synthetic_exchange,economics,lightgbm_ar,exchange_1,2025-02-07 00:00:00,5.0252893008706,4.7270894728557025
synthetic_exchange,economics,lightgbm_ar,exchange_1,2025-02-08 00:00:00,4.9920057670254545,4.7270894728557025
synthetic_exchange,economics,lightgbm_ar,exchange_1,2025-02-09 00:00:00,5.017453481402557,4.7270894728557025
synthetic_exchange,economics,lightgbm_ar,exchange_1,2025-02-10 00:00:00,5.090000000000001,4.7270894728557025
synthetic_exchange,economics,lightgbm_ar,exchange_1,2025-02-11 00:00:00,5.162546518597444,4.7270894728557025
synthetic_exchange,economics,lightgbm_ar,exchange_1,2025-02-12 00:00:00,5.187994232974546,4.7270894728557025
synthetic_exchange,economics,lightgbm_ar,exchange_1,2025-02-13 00:00:00,5.154710699129404,4.7270894728557025
synthetic_exchange,economics,lightgbm_ar,exchange_1,2025-02-14 00:00:00,5.095289300870597,4.7270894728557025
synthetic_exchange,economics,lightgbm_ar,exchange_1,2025-02-15 00:00:00,5.062005767025455,4.7270894728557025
synthetic_exchange,economics,lightgbm_ar,exchange_1,2025-02-16 00:00:00,5.087453481402556,4.7270894728557025
synthetic_exchange,economics,lightgbm_ar,exchange_1,2025-02-17 00:00:00,5.159999999999998,4.7270894728557025
synthetic_exchange,economics,lightgbm_ar,exchange_1,2025-02-18 00:00:00,5.23254651859744,4.7270894728557025
synthetic_exchange,economics,lightgbm_ar,exchange_1,2025-02-19 00:00:00,5.257994232974547,4.7270894728557025
synthetic_exchange,economics,lightgbm_ar,exchange_1,2025-02-20 00:00:00,5.224710699129402,4.7270894728557025
synthetic_exchange,economics,lightgbm_ar,exchange_1,2025-02-21 00:00:00,5.165289300870595,4.7270894728557025
synthetic_exchange,economics,lightgbm_ar,exchange_1,2025-02-22 00:00:00,5.132005767025453,4.7270894728557025
synthetic_exchange,economics,lightgbm_ar,exchange_1,2025-02-23 00:00:00,5.157453481402558,4.7270894728557025
synthetic_exchange,economics,lightgbm_ar,exchange_2,2025-01-07 00:00:00,4.84254651859744,4.779749018137216
synthetic_exchange,economics,lightgbm_ar,exchange_2,2025-01-08 00:00:00,4.867994232974547,4.765971526825744
synthetic_exchange,economics,lightgbm_ar,exchange_2,2025-01-09 00:00:00,4.834710699129404,4.757209656214746
synthetic_exchange,economics,lightgbm_ar,exchange_2,2025-01-10 00:00:00,4.775289300870598,4.751869139705578
synthetic_exchange,economics,lightgbm_ar,exchange_2,2025-01-11 00:00:00,4.742005767025454,4.757089472855702
synthetic_exchange,economics,lightgbm_ar,exchange_2,2025-01-12 00:00:00,4.767453481402554,4.757089472855702
synthetic_exchange,economics,lightgbm_ar,exchange_2,2025-01-13 00:00:00,4.8400000000000025,4.757089472855702
synthetic_exchange,economics,lightgbm_ar,exchange_2,2025-01-14 00:00:00,4.912546518597441,4.757089472855702
synthetic_exchange,economics,lightgbm_ar,exchange_2,2025-01-15 00:00:00,4.937994232974546,4.757089472855702
synthetic_exchange,economics,lightgbm_ar,exchange_2,2025-01-16 00:00:00,4.9047106991294065,4.757089472855702
synthetic_exchange,economics,lightgbm_ar,exchange_2,2025-01-17 00:00:00,4.845289300870595,4.757089472855702
synthetic_exchange,economics,lightgbm_ar,exchange_2,2025-01-18 00:00:00,4.812005767025455,4.757089472855702
synthetic_exchange,economics,lightgbm_ar,exchange_2,2025-01-19 00:00:00,4.837453481402556,4.757089472855702
synthetic_exchange,economics,lightgbm_ar,exchange_2,2025-01-20 00:00:00,4.91,4.757089472855702
synthetic_exchange,economics,lightgbm_ar,exchange_2,2025-01-21 00:00:00,4.98254651859744,4.757089472855702
synthetic_exchange,economics,lightgbm_ar,exchange_2,2025-01-22 00:00:00,5.0079942329745455,4.757089472855702
synthetic_exchange,economics,lightgbm_ar,exchange_2,2025-01-23 00:00:00,4.974710699129407,4.757089472855702
synthetic_exchange,economics,lightgbm_ar,exchange_2,2025-01-24 00:00:00,4.915289300870597,4.757089472855702
synthetic_exchange,economics,lightgbm_ar,exchange_2,2025-01-25 00:00:00,4.882005767025455,4.757089472855702
synthetic_exchange,economics,lightgbm_ar,exchange_2,2025-01-26 00:00:00,4.907453481402558,4.757089472855702
synthetic_exchange,economics,lightgbm_ar,exchange_2,2025-01-27 00:00:00,4.979999999999999,4.757089472855702
synthetic_exchange,economics,lightgbm_ar,exchange_2,2025-01-28 00:00:00,5.052546518597442,4.757089472855702
synthetic_exchange,economics,lightgbm_ar,exchange_2,2025-01-29 00:00:00,5.077994232974546,4.757089472855702
synthetic_exchange,economics,lightgbm_ar,exchange_2,2025-01-30 00:00:00,5.044710699129405,4.757089472855702
synthetic_exchange,economics,lightgbm_ar,exchange_2,2025-01-31 00:00:00,4.985289300870594,4.757089472855702
synthetic_exchange,economics,lightgbm_ar,exchange_2,2025-02-01 00:00:00,4.9520057670254545,4.757089472855702
synthetic_exchange,economics,lightgbm_ar,exchange_2,2025-02-02 00:00:00,4.9774534814025575,4.757089472855702
synthetic_exchange,economics,lightgbm_ar,exchange_2,2025-02-03 00:00:00,5.049999999999997,4.757089472855702
synthetic_exchange,economics,lightgbm_ar,exchange_2,2025-02-04 00:00:00,5.122546518597441,4.757089472855702
synthetic_exchange,economics,lightgbm_ar,exchange_2,2025-02-05 00:00:00,5.147994232974546,4.757089472855702
synthetic_exchange,economics,lightgbm_ar,exchange_2,2025-02-06 00:00:00,5.1147106991294065,4.757089472855702
synthetic_exchange,economics,lightgbm_ar,exchange_2,2025-02-07 00:00:00,5.0552893008706,4.757089472855702
synthetic_exchange,economics,lightgbm_ar,exchange_2,2025-02-08 00:00:00,5.022005767025454,4.757089472855702
synthetic_exchange,economics,lightgbm_ar,exchange_2,2025-02-09 00:00:00,5.047453481402556,4.757089472855702
synthetic_exchange,economics,lightgbm_ar,exchange_2,2025-02-10 00:00:00,5.12,4.757089472855702
synthetic_exchange,economics,lightgbm_ar,exchange_2,2025-02-11 00:00:00,5.192546518597443,4.757089472855702
synthetic_exchange,economics,lightgbm_ar,exchange_2,2025-02-12 00:00:00,5.2179942329745455,4.757089472855702
synthetic_exchange,economics,lightgbm_ar,exchange_2,2025-02-13 00:00:00,5.184710699129403,4.757089472855702
synthetic_exchange,economics,lightgbm_ar,exchange_2,2025-02-14 00:00:00,5.125289300870596,4.757089472855702
synthetic_exchange,economics,lightgbm_ar,exchange_2,2025-02-15 00:00:00,5.092005767025454,4.757089472855702
synthetic_exchange,economics,lightgbm_ar,exchange_2,2025-02-16 00:00:00,5.117453481402555,4.757089472855702
synthetic_exchange,economics,lightgbm_ar,exchange_2,2025-02-17 00:00:00,5.189999999999998,4.757089472855702
synthetic_exchange,economics,lightgbm_ar,exchange_2,2025-02-18 00:00:00,5.262546518597439,4.757089472855702
synthetic_exchange,economics,lightgbm_ar,exchange_2,2025-02-19 00:00:00,5.287994232974547,4.757089472855702
synthetic_exchange,economics,lightgbm_ar,exchange_2,2025-02-20 00:00:00,5.254710699129402,4.757089472855702
synthetic_exchange,economics,lightgbm_ar,exchange_2,2025-02-21 00:00:00,5.195289300870594,4.757089472855702
synthetic_exchange,economics,lightgbm_ar,exchange_2,2025-02-22 00:00:00,5.162005767025453,4.757089472855702
synthetic_exchange,economics,lightgbm_ar,exchange_2,2025-02-23 00:00:00,5.1874534814025575,4.757089472855702
synthetic_exchange,economics,xgboost_ar,exchange_0,2025-01-07 00:00:00,4.7825465185974405,4.711309746208032
synthetic_exchange,economics,xgboost_ar,exchange_0,2025-01-08 00:00:00,4.807994232974547,4.704645592218221
synthetic_exchange,economics,xgboost_ar,exchange_0,2025-01-09 00:00:00,4.774710699129405,4.686143703568771
synthetic_exchange,economics,xgboost_ar,exchange_0,2025-01-10 00:00:00,4.715289300870598,4.683222763998279
synthetic_exchange,economics,xgboost_ar,exchange_0,2025-01-11 00:00:00,4.682005767025454,4.686143703568771
synthetic_exchange,economics,xgboost_ar,exchange_0,2025-01-12 00:00:00,4.707453481402554,4.686143703568771
synthetic_exchange,economics,xgboost_ar,exchange_0,2025-01-13 00:00:00,4.780000000000003,4.686143703568771
synthetic_exchange,economics,xgboost_ar,exchange_0,2025-01-14 00:00:00,4.852546518597442,4.686143703568771
synthetic_exchange,economics,xgboost_ar,exchange_0,2025-01-15 00:00:00,4.8779942329745465,4.686143703568771
synthetic_exchange,economics,xgboost_ar,exchange_0,2025-01-16 00:00:00,4.844710699129407,4.686143703568771
synthetic_exchange,economics,xgboost_ar,exchange_0,2025-01-17 00:00:00,4.785289300870596,4.686143703568771
synthetic_exchange,economics,xgboost_ar,exchange_0,2025-01-18 00:00:00,4.752005767025455,4.686143703568771
synthetic_exchange,economics,xgboost_ar,exchange_0,2025-01-19 00:00:00,4.777453481402556,4.686143703568771
synthetic_exchange,economics,xgboost_ar,exchange_0,2025-01-20 00:00:00,4.8500000000000005,4.686143703568771
synthetic_exchange,economics,xgboost_ar,exchange_0,2025-01-21 00:00:00,4.92254651859744,4.686143703568771
synthetic_exchange,economics,xgboost_ar,exchange_0,2025-01-22 00:00:00,4.947994232974546,4.686143703568771
synthetic_exchange,economics,xgboost_ar,exchange_0,2025-01-23 00:00:00,4.914710699129407,4.686143703568771
synthetic_exchange,economics,xgboost_ar,exchange_0,2025-01-24 00:00:00,4.855289300870598,4.686143703568771
synthetic_exchange,economics,xgboost_ar,exchange_0,2025-01-25 00:00:00,4.8220057670254555,4.686143703568771
synthetic_exchange,economics,xgboost_ar,exchange_0,2025-01-26 00:00:00,4.8474534814025585,4.686143703568771
synthetic_exchange,economics,xgboost_ar,exchange_0,2025-01-27 00:00:00,4.919999999999999,4.686143703568771
synthetic_exchange,economics,xgboost_ar,exchange_0,2025-01-28 00:00:00,4.992546518597442,4.686143703568771
synthetic_exchange,economics,xgboost_ar,exchange_0,2025-01-29 00:00:00,5.017994232974546,4.686143703568771
synthetic_exchange,economics,xgboost_ar,exchange_0,2025-01-30 00:00:00,4.984710699129406,4.686143703568771
synthetic_exchange,economics,xgboost_ar,exchange_0,2025-01-31 00:00:00,4.9252893008705945,4.686143703568771
synthetic_exchange,economics,xgboost_ar,exchange_0,2025-02-01 00:00:00,4.892005767025455,4.686143703568771
synthetic_exchange,economics,xgboost_ar,exchange_0,2025-02-02 00:00:00,4.917453481402558,4.686143703568771
synthetic_exchange,economics,xgboost_ar,exchange_0,2025-02-03 00:00:00,4.9899999999999975,4.686143703568771
synthetic_exchange,economics,xgboost_ar,exchange_0,2025-02-04 00:00:00,5.062546518597442,4.686143703568771
synthetic_exchange,economics,xgboost_ar,exchange_0,2025-02-05 00:00:00,5.0879942329745464,4.686143703568771
synthetic_exchange,economics,xgboost_ar,exchange_0,2025-02-06 00:00:00,5.054710699129407,4.686143703568771
synthetic_exchange,economics,xgboost_ar,exchange_0,2025-02-07 00:00:00,4.9952893008706,4.686143703568771
synthetic_exchange,economics,xgboost_ar,exchange_0,2025-02-08 00:00:00,4.962005767025454,4.686143703568771
synthetic_exchange,economics,xgboost_ar,exchange_0,2025-02-09 00:00:00,4.987453481402556,4.686143703568771
synthetic_exchange,economics,xgboost_ar,exchange_0,2025-02-10 00:00:00,5.0600000000000005,4.686143703568771
synthetic_exchange,economics,xgboost_ar,exchange_0,2025-02-11 00:00:00,5.132546518597444,4.686143703568771
synthetic_exchange,economics,xgboost_ar,exchange_0,2025-02-12 00:00:00,5.157994232974546,4.686143703568771
synthetic_exchange,economics,xgboost_ar,exchange_0,2025-02-13 00:00:00,5.124710699129404,4.686143703568771
synthetic_exchange,economics,xgboost_ar,exchange_0,2025-02-14 00:00:00,5.065289300870597,4.686143703568771
synthetic_exchange,economics,xgboost_ar,exchange_0,2025-02-15 00:00:00,5.0320057670254545,4.686143703568771
synthetic_exchange,economics,xgboost_ar,exchange_0,2025-02-16 00:00:00,5.057453481402556,4.686143703568771
synthetic_exchange,economics,xgboost_ar,exchange_0,2025-02-17 00:00:00,5.129999999999998,4.686143703568771
synthetic_exchange,economics,xgboost_ar,exchange_0,2025-02-18 00:00:00,5.2025465185974396,4.686143703568771
synthetic_exchange,economics,xgboost_ar,exchange_0,2025-02-19 00:00:00,5.227994232974547,4.686143703568771
synthetic_exchange,economics,xgboost_ar,exchange_0,2025-02-20 00:00:00,5.194710699129402,4.686143703568771
synthetic_exchange,economics,xgboost_ar,exchange_0,2025-02-21 00:00:00,5.135289300870594,4.686143703568771
synthetic_exchange,economics,xgboost_ar,exchange_0,2025-02-22 00:00:00,5.102005767025453,4.686143703568771
synthetic_exchange,economics,xgboost_ar,exchange_0,2025-02-23 00:00:00,5.127453481402558,4.686143703568771
synthetic_exchange,economics,xgboost_ar,exchange_1,2025-01-07 00:00:00,4.812546518597441,4.741309746208032
synthetic_exchange,economics,xgboost_ar,exchange_1,2025-01-08 00:00:00,4.837994232974547,4.734645592218221
synthetic_exchange,economics,xgboost_ar,exchange_1,2025-01-09 00:00:00,4.804710699129405,4.71614370356877
synthetic_exchange,economics,xgboost_ar,exchange_1,2025-01-10 00:00:00,4.745289300870598,4.713222763998278
synthetic_exchange,economics,xgboost_ar,exchange_1,2025-01-11 00:00:00,4.712005767025454,4.71614370356877
synthetic_exchange,economics,xgboost_ar,exchange_1,2025-01-12 00:00:00,4.737453481402555,4.71614370356877
synthetic_exchange,economics,xgboost_ar,exchange_1,2025-01-13 00:00:00,4.810000000000003,4.71614370356877
synthetic_exchange,economics,xgboost_ar,exchange_1,2025-01-14 00:00:00,4.882546518597442,4.71614370356877
synthetic_exchange,economics,xgboost_ar,exchange_1,2025-01-15 00:00:00,4.907994232974547,4.71614370356877
synthetic_exchange,economics,xgboost_ar,exchange_1,2025-01-16 00:00:00,4.874710699129407,4.71614370356877
synthetic_exchange,economics,xgboost_ar,exchange_1,2025-01-17 00:00:00,4.815289300870596,4.71614370356877
synthetic_exchange,economics,xgboost_ar,exchange_1,2025-01-18 00:00:00,4.782005767025455,4.71614370356877
synthetic_exchange,economics,xgboost_ar,exchange_1,2025-01-19 00:00:00,4.807453481402557,4.71614370356877
synthetic_exchange,economics,xgboost_ar,exchange_1,2025-01-20 00:00:00,4.880000000000001,4.71614370356877
synthetic_exchange,economics,xgboost_ar,exchange_1,2025-01-21 00:00:00,4.95254651859744,4.71614370356877
synthetic_exchange,economics,xgboost_ar,exchange_1,2025-01-22 00:00:00,4.977994232974546,4.71614370356877
synthetic_exchange,economics,xgboost_ar,exchange_1,2025-01-23 00:00:00,4.944710699129407,4.71614370356877
synthetic_exchange,economics,xgboost_ar,exchange_1,2025-01-24 00:00:00,4.885289300870598,4.71614370356877
synthetic_exchange,economics,xgboost_ar,exchange_1,2025-01-25 00:00:00,4.852005767025456,4.71614370356877
synthetic_exchange,economics,xgboost_ar,exchange_1,2025-01-26 00:00:00,4.877453481402559,4.71614370356877
synthetic_exchange,economics,xgboost_ar,exchange_1,2025-01-27 00:00:00,4.949999999999999,4.71614370356877
synthetic_exchange,economics,xgboost_ar,exchange_1,2025-01-28 00:00:00,5.0225465185974425,4.71614370356877
synthetic_exchange,economics,xgboost_ar,exchange_1,2025-01-29 00:00:00,5.047994232974546,4.71614370356877
synthetic_exchange,economics,xgboost_ar,exchange_1,2025-01-30 00:00:00,5.014710699129406,4.71614370356877
synthetic_exchange,economics,xgboost_ar,exchange_1,2025-01-31 00:00:00,4.955289300870595,4.71614370356877
synthetic_exchange,economics,xgboost_ar,exchange_1,2025-02-01 00:00:00,4.922005767025455,4.71614370356877
synthetic_exchange,economics,xgboost_ar,exchange_1,2025-02-02 00:00:00,4.947453481402558,4.71614370356877
synthetic_exchange,economics,xgboost_ar,exchange_1,2025-02-03 00:00:00,5.019999999999998,4.71614370356877
synthetic_exchange,economics,xgboost_ar,exchange_1,2025-02-04 00:00:00,5.092546518597442,4.71614370356877
synthetic_exchange,economics,xgboost_ar,exchange_1,2025-02-05 00:00:00,5.117994232974547,4.71614370356877
synthetic_exchange,economics,xgboost_ar,exchange_1,2025-02-06 00:00:00,5.084710699129407,4.71614370356877
synthetic_exchange,economics,xgboost_ar,exchange_1,2025-02-07 00:00:00,5.0252893008706,4.71614370356877
synthetic_exchange,economics,xgboost_ar,exchange_1,2025-02-08 00:00:00,4.9920057670254545,4.71614370356877
synthetic_exchange,economics,xgboost_ar,exchange_1,2025-02-09 00:00:00,5.017453481402557,4.71614370356877
synthetic_exchange,economics,xgboost_ar,exchange_1,2025-02-10 00:00:00,5.090000000000001,4.71614370356877
synthetic_exchange,economics,xgboost_ar,exchange_1,2025-02-11 00:00:00,5.162546518597444,4.71614370356877
synthetic_exchange,economics,xgboost_ar,exchange_1,2025-02-12 00:00:00,5.187994232974546,4.71614370356877
synthetic_exchange,economics,xgboost_ar,exchange_1,2025-02-13 00:00:00,5.154710699129404,4.71614370356877
synthetic_exchange,economics,xgboost_ar,exchange_1,2025-02-14 00:00:00,5.095289300870597,4.71614370356877
synthetic_exchange,economics,xgboost_ar,exchange_1,2025-02-15 00:00:00,5.062005767025455,4.71614370356877
synthetic_exchange,economics,xgboost_ar,exchange_1,2025-02-16 00:00:00,5.087453481402556,4.71614370356877
synthetic_exchange,economics,xgboost_ar,exchange_1,2025-02-17 00:00:00,5.159999999999998,4.71614370356877
synthetic_exchange,economics,xgboost_ar,exchange_1,2025-02-18 00:00:00,5.23254651859744,4.71614370356877
synthetic_exchange,economics,xgboost_ar,exchange_1,2025-02-19 00:00:00,5.257994232974547,4.71614370356877
synthetic_exchange,economics,xgboost_ar,exchange_1,2025-02-20 00:00:00,5.224710699129402,4.71614370356877
synthetic_exchange,economics,xgboost_ar,exchange_1,2025-02-21 00:00:00,5.165289300870595,4.71614370356877
synthetic_exchange,economics,xgboost_ar,exchange_1,2025-02-22 00:00:00,5.132005767025453,4.71614370356877
synthetic_exchange,economics,xgboost_ar,exchange_1,2025-02-23 00:00:00,5.157453481402558,4.71614370356877
synthetic_exchange,economics,xgboost_ar,exchange_2,2025-01-07 00:00:00,4.84254651859744,4.771309746208032
synthetic_exchange,economics,xgboost_ar,exchange_2,2025-01-08 00:00:00,4.867994232974547,4.764645592218221
synthetic_exchange,economics,xgboost_ar,exchange_2,2025-01-09 00:00:00,4.834710699129404,4.7461437035687695
synthetic_exchange,economics,xgboost_ar,exchange_2,2025-01-10 00:00:00,4.775289300870598,4.743222763998278
synthetic_exchange,economics,xgboost_ar,exchange_2,2025-01-11 00:00:00,4.742005767025454,4.7461437035687695
synthetic_exchange,economics,xgboost_ar,exchange_2,2025-01-12 00:00:00,4.767453481402554,4.7461437035687695
synthetic_exchange,economics,xgboost_ar,exchange_2,2025-01-13 00:00:00,4.8400000000000025,4.7461437035687695
synthetic_exchange,economics,xgboost_ar,exchange_2,2025-01-14 00:00:00,4.912546518597441,4.7461437035687695
synthetic_exchange,economics,xgboost_ar,exchange_2,2025-01-15 00:00:00,4.937994232974546,4.7461437035687695
synthetic_exchange,economics,xgboost_ar,exchange_2,2025-01-16 00:00:00,4.9047106991294065,4.7461437035687695
synthetic_exchange,economics,xgboost_ar,exchange_2,2025-01-17 00:00:00,4.845289300870595,4.7461437035687695
synthetic_exchange,economics,xgboost_ar,exchange_2,2025-01-18 00:00:00,4.812005767025455,4.7461437035687695
synthetic_exchange,economics,xgboost_ar,exchange_2,2025-01-19 00:00:00,4.837453481402556,4.7461437035687695
synthetic_exchange,economics,xgboost_ar,exchange_2,2025-01-20 00:00:00,4.91,4.7461437035687695
synthetic_exchange,economics,xgboost_ar,exchange_2,2025-01-21 00:00:00,4.98254651859744,4.7461437035687695
synthetic_exchange,economics,xgboost_ar,exchange_2,2025-01-22 00:00:00,5.0079942329745455,4.7461437035687695
synthetic_exchange,economics,xgboost_ar,exchange_2,2025-01-23 00:00:00,4.974710699129407,4.7461437035687695
synthetic_exchange,economics,xgboost_ar,exchange_2,2025-01-24 00:00:00,4.915289300870597,4.7461437035687695
synthetic_exchange,economics,xgboost_ar,exchange_2,2025-01-25 00:00:00,4.882005767025455,4.7461437035687695
synthetic_exchange,economics,xgboost_ar,exchange_2,2025-01-26 00:00:00,4.907453481402558,4.7461437035687695
synthetic_exchange,economics,xgboost_ar,exchange_2,2025-01-27 00:00:00,4.979999999999999,4.7461437035687695
synthetic_exchange,economics,xgboost_ar,exchange_2,2025-01-28 00:00:00,5.052546518597442,4.7461437035687695
synthetic_exchange,economics,xgboost_ar,exchange_2,2025-01-29 00:00:00,5.077994232974546,4.7461437035687695
synthetic_exchange,economics,xgboost_ar,exchange_2,2025-01-30 00:00:00,5.044710699129405,4.7461437035687695
synthetic_exchange,economics,xgboost_ar,exchange_2,2025-01-31 00:00:00,4.985289300870594,4.7461437035687695
synthetic_exchange,economics,xgboost_ar,exchange_2,2025-02-01 00:00:00,4.9520057670254545,4.7461437035687695
synthetic_exchange,economics,xgboost_ar,exchange_2,2025-02-02 00:00:00,4.9774534814025575,4.7461437035687695
synthetic_exchange,economics,xgboost_ar,exchange_2,2025-02-03 00:00:00,5.049999999999997,4.7461437035687695
synthetic_exchange,economics,xgboost_ar,exchange_2,2025-02-04 00:00:00,5.122546518597441,4.7461437035687695
synthetic_exchange,economics,xgboost_ar,exchange_2,2025-02-05 00:00:00,5.147994232974546,4.7461437035687695
synthetic_exchange,economics,xgboost_ar,exchange_2,2025-02-06 00:00:00,5.1147106991294065,4.7461437035687695
synthetic_exchange,economics,xgboost_ar,exchange_2,2025-02-07 00:00:00,5.0552893008706,4.7461437035687695
synthetic_exchange,economics,xgboost_ar,exchange_2,2025-02-08 00:00:00,5.022005767025454,4.7461437035687695
synthetic_exchange,economics,xgboost_ar,exchange_2,2025-02-09 00:00:00,5.047453481402556,4.7461437035687695
synthetic_exchange,economics,xgboost_ar,exchange_2,2025-02-10 00:00:00,5.12,4.7461437035687695
synthetic_exchange,economics,xgboost_ar,exchange_2,2025-02-11 00:00:00,5.192546518597443,4.7461437035687695
synthetic_exchange,economics,xgboost_ar,exchange_2,2025-02-12 00:00:00,5.2179942329745455,4.7461437035687695
synthetic_exchange,economics,xgboost_ar,exchange_2,2025-02-13 00:00:00,5.184710699129403,4.7461437035687695
synthetic_exchange,economics,xgboost_ar,exchange_2,2025-02-14 00:00:00,5.125289300870596,4.7461437035687695
synthetic_exchange,economics,xgboost_ar,exchange_2,2025-02-15 00:00:00,5.092005767025454,4.7461437035687695
synthetic_exchange,economics,xgboost_ar,exchange_2,2025-02-16 00:00:00,5.117453481402555,4.7461437035687695
synthetic_exchange,economics,xgboost_ar,exchange_2,2025-02-17 00:00:00,5.189999999999998,4.7461437035687695
synthetic_exchange,economics,xgboost_ar,exchange_2,2025-02-18 00:00:00,5.262546518597439,4.7461437035687695
synthetic_exchange,economics,xgboost_ar,exchange_2,2025-02-19 00:00:00,5.287994232974547,4.7461437035687695
synthetic_exchange,economics,xgboost_ar,exchange_2,2025-02-20 00:00:00,5.254710699129402,4.7461437035687695
synthetic_exchange,economics,xgboost_ar,exchange_2,2025-02-21 00:00:00,5.195289300870594,4.7461437035687695
synthetic_exchange,economics,xgboost_ar,exchange_2,2025-02-22 00:00:00,5.162005767025453,4.7461437035687695
synthetic_exchange,economics,xgboost_ar,exchange_2,2025-02-23 00:00:00,5.1874534814025575,4.7461437035687695
synthetic_exchange,economics,tabpfn_ts,exchange_0,2025-01-07 00:00:00,4.7825465185974405,4.704958915710449
synthetic_exchange,economics,tabpfn_ts,exchange_0,2025-01-08 00:00:00,4.807994232974547,4.709536075592041
synthetic_exchange,economics,tabpfn_ts,exchange_0,2025-01-09 00:00:00,4.774710699129405,4.711299419403076
synthetic_exchange,economics,tabpfn_ts,exchange_0,2025-01-10 00:00:00,4.715289300870598,4.712421417236328
synthetic_exchange,economics,tabpfn_ts,exchange_0,2025-01-11 00:00:00,4.682005767025454,4.714727401733398
synthetic_exchange,economics,tabpfn_ts,exchange_0,2025-01-12 00:00:00,4.707453481402554,4.721277236938477
synthetic_exchange,economics,tabpfn_ts,exchange_0,2025-01-13 00:00:00,4.780000000000003,4.727850437164307
synthetic_exchange,economics,tabpfn_ts,exchange_0,2025-01-14 00:00:00,4.852546518597442,4.730717182159424
synthetic_exchange,economics,tabpfn_ts,exchange_0,2025-01-15 00:00:00,4.8779942329745465,4.733122825622559
synthetic_exchange,economics,tabpfn_ts,exchange_0,2025-01-16 00:00:00,4.844710699129407,4.738126754760742
synthetic_exchange,economics,tabpfn_ts,exchange_0,2025-01-17 00:00:00,4.785289300870596,4.743931293487549
synthetic_exchange,economics,tabpfn_ts,exchange_0,2025-01-18 00:00:00,4.752005767025455,4.744403839111328
synthetic_exchange,economics,tabpfn_ts,exchange_0,2025-01-19 00:00:00,4.777453481402556,4.7504425048828125
synthetic_exchange,economics,tabpfn_ts,exchange_0,2025-01-20 00:00:00,4.8500000000000005,4.7570672035217285
synthetic_exchange,economics,tabpfn_ts,exchange_0,2025-01-21 00:00:00,4.92254651859744,4.762751579284668
synthetic_exchange,economics,tabpfn_ts,exchange_0,2025-01-22 00:00:00,4.947994232974546,4.765559673309326
synthetic_exchange,economics,tabpfn_ts,exchange_0,2025-01-23 00:00:00,4.914710699129407,4.767422199249268
synthetic_exchange,economics,tabpfn_ts,exchange_0,2025-01-24 00:00:00,4.855289300870598,4.775478839874268
synthetic_exchange,economics,tabpfn_ts,exchange_0,2025-01-25 00:00:00,4.8220057670254555,4.779250144958496
synthetic_exchange,economics,tabpfn_ts,exchange_0,2025-01-26 00:00:00,4.8474534814025585,4.780339241027832
synthetic_exchange,economics,tabpfn_ts,exchange_0,2025-01-27 00:00:00,4.919999999999999,4.786649703979492
synthetic_exchange,economics,tabpfn_ts,exchange_0,2025-01-28 00:00:00,4.992546518597442,4.793570518493652
synthetic_exchange,economics,tabpfn_ts,exchange_0,2025-01-29 00:00:00,5.017994232974546,4.795334815979004
synthetic_exchange,economics,tabpfn_ts,exchange_0,2025-01-30 00:00:00,4.984710699129406,4.802300930023193
synthetic_exchange,economics,tabpfn_ts,exchange_0,2025-01-31 00:00:00,4.9252893008705945,4.807217121124268
synthetic_exchange,economics,tabpfn_ts,exchange_0,2025-02-01 00:00:00,4.892005767025455,4.788280487060547
synthetic_exchange,economics,tabpfn_ts,exchange_0,2025-02-02 00:00:00,4.917453481402558,4.794222354888916
synthetic_exchange,economics,tabpfn_ts,exchange_0,2025-02-03 00:00:00,4.9899999999999975,4.800666332244873
synthetic_exchange,economics,tabpfn_ts,exchange_0,2025-02-04 00:00:00,5.062546518597442,4.807651042938232
synthetic_exchange,economics,tabpfn_ts,exchange_0,2025-02-05 00:00:00,5.0879942329745464,4.809427738189697
synthetic_exchange,economics,tabpfn_ts,exchange_0,2025-02-06 00:00:00,5.054710699129407,4.816089630126953
synthetic_exchange,economics,tabpfn_ts,exchange_0,2025-02-07 00:00:00,4.9952893008706,4.821300983428955
synthetic_exchange,economics,tabpfn_ts,exchange_0,2025-02-08 00:00:00,4.962005767025454,4.825352668762207
synthetic_exchange,economics,tabpfn_ts,exchange_0,2025-02-09 00:00:00,4.987453481402556,4.829127788543701
synthetic_exchange,economics,tabpfn_ts,exchange_0,2025-02-10 00:00:00,5.0600000000000005,4.83698844909668
synthetic_exchange,economics,tabpfn_ts,exchange_0,2025-02-11 00:00:00,5.132546518597444,4.8467512130737305
synthetic_exchange,economics,tabpfn_ts,exchange_0,2025-02-12 00:00:00,5.157994232974546,4.8494343757629395
synthetic_exchange,economics,tabpfn_ts,exchange_0,2025-02-13 00:00:00,5.124710699129404,4.853238105773926
synthetic_exchange,economics,tabpfn_ts,exchange_0,2025-02-14 00:00:00,5.065289300870597,4.863264083862305
synthetic_exchange,economics,tabpfn_ts,exchange_0,2025-02-15 00:00:00,5.0320057670254545,4.865499496459961
synthetic_exchange,economics,tabpfn_ts,exchange_0,2025-02-16 00:00:00,5.057453481402556,4.867668628692627
synthetic_exchange,economics,tabpfn_ts,exchange_0,2025-02-17 00:00:00,5.129999999999998,4.874566555023193
synthetic_exchange,economics,tabpfn_ts,exchange_0,2025-02-18 00:00:00,5.2025465185974396,4.880383014678955
synthetic_exchange,economics,tabpfn_ts,exchange_0,2025-02-19 00:00:00,5.227994232974547,4.885986804962158
synthetic_exchange,economics,tabpfn_ts,exchange_0,2025-02-20 00:00:00,5.194710699129402,4.892593860626221
synthetic_exchange,economics,tabpfn_ts,exchange_0,2025-02-21 00:00:00,5.135289300870594,4.896350860595703
synthetic_exchange,economics,tabpfn_ts,exchange_0,2025-02-22 00:00:00,5.102005767025453,4.901193141937256
synthetic_exchange,economics,tabpfn_ts,exchange_0,2025-02-23 00:00:00,5.127453481402558,4.902338981628418
synthetic_exchange,economics,tabpfn_ts,exchange_1,2025-01-07 00:00:00,4.812546518597441,4.734958648681641
synthetic_exchange,economics,tabpfn_ts,exchange_1,2025-01-08 00:00:00,4.837994232974547,4.739535808563232
synthetic_exchange,economics,tabpfn_ts,exchange_1,2025-01-09 00:00:00,4.804710699129405,4.741299152374268
synthetic_exchange,economics,tabpfn_ts,exchange_1,2025-01-10 00:00:00,4.745289300870598,4.7424211502075195
synthetic_exchange,economics,tabpfn_ts,exchange_1,2025-01-11 00:00:00,4.712005767025454,4.744727611541748
synthetic_exchange,economics,tabpfn_ts,exchange_1,2025-01-12 00:00:00,4.737453481402555,4.751276969909668
synthetic_exchange,economics,tabpfn_ts,exchange_1,2025-01-13 00:00:00,4.810000000000003,4.757850170135498
synthetic_exchange,economics,tabpfn_ts,exchange_1,2025-01-14 00:00:00,4.882546518597442,4.760716915130615
synthetic_exchange,economics,tabpfn_ts,exchange_1,2025-01-15 00:00:00,4.907994232974547,4.76312255859375
synthetic_exchange,economics,tabpfn_ts,exchange_1,2025-01-16 00:00:00,4.874710699129407,4.768126487731934
synthetic_exchange,economics,tabpfn_ts,exchange_1,2025-01-17 00:00:00,4.815289300870596,4.773931503295898
synthetic_exchange,economics,tabpfn_ts,exchange_1,2025-01-18 00:00:00,4.782005767025455,4.774404048919678
synthetic_exchange,economics,tabpfn_ts,exchange_1,2025-01-19 00:00:00,4.807453481402557,4.780442714691162
synthetic_exchange,economics,tabpfn_ts,exchange_1,2025-01-20 00:00:00,4.880000000000001,4.787067413330078
synthetic_exchange,economics,tabpfn_ts,exchange_1,2025-01-21 00:00:00,4.95254651859744,4.792751789093018
synthetic_exchange,economics,tabpfn_ts,exchange_1,2025-01-22 00:00:00,4.977994232974546,4.795559883117676
synthetic_exchange,economics,tabpfn_ts,exchange_1,2025-01-23 00:00:00,4.944710699129407,4.797421932220459
synthetic_exchange,economics,tabpfn_ts,exchange_1,2025-01-24 00:00:00,4.885289300870598,4.805479049682617
synthetic_exchange,economics,tabpfn_ts,exchange_1,2025-01-25 00:00:00,4.852005767025456,4.809250354766846
synthetic_exchange,economics,tabpfn_ts,exchange_1,2025-01-26 00:00:00,4.877453481402559,4.810339450836182
synthetic_exchange,economics,tabpfn_ts,exchange_1,2025-01-27 00:00:00,4.949999999999999,4.816649436950684
synthetic_exchange,economics,tabpfn_ts,exchange_1,2025-01-28 00:00:00,5.0225465185974425,4.823570728302002
synthetic_exchange,economics,tabpfn_ts,exchange_1,2025-01-29 00:00:00,5.047994232974546,4.8253350257873535
synthetic_exchange,economics,tabpfn_ts,exchange_1,2025-01-30 00:00:00,5.014710699129406,4.832300662994385
synthetic_exchange,economics,tabpfn_ts,exchange_1,2025-01-31 00:00:00,4.955289300870595,4.837216854095459
synthetic_exchange,economics,tabpfn_ts,exchange_1,2025-02-01 00:00:00,4.922005767025455,4.818280220031738
synthetic_exchange,economics,tabpfn_ts,exchange_1,2025-02-02 00:00:00,4.947453481402558,4.824222564697266
synthetic_exchange,economics,tabpfn_ts,exchange_1,2025-02-03 00:00:00,5.019999999999998,4.830666542053223
synthetic_exchange,economics,tabpfn_ts,exchange_1,2025-02-04 00:00:00,5.092546518597442,4.837651252746582
synthetic_exchange,economics,tabpfn_ts,exchange_1,2025-02-05 00:00:00,5.117994232974547,4.839427471160889
synthetic_exchange,economics,tabpfn_ts,exchange_1,2025-02-06 00:00:00,5.084710699129407,4.8460893630981445
synthetic_exchange,economics,tabpfn_ts,exchange_1,2025-02-07 00:00:00,5.0252893008706,4.851301193237305
synthetic_exchange,economics,tabpfn_ts,exchange_1,2025-02-08 00:00:00,4.9920057670254545,4.855352878570557
synthetic_exchange,economics,tabpfn_ts,exchange_1,2025-02-09 00:00:00,5.017453481402557,4.859127998352051
synthetic_exchange,economics,tabpfn_ts,exchange_1,2025-02-10 00:00:00,5.090000000000001,4.866988182067871
synthetic_exchange,economics,tabpfn_ts,exchange_1,2025-02-11 00:00:00,5.162546518597444,4.876750946044922
synthetic_exchange,economics,tabpfn_ts,exchange_1,2025-02-12 00:00:00,5.187994232974546,4.879434585571289
synthetic_exchange,economics,tabpfn_ts,exchange_1,2025-02-13 00:00:00,5.154710699129404,4.883238315582275
synthetic_exchange,economics,tabpfn_ts,exchange_1,2025-02-14 00:00:00,5.095289300870597,4.893264293670654
synthetic_exchange,economics,tabpfn_ts,exchange_1,2025-02-15 00:00:00,5.062005767025455,4.8954997062683105
synthetic_exchange,economics,tabpfn_ts,exchange_1,2025-02-16 00:00:00,5.087453481402556,4.897668838500977
synthetic_exchange,economics,tabpfn_ts,exchange_1,2025-02-17 00:00:00,5.159999999999998,4.904566287994385
synthetic_exchange,economics,tabpfn_ts,exchange_1,2025-02-18 00:00:00,5.23254651859744,4.910383224487305
synthetic_exchange,economics,tabpfn_ts,exchange_1,2025-02-19 00:00:00,5.257994232974547,4.91598653793335
synthetic_exchange,economics,tabpfn_ts,exchange_1,2025-02-20 00:00:00,5.224710699129402,4.92259407043457
synthetic_exchange,economics,tabpfn_ts,exchange_1,2025-02-21 00:00:00,5.165289300870595,4.926351070404053
synthetic_exchange,economics,tabpfn_ts,exchange_1,2025-02-22 00:00:00,5.132005767025453,4.931192874908447
synthetic_exchange,economics,tabpfn_ts,exchange_1,2025-02-23 00:00:00,5.157453481402558,4.932338714599609
synthetic_exchange,economics,tabpfn_ts,exchange_2,2025-01-07 00:00:00,4.84254651859744,4.764958381652832
synthetic_exchange,economics,tabpfn_ts,exchange_2,2025-01-08 00:00:00,4.867994232974547,4.769536018371582
synthetic_exchange,economics,tabpfn_ts,exchange_2,2025-01-09 00:00:00,4.834710699129404,4.771299362182617
synthetic_exchange,economics,tabpfn_ts,exchange_2,2025-01-10 00:00:00,4.775289300870598,4.772421360015869
synthetic_exchange,economics,tabpfn_ts,exchange_2,2025-01-11 00:00:00,4.742005767025454,4.7747273445129395
synthetic_exchange,economics,tabpfn_ts,exchange_2,2025-01-12 00:00:00,4.767453481402554,4.781277179718018
synthetic_exchange,economics,tabpfn_ts,exchange_2,2025-01-13 00:00:00,4.8400000000000025,4.7878499031066895
synthetic_exchange,economics,tabpfn_ts,exchange_2,2025-01-14 00:00:00,4.912546518597441,4.790716648101807
synthetic_exchange,economics,tabpfn_ts,exchange_2,2025-01-15 00:00:00,4.937994232974546,4.7931227684021
synthetic_exchange,economics,tabpfn_ts,exchange_2,2025-01-16 00:00:00,4.9047106991294065,4.798126697540283
synthetic_exchange,economics,tabpfn_ts,exchange_2,2025-01-17 00:00:00,4.845289300870595,4.80393123626709
synthetic_exchange,economics,tabpfn_ts,exchange_2,2025-01-18 00:00:00,4.812005767025455,4.804403781890869
synthetic_exchange,economics,tabpfn_ts,exchange_2,2025-01-19 00:00:00,4.837453481402556,4.8104424476623535
synthetic_exchange,economics,tabpfn_ts,exchange_2,2025-01-20 00:00:00,4.91,4.8170671463012695
synthetic_exchange,economics,tabpfn_ts,exchange_2,2025-01-21 00:00:00,4.98254651859744,4.822751998901367
synthetic_exchange,economics,tabpfn_ts,exchange_2,2025-01-22 00:00:00,5.0079942329745455,4.825560092926025
synthetic_exchange,economics,tabpfn_ts,exchange_2,2025-01-23 00:00:00,4.974710699129407,4.827422142028809
synthetic_exchange,economics,tabpfn_ts,exchange_2,2025-01-24 00:00:00,4.915289300870597,4.835478782653809
synthetic_exchange,economics,tabpfn_ts,exchange_2,2025-01-25 00:00:00,4.882005767025455,4.839250087738037
synthetic_exchange,economics,tabpfn_ts,exchange_2,2025-01-26 00:00:00,4.907453481402558,4.840339660644531
synthetic_exchange,economics,tabpfn_ts,exchange_2,2025-01-27 00:00:00,4.979999999999999,4.846649169921875
synthetic_exchange,economics,tabpfn_ts,exchange_2,2025-01-28 00:00:00,5.052546518597442,4.853570938110352
synthetic_exchange,economics,tabpfn_ts,exchange_2,2025-01-29 00:00:00,5.077994232974546,4.855335235595703
synthetic_exchange,economics,tabpfn_ts,exchange_2,2025-01-30 00:00:00,5.044710699129405,4.862300872802734
synthetic_exchange,economics,tabpfn_ts,exchange_2,2025-01-31 00:00:00,4.985289300870594,4.867217063903809
synthetic_exchange,economics,tabpfn_ts,exchange_2,2025-02-01 00:00:00,4.9520057670254545,4.84827995300293
synthetic_exchange,economics,tabpfn_ts,exchange_2,2025-02-02 00:00:00,4.9774534814025575,4.854222774505615
synthetic_exchange,economics,tabpfn_ts,exchange_2,2025-02-03 00:00:00,5.049999999999997,4.860666275024414
synthetic_exchange,economics,tabpfn_ts,exchange_2,2025-02-04 00:00:00,5.122546518597441,4.867650985717773
synthetic_exchange,economics,tabpfn_ts,exchange_2,2025-02-05 00:00:00,5.147994232974546,4.869427680969238
synthetic_exchange,economics,tabpfn_ts,exchange_2,2025-02-06 00:00:00,5.1147106991294065,4.876089096069336
synthetic_exchange,economics,tabpfn_ts,exchange_2,2025-02-07 00:00:00,5.0552893008706,4.881301403045654
synthetic_exchange,economics,tabpfn_ts,exchange_2,2025-02-08 00:00:00,5.022005767025454,4.885352611541748
synthetic_exchange,economics,tabpfn_ts,exchange_2,2025-02-09 00:00:00,5.047453481402556,4.889127731323242
synthetic_exchange,economics,tabpfn_ts,exchange_2,2025-02-10 00:00:00,5.12,4.896988391876221
synthetic_exchange,economics,tabpfn_ts,exchange_2,2025-02-11 00:00:00,5.192546518597443,4.9067511558532715
synthetic_exchange,economics,tabpfn_ts,exchange_2,2025-02-12 00:00:00,5.2179942329745455,4.9094343185424805
synthetic_exchange,economics,tabpfn_ts,exchange_2,2025-02-13 00:00:00,5.184710699129403,4.913238048553467
synthetic_exchange,economics,tabpfn_ts,exchange_2,2025-02-14 00:00:00,5.125289300870596,4.923264503479004
synthetic_exchange,economics,tabpfn_ts,exchange_2,2025-02-15 00:00:00,5.092005767025454,4.92549991607666
synthetic_exchange,economics,tabpfn_ts,exchange_2,2025-02-16 00:00:00,5.117453481402555,4.927668571472168
synthetic_exchange,economics,tabpfn_ts,exchange_2,2025-02-17 00:00:00,5.189999999999998,4.934566020965576
synthetic_exchange,economics,tabpfn_ts,exchange_2,2025-02-18 00:00:00,5.262546518597439,4.940383434295654
synthetic_exchange,economics,tabpfn_ts,exchange_2,2025-02-19 00:00:00,5.287994232974547,4.945986270904541
synthetic_exchange,economics,tabpfn_ts,exchange_2,2025-02-20 00:00:00,5.254710699129402,4.952593803405762
synthetic_exchange,economics,tabpfn_ts,exchange_2,2025-02-21 00:00:00,5.195289300870594,4.956350803375244
synthetic_exchange,economics,tabpfn_ts,exchange_2,2025-02-22 00:00:00,5.162005767025453,4.961192607879639
synthetic_exchange,economics,tabpfn_ts,exchange_2,2025-02-23 00:00:00,5.1874534814025575,4.962338924407959
stock_provided,finance,dummy_mean,0002.HK_1h,2026-03-12 10:30:00,72.94999694824219,73.00351560115814
stock_provided,finance,dummy_mean,0002.HK_1h,2026-03-12 11:30:00,72.8499984741211,73.00351560115814
stock_provided,finance,dummy_mean,0002.HK_1h,2026-03-12 12:30:00,73.0,73.00351560115814
stock_provided,finance,dummy_mean,0002.HK_1h,2026-03-12 13:30:00,73.0,73.00351560115814
stock_provided,finance,dummy_mean,0002.HK_1h,2026-03-12 14:30:00,73.0,73.00351560115814
stock_provided,finance,dummy_mean,0002.HK_1h,2026-03-12 15:30:00,73.1500015258789,73.00351560115814
stock_provided,finance,dummy_mean,0002.HK_1h,2026-03-13 09:30:00,73.9000015258789,73.00351560115814
stock_provided,finance,dummy_mean,0002.HK_1h,2026-03-13 10:30:00,73.94999694824219,73.00351560115814
stock_provided,finance,dummy_mean,0002.HK_1h,2026-03-13 11:30:00,74.0,73.00351560115814
stock_provided,finance,dummy_mean,0002.HK_1h,2026-03-13 12:30:00,73.94999694824219,73.00351560115814
stock_provided,finance,dummy_mean,0002.HK_1h,2026-03-13 13:30:00,73.94999694824219,73.00351560115814
stock_provided,finance,dummy_mean,0002.HK_1h,2026-03-13 14:30:00,73.6500015258789,73.00351560115814
stock_provided,finance,dummy_mean,0002.HK_1h,2026-03-13 15:30:00,73.5999984741211,73.00351560115814
stock_provided,finance,dummy_mean,0002.HK_1h,2026-03-16 09:30:00,73.19999694824219,73.00351560115814
stock_provided,finance,dummy_mean,0002.HK_1h,2026-03-16 10:30:00,73.19999694824219,73.00351560115814
stock_provided,finance,dummy_mean,0002.HK_1h,2026-03-16 11:30:00,73.1500015258789,73.00351560115814
stock_provided,finance,dummy_mean,0002.HK_1h,2026-03-16 12:30:00,72.80000305175781,73.00351560115814
stock_provided,finance,dummy_mean,0002.HK_1h,2026-03-16 13:30:00,73.0999984741211,73.00351560115814
stock_provided,finance,dummy_mean,0002.HK_1h,2026-03-16 14:30:00,73.05000305175781,73.00351560115814
stock_provided,finance,dummy_mean,0002.HK_1h,2026-03-16 15:30:00,73.0999984741211,73.00351560115814
stock_provided,finance,dummy_mean,0002.HK_1h,2026-03-17 09:30:00,73.30000305175781,73.00351560115814
stock_provided,finance,dummy_mean,0002.HK_1h,2026-03-17 10:30:00,73.0999984741211,73.00351560115814
stock_provided,finance,dummy_mean,0002.HK_1h,2026-03-17 11:30:00,73.19999694824219,73.00351560115814
stock_provided,finance,dummy_mean,0002.HK_1h,2026-03-17 12:30:00,73.19999694824219,73.00351560115814
stock_provided,finance,dummy_mean,0002.HK_1h,2026-03-17 13:30:00,73.25,73.00351560115814
stock_provided,finance,dummy_mean,0002.HK_1h,2026-03-17 14:30:00,73.25,73.00351560115814
stock_provided,finance,dummy_mean,0002.HK_1h,2026-03-17 15:30:00,73.44999694824219,73.00351560115814
stock_provided,finance,dummy_mean,0002.HK_1h,2026-03-18 09:30:00,73.75,73.00351560115814
stock_provided,finance,dummy_mean,0002.HK_1h,2026-03-18 10:30:00,73.80000305175781,73.00351560115814
stock_provided,finance,dummy_mean,0002.HK_1h,2026-03-18 11:30:00,73.8499984741211,73.00351560115814
stock_provided,finance,dummy_mean,0002.HK_1h,2026-03-18 12:30:00,74.0999984741211,73.00351560115814
stock_provided,finance,dummy_mean,0002.HK_1h,2026-03-18 13:30:00,74.30000305175781,73.00351560115814
stock_provided,finance,dummy_mean,0002.HK_1h,2026-03-18 14:30:00,74.0999984741211,73.00351560115814
stock_provided,finance,dummy_mean,0002.HK_1h,2026-03-18 15:30:00,74.30000305175781,73.00351560115814
stock_provided,finance,dummy_mean,0002.HK_1h,2026-03-19 09:30:00,73.94999694824219,73.00351560115814
stock_provided,finance,dummy_mean,0002.HK_1h,2026-03-19 10:30:00,73.6500015258789,73.00351560115814
stock_provided,finance,dummy_mean,0002.HK_1h,2026-03-19 11:30:00,73.75,73.00351560115814
stock_provided,finance,dummy_mean,0002.HK_1h,2026-03-19 12:30:00,73.5999984741211,73.00351560115814
stock_provided,finance,dummy_mean,0002.HK_1h,2026-03-19 13:30:00,73.55000305175781,73.00351560115814
stock_provided,finance,dummy_mean,0002.HK_1h,2026-03-19 14:30:00,73.75,73.00351560115814
stock_provided,finance,dummy_mean,0002.HK_1h,2026-03-19 15:30:00,73.75,73.00351560115814
stock_provided,finance,dummy_mean,0002.HK_1h,2026-03-20 09:30:00,73.5999984741211,73.00351560115814
stock_provided,finance,dummy_mean,0002.HK_1h,2026-03-20 10:30:00,73.55000305175781,73.00351560115814
stock_provided,finance,dummy_mean,0002.HK_1h,2026-03-20 11:30:00,73.6500015258789,73.00351560115814
stock_provided,finance,dummy_mean,0002.HK_1h,2026-03-20 12:30:00,73.55000305175781,73.00351560115814
stock_provided,finance,dummy_mean,0002.HK_1h,2026-03-20 13:30:00,73.5,73.00351560115814
stock_provided,finance,dummy_mean,0002.HK_1h,2026-03-20 14:30:00,73.6500015258789,73.00351560115814
stock_provided,finance,dummy_mean,0002.HK_1h,2026-03-20 15:30:00,73.5999984741211,73.00351560115814
stock_provided,finance,dummy_mean,0003.HK_1h,2026-03-12 10:30:00,7.440000057220459,7.337916684647401
stock_provided,finance,dummy_mean,0003.HK_1h,2026-03-12 11:30:00,7.480000019073486,7.337916684647401
stock_provided,finance,dummy_mean,0003.HK_1h,2026-03-12 12:30:00,7.460000038146973,7.337916684647401
stock_provided,finance,dummy_mean,0003.HK_1h,2026-03-12 13:30:00,7.46999979019165,7.337916684647401
stock_provided,finance,dummy_mean,0003.HK_1h,2026-03-12 14:30:00,7.489999771118164,7.337916684647401
stock_provided,finance,dummy_mean,0003.HK_1h,2026-03-12 15:30:00,7.489999771118164,7.337916684647401
stock_provided,finance,dummy_mean,0003.HK_1h,2026-03-13 09:30:00,7.510000228881836,7.337916684647401
stock_provided,finance,dummy_mean,0003.HK_1h,2026-03-13 10:30:00,7.510000228881836,7.337916684647401
stock_provided,finance,dummy_mean,0003.HK_1h,2026-03-13 11:30:00,7.489999771118164,7.337916684647401
stock_provided,finance,dummy_mean,0003.HK_1h,2026-03-13 12:30:00,7.489999771118164,7.337916684647401
stock_provided,finance,dummy_mean,0003.HK_1h,2026-03-13 13:30:00,7.489999771118164,7.337916684647401
stock_provided,finance,dummy_mean,0003.HK_1h,2026-03-13 14:30:00,7.460000038146973,7.337916684647401
stock_provided,finance,dummy_mean,0003.HK_1h,2026-03-13 15:30:00,7.460000038146973,7.337916684647401
stock_provided,finance,dummy_mean,0003.HK_1h,2026-03-16 09:30:00,7.369999885559082,7.337916684647401
stock_provided,finance,dummy_mean,0003.HK_1h,2026-03-16 10:30:00,7.309999942779541,7.337916684647401
stock_provided,finance,dummy_mean,0003.HK_1h,2026-03-16 11:30:00,7.340000152587891,7.337916684647401
stock_provided,finance,dummy_mean,0003.HK_1h,2026-03-16 12:30:00,7.309999942779541,7.337916684647401
stock_provided,finance,dummy_mean,0003.HK_1h,2026-03-16 13:30:00,7.329999923706055,7.337916684647401
stock_provided,finance,dummy_mean,0003.HK_1h,2026-03-16 14:30:00,7.329999923706055,7.337916684647401
stock_provided,finance,dummy_mean,0003.HK_1h,2026-03-16 15:30:00,7.340000152587891,7.337916684647401
stock_provided,finance,dummy_mean,0003.HK_1h,2026-03-17 09:30:00,7.309999942779541,7.337916684647401
stock_provided,finance,dummy_mean,0003.HK_1h,2026-03-17 10:30:00,7.269999980926514,7.337916684647401
stock_provided,finance,dummy_mean,0003.HK_1h,2026-03-17 11:30:00,7.289999961853027,7.337916684647401
stock_provided,finance,dummy_mean,0003.HK_1h,2026-03-17 12:30:00,7.289999961853027,7.337916684647401
stock_provided,finance,dummy_mean,0003.HK_1h,2026-03-17 13:30:00,7.260000228881836,7.337916684647401
stock_provided,finance,dummy_mean,0003.HK_1h,2026-03-17 14:30:00,7.269999980926514,7.337916684647401
stock_provided,finance,dummy_mean,0003.HK_1h,2026-03-17 15:30:00,7.260000228881836,7.337916684647401
stock_provided,finance,dummy_mean,0003.HK_1h,2026-03-18 09:30:00,7.25,7.337916684647401
stock_provided,finance,dummy_mean,0003.HK_1h,2026-03-18 10:30:00,7.239999771118164,7.337916684647401
stock_provided,finance,dummy_mean,0003.HK_1h,2026-03-18 11:30:00,7.239999771118164,7.337916684647401
stock_provided,finance,dummy_mean,0003.HK_1h,2026-03-18 12:30:00,7.269999980926514,7.337916684647401
stock_provided,finance,dummy_mean,0003.HK_1h,2026-03-18 13:30:00,7.289999961853027,7.337916684647401
stock_provided,finance,dummy_mean,0003.HK_1h,2026-03-18 14:30:00,7.300000190734863,7.337916684647401
stock_provided,finance,dummy_mean,0003.HK_1h,2026-03-18 15:30:00,7.289999961853027,7.337916684647401
stock_provided,finance,dummy_mean,0003.HK_1h,2026-03-19 09:30:00,7.340000152587891,7.337916684647401
stock_provided,finance,dummy_mean,0003.HK_1h,2026-03-19 10:30:00,7.340000152587891,7.337916684647401
stock_provided,finance,dummy_mean,0003.HK_1h,2026-03-19 11:30:00,7.360000133514404,7.337916684647401
stock_provided,finance,dummy_mean,0003.HK_1h,2026-03-19 12:30:00,7.380000114440918,7.337916684647401
stock_provided,finance,dummy_mean,0003.HK_1h,2026-03-19 13:30:00,7.389999866485596,7.337916684647401
stock_provided,finance,dummy_mean,0003.HK_1h,2026-03-19 14:30:00,7.389999866485596,7.337916684647401
stock_provided,finance,dummy_mean,0003.HK_1h,2026-03-19 15:30:00,7.420000076293945,7.337916684647401
stock_provided,finance,dummy_mean,0003.HK_1h,2026-03-20 09:30:00,7.389999866485596,7.337916684647401
stock_provided,finance,dummy_mean,0003.HK_1h,2026-03-20 10:30:00,7.349999904632568,7.337916684647401
stock_provided,finance,dummy_mean,0003.HK_1h,2026-03-20 11:30:00,7.340000152587891,7.337916684647401
stock_provided,finance,dummy_mean,0003.HK_1h,2026-03-20 12:30:00,7.349999904632568,7.337916684647401
stock_provided,finance,dummy_mean,0003.HK_1h,2026-03-20 13:30:00,7.320000171661377,7.337916684647401
stock_provided,finance,dummy_mean,0003.HK_1h,2026-03-20 14:30:00,7.329999923706055,7.337916684647401
stock_provided,finance,dummy_mean,0003.HK_1h,2026-03-20 15:30:00,7.340000152587891,7.337916684647401
stock_provided,finance,dummy_mean,0006.HK_1h,2026-03-12 10:30:00,61.20000076293945,59.016536474227905
stock_provided,finance,dummy_mean,0006.HK_1h,2026-03-12 11:30:00,61.09999847412109,59.016536474227905
stock_provided,finance,dummy_mean,0006.HK_1h,2026-03-12 12:30:00,61.09999847412109,59.016536474227905
stock_provided,finance,dummy_mean,0006.HK_1h,2026-03-12 13:30:00,61.34999847412109,59.016536474227905
stock_provided,finance,dummy_mean,0006.HK_1h,2026-03-12 14:30:00,61.59999847412109,59.016536474227905
stock_provided,finance,dummy_mean,0006.HK_1h,2026-03-12 15:30:00,61.70000076293945,59.016536474227905
stock_provided,finance,dummy_mean,0006.HK_1h,2026-03-13 09:30:00,61.900001525878906,59.016536474227905
stock_provided,finance,dummy_mean,0006.HK_1h,2026-03-13 10:30:00,61.75,59.016536474227905
stock_provided,finance,dummy_mean,0006.HK_1h,2026-03-13 11:30:00,61.79999923706055,59.016536474227905
stock_provided,finance,dummy_mean,0006.HK_1h,2026-03-13 12:30:00,61.54999923706055,59.016536474227905
stock_provided,finance,dummy_mean,0006.HK_1h,2026-03-13 13:30:00,61.75,59.016536474227905
stock_provided,finance,dummy_mean,0006.HK_1h,2026-03-13 14:30:00,61.650001525878906,59.016536474227905
stock_provided,finance,dummy_mean,0006.HK_1h,2026-03-13 15:30:00,61.70000076293945,59.016536474227905
stock_provided,finance,dummy_mean,0006.HK_1h,2026-03-16 09:30:00,60.95000076293945,59.016536474227905
stock_provided,finance,dummy_mean,0006.HK_1h,2026-03-16 10:30:00,61.150001525878906,59.016536474227905
stock_provided,finance,dummy_mean,0006.HK_1h,2026-03-16 11:30:00,61.25,59.016536474227905
stock_provided,finance,dummy_mean,0006.HK_1h,2026-03-16 12:30:00,60.79999923706055,59.016536474227905
stock_provided,finance,dummy_mean,0006.HK_1h,2026-03-16 13:30:00,61.20000076293945,59.016536474227905
stock_provided,finance,dummy_mean,0006.HK_1h,2026-03-16 14:30:00,61.09999847412109,59.016536474227905
stock_provided,finance,dummy_mean,0006.HK_1h,2026-03-16 15:30:00,61.20000076293945,59.016536474227905
stock_provided,finance,dummy_mean,0006.HK_1h,2026-03-17 09:30:00,61.59999847412109,59.016536474227905
stock_provided,finance,dummy_mean,0006.HK_1h,2026-03-17 10:30:00,61.5,59.016536474227905
stock_provided,finance,dummy_mean,0006.HK_1h,2026-03-17 11:30:00,61.59999847412109,59.016536474227905
stock_provided,finance,dummy_mean,0006.HK_1h,2026-03-17 12:30:00,61.54999923706055,59.016536474227905
stock_provided,finance,dummy_mean,0006.HK_1h,2026-03-17 13:30:00,61.5,59.016536474227905
stock_provided,finance,dummy_mean,0006.HK_1h,2026-03-17 14:30:00,61.34999847412109,59.016536474227905
stock_provided,finance,dummy_mean,0006.HK_1h,2026-03-17 15:30:00,61.45000076293945,59.016536474227905
stock_provided,finance,dummy_mean,0006.HK_1h,2026-03-18 09:30:00,61.900001525878906,59.016536474227905
stock_provided,finance,dummy_mean,0006.HK_1h,2026-03-18 10:30:00,61.84999847412109,59.016536474227905
stock_provided,finance,dummy_mean,0006.HK_1h,2026-03-18 11:30:00,61.900001525878906,59.016536474227905
stock_provided,finance,dummy_mean,0006.HK_1h,2026-03-18 12:30:00,62.20000076293945,59.016536474227905
stock_provided,finance,dummy_mean,0006.HK_1h,2026-03-18 13:30:00,62.54999923706055,59.016536474227905
stock_provided,finance,dummy_mean,0006.HK_1h,2026-03-18 14:30:00,62.25,59.016536474227905
stock_provided,finance,dummy_mean,0006.HK_1h,2026-03-18 15:30:00,62.25,59.016536474227905
stock_provided,finance,dummy_mean,0006.HK_1h,2026-03-19 09:30:00,62.45000076293945,59.016536474227905
stock_provided,finance,dummy_mean,0006.HK_1h,2026-03-19 10:30:00,61.95000076293945,59.016536474227905
stock_provided,finance,dummy_mean,0006.HK_1h,2026-03-19 11:30:00,62.04999923706055,59.016536474227905
stock_provided,finance,dummy_mean,0006.HK_1h,2026-03-19 12:30:00,62.400001525878906,59.016536474227905
stock_provided,finance,dummy_mean,0006.HK_1h,2026-03-19 13:30:00,62.20000076293945,59.016536474227905
stock_provided,finance,dummy_mean,0006.HK_1h,2026-03-19 14:30:00,62.25,59.016536474227905
stock_provided,finance,dummy_mean,0006.HK_1h,2026-03-19 15:30:00,62.0,59.016536474227905
stock_provided,finance,dummy_mean,0006.HK_1h,2026-03-20 09:30:00,61.900001525878906,59.016536474227905
stock_provided,finance,dummy_mean,0006.HK_1h,2026-03-20 10:30:00,62.0,59.016536474227905
stock_provided,finance,dummy_mean,0006.HK_1h,2026-03-20 11:30:00,62.09999847412109,59.016536474227905
stock_provided,finance,dummy_mean,0006.HK_1h,2026-03-20 12:30:00,61.95000076293945,59.016536474227905
stock_provided,finance,dummy_mean,0006.HK_1h,2026-03-20 13:30:00,61.900001525878906,59.016536474227905
stock_provided,finance,dummy_mean,0006.HK_1h,2026-03-20 14:30:00,61.900001525878906,59.016536474227905
stock_provided,finance,dummy_mean,0006.HK_1h,2026-03-20 15:30:00,61.79999923706055,59.016536474227905
stock_provided,finance,seasonal_naive,0002.HK_1h,2026-03-12 10:30:00,72.94999694824219,74.8499984741211
stock_provided,finance,seasonal_naive,0002.HK_1h,2026-03-12 11:30:00,72.8499984741211,75.0999984741211
stock_provided,finance,seasonal_naive,0002.HK_1h,2026-03-12 12:30:00,73.0,73.9000015258789
stock_provided,finance,seasonal_naive,0002.HK_1h,2026-03-12 13:30:00,73.0,73.8499984741211
stock_provided,finance,seasonal_naive,0002.HK_1h,2026-03-12 14:30:00,73.0,73.80000305175781
stock_provided,finance,seasonal_naive,0002.HK_1h,2026-03-12 15:30:00,73.1500015258789,74.05000305175781
stock_provided,finance,seasonal_naive,0002.HK_1h,2026-03-13 09:30:00,73.9000015258789,74.0999984741211
stock_provided,finance,seasonal_naive,0002.HK_1h,2026-03-13 10:30:00,73.94999694824219,73.8499984741211
stock_provided,finance,seasonal_naive,0002.HK_1h,2026-03-13 11:30:00,74.0,74.0
stock_provided,finance,seasonal_naive,0002.HK_1h,2026-03-13 12:30:00,73.94999694824219,74.6500015258789
stock_provided,finance,seasonal_naive,0002.HK_1h,2026-03-13 13:30:00,73.94999694824219,74.5
stock_provided,finance,seasonal_naive,0002.HK_1h,2026-03-13 14:30:00,73.6500015258789,74.55000305175781
stock_provided,finance,seasonal_naive,0002.HK_1h,2026-03-13 15:30:00,73.5999984741211,74.80000305175781
stock_provided,finance,seasonal_naive,0002.HK_1h,2026-03-16 09:30:00,73.19999694824219,74.8499984741211
stock_provided,finance,seasonal_naive,0002.HK_1h,2026-03-16 10:30:00,73.19999694824219,74.69999694824219
stock_provided,finance,seasonal_naive,0002.HK_1h,2026-03-16 11:30:00,73.1500015258789,74.75
stock_provided,finance,seasonal_naive,0002.HK_1h,2026-03-16 12:30:00,72.80000305175781,73.44999694824219
stock_provided,finance,seasonal_naive,0002.HK_1h,2026-03-16 13:30:00,73.0999984741211,73.25
stock_provided,finance,seasonal_naive,0002.HK_1h,2026-03-16 14:30:00,73.05000305175781,73.0999984741211
stock_provided,finance,seasonal_naive,0002.HK_1h,2026-03-16 15:30:00,73.0999984741211,72.94999694824219
stock_provided,finance,seasonal_naive,0002.HK_1h,2026-03-17 09:30:00,73.30000305175781,73.1500015258789
stock_provided,finance,seasonal_naive,0002.HK_1h,2026-03-17 10:30:00,73.0999984741211,73.0999984741211
stock_provided,finance,seasonal_naive,0002.HK_1h,2026-03-17 11:30:00,73.19999694824219,73.3499984741211
stock_provided,finance,seasonal_naive,0002.HK_1h,2026-03-17 12:30:00,73.19999694824219,73.1500015258789
stock_provided,finance,seasonal_naive,0002.HK_1h,2026-03-17 13:30:00,73.25,74.8499984741211
stock_provided,finance,seasonal_naive,0002.HK_1h,2026-03-17 14:30:00,73.25,75.0999984741211
stock_provided,finance,seasonal_naive,0002.HK_1h,2026-03-17 15:30:00,73.44999694824219,73.9000015258789
stock_provided,finance,seasonal_naive,0002.HK_1h,2026-03-18 09:30:00,73.75,73.8499984741211
stock_provided,finance,seasonal_naive,0002.HK_1h,2026-03-18 10:30:00,73.80000305175781,73.80000305175781
stock_provided,finance,seasonal_naive,0002.HK_1h,2026-03-18 11:30:00,73.8499984741211,74.05000305175781
stock_provided,finance,seasonal_naive,0002.HK_1h,2026-03-18 12:30:00,74.0999984741211,74.0999984741211
stock_provided,finance,seasonal_naive,0002.HK_1h,2026-03-18 13:30:00,74.30000305175781,73.8499984741211
stock_provided,finance,seasonal_naive,0002.HK_1h,2026-03-18 14:30:00,74.0999984741211,74.0
stock_provided,finance,seasonal_naive,0002.HK_1h,2026-03-18 15:30:00,74.30000305175781,74.6500015258789
stock_provided,finance,seasonal_naive,0002.HK_1h,2026-03-19 09:30:00,73.94999694824219,74.5
stock_provided,finance,seasonal_naive,0002.HK_1h,2026-03-19 10:30:00,73.6500015258789,74.55000305175781
stock_provided,finance,seasonal_naive,0002.HK_1h,2026-03-19 11:30:00,73.75,74.80000305175781
stock_provided,finance,seasonal_naive,0002.HK_1h,2026-03-19 12:30:00,73.5999984741211,74.8499984741211
stock_provided,finance,seasonal_naive,0002.HK_1h,2026-03-19 13:30:00,73.55000305175781,74.69999694824219
stock_provided,finance,seasonal_naive,0002.HK_1h,2026-03-19 14:30:00,73.75,74.75
stock_provided,finance,seasonal_naive,0002.HK_1h,2026-03-19 15:30:00,73.75,73.44999694824219
stock_provided,finance,seasonal_naive,0002.HK_1h,2026-03-20 09:30:00,73.5999984741211,73.25
stock_provided,finance,seasonal_naive,0002.HK_1h,2026-03-20 10:30:00,73.55000305175781,73.0999984741211
stock_provided,finance,seasonal_naive,0002.HK_1h,2026-03-20 11:30:00,73.6500015258789,72.94999694824219
stock_provided,finance,seasonal_naive,0002.HK_1h,2026-03-20 12:30:00,73.55000305175781,73.1500015258789
stock_provided,finance,seasonal_naive,0002.HK_1h,2026-03-20 13:30:00,73.5,73.0999984741211
stock_provided,finance,seasonal_naive,0002.HK_1h,2026-03-20 14:30:00,73.6500015258789,73.3499984741211
stock_provided,finance,seasonal_naive,0002.HK_1h,2026-03-20 15:30:00,73.5999984741211,73.1500015258789
stock_provided,finance,seasonal_naive,0003.HK_1h,2026-03-12 10:30:00,7.440000057220459,7.539999961853027
stock_provided,finance,seasonal_naive,0003.HK_1h,2026-03-12 11:30:00,7.480000019073486,7.510000228881836
stock_provided,finance,seasonal_naive,0003.HK_1h,2026-03-12 12:30:00,7.460000038146973,7.340000152587891
stock_provided,finance,seasonal_naive,0003.HK_1h,2026-03-12 13:30:00,7.46999979019165,7.320000171661377
stock_provided,finance,seasonal_naive,0003.HK_1h,2026-03-12 14:30:00,7.489999771118164,7.340000152587891
stock_provided,finance,seasonal_naive,0003.HK_1h,2026-03-12 15:30:00,7.489999771118164,7.369999885559082
stock_provided,finance,seasonal_naive,0003.HK_1h,2026-03-13 09:30:00,7.510000228881836,7.360000133514404
stock_provided,finance,seasonal_naive,0003.HK_1h,2026-03-13 10:30:00,7.510000228881836,7.349999904632568
stock_provided,finance,seasonal_naive,0003.HK_1h,2026-03-13 11:30:00,7.489999771118164,7.340000152587891
stock_provided,finance,seasonal_naive,0003.HK_1h,2026-03-13 12:30:00,7.489999771118164,7.369999885559082
stock_provided,finance,seasonal_naive,0003.HK_1h,2026-03-13 13:30:00,7.489999771118164,7.380000114440918
stock_provided,finance,seasonal_naive,0003.HK_1h,2026-03-13 14:30:00,7.460000038146973,7.369999885559082
stock_provided,finance,seasonal_naive,0003.HK_1h,2026-03-13 15:30:00,7.460000038146973,7.409999847412109
stock_provided,finance,seasonal_naive,0003.HK_1h,2026-03-16 09:30:00,7.369999885559082,7.420000076293945
stock_provided,finance,seasonal_naive,0003.HK_1h,2026-03-16 10:30:00,7.309999942779541,7.449999809265137
stock_provided,finance,seasonal_naive,0003.HK_1h,2026-03-16 11:30:00,7.340000152587891,7.460000038146973
stock_provided,finance,seasonal_naive,0003.HK_1h,2026-03-16 12:30:00,7.309999942779541,7.539999961853027
stock_provided,finance,seasonal_naive,0003.HK_1h,2026-03-16 13:30:00,7.329999923706055,7.519999980926514
stock_provided,finance,seasonal_naive,0003.HK_1h,2026-03-16 14:30:00,7.329999923706055,7.489999771118164
stock_provided,finance,seasonal_naive,0003.HK_1h,2026-03-16 15:30:00,7.340000152587891,7.489999771118164
stock_provided,finance,seasonal_naive,0003.HK_1h,2026-03-17 09:30:00,7.309999942779541,7.519999980926514
stock_provided,finance,seasonal_naive,0003.HK_1h,2026-03-17 10:30:00,7.269999980926514,7.519999980926514
stock_provided,finance,seasonal_naive,0003.HK_1h,2026-03-17 11:30:00,7.289999961853027,7.539999961853027
stock_provided,finance,seasonal_naive,0003.HK_1h,2026-03-17 12:30:00,7.289999961853027,7.449999809265137
stock_provided,finance,seasonal_naive,0003.HK_1h,2026-03-17 13:30:00,7.260000228881836,7.539999961853027
stock_provided,finance,seasonal_naive,0003.HK_1h,2026-03-17 14:30:00,7.269999980926514,7.510000228881836
stock_provided,finance,seasonal_naive,0003.HK_1h,2026-03-17 15:30:00,7.260000228881836,7.340000152587891
stock_provided,finance,seasonal_naive,0003.HK_1h,2026-03-18 09:30:00,7.25,7.320000171661377
stock_provided,finance,seasonal_naive,0003.HK_1h,2026-03-18 10:30:00,7.239999771118164,7.340000152587891
stock_provided,finance,seasonal_naive,0003.HK_1h,2026-03-18 11:30:00,7.239999771118164,7.369999885559082
stock_provided,finance,seasonal_naive,0003.HK_1h,2026-03-18 12:30:00,7.269999980926514,7.360000133514404
stock_provided,finance,seasonal_naive,0003.HK_1h,2026-03-18 13:30:00,7.289999961853027,7.349999904632568
stock_provided,finance,seasonal_naive,0003.HK_1h,2026-03-18 14:30:00,7.300000190734863,7.340000152587891
stock_provided,finance,seasonal_naive,0003.HK_1h,2026-03-18 15:30:00,7.289999961853027,7.369999885559082
stock_provided,finance,seasonal_naive,0003.HK_1h,2026-03-19 09:30:00,7.340000152587891,7.380000114440918
stock_provided,finance,seasonal_naive,0003.HK_1h,2026-03-19 10:30:00,7.340000152587891,7.369999885559082
stock_provided,finance,seasonal_naive,0003.HK_1h,2026-03-19 11:30:00,7.360000133514404,7.409999847412109
stock_provided,finance,seasonal_naive,0003.HK_1h,2026-03-19 12:30:00,7.380000114440918,7.420000076293945
stock_provided,finance,seasonal_naive,0003.HK_1h,2026-03-19 13:30:00,7.389999866485596,7.449999809265137
stock_provided,finance,seasonal_naive,0003.HK_1h,2026-03-19 14:30:00,7.389999866485596,7.460000038146973
stock_provided,finance,seasonal_naive,0003.HK_1h,2026-03-19 15:30:00,7.420000076293945,7.539999961853027
stock_provided,finance,seasonal_naive,0003.HK_1h,2026-03-20 09:30:00,7.389999866485596,7.519999980926514
stock_provided,finance,seasonal_naive,0003.HK_1h,2026-03-20 10:30:00,7.349999904632568,7.489999771118164
stock_provided,finance,seasonal_naive,0003.HK_1h,2026-03-20 11:30:00,7.340000152587891,7.489999771118164
stock_provided,finance,seasonal_naive,0003.HK_1h,2026-03-20 12:30:00,7.349999904632568,7.519999980926514
stock_provided,finance,seasonal_naive,0003.HK_1h,2026-03-20 13:30:00,7.320000171661377,7.519999980926514
stock_provided,finance,seasonal_naive,0003.HK_1h,2026-03-20 14:30:00,7.329999923706055,7.539999961853027
stock_provided,finance,seasonal_naive,0003.HK_1h,2026-03-20 15:30:00,7.340000152587891,7.449999809265137
stock_provided,finance,seasonal_naive,0006.HK_1h,2026-03-12 10:30:00,61.20000076293945,62.25
stock_provided,finance,seasonal_naive,0006.HK_1h,2026-03-12 11:30:00,61.09999847412109,62.54999923706055
stock_provided,finance,seasonal_naive,0006.HK_1h,2026-03-12 12:30:00,61.09999847412109,61.150001525878906
stock_provided,finance,seasonal_naive,0006.HK_1h,2026-03-12 13:30:00,61.34999847412109,61.0
stock_provided,finance,seasonal_naive,0006.HK_1h,2026-03-12 14:30:00,61.59999847412109,61.25
stock_provided,finance,seasonal_naive,0006.HK_1h,2026-03-12 15:30:00,61.70000076293945,61.59999847412109
stock_provided,finance,seasonal_naive,0006.HK_1h,2026-03-13 09:30:00,61.900001525878906,61.75
stock_provided,finance,seasonal_naive,0006.HK_1h,2026-03-13 10:30:00,61.75,61.5
stock_provided,finance,seasonal_naive,0006.HK_1h,2026-03-13 11:30:00,61.79999923706055,61.5
stock_provided,finance,seasonal_naive,0006.HK_1h,2026-03-13 12:30:00,61.54999923706055,62.150001525878906
stock_provided,finance,seasonal_naive,0006.HK_1h,2026-03-13 13:30:00,61.75,62.29999923706055
stock_provided,finance,seasonal_naive,0006.HK_1h,2026-03-13 14:30:00,61.650001525878906,62.29999923706055
stock_provided,finance,seasonal_naive,0006.HK_1h,2026-03-13 15:30:00,61.70000076293945,62.59999847412109
stock_provided,finance,seasonal_naive,0006.HK_1h,2026-03-16 09:30:00,60.95000076293945,62.75
stock_provided,finance,seasonal_naive,0006.HK_1h,2026-03-16 10:30:00,61.150001525878906,62.650001525878906
stock_provided,finance,seasonal_naive,0006.HK_1h,2026-03-16 11:30:00,61.25,62.75
stock_provided,finance,seasonal_naive,0006.HK_1h,2026-03-16 12:30:00,60.79999923706055,62.400001525878906
stock_provided,finance,seasonal_naive,0006.HK_1h,2026-03-16 13:30:00,61.20000076293945,62.5
stock_provided,finance,seasonal_naive,0006.HK_1h,2026-03-16 14:30:00,61.09999847412109,62.70000076293945
stock_provided,finance,seasonal_naive,0006.HK_1h,2026-03-16 15:30:00,61.20000076293945,62.75
stock_provided,finance,seasonal_naive,0006.HK_1h,2026-03-17 09:30:00,61.59999847412109,62.75
stock_provided,finance,seasonal_naive,0006.HK_1h,2026-03-17 10:30:00,61.5,62.79999923706055
stock_provided,finance,seasonal_naive,0006.HK_1h,2026-03-17 11:30:00,61.59999847412109,63.0
stock_provided,finance,seasonal_naive,0006.HK_1h,2026-03-17 12:30:00,61.54999923706055,61.84999847412109
stock_provided,finance,seasonal_naive,0006.HK_1h,2026-03-17 13:30:00,61.5,62.25
stock_provided,finance,seasonal_naive,0006.HK_1h,2026-03-17 14:30:00,61.34999847412109,62.54999923706055
stock_provided,finance,seasonal_naive,0006.HK_1h,2026-03-17 15:30:00,61.45000076293945,61.150001525878906
stock_provided,finance,seasonal_naive,0006.HK_1h,2026-03-18 09:30:00,61.900001525878906,61.0
stock_provided,finance,seasonal_naive,0006.HK_1h,2026-03-18 10:30:00,61.84999847412109,61.25
stock_provided,finance,seasonal_naive,0006.HK_1h,2026-03-18 11:30:00,61.900001525878906,61.59999847412109
stock_provided,finance,seasonal_naive,0006.HK_1h,2026-03-18 12:30:00,62.20000076293945,61.75
stock_provided,finance,seasonal_naive,0006.HK_1h,2026-03-18 13:30:00,62.54999923706055,61.5
stock_provided,finance,seasonal_naive,0006.HK_1h,2026-03-18 14:30:00,62.25,61.5
stock_provided,finance,seasonal_naive,0006.HK_1h,2026-03-18 15:30:00,62.25,62.150001525878906
stock_provided,finance,seasonal_naive,0006.HK_1h,2026-03-19 09:30:00,62.45000076293945,62.29999923706055
stock_provided,finance,seasonal_naive,0006.HK_1h,2026-03-19 10:30:00,61.95000076293945,62.29999923706055
stock_provided,finance,seasonal_naive,0006.HK_1h,2026-03-19 11:30:00,62.04999923706055,62.59999847412109
stock_provided,finance,seasonal_naive,0006.HK_1h,2026-03-19 12:30:00,62.400001525878906,62.75
stock_provided,finance,seasonal_naive,0006.HK_1h,2026-03-19 13:30:00,62.20000076293945,62.650001525878906
stock_provided,finance,seasonal_naive,0006.HK_1h,2026-03-19 14:30:00,62.25,62.75
stock_provided,finance,seasonal_naive,0006.HK_1h,2026-03-19 15:30:00,62.0,62.400001525878906
stock_provided,finance,seasonal_naive,0006.HK_1h,2026-03-20 09:30:00,61.900001525878906,62.5
stock_provided,finance,seasonal_naive,0006.HK_1h,2026-03-20 10:30:00,62.0,62.70000076293945
stock_provided,finance,seasonal_naive,0006.HK_1h,2026-03-20 11:30:00,62.09999847412109,62.75
stock_provided,finance,seasonal_naive,0006.HK_1h,2026-03-20 12:30:00,61.95000076293945,62.75
stock_provided,finance,seasonal_naive,0006.HK_1h,2026-03-20 13:30:00,61.900001525878906,62.79999923706055
stock_provided,finance,seasonal_naive,0006.HK_1h,2026-03-20 14:30:00,61.900001525878906,63.0
stock_provided,finance,seasonal_naive,0006.HK_1h,2026-03-20 15:30:00,61.79999923706055,61.84999847412109
stock_provided,finance,moving_average,0002.HK_1h,2026-03-12 10:30:00,72.94999694824219,74.17083342870076
stock_provided,finance,moving_average,0002.HK_1h,2026-03-12 11:30:00,72.8499984741211,74.17083342870076
stock_provided,finance,moving_average,0002.HK_1h,2026-03-12 12:30:00,73.0,74.17083342870076
stock_provided,finance,moving_average,0002.HK_1h,2026-03-12 13:30:00,73.0,74.17083342870076
stock_provided,finance,moving_average,0002.HK_1h,2026-03-12 14:30:00,73.0,74.17083342870076
stock_provided,finance,moving_average,0002.HK_1h,2026-03-12 15:30:00,73.1500015258789,74.17083342870076
stock_provided,finance,moving_average,0002.HK_1h,2026-03-13 09:30:00,73.9000015258789,74.17083342870076
stock_provided,finance,moving_average,0002.HK_1h,2026-03-13 10:30:00,73.94999694824219,74.17083342870076
stock_provided,finance,moving_average,0002.HK_1h,2026-03-13 11:30:00,74.0,74.17083342870076
stock_provided,finance,moving_average,0002.HK_1h,2026-03-13 12:30:00,73.94999694824219,74.17083342870076
stock_provided,finance,moving_average,0002.HK_1h,2026-03-13 13:30:00,73.94999694824219,74.17083342870076
stock_provided,finance,moving_average,0002.HK_1h,2026-03-13 14:30:00,73.6500015258789,74.17083342870076
stock_provided,finance,moving_average,0002.HK_1h,2026-03-13 15:30:00,73.5999984741211,74.17083342870076
stock_provided,finance,moving_average,0002.HK_1h,2026-03-16 09:30:00,73.19999694824219,74.17083342870076
stock_provided,finance,moving_average,0002.HK_1h,2026-03-16 10:30:00,73.19999694824219,74.17083342870076
stock_provided,finance,moving_average,0002.HK_1h,2026-03-16 11:30:00,73.1500015258789,74.17083342870076
stock_provided,finance,moving_average,0002.HK_1h,2026-03-16 12:30:00,72.80000305175781,74.17083342870076
stock_provided,finance,moving_average,0002.HK_1h,2026-03-16 13:30:00,73.0999984741211,74.17083342870076
stock_provided,finance,moving_average,0002.HK_1h,2026-03-16 14:30:00,73.05000305175781,74.17083342870076
stock_provided,finance,moving_average,0002.HK_1h,2026-03-16 15:30:00,73.0999984741211,74.17083342870076
stock_provided,finance,moving_average,0002.HK_1h,2026-03-17 09:30:00,73.30000305175781,74.17083342870076
stock_provided,finance,moving_average,0002.HK_1h,2026-03-17 10:30:00,73.0999984741211,74.17083342870076
stock_provided,finance,moving_average,0002.HK_1h,2026-03-17 11:30:00,73.19999694824219,74.17083342870076
stock_provided,finance,moving_average,0002.HK_1h,2026-03-17 12:30:00,73.19999694824219,74.17083342870076
stock_provided,finance,moving_average,0002.HK_1h,2026-03-17 13:30:00,73.25,74.17083342870076
stock_provided,finance,moving_average,0002.HK_1h,2026-03-17 14:30:00,73.25,74.17083342870076
stock_provided,finance,moving_average,0002.HK_1h,2026-03-17 15:30:00,73.44999694824219,74.17083342870076
stock_provided,finance,moving_average,0002.HK_1h,2026-03-18 09:30:00,73.75,74.17083342870076
stock_provided,finance,moving_average,0002.HK_1h,2026-03-18 10:30:00,73.80000305175781,74.17083342870076
stock_provided,finance,moving_average,0002.HK_1h,2026-03-18 11:30:00,73.8499984741211,74.17083342870076
stock_provided,finance,moving_average,0002.HK_1h,2026-03-18 12:30:00,74.0999984741211,74.17083342870076
stock_provided,finance,moving_average,0002.HK_1h,2026-03-18 13:30:00,74.30000305175781,74.17083342870076
stock_provided,finance,moving_average,0002.HK_1h,2026-03-18 14:30:00,74.0999984741211,74.17083342870076
stock_provided,finance,moving_average,0002.HK_1h,2026-03-18 15:30:00,74.30000305175781,74.17083342870076
stock_provided,finance,moving_average,0002.HK_1h,2026-03-19 09:30:00,73.94999694824219,74.17083342870076
stock_provided,finance,moving_average,0002.HK_1h,2026-03-19 10:30:00,73.6500015258789,74.17083342870076
stock_provided,finance,moving_average,0002.HK_1h,2026-03-19 11:30:00,73.75,74.17083342870076
stock_provided,finance,moving_average,0002.HK_1h,2026-03-19 12:30:00,73.5999984741211,74.17083342870076
stock_provided,finance,moving_average,0002.HK_1h,2026-03-19 13:30:00,73.55000305175781,74.17083342870076
stock_provided,finance,moving_average,0002.HK_1h,2026-03-19 14:30:00,73.75,74.17083342870076
stock_provided,finance,moving_average,0002.HK_1h,2026-03-19 15:30:00,73.75,74.17083342870076
stock_provided,finance,moving_average,0002.HK_1h,2026-03-20 09:30:00,73.5999984741211,74.17083342870076
stock_provided,finance,moving_average,0002.HK_1h,2026-03-20 10:30:00,73.55000305175781,74.17083342870076
stock_provided,finance,moving_average,0002.HK_1h,2026-03-20 11:30:00,73.6500015258789,74.17083342870076
stock_provided,finance,moving_average,0002.HK_1h,2026-03-20 12:30:00,73.55000305175781,74.17083342870076
stock_provided,finance,moving_average,0002.HK_1h,2026-03-20 13:30:00,73.5,74.17083342870076
stock_provided,finance,moving_average,0002.HK_1h,2026-03-20 14:30:00,73.6500015258789,74.17083342870076
stock_provided,finance,moving_average,0002.HK_1h,2026-03-20 15:30:00,73.5999984741211,74.17083342870076
stock_provided,finance,moving_average,0003.HK_1h,2026-03-12 10:30:00,7.440000057220459,7.503125011920929
stock_provided,finance,moving_average,0003.HK_1h,2026-03-12 11:30:00,7.480000019073486,7.503125011920929
stock_provided,finance,moving_average,0003.HK_1h,2026-03-12 12:30:00,7.460000038146973,7.503125011920929
stock_provided,finance,moving_average,0003.HK_1h,2026-03-12 13:30:00,7.46999979019165,7.503125011920929
stock_provided,finance,moving_average,0003.HK_1h,2026-03-12 14:30:00,7.489999771118164,7.503125011920929
stock_provided,finance,moving_average,0003.HK_1h,2026-03-12 15:30:00,7.489999771118164,7.503125011920929
stock_provided,finance,moving_average,0003.HK_1h,2026-03-13 09:30:00,7.510000228881836,7.503125011920929
stock_provided,finance,moving_average,0003.HK_1h,2026-03-13 10:30:00,7.510000228881836,7.503125011920929
stock_provided,finance,moving_average,0003.HK_1h,2026-03-13 11:30:00,7.489999771118164,7.503125011920929
stock_provided,finance,moving_average,0003.HK_1h,2026-03-13 12:30:00,7.489999771118164,7.503125011920929
stock_provided,finance,moving_average,0003.HK_1h,2026-03-13 13:30:00,7.489999771118164,7.503125011920929
stock_provided,finance,moving_average,0003.HK_1h,2026-03-13 14:30:00,7.460000038146973,7.503125011920929
stock_provided,finance,moving_average,0003.HK_1h,2026-03-13 15:30:00,7.460000038146973,7.503125011920929
stock_provided,finance,moving_average,0003.HK_1h,2026-03-16 09:30:00,7.369999885559082,7.503125011920929
stock_provided,finance,moving_average,0003.HK_1h,2026-03-16 10:30:00,7.309999942779541,7.503125011920929
stock_provided,finance,moving_average,0003.HK_1h,2026-03-16 11:30:00,7.340000152587891,7.503125011920929
stock_provided,finance,moving_average,0003.HK_1h,2026-03-16 12:30:00,7.309999942779541,7.503125011920929
stock_provided,finance,moving_average,0003.HK_1h,2026-03-16 13:30:00,7.329999923706055,7.503125011920929
stock_provided,finance,moving_average,0003.HK_1h,2026-03-16 14:30:00,7.329999923706055,7.503125011920929
stock_provided,finance,moving_average,0003.HK_1h,2026-03-16 15:30:00,7.340000152587891,7.503125011920929
stock_provided,finance,moving_average,0003.HK_1h,2026-03-17 09:30:00,7.309999942779541,7.503125011920929
stock_provided,finance,moving_average,0003.HK_1h,2026-03-17 10:30:00,7.269999980926514,7.503125011920929
stock_provided,finance,moving_average,0003.HK_1h,2026-03-17 11:30:00,7.289999961853027,7.503125011920929
stock_provided,finance,moving_average,0003.HK_1h,2026-03-17 12:30:00,7.289999961853027,7.503125011920929
stock_provided,finance,moving_average,0003.HK_1h,2026-03-17 13:30:00,7.260000228881836,7.503125011920929
stock_provided,finance,moving_average,0003.HK_1h,2026-03-17 14:30:00,7.269999980926514,7.503125011920929
stock_provided,finance,moving_average,0003.HK_1h,2026-03-17 15:30:00,7.260000228881836,7.503125011920929
stock_provided,finance,moving_average,0003.HK_1h,2026-03-18 09:30:00,7.25,7.503125011920929
stock_provided,finance,moving_average,0003.HK_1h,2026-03-18 10:30:00,7.239999771118164,7.503125011920929
stock_provided,finance,moving_average,0003.HK_1h,2026-03-18 11:30:00,7.239999771118164,7.503125011920929
stock_provided,finance,moving_average,0003.HK_1h,2026-03-18 12:30:00,7.269999980926514,7.503125011920929
stock_provided,finance,moving_average,0003.HK_1h,2026-03-18 13:30:00,7.289999961853027,7.503125011920929
stock_provided,finance,moving_average,0003.HK_1h,2026-03-18 14:30:00,7.300000190734863,7.503125011920929
stock_provided,finance,moving_average,0003.HK_1h,2026-03-18 15:30:00,7.289999961853027,7.503125011920929
stock_provided,finance,moving_average,0003.HK_1h,2026-03-19 09:30:00,7.340000152587891,7.503125011920929
stock_provided,finance,moving_average,0003.HK_1h,2026-03-19 10:30:00,7.340000152587891,7.503125011920929
stock_provided,finance,moving_average,0003.HK_1h,2026-03-19 11:30:00,7.360000133514404,7.503125011920929
stock_provided,finance,moving_average,0003.HK_1h,2026-03-19 12:30:00,7.380000114440918,7.503125011920929
stock_provided,finance,moving_average,0003.HK_1h,2026-03-19 13:30:00,7.389999866485596,7.503125011920929
stock_provided,finance,moving_average,0003.HK_1h,2026-03-19 14:30:00,7.389999866485596,7.503125011920929
stock_provided,finance,moving_average,0003.HK_1h,2026-03-19 15:30:00,7.420000076293945,7.503125011920929
stock_provided,finance,moving_average,0003.HK_1h,2026-03-20 09:30:00,7.389999866485596,7.503125011920929
stock_provided,finance,moving_average,0003.HK_1h,2026-03-20 10:30:00,7.349999904632568,7.503125011920929
stock_provided,finance,moving_average,0003.HK_1h,2026-03-20 11:30:00,7.340000152587891,7.503125011920929
stock_provided,finance,moving_average,0003.HK_1h,2026-03-20 12:30:00,7.349999904632568,7.503125011920929
stock_provided,finance,moving_average,0003.HK_1h,2026-03-20 13:30:00,7.320000171661377,7.503125011920929
stock_provided,finance,moving_average,0003.HK_1h,2026-03-20 14:30:00,7.329999923706055,7.503125011920929
stock_provided,finance,moving_average,0003.HK_1h,2026-03-20 15:30:00,7.340000152587891,7.503125011920929
stock_provided,finance,moving_average,0006.HK_1h,2026-03-12 10:30:00,61.20000076293945,62.43958322207133
stock_provided,finance,moving_average,0006.HK_1h,2026-03-12 11:30:00,61.09999847412109,62.43958322207133
stock_provided,finance,moving_average,0006.HK_1h,2026-03-12 12:30:00,61.09999847412109,62.43958322207133
stock_provided,finance,moving_average,0006.HK_1h,2026-03-12 13:30:00,61.34999847412109,62.43958322207133
stock_provided,finance,moving_average,0006.HK_1h,2026-03-12 14:30:00,61.59999847412109,62.43958322207133
stock_provided,finance,moving_average,0006.HK_1h,2026-03-12 15:30:00,61.70000076293945,62.43958322207133
stock_provided,finance,moving_average,0006.HK_1h,2026-03-13 09:30:00,61.900001525878906,62.43958322207133
stock_provided,finance,moving_average,0006.HK_1h,2026-03-13 10:30:00,61.75,62.43958322207133
stock_provided,finance,moving_average,0006.HK_1h,2026-03-13 11:30:00,61.79999923706055,62.43958322207133
stock_provided,finance,moving_average,0006.HK_1h,2026-03-13 12:30:00,61.54999923706055,62.43958322207133
stock_provided,finance,moving_average,0006.HK_1h,2026-03-13 13:30:00,61.75,62.43958322207133
stock_provided,finance,moving_average,0006.HK_1h,2026-03-13 14:30:00,61.650001525878906,62.43958322207133
stock_provided,finance,moving_average,0006.HK_1h,2026-03-13 15:30:00,61.70000076293945,62.43958322207133
stock_provided,finance,moving_average,0006.HK_1h,2026-03-16 09:30:00,60.95000076293945,62.43958322207133
stock_provided,finance,moving_average,0006.HK_1h,2026-03-16 10:30:00,61.150001525878906,62.43958322207133
stock_provided,finance,moving_average,0006.HK_1h,2026-03-16 11:30:00,61.25,62.43958322207133
stock_provided,finance,moving_average,0006.HK_1h,2026-03-16 12:30:00,60.79999923706055,62.43958322207133
stock_provided,finance,moving_average,0006.HK_1h,2026-03-16 13:30:00,61.20000076293945,62.43958322207133
stock_provided,finance,moving_average,0006.HK_1h,2026-03-16 14:30:00,61.09999847412109,62.43958322207133
stock_provided,finance,moving_average,0006.HK_1h,2026-03-16 15:30:00,61.20000076293945,62.43958322207133
stock_provided,finance,moving_average,0006.HK_1h,2026-03-17 09:30:00,61.59999847412109,62.43958322207133
stock_provided,finance,moving_average,0006.HK_1h,2026-03-17 10:30:00,61.5,62.43958322207133
stock_provided,finance,moving_average,0006.HK_1h,2026-03-17 11:30:00,61.59999847412109,62.43958322207133
stock_provided,finance,moving_average,0006.HK_1h,2026-03-17 12:30:00,61.54999923706055,62.43958322207133
stock_provided,finance,moving_average,0006.HK_1h,2026-03-17 13:30:00,61.5,62.43958322207133
stock_provided,finance,moving_average,0006.HK_1h,2026-03-17 14:30:00,61.34999847412109,62.43958322207133
stock_provided,finance,moving_average,0006.HK_1h,2026-03-17 15:30:00,61.45000076293945,62.43958322207133
stock_provided,finance,moving_average,0006.HK_1h,2026-03-18 09:30:00,61.900001525878906,62.43958322207133
stock_provided,finance,moving_average,0006.HK_1h,2026-03-18 10:30:00,61.84999847412109,62.43958322207133
stock_provided,finance,moving_average,0006.HK_1h,2026-03-18 11:30:00,61.900001525878906,62.43958322207133
stock_provided,finance,moving_average,0006.HK_1h,2026-03-18 12:30:00,62.20000076293945,62.43958322207133
stock_provided,finance,moving_average,0006.HK_1h,2026-03-18 13:30:00,62.54999923706055,62.43958322207133
stock_provided,finance,moving_average,0006.HK_1h,2026-03-18 14:30:00,62.25,62.43958322207133
stock_provided,finance,moving_average,0006.HK_1h,2026-03-18 15:30:00,62.25,62.43958322207133
stock_provided,finance,moving_average,0006.HK_1h,2026-03-19 09:30:00,62.45000076293945,62.43958322207133
stock_provided,finance,moving_average,0006.HK_1h,2026-03-19 10:30:00,61.95000076293945,62.43958322207133
stock_provided,finance,moving_average,0006.HK_1h,2026-03-19 11:30:00,62.04999923706055,62.43958322207133
stock_provided,finance,moving_average,0006.HK_1h,2026-03-19 12:30:00,62.400001525878906,62.43958322207133
stock_provided,finance,moving_average,0006.HK_1h,2026-03-19 13:30:00,62.20000076293945,62.43958322207133
stock_provided,finance,moving_average,0006.HK_1h,2026-03-19 14:30:00,62.25,62.43958322207133
stock_provided,finance,moving_average,0006.HK_1h,2026-03-19 15:30:00,62.0,62.43958322207133
stock_provided,finance,moving_average,0006.HK_1h,2026-03-20 09:30:00,61.900001525878906,62.43958322207133
stock_provided,finance,moving_average,0006.HK_1h,2026-03-20 10:30:00,62.0,62.43958322207133
stock_provided,finance,moving_average,0006.HK_1h,2026-03-20 11:30:00,62.09999847412109,62.43958322207133
stock_provided,finance,moving_average,0006.HK_1h,2026-03-20 12:30:00,61.95000076293945,62.43958322207133
stock_provided,finance,moving_average,0006.HK_1h,2026-03-20 13:30:00,61.900001525878906,62.43958322207133
stock_provided,finance,moving_average,0006.HK_1h,2026-03-20 14:30:00,61.900001525878906,62.43958322207133
stock_provided,finance,moving_average,0006.HK_1h,2026-03-20 15:30:00,61.79999923706055,62.43958322207133
stock_provided,finance,linear_trend,0002.HK_1h,2026-03-12 10:30:00,72.94999694824219,76.7201312024039
stock_provided,finance,linear_trend,0002.HK_1h,2026-03-12 11:30:00,72.8499984741211,76.73943829643635
stock_provided,finance,linear_trend,0002.HK_1h,2026-03-12 12:30:00,73.0,76.75874539046879
stock_provided,finance,linear_trend,0002.HK_1h,2026-03-12 13:30:00,73.0,76.77805248450125
stock_provided,finance,linear_trend,0002.HK_1h,2026-03-12 14:30:00,73.0,76.79735957853369
stock_provided,finance,linear_trend,0002.HK_1h,2026-03-12 15:30:00,73.1500015258789,76.81666667256613
stock_provided,finance,linear_trend,0002.HK_1h,2026-03-13 09:30:00,73.9000015258789,76.83597376659858
stock_provided,finance,linear_trend,0002.HK_1h,2026-03-13 10:30:00,73.94999694824219,76.85528086063103
stock_provided,finance,linear_trend,0002.HK_1h,2026-03-13 11:30:00,74.0,76.87458795466347
stock_provided,finance,linear_trend,0002.HK_1h,2026-03-13 12:30:00,73.94999694824219,76.89389504869591
stock_provided,finance,linear_trend,0002.HK_1h,2026-03-13 13:30:00,73.94999694824219,76.91320214272837
stock_provided,finance,linear_trend,0002.HK_1h,2026-03-13 14:30:00,73.6500015258789,76.93250923676081
stock_provided,finance,linear_trend,0002.HK_1h,2026-03-13 15:30:00,73.5999984741211,76.95181633079325
stock_provided,finance,linear_trend,0002.HK_1h,2026-03-16 09:30:00,73.19999694824219,76.97112342482569
stock_provided,finance,linear_trend,0002.HK_1h,2026-03-16 10:30:00,73.19999694824219,76.99043051885815
stock_provided,finance,linear_trend,0002.HK_1h,2026-03-16 11:30:00,73.1500015258789,77.00973761289059
stock_provided,finance,linear_trend,0002.HK_1h,2026-03-16 12:30:00,72.80000305175781,77.02904470692303
stock_provided,finance,linear_trend,0002.HK_1h,2026-03-16 13:30:00,73.0999984741211,77.04835180095549
stock_provided,finance,linear_trend,0002.HK_1h,2026-03-16 14:30:00,73.05000305175781,77.06765889498793
stock_provided,finance,linear_trend,0002.HK_1h,2026-03-16 15:30:00,73.0999984741211,77.08696598902037
stock_provided,finance,linear_trend,0002.HK_1h,2026-03-17 09:30:00,73.30000305175781,77.10627308305281
stock_provided,finance,linear_trend,0002.HK_1h,2026-03-17 10:30:00,73.0999984741211,77.12558017708527
stock_provided,finance,linear_trend,0002.HK_1h,2026-03-17 11:30:00,73.19999694824219,77.14488727111771
stock_provided,finance,linear_trend,0002.HK_1h,2026-03-17 12:30:00,73.19999694824219,77.16419436515015
stock_provided,finance,linear_trend,0002.HK_1h,2026-03-17 13:30:00,73.25,77.1835014591826
stock_provided,finance,linear_trend,0002.HK_1h,2026-03-17 14:30:00,73.25,77.20280855321505
stock_provided,finance,linear_trend,0002.HK_1h,2026-03-17 15:30:00,73.44999694824219,77.22211564724749
stock_provided,finance,linear_trend,0002.HK_1h,2026-03-18 09:30:00,73.75,77.24142274127993
stock_provided,finance,linear_trend,0002.HK_1h,2026-03-18 10:30:00,73.80000305175781,77.26072983531238
stock_provided,finance,linear_trend,0002.HK_1h,2026-03-18 11:30:00,73.8499984741211,77.28003692934483
stock_provided,finance,linear_trend,0002.HK_1h,2026-03-18 12:30:00,74.0999984741211,77.29934402337727
stock_provided,finance,linear_trend,0002.HK_1h,2026-03-18 13:30:00,74.30000305175781,77.31865111740971
stock_provided,finance,linear_trend,0002.HK_1h,2026-03-18 14:30:00,74.0999984741211,77.33795821144216
stock_provided,finance,linear_trend,0002.HK_1h,2026-03-18 15:30:00,74.30000305175781,77.35726530547461
stock_provided,finance,linear_trend,0002.HK_1h,2026-03-19 09:30:00,73.94999694824219,77.37657239950705
stock_provided,finance,linear_trend,0002.HK_1h,2026-03-19 10:30:00,73.6500015258789,77.3958794935395
stock_provided,finance,linear_trend,0002.HK_1h,2026-03-19 11:30:00,73.75,77.41518658757195
stock_provided,finance,linear_trend,0002.HK_1h,2026-03-19 12:30:00,73.5999984741211,77.4344936816044
stock_provided,finance,linear_trend,0002.HK_1h,2026-03-19 13:30:00,73.55000305175781,77.45380077563684
stock_provided,finance,linear_trend,0002.HK_1h,2026-03-19 14:30:00,73.75,77.47310786966928
stock_provided,finance,linear_trend,0002.HK_1h,2026-03-19 15:30:00,73.75,77.49241496370173
stock_provided,finance,linear_trend,0002.HK_1h,2026-03-20 09:30:00,73.5999984741211,77.51172205773418
stock_provided,finance,linear_trend,0002.HK_1h,2026-03-20 10:30:00,73.55000305175781,77.53102915176662
stock_provided,finance,linear_trend,0002.HK_1h,2026-03-20 11:30:00,73.6500015258789,77.55033624579906
stock_provided,finance,linear_trend,0002.HK_1h,2026-03-20 12:30:00,73.55000305175781,77.56964333983152
stock_provided,finance,linear_trend,0002.HK_1h,2026-03-20 13:30:00,73.5,77.58895043386396
stock_provided,finance,linear_trend,0002.HK_1h,2026-03-20 14:30:00,73.6500015258789,77.6082575278964
stock_provided,finance,linear_trend,0002.HK_1h,2026-03-20 15:30:00,73.5999984741211,77.62756462192885
stock_provided,finance,linear_trend,0003.HK_1h,2026-03-12 10:30:00,7.440000057220459,7.6952702276687495
stock_provided,finance,linear_trend,0003.HK_1h,2026-03-12 11:30:00,7.480000019073486,7.697126609710419
stock_provided,finance,linear_trend,0003.HK_1h,2026-03-12 12:30:00,7.460000038146973,7.6989829917520884
stock_provided,finance,linear_trend,0003.HK_1h,2026-03-12 13:30:00,7.46999979019165,7.700839373793758
stock_provided,finance,linear_trend,0003.HK_1h,2026-03-12 14:30:00,7.489999771118164,7.702695755835427
stock_provided,finance,linear_trend,0003.HK_1h,2026-03-12 15:30:00,7.489999771118164,7.704552137877096
stock_provided,finance,linear_trend,0003.HK_1h,2026-03-13 09:30:00,7.510000228881836,7.7064085199187655
stock_provided,finance,linear_trend,0003.HK_1h,2026-03-13 10:30:00,7.510000228881836,7.708264901960435
stock_provided,finance,linear_trend,0003.HK_1h,2026-03-13 11:30:00,7.489999771118164,7.7101212840021045
stock_provided,finance,linear_trend,0003.HK_1h,2026-03-13 12:30:00,7.489999771118164,7.711977666043774
stock_provided,finance,linear_trend,0003.HK_1h,2026-03-13 13:30:00,7.489999771118164,7.7138340480854435
stock_provided,finance,linear_trend,0003.HK_1h,2026-03-13 14:30:00,7.460000038146973,7.715690430127112
stock_provided,finance,linear_trend,0003.HK_1h,2026-03-13 15:30:00,7.460000038146973,7.717546812168782
stock_provided,finance,linear_trend,0003.HK_1h,2026-03-16 09:30:00,7.369999885559082,7.719403194210451
stock_provided,finance,linear_trend,0003.HK_1h,2026-03-16 10:30:00,7.309999942779541,7.721259576252121
stock_provided,finance,linear_trend,0003.HK_1h,2026-03-16 11:30:00,7.340000152587891,7.72311595829379
stock_provided,finance,linear_trend,0003.HK_1h,2026-03-16 12:30:00,7.309999942779541,7.7249723403354595
stock_provided,finance,linear_trend,0003.HK_1h,2026-03-16 13:30:00,7.329999923706055,7.726828722377128
stock_provided,finance,linear_trend,0003.HK_1h,2026-03-16 14:30:00,7.329999923706055,7.728685104418798
stock_provided,finance,linear_trend,0003.HK_1h,2026-03-16 15:30:00,7.340000152587891,7.730541486460467
stock_provided,finance,linear_trend,0003.HK_1h,2026-03-17 09:30:00,7.309999942779541,7.732397868502137
stock_provided,finance,linear_trend,0003.HK_1h,2026-03-17 10:30:00,7.269999980926514,7.734254250543806
stock_provided,finance,linear_trend,0003.HK_1h,2026-03-17 11:30:00,7.289999961853027,7.736110632585476
stock_provided,finance,linear_trend,0003.HK_1h,2026-03-17 12:30:00,7.289999961853027,7.737967014627144
stock_provided,finance,linear_trend,0003.HK_1h,2026-03-17 13:30:00,7.260000228881836,7.739823396668814
stock_provided,finance,linear_trend,0003.HK_1h,2026-03-17 14:30:00,7.269999980926514,7.741679778710483
stock_provided,finance,linear_trend,0003.HK_1h,2026-03-17 15:30:00,7.260000228881836,7.743536160752153
stock_provided,finance,linear_trend,0003.HK_1h,2026-03-18 09:30:00,7.25,7.745392542793822
stock_provided,finance,linear_trend,0003.HK_1h,2026-03-18 10:30:00,7.239999771118164,7.747248924835492
stock_provided,finance,linear_trend,0003.HK_1h,2026-03-18 11:30:00,7.239999771118164,7.74910530687716
stock_provided,finance,linear_trend,0003.HK_1h,2026-03-18 12:30:00,7.269999980926514,7.75096168891883
stock_provided,finance,linear_trend,0003.HK_1h,2026-03-18 13:30:00,7.289999961853027,7.752818070960499
stock_provided,finance,linear_trend,0003.HK_1h,2026-03-18 14:30:00,7.300000190734863,7.754674453002169
stock_provided,finance,linear_trend,0003.HK_1h,2026-03-18 15:30:00,7.289999961853027,7.756530835043838
stock_provided,finance,linear_trend,0003.HK_1h,2026-03-19 09:30:00,7.340000152587891,7.758387217085508
stock_provided,finance,linear_trend,0003.HK_1h,2026-03-19 10:30:00,7.340000152587891,7.760243599127177
stock_provided,finance,linear_trend,0003.HK_1h,2026-03-19 11:30:00,7.360000133514404,7.762099981168846
stock_provided,finance,linear_trend,0003.HK_1h,2026-03-19 12:30:00,7.380000114440918,7.763956363210515
stock_provided,finance,linear_trend,0003.HK_1h,2026-03-19 13:30:00,7.389999866485596,7.765812745252185
stock_provided,finance,linear_trend,0003.HK_1h,2026-03-19 14:30:00,7.389999866485596,7.767669127293854
stock_provided,finance,linear_trend,0003.HK_1h,2026-03-19 15:30:00,7.420000076293945,7.769525509335524
stock_provided,finance,linear_trend,0003.HK_1h,2026-03-20 09:30:00,7.389999866485596,7.771381891377192
stock_provided,finance,linear_trend,0003.HK_1h,2026-03-20 10:30:00,7.349999904632568,7.773238273418862
stock_provided,finance,linear_trend,0003.HK_1h,2026-03-20 11:30:00,7.340000152587891,7.775094655460531
stock_provided,finance,linear_trend,0003.HK_1h,2026-03-20 12:30:00,7.349999904632568,7.776951037502201
stock_provided,finance,linear_trend,0003.HK_1h,2026-03-20 13:30:00,7.320000171661377,7.77880741954387
stock_provided,finance,linear_trend,0003.HK_1h,2026-03-20 14:30:00,7.329999923706055,7.78066380158554
stock_provided,finance,linear_trend,0003.HK_1h,2026-03-20 15:30:00,7.340000152587891,7.782520183627209
stock_provided,finance,linear_trend,0006.HK_1h,2026-03-12 10:30:00,61.20000076293945,64.36023436109328
stock_provided,finance,linear_trend,0006.HK_1h,2026-03-12 11:30:00,61.09999847412109,64.38799383063544
stock_provided,finance,linear_trend,0006.HK_1h,2026-03-12 12:30:00,61.09999847412109,64.4157533001776
stock_provided,finance,linear_trend,0006.HK_1h,2026-03-12 13:30:00,61.34999847412109,64.44351276971976
stock_provided,finance,linear_trend,0006.HK_1h,2026-03-12 14:30:00,61.59999847412109,64.4712722392619
stock_provided,finance,linear_trend,0006.HK_1h,2026-03-12 15:30:00,61.70000076293945,64.49903170880407
stock_provided,finance,linear_trend,0006.HK_1h,2026-03-13 09:30:00,61.900001525878906,64.52679117834623
stock_provided,finance,linear_trend,0006.HK_1h,2026-03-13 10:30:00,61.75,64.55455064788839
stock_provided,finance,linear_trend,0006.HK_1h,2026-03-13 11:30:00,61.79999923706055,64.58231011743054
stock_provided,finance,linear_trend,0006.HK_1h,2026-03-13 12:30:00,61.54999923706055,64.6100695869727
stock_provided,finance,linear_trend,0006.HK_1h,2026-03-13 13:30:00,61.75,64.63782905651486
stock_provided,finance,linear_trend,0006.HK_1h,2026-03-13 14:30:00,61.650001525878906,64.66558852605702
stock_provided,finance,linear_trend,0006.HK_1h,2026-03-13 15:30:00,61.70000076293945,64.69334799559917
stock_provided,finance,linear_trend,0006.HK_1h,2026-03-16 09:30:00,60.95000076293945,64.72110746514133
stock_provided,finance,linear_trend,0006.HK_1h,2026-03-16 10:30:00,61.150001525878906,64.74886693468349
stock_provided,finance,linear_trend,0006.HK_1h,2026-03-16 11:30:00,61.25,64.77662640422565
stock_provided,finance,linear_trend,0006.HK_1h,2026-03-16 12:30:00,60.79999923706055,64.8043858737678
stock_provided,finance,linear_trend,0006.HK_1h,2026-03-16 13:30:00,61.20000076293945,64.83214534330996
stock_provided,finance,linear_trend,0006.HK_1h,2026-03-16 14:30:00,61.09999847412109,64.85990481285212
stock_provided,finance,linear_trend,0006.HK_1h,2026-03-16 15:30:00,61.20000076293945,64.88766428239428
stock_provided,finance,linear_trend,0006.HK_1h,2026-03-17 09:30:00,61.59999847412109,64.91542375193643
stock_provided,finance,linear_trend,0006.HK_1h,2026-03-17 10:30:00,61.5,64.94318322147859
stock_provided,finance,linear_trend,0006.HK_1h,2026-03-17 11:30:00,61.59999847412109,64.97094269102075
stock_provided,finance,linear_trend,0006.HK_1h,2026-03-17 12:30:00,61.54999923706055,64.99870216056291
stock_provided,finance,linear_trend,0006.HK_1h,2026-03-17 13:30:00,61.5,65.02646163010508
stock_provided,finance,linear_trend,0006.HK_1h,2026-03-17 14:30:00,61.34999847412109,65.05422109964722
stock_provided,finance,linear_trend,0006.HK_1h,2026-03-17 15:30:00,61.45000076293945,65.08198056918938
stock_provided,finance,linear_trend,0006.HK_1h,2026-03-18 09:30:00,61.900001525878906,65.10974003873154
stock_provided,finance,linear_trend,0006.HK_1h,2026-03-18 10:30:00,61.84999847412109,65.13749950827369
stock_provided,finance,linear_trend,0006.HK_1h,2026-03-18 11:30:00,61.900001525878906,65.16525897781585
stock_provided,finance,linear_trend,0006.HK_1h,2026-03-18 12:30:00,62.20000076293945,65.19301844735801
stock_provided,finance,linear_trend,0006.HK_1h,2026-03-18 13:30:00,62.54999923706055,65.22077791690018
stock_provided,finance,linear_trend,0006.HK_1h,2026-03-18 14:30:00,62.25,65.24853738644234
stock_provided,finance,linear_trend,0006.HK_1h,2026-03-18 15:30:00,62.25,65.27629685598448
stock_provided,finance,linear_trend,0006.HK_1h,2026-03-19 09:30:00,62.45000076293945,65.30405632552664
stock_provided,finance,linear_trend,0006.HK_1h,2026-03-19 10:30:00,61.95000076293945,65.3318157950688
stock_provided,finance,linear_trend,0006.HK_1h,2026-03-19 11:30:00,62.04999923706055,65.35957526461097
stock_provided,finance,linear_trend,0006.HK_1h,2026-03-19 12:30:00,62.400001525878906,65.38733473415311
stock_provided,finance,linear_trend,0006.HK_1h,2026-03-19 13:30:00,62.20000076293945,65.41509420369528
stock_provided,finance,linear_trend,0006.HK_1h,2026-03-19 14:30:00,62.25,65.44285367323744
stock_provided,finance,linear_trend,0006.HK_1h,2026-03-19 15:30:00,62.0,65.4706131427796
stock_provided,finance,linear_trend,0006.HK_1h,2026-03-20 09:30:00,61.900001525878906,65.49837261232175
stock_provided,finance,linear_trend,0006.HK_1h,2026-03-20 10:30:00,62.0,65.5261320818639
stock_provided,finance,linear_trend,0006.HK_1h,2026-03-20 11:30:00,62.09999847412109,65.55389155140607
stock_provided,finance,linear_trend,0006.HK_1h,2026-03-20 12:30:00,61.95000076293945,65.58165102094823
stock_provided,finance,linear_trend,0006.HK_1h,2026-03-20 13:30:00,61.900001525878906,65.60941049049038
stock_provided,finance,linear_trend,0006.HK_1h,2026-03-20 14:30:00,61.900001525878906,65.63716996003254
stock_provided,finance,linear_trend,0006.HK_1h,2026-03-20 15:30:00,61.79999923706055,65.6649294295747
stock_provided,finance,ridge_ar,0002.HK_1h,2026-03-12 10:30:00,72.94999694824219,73.21025275019726
stock_provided,finance,ridge_ar,0002.HK_1h,2026-03-12 11:30:00,72.8499984741211,73.26139967572179
stock_provided,finance,ridge_ar,0002.HK_1h,2026-03-12 12:30:00,73.0,73.31201006716205
stock_provided,finance,ridge_ar,0002.HK_1h,2026-03-12 13:30:00,73.0,73.36052786387327
stock_provided,finance,ridge_ar,0002.HK_1h,2026-03-12 14:30:00,73.0,73.4055632722896
stock_provided,finance,ridge_ar,0002.HK_1h,2026-03-12 15:30:00,73.1500015258789,73.44938168760629
stock_provided,finance,ridge_ar,0002.HK_1h,2026-03-13 09:30:00,73.9000015258789,73.49155277561773
stock_provided,finance,ridge_ar,0002.HK_1h,2026-03-13 10:30:00,73.94999694824219,73.53323504211828
stock_provided,finance,ridge_ar,0002.HK_1h,2026-03-13 11:30:00,74.0,73.5729684025953
stock_provided,finance,ridge_ar,0002.HK_1h,2026-03-13 12:30:00,73.94999694824219,73.60735979591747
stock_provided,finance,ridge_ar,0002.HK_1h,2026-03-13 13:30:00,73.94999694824219,73.6420130505109
stock_provided,finance,ridge_ar,0002.HK_1h,2026-03-13 14:30:00,73.6500015258789,73.67503904877343
stock_provided,finance,ridge_ar,0002.HK_1h,2026-03-13 15:30:00,73.5999984741211,73.70199326206422
stock_provided,finance,ridge_ar,0002.HK_1h,2026-03-16 09:30:00,73.19999694824219,73.72686250101748
stock_provided,finance,ridge_ar,0002.HK_1h,2026-03-16 10:30:00,73.19999694824219,73.75088291123132
stock_provided,finance,ridge_ar,0002.HK_1h,2026-03-16 11:30:00,73.1500015258789,73.77219543575688
stock_provided,finance,ridge_ar,0002.HK_1h,2026-03-16 12:30:00,72.80000305175781,73.7991889227928
stock_provided,finance,ridge_ar,0002.HK_1h,2026-03-16 13:30:00,73.0999984741211,73.82504059880377
stock_provided,finance,ridge_ar,0002.HK_1h,2026-03-16 14:30:00,73.05000305175781,73.84993625618947
stock_provided,finance,ridge_ar,0002.HK_1h,2026-03-16 15:30:00,73.0999984741211,73.87365529923866
stock_provided,finance,ridge_ar,0002.HK_1h,2026-03-17 09:30:00,73.30000305175781,73.89438265320412
stock_provided,finance,ridge_ar,0002.HK_1h,2026-03-17 10:30:00,73.0999984741211,73.91347385938623
stock_provided,finance,ridge_ar,0002.HK_1h,2026-03-17 11:30:00,73.19999694824219,73.92918910630128
stock_provided,finance,ridge_ar,0002.HK_1h,2026-03-17 12:30:00,73.19999694824219,73.94434606688262
stock_provided,finance,ridge_ar,0002.HK_1h,2026-03-17 13:30:00,73.25,73.95775986195935
stock_provided,finance,ridge_ar,0002.HK_1h,2026-03-17 14:30:00,73.25,73.96870740781439
stock_provided,finance,ridge_ar,0002.HK_1h,2026-03-17 15:30:00,73.44999694824219,73.98099391297718
stock_provided,finance,ridge_ar,0002.HK_1h,2026-03-18 09:30:00,73.75,73.99270314023542
stock_provided,finance,ridge_ar,0002.HK_1h,2026-03-18 10:30:00,73.80000305175781,74.00395244759856
stock_provided,finance,ridge_ar,0002.HK_1h,2026-03-18 11:30:00,73.8499984741211,74.01400282560571
stock_provided,finance,ridge_ar,0002.HK_1h,2026-03-18 12:30:00,74.0999984741211,74.02329104293753
stock_provided,finance,ridge_ar,0002.HK_1h,2026-03-18 13:30:00,74.30000305175781,74.03264368759866
stock_provided,finance,ridge_ar,0002.HK_1h,2026-03-18 14:30:00,74.0999984741211,74.04114634908916
stock_provided,finance,ridge_ar,0002.HK_1h,2026-03-18 15:30:00,74.30000305175781,74.04736652336761
stock_provided,finance,ridge_ar,0002.HK_1h,2026-03-19 09:30:00,73.94999694824219,74.05297181556605
stock_provided,finance,ridge_ar,0002.HK_1h,2026-03-19 10:30:00,73.6500015258789,74.05758513544984
stock_provided,finance,ridge_ar,0002.HK_1h,2026-03-19 11:30:00,73.75,74.06064384233858
stock_provided,finance,ridge_ar,0002.HK_1h,2026-03-19 12:30:00,73.5999984741211,74.06243938798741
stock_provided,finance,ridge_ar,0002.HK_1h,2026-03-19 13:30:00,73.55000305175781,74.06347211834144
stock_provided,finance,ridge_ar,0002.HK_1h,2026-03-19 14:30:00,73.75,74.0634135165135
stock_provided,finance,ridge_ar,0002.HK_1h,2026-03-19 15:30:00,73.75,74.06594109766299
stock_provided,finance,ridge_ar,0002.HK_1h,2026-03-20 09:30:00,73.5999984741211,74.06921585298737
stock_provided,finance,ridge_ar,0002.HK_1h,2026-03-20 10:30:00,73.55000305175781,74.0731760191477
stock_provided,finance,ridge_ar,0002.HK_1h,2026-03-20 11:30:00,73.6500015258789,74.07785478051481
stock_provided,finance,ridge_ar,0002.HK_1h,2026-03-20 12:30:00,73.55000305175781,74.08224548013438
stock_provided,finance,ridge_ar,0002.HK_1h,2026-03-20 13:30:00,73.5,74.08706742658596
stock_provided,finance,ridge_ar,0002.HK_1h,2026-03-20 14:30:00,73.6500015258789,74.09144729182925
stock_provided,finance,ridge_ar,0002.HK_1h,2026-03-20 15:30:00,73.5999984741211,74.09663537921729
stock_provided,finance,ridge_ar,0003.HK_1h,2026-03-12 10:30:00,7.440000057220459,7.456297209328716
stock_provided,finance,ridge_ar,0003.HK_1h,2026-03-12 11:30:00,7.480000019073486,7.459887534636571
stock_provided,finance,ridge_ar,0003.HK_1h,2026-03-12 12:30:00,7.460000038146973,7.462678749020393
stock_provided,finance,ridge_ar,0003.HK_1h,2026-03-12 13:30:00,7.46999979019165,7.465277765071464
stock_provided,finance,ridge_ar,0003.HK_1h,2026-03-12 14:30:00,7.489999771118164,7.467404859820595
stock_provided,finance,ridge_ar,0003.HK_1h,2026-03-12 15:30:00,7.489999771118164,7.469427114925601
stock_provided,finance,ridge_ar,0003.HK_1h,2026-03-13 09:30:00,7.510000228881836,7.471423758487485
stock_provided,finance,ridge_ar,0003.HK_1h,2026-03-13 10:30:00,7.510000228881836,7.473308428829342
stock_provided,finance,ridge_ar,0003.HK_1h,2026-03-13 11:30:00,7.489999771118164,7.475162858524748
stock_provided,finance,ridge_ar,0003.HK_1h,2026-03-13 12:30:00,7.489999771118164,7.476693666129511
stock_provided,finance,ridge_ar,0003.HK_1h,2026-03-13 13:30:00,7.489999771118164,7.478146673230979
stock_provided,finance,ridge_ar,0003.HK_1h,2026-03-13 14:30:00,7.460000038146973,7.479484112978595
stock_provided,finance,ridge_ar,0003.HK_1h,2026-03-13 15:30:00,7.460000038146973,7.480398661275497
stock_provided,finance,ridge_ar,0003.HK_1h,2026-03-16 09:30:00,7.369999885559082,7.481165834618161
stock_provided,finance,ridge_ar,0003.HK_1h,2026-03-16 10:30:00,7.309999942779541,7.481779767914541
stock_provided,finance,ridge_ar,0003.HK_1h,2026-03-16 11:30:00,7.340000152587891,7.48222281157525
stock_provided,finance,ridge_ar,0003.HK_1h,2026-03-16 12:30:00,7.309999942779541,7.482210409695033
stock_provided,finance,ridge_ar,0003.HK_1h,2026-03-16 13:30:00,7.329999923706055,7.482290364656493
stock_provided,finance,ridge_ar,0003.HK_1h,2026-03-16 14:30:00,7.329999923706055,7.482474318159437
stock_provided,finance,ridge_ar,0003.HK_1h,2026-03-16 15:30:00,7.340000152587891,7.4825696464784555
stock_provided,finance,ridge_ar,0003.HK_1h,2026-03-17 09:30:00,7.309999942779541,7.482452240915095
stock_provided,finance,ridge_ar,0003.HK_1h,2026-03-17 10:30:00,7.269999980926514,7.482234120071336
stock_provided,finance,ridge_ar,0003.HK_1h,2026-03-17 11:30:00,7.289999961853027,7.481873834120483
stock_provided,finance,ridge_ar,0003.HK_1h,2026-03-17 12:30:00,7.289999961853027,7.48191714157863
stock_provided,finance,ridge_ar,0003.HK_1h,2026-03-17 13:30:00,7.260000228881836,7.481865477789131
stock_provided,finance,ridge_ar,0003.HK_1h,2026-03-17 14:30:00,7.269999980926514,7.481816328056718
stock_provided,finance,ridge_ar,0003.HK_1h,2026-03-17 15:30:00,7.260000228881836,7.482202831157777
stock_provided,finance,ridge_ar,0003.HK_1h,2026-03-18 09:30:00,7.25,7.482675600032615
stock_provided,finance,ridge_ar,0003.HK_1h,2026-03-18 10:30:00,7.239999771118164,7.483125870557416
stock_provided,finance,ridge_ar,0003.HK_1h,2026-03-18 11:30:00,7.239999771118164,7.483530782682803
stock_provided,finance,ridge_ar,0003.HK_1h,2026-03-18 12:30:00,7.269999980926514,7.484000116848928
stock_provided,finance,ridge_ar,0003.HK_1h,2026-03-18 13:30:00,7.289999961853027,7.484525551305848
stock_provided,finance,ridge_ar,0003.HK_1h,2026-03-18 14:30:00,7.300000190734863,7.485098163307731
stock_provided,finance,ridge_ar,0003.HK_1h,2026-03-18 15:30:00,7.289999961853027,7.485595054576276
stock_provided,finance,ridge_ar,0003.HK_1h,2026-03-19 09:30:00,7.340000152587891,7.486078488791366
stock_provided,finance,ridge_ar,0003.HK_1h,2026-03-19 10:30:00,7.340000152587891,7.4865994523430635
stock_provided,finance,ridge_ar,0003.HK_1h,2026-03-19 11:30:00,7.360000133514404,7.487000906370513
stock_provided,finance,ridge_ar,0003.HK_1h,2026-03-19 12:30:00,7.380000114440918,7.487383085216177
stock_provided,finance,ridge_ar,0003.HK_1h,2026-03-19 13:30:00,7.389999866485596,7.487687159000881
stock_provided,finance,ridge_ar,0003.HK_1h,2026-03-19 14:30:00,7.389999866485596,7.487971837600313
stock_provided,finance,ridge_ar,0003.HK_1h,2026-03-19 15:30:00,7.420000076293945,7.488039843540201
stock_provided,finance,ridge_ar,0003.HK_1h,2026-03-20 09:30:00,7.389999866485596,7.488099365595845
stock_provided,finance,ridge_ar,0003.HK_1h,2026-03-20 10:30:00,7.349999904632568,7.488203877925159
stock_provided,finance,ridge_ar,0003.HK_1h,2026-03-20 11:30:00,7.340000152587891,7.488300093962089
stock_provided,finance,ridge_ar,0003.HK_1h,2026-03-20 12:30:00,7.349999904632568,7.488307058858683
stock_provided,finance,ridge_ar,0003.HK_1h,2026-03-20 13:30:00,7.320000171661377,7.4882783641556365
stock_provided,finance,ridge_ar,0003.HK_1h,2026-03-20 14:30:00,7.329999923706055,7.48815754332917
stock_provided,finance,ridge_ar,0003.HK_1h,2026-03-20 15:30:00,7.340000152587891,7.488206506428175
stock_provided,finance,ridge_ar,0006.HK_1h,2026-03-12 10:30:00,61.20000076293945,61.91141799279073
stock_provided,finance,ridge_ar,0006.HK_1h,2026-03-12 11:30:00,61.09999847412109,61.93743633582188
stock_provided,finance,ridge_ar,0006.HK_1h,2026-03-12 12:30:00,61.09999847412109,61.95264889633745
stock_provided,finance,ridge_ar,0006.HK_1h,2026-03-12 13:30:00,61.34999847412109,61.96832759250618
stock_provided,finance,ridge_ar,0006.HK_1h,2026-03-12 14:30:00,61.59999847412109,61.98065436589118
stock_provided,finance,ridge_ar,0006.HK_1h,2026-03-12 15:30:00,61.70000076293945,61.99250300231687
stock_provided,finance,ridge_ar,0006.HK_1h,2026-03-13 09:30:00,61.900001525878906,62.00436899620581
stock_provided,finance,ridge_ar,0006.HK_1h,2026-03-13 10:30:00,61.75,62.017427749304254
stock_provided,finance,ridge_ar,0006.HK_1h,2026-03-13 11:30:00,61.79999923706055,62.03106604999183
stock_provided,finance,ridge_ar,0006.HK_1h,2026-03-13 12:30:00,61.54999923706055,62.041141665243245
stock_provided,finance,ridge_ar,0006.HK_1h,2026-03-13 13:30:00,61.75,62.048828925043814
stock_provided,finance,ridge_ar,0006.HK_1h,2026-03-13 14:30:00,61.650001525878906,62.05600561045862
stock_provided,finance,ridge_ar,0006.HK_1h,2026-03-13 15:30:00,61.70000076293945,62.05778397522482
stock_provided,finance,ridge_ar,0006.HK_1h,2026-03-16 09:30:00,60.95000076293945,62.05656465219684
stock_provided,finance,ridge_ar,0006.HK_1h,2026-03-16 10:30:00,61.150001525878906,62.05533059009378
stock_provided,finance,ridge_ar,0006.HK_1h,2026-03-16 11:30:00,61.25,62.05192464931865
stock_provided,finance,ridge_ar,0006.HK_1h,2026-03-16 12:30:00,60.79999923706055,62.04988986707192
stock_provided,finance,ridge_ar,0006.HK_1h,2026-03-16 13:30:00,61.20000076293945,62.04641362751499
stock_provided,finance,ridge_ar,0006.HK_1h,2026-03-16 14:30:00,61.09999847412109,62.04045579512687
stock_provided,finance,ridge_ar,0006.HK_1h,2026-03-16 15:30:00,61.20000076293945,62.03611946677502
stock_provided,finance,ridge_ar,0006.HK_1h,2026-03-17 09:30:00,61.59999847412109,62.03177075538918
stock_provided,finance,ridge_ar,0006.HK_1h,2026-03-17 10:30:00,61.5,62.027020305680416
stock_provided,finance,ridge_ar,0006.HK_1h,2026-03-17 11:30:00,61.59999847412109,62.020977566768565
stock_provided,finance,ridge_ar,0006.HK_1h,2026-03-17 12:30:00,61.54999923706055,62.02046559013149
stock_provided,finance,ridge_ar,0006.HK_1h,2026-03-17 13:30:00,61.5,62.01973322940714
stock_provided,finance,ridge_ar,0006.HK_1h,2026-03-17 14:30:00,61.34999847412109,62.01780585449558
stock_provided,finance,ridge_ar,0006.HK_1h,2026-03-17 15:30:00,61.45000076293945,62.01935815085955
stock_provided,finance,ridge_ar,0006.HK_1h,2026-03-18 09:30:00,61.900001525878906,62.02140688409641
stock_provided,finance,ridge_ar,0006.HK_1h,2026-03-18 10:30:00,61.84999847412109,62.02283556745462
stock_provided,finance,ridge_ar,0006.HK_1h,2026-03-18 11:30:00,61.900001525878906,62.023449731019696
stock_provided,finance,ridge_ar,0006.HK_1h,2026-03-18 12:30:00,62.20000076293945,62.02380039865688
stock_provided,finance,ridge_ar,0006.HK_1h,2026-03-18 13:30:00,62.54999923706055,62.0249361177552
stock_provided,finance,ridge_ar,0006.HK_1h,2026-03-18 14:30:00,62.25,62.026133820397725
stock_provided,finance,ridge_ar,0006.HK_1h,2026-03-18 15:30:00,62.25,62.02559142750449
stock_provided,finance,ridge_ar,0006.HK_1h,2026-03-19 09:30:00,62.45000076293945,62.024597739117354
stock_provided,finance,ridge_ar,0006.HK_1h,2026-03-19 10:30:00,61.95000076293945,62.023442056932886
stock_provided,finance,ridge_ar,0006.HK_1h,2026-03-19 11:30:00,62.04999923706055,62.02128767514567
stock_provided,finance,ridge_ar,0006.HK_1h,2026-03-19 12:30:00,62.400001525878906,62.01831272692864
stock_provided,finance,ridge_ar,0006.HK_1h,2026-03-19 13:30:00,62.20000076293945,62.015040686493286
stock_provided,finance,ridge_ar,0006.HK_1h,2026-03-19 14:30:00,62.25,62.011033029539725
stock_provided,finance,ridge_ar,0006.HK_1h,2026-03-19 15:30:00,62.0,62.00741627014537
stock_provided,finance,ridge_ar,0006.HK_1h,2026-03-20 09:30:00,61.900001525878906,62.00333488607415
stock_provided,finance,ridge_ar,0006.HK_1h,2026-03-20 10:30:00,62.0,61.998430480583195
stock_provided,finance,ridge_ar,0006.HK_1h,2026-03-20 11:30:00,62.09999847412109,61.99287154589616
stock_provided,finance,ridge_ar,0006.HK_1h,2026-03-20 12:30:00,61.95000076293945,61.98670053608346
stock_provided,finance,ridge_ar,0006.HK_1h,2026-03-20 13:30:00,61.900001525878906,61.97974098572029
stock_provided,finance,ridge_ar,0006.HK_1h,2026-03-20 14:30:00,61.900001525878906,61.9714151595602
stock_provided,finance,ridge_ar,0006.HK_1h,2026-03-20 15:30:00,61.79999923706055,61.964341658282656
stock_provided,finance,hist_gradient_boosting_ar,0002.HK_1h,2026-03-12 10:30:00,72.94999694824219,73.24404158886135
stock_provided,finance,hist_gradient_boosting_ar,0002.HK_1h,2026-03-12 11:30:00,72.8499984741211,73.17176677423174
stock_provided,finance,hist_gradient_boosting_ar,0002.HK_1h,2026-03-12 12:30:00,73.0,73.17342102616902
stock_provided,finance,hist_gradient_boosting_ar,0002.HK_1h,2026-03-12 13:30:00,73.0,73.27211174613566
stock_provided,finance,hist_gradient_boosting_ar,0002.HK_1h,2026-03-12 14:30:00,73.0,73.28101210166263
stock_provided,finance,hist_gradient_boosting_ar,0002.HK_1h,2026-03-12 15:30:00,73.1500015258789,73.33681227808032
stock_provided,finance,hist_gradient_boosting_ar,0002.HK_1h,2026-03-13 09:30:00,73.9000015258789,73.41910575968471
stock_provided,finance,hist_gradient_boosting_ar,0002.HK_1h,2026-03-13 10:30:00,73.94999694824219,73.61708912149103
stock_provided,finance,hist_gradient_boosting_ar,0002.HK_1h,2026-03-13 11:30:00,74.0,73.86719780894151
stock_provided,finance,hist_gradient_boosting_ar,0002.HK_1h,2026-03-13 12:30:00,73.94999694824219,73.94704341152814
stock_provided,finance,hist_gradient_boosting_ar,0002.HK_1h,2026-03-13 13:30:00,73.94999694824219,73.88981350292188
stock_provided,finance,hist_gradient_boosting_ar,0002.HK_1h,2026-03-13 14:30:00,73.6500015258789,73.92112524765034
stock_provided,finance,hist_gradient_boosting_ar,0002.HK_1h,2026-03-13 15:30:00,73.5999984741211,74.0057031683941
stock_provided,finance,hist_gradient_boosting_ar,0002.HK_1h,2026-03-16 09:30:00,73.19999694824219,74.06228697258693
stock_provided,finance,hist_gradient_boosting_ar,0002.HK_1h,2026-03-16 10:30:00,73.19999694824219,74.15633395619273
stock_provided,finance,hist_gradient_boosting_ar,0002.HK_1h,2026-03-16 11:30:00,73.1500015258789,74.40303815601878
stock_provided,finance,hist_gradient_boosting_ar,0002.HK_1h,2026-03-16 12:30:00,72.80000305175781,74.66848818384388
stock_provided,finance,hist_gradient_boosting_ar,0002.HK_1h,2026-03-16 13:30:00,73.0999984741211,74.6325502898753
stock_provided,finance,hist_gradient_boosting_ar,0002.HK_1h,2026-03-16 14:30:00,73.05000305175781,74.6802650086185
stock_provided,finance,hist_gradient_boosting_ar,0002.HK_1h,2026-03-16 15:30:00,73.0999984741211,74.3941368825723
stock_provided,finance,hist_gradient_boosting_ar,0002.HK_1h,2026-03-17 09:30:00,73.30000305175781,74.52720048626374
stock_provided,finance,hist_gradient_boosting_ar,0002.HK_1h,2026-03-17 10:30:00,73.0999984741211,74.52938092927901
stock_provided,finance,hist_gradient_boosting_ar,0002.HK_1h,2026-03-17 11:30:00,73.19999694824219,74.63529805858747
stock_provided,finance,hist_gradient_boosting_ar,0002.HK_1h,2026-03-17 12:30:00,73.19999694824219,74.70363778486939
stock_provided,finance,hist_gradient_boosting_ar,0002.HK_1h,2026-03-17 13:30:00,73.25,74.68180517136858
stock_provided,finance,hist_gradient_boosting_ar,0002.HK_1h,2026-03-17 14:30:00,73.25,74.71343510819314
stock_provided,finance,hist_gradient_boosting_ar,0002.HK_1h,2026-03-17 15:30:00,73.44999694824219,74.5694295235925
stock_provided,finance,hist_gradient_boosting_ar,0002.HK_1h,2026-03-18 09:30:00,73.75,74.59897790234497
stock_provided,finance,hist_gradient_boosting_ar,0002.HK_1h,2026-03-18 10:30:00,73.80000305175781,74.54769340093645
stock_provided,finance,hist_gradient_boosting_ar,0002.HK_1h,2026-03-18 11:30:00,73.8499984741211,74.57951388107811
stock_provided,finance,hist_gradient_boosting_ar,0002.HK_1h,2026-03-18 12:30:00,74.0999984741211,74.69110193741727
stock_provided,finance,hist_gradient_boosting_ar,0002.HK_1h,2026-03-18 13:30:00,74.30000305175781,74.84486700399323
stock_provided,finance,hist_gradient_boosting_ar,0002.HK_1h,2026-03-18 14:30:00,74.0999984741211,74.89868489102899
stock_provided,finance,hist_gradient_boosting_ar,0002.HK_1h,2026-03-18 15:30:00,74.30000305175781,74.73851136155393
stock_provided,finance,hist_gradient_boosting_ar,0002.HK_1h,2026-03-19 09:30:00,73.94999694824219,74.81992059540987
stock_provided,finance,hist_gradient_boosting_ar,0002.HK_1h,2026-03-19 10:30:00,73.6500015258789,74.72367923191588
stock_provided,finance,hist_gradient_boosting_ar,0002.HK_1h,2026-03-19 11:30:00,73.75,74.54629759376427
stock_provided,finance,hist_gradient_boosting_ar,0002.HK_1h,2026-03-19 12:30:00,73.5999984741211,74.50382025277831
stock_provided,finance,hist_gradient_boosting_ar,0002.HK_1h,2026-03-19 13:30:00,73.55000305175781,74.54735779172363
stock_provided,finance,hist_gradient_boosting_ar,0002.HK_1h,2026-03-19 14:30:00,73.75,74.53454235522001
stock_provided,finance,hist_gradient_boosting_ar,0002.HK_1h,2026-03-19 15:30:00,73.75,74.58721778827976
stock_provided,finance,hist_gradient_boosting_ar,0002.HK_1h,2026-03-20 09:30:00,73.5999984741211,74.57194575017293
stock_provided,finance,hist_gradient_boosting_ar,0002.HK_1h,2026-03-20 10:30:00,73.55000305175781,74.61722841429034
stock_provided,finance,hist_gradient_boosting_ar,0002.HK_1h,2026-03-20 11:30:00,73.6500015258789,74.58092047406171
stock_provided,finance,hist_gradient_boosting_ar,0002.HK_1h,2026-03-20 12:30:00,73.55000305175781,74.47006140568816
stock_provided,finance,hist_gradient_boosting_ar,0002.HK_1h,2026-03-20 13:30:00,73.5,74.44642798042203
stock_provided,finance,hist_gradient_boosting_ar,0002.HK_1h,2026-03-20 14:30:00,73.6500015258789,74.420188120779
stock_provided,finance,hist_gradient_boosting_ar,0002.HK_1h,2026-03-20 15:30:00,73.5999984741211,74.45309934920147
stock_provided,finance,hist_gradient_boosting_ar,0003.HK_1h,2026-03-12 10:30:00,7.440000057220459,7.444616925795821
stock_provided,finance,hist_gradient_boosting_ar,0003.HK_1h,2026-03-12 11:30:00,7.480000019073486,7.446678103724639
stock_provided,finance,hist_gradient_boosting_ar,0003.HK_1h,2026-03-12 12:30:00,7.460000038146973,7.450521044362254
stock_provided,finance,hist_gradient_boosting_ar,0003.HK_1h,2026-03-12 13:30:00,7.46999979019165,7.438554483417167
stock_provided,finance,hist_gradient_boosting_ar,0003.HK_1h,2026-03-12 14:30:00,7.489999771118164,7.453769880899135
stock_provided,finance,hist_gradient_boosting_ar,0003.HK_1h,2026-03-12 15:30:00,7.489999771118164,7.483186385230047
stock_provided,finance,hist_gradient_boosting_ar,0003.HK_1h,2026-03-13 09:30:00,7.510000228881836,7.486628402565417
stock_provided,finance,hist_gradient_boosting_ar,0003.HK_1h,2026-03-13 10:30:00,7.510000228881836,7.495137968690559
stock_provided,finance,hist_gradient_boosting_ar,0003.HK_1h,2026-03-13 11:30:00,7.489999771118164,7.4951614054558
stock_provided,finance,hist_gradient_boosting_ar,0003.HK_1h,2026-03-13 12:30:00,7.489999771118164,7.500266343535924
stock_provided,finance,hist_gradient_boosting_ar,0003.HK_1h,2026-03-13 13:30:00,7.489999771118164,7.491770650608172
stock_provided,finance,hist_gradient_boosting_ar,0003.HK_1h,2026-03-13 14:30:00,7.460000038146973,7.48959847316471
stock_provided,finance,hist_gradient_boosting_ar,0003.HK_1h,2026-03-13 15:30:00,7.460000038146973,7.496528350461202
stock_provided,finance,hist_gradient_boosting_ar,0003.HK_1h,2026-03-16 09:30:00,7.369999885559082,7.495849392120841
stock_provided,finance,hist_gradient_boosting_ar,0003.HK_1h,2026-03-16 10:30:00,7.309999942779541,7.502633550713374
stock_provided,finance,hist_gradient_boosting_ar,0003.HK_1h,2026-03-16 11:30:00,7.340000152587891,7.4994638563900065
stock_provided,finance,hist_gradient_boosting_ar,0003.HK_1h,2026-03-16 12:30:00,7.309999942779541,7.4938089763503
stock_provided,finance,hist_gradient_boosting_ar,0003.HK_1h,2026-03-16 13:30:00,7.329999923706055,7.495500467592735
stock_provided,finance,hist_gradient_boosting_ar,0003.HK_1h,2026-03-16 14:30:00,7.329999923706055,7.496430794641284
stock_provided,finance,hist_gradient_boosting_ar,0003.HK_1h,2026-03-16 15:30:00,7.340000152587891,7.49467094599123
stock_provided,finance,hist_gradient_boosting_ar,0003.HK_1h,2026-03-17 09:30:00,7.309999942779541,7.4944158603322855
stock_provided,finance,hist_gradient_boosting_ar,0003.HK_1h,2026-03-17 10:30:00,7.269999980926514,7.493887805133696
stock_provided,finance,hist_gradient_boosting_ar,0003.HK_1h,2026-03-17 11:30:00,7.289999961853027,7.489142762375787
stock_provided,finance,hist_gradient_boosting_ar,0003.HK_1h,2026-03-17 12:30:00,7.289999961853027,7.48965164969245
stock_provided,finance,hist_gradient_boosting_ar,0003.HK_1h,2026-03-17 13:30:00,7.260000228881836,7.491015627341
stock_provided,finance,hist_gradient_boosting_ar,0003.HK_1h,2026-03-17 14:30:00,7.269999980926514,7.488133936017592
stock_provided,finance,hist_gradient_boosting_ar,0003.HK_1h,2026-03-17 15:30:00,7.260000228881836,7.4781076588733955
stock_provided,finance,hist_gradient_boosting_ar,0003.HK_1h,2026-03-18 09:30:00,7.25,7.47574683994939
stock_provided,finance,hist_gradient_boosting_ar,0003.HK_1h,2026-03-18 10:30:00,7.239999771118164,7.476823399528771
stock_provided,finance,hist_gradient_boosting_ar,0003.HK_1h,2026-03-18 11:30:00,7.239999771118164,7.460739229921618
stock_provided,finance,hist_gradient_boosting_ar,0003.HK_1h,2026-03-18 12:30:00,7.269999980926514,7.460130902289514
stock_provided,finance,hist_gradient_boosting_ar,0003.HK_1h,2026-03-18 13:30:00,7.289999961853027,7.460932579448705
stock_provided,finance,hist_gradient_boosting_ar,0003.HK_1h,2026-03-18 14:30:00,7.300000190734863,7.4683877890033585
stock_provided,finance,hist_gradient_boosting_ar,0003.HK_1h,2026-03-18 15:30:00,7.289999961853027,7.487599176085897
stock_provided,finance,hist_gradient_boosting_ar,0003.HK_1h,2026-03-19 09:30:00,7.340000152587891,7.498273401198102
stock_provided,finance,hist_gradient_boosting_ar,0003.HK_1h,2026-03-19 10:30:00,7.340000152587891,7.504869190671424
stock_provided,finance,hist_gradient_boosting_ar,0003.HK_1h,2026-03-19 11:30:00,7.360000133514404,7.51102920415616
stock_provided,finance,hist_gradient_boosting_ar,0003.HK_1h,2026-03-19 12:30:00,7.380000114440918,7.521027744165017
stock_provided,finance,hist_gradient_boosting_ar,0003.HK_1h,2026-03-19 13:30:00,7.389999866485596,7.52302639536737
stock_provided,finance,hist_gradient_boosting_ar,0003.HK_1h,2026-03-19 14:30:00,7.389999866485596,7.5181214475996425
stock_provided,finance,hist_gradient_boosting_ar,0003.HK_1h,2026-03-19 15:30:00,7.420000076293945,7.52853577561282
stock_provided,finance,hist_gradient_boosting_ar,0003.HK_1h,2026-03-20 09:30:00,7.389999866485596,7.526764347187608
stock_provided,finance,hist_gradient_boosting_ar,0003.HK_1h,2026-03-20 10:30:00,7.349999904632568,7.5157391796448385
stock_provided,finance,hist_gradient_boosting_ar,0003.HK_1h,2026-03-20 11:30:00,7.340000152587891,7.518836179512686
stock_provided,finance,hist_gradient_boosting_ar,0003.HK_1h,2026-03-20 12:30:00,7.349999904632568,7.532743071491837
stock_provided,finance,hist_gradient_boosting_ar,0003.HK_1h,2026-03-20 13:30:00,7.320000171661377,7.53182359893061
stock_provided,finance,hist_gradient_boosting_ar,0003.HK_1h,2026-03-20 14:30:00,7.329999923706055,7.53243021225357
stock_provided,finance,hist_gradient_boosting_ar,0003.HK_1h,2026-03-20 15:30:00,7.340000152587891,7.538918786550125
stock_provided,finance,hist_gradient_boosting_ar,0006.HK_1h,2026-03-12 10:30:00,61.20000076293945,61.835424695952426
stock_provided,finance,hist_gradient_boosting_ar,0006.HK_1h,2026-03-12 11:30:00,61.09999847412109,61.65275114650473
stock_provided,finance,hist_gradient_boosting_ar,0006.HK_1h,2026-03-12 12:30:00,61.09999847412109,61.54108760720815
stock_provided,finance,hist_gradient_boosting_ar,0006.HK_1h,2026-03-12 13:30:00,61.34999847412109,61.55713674602377
stock_provided,finance,hist_gradient_boosting_ar,0006.HK_1h,2026-03-12 14:30:00,61.59999847412109,61.661299476248075
stock_provided,finance,hist_gradient_boosting_ar,0006.HK_1h,2026-03-12 15:30:00,61.70000076293945,61.63144109240323
stock_provided,finance,hist_gradient_boosting_ar,0006.HK_1h,2026-03-13 09:30:00,61.900001525878906,61.62214581726792
stock_provided,finance,hist_gradient_boosting_ar,0006.HK_1h,2026-03-13 10:30:00,61.75,61.64006297805493
stock_provided,finance,hist_gradient_boosting_ar,0006.HK_1h,2026-03-13 11:30:00,61.79999923706055,61.59601302026072
stock_provided,finance,hist_gradient_boosting_ar,0006.HK_1h,2026-03-13 12:30:00,61.54999923706055,61.69050458253538
stock_provided,finance,hist_gradient_boosting_ar,0006.HK_1h,2026-03-13 13:30:00,61.75,61.67599755887552
stock_provided,finance,hist_gradient_boosting_ar,0006.HK_1h,2026-03-13 14:30:00,61.650001525878906,61.675269439433
stock_provided,finance,hist_gradient_boosting_ar,0006.HK_1h,2026-03-13 15:30:00,61.70000076293945,61.44343297094896
stock_provided,finance,hist_gradient_boosting_ar,0006.HK_1h,2026-03-16 09:30:00,60.95000076293945,61.34359554678439
stock_provided,finance,hist_gradient_boosting_ar,0006.HK_1h,2026-03-16 10:30:00,61.150001525878906,61.46059969414653
stock_provided,finance,hist_gradient_boosting_ar,0006.HK_1h,2026-03-16 11:30:00,61.25,61.35581869993447
stock_provided,finance,hist_gradient_boosting_ar,0006.HK_1h,2026-03-16 12:30:00,60.79999923706055,61.535185607535915
stock_provided,finance,hist_gradient_boosting_ar,0006.HK_1h,2026-03-16 13:30:00,61.20000076293945,61.42337731043771
stock_provided,finance,hist_gradient_boosting_ar,0006.HK_1h,2026-03-16 14:30:00,61.09999847412109,61.41411966017617
stock_provided,finance,hist_gradient_boosting_ar,0006.HK_1h,2026-03-16 15:30:00,61.20000076293945,61.557316491742455
stock_provided,finance,hist_gradient_boosting_ar,0006.HK_1h,2026-03-17 09:30:00,61.59999847412109,61.51506489599663
stock_provided,finance,hist_gradient_boosting_ar,0006.HK_1h,2026-03-17 10:30:00,61.5,61.49545292043382
stock_provided,finance,hist_gradient_boosting_ar,0006.HK_1h,2026-03-17 11:30:00,61.59999847412109,61.5773703793604
stock_provided,finance,hist_gradient_boosting_ar,0006.HK_1h,2026-03-17 12:30:00,61.54999923706055,61.551034541864354
stock_provided,finance,hist_gradient_boosting_ar,0006.HK_1h,2026-03-17 13:30:00,61.5,61.57405151781944
stock_provided,finance,hist_gradient_boosting_ar,0006.HK_1h,2026-03-17 14:30:00,61.34999847412109,61.60146032195265
stock_provided,finance,hist_gradient_boosting_ar,0006.HK_1h,2026-03-17 15:30:00,61.45000076293945,61.630701142874805
stock_provided,finance,hist_gradient_boosting_ar,0006.HK_1h,2026-03-18 09:30:00,61.900001525878906,61.57106056539097
stock_provided,finance,hist_gradient_boosting_ar,0006.HK_1h,2026-03-18 10:30:00,61.84999847412109,61.61729993935053
stock_provided,finance,hist_gradient_boosting_ar,0006.HK_1h,2026-03-18 11:30:00,61.900001525878906,61.68444489752731
stock_provided,finance,hist_gradient_boosting_ar,0006.HK_1h,2026-03-18 12:30:00,62.20000076293945,61.56751530960525
stock_provided,finance,hist_gradient_boosting_ar,0006.HK_1h,2026-03-18 13:30:00,62.54999923706055,61.64956776562831
stock_provided,finance,hist_gradient_boosting_ar,0006.HK_1h,2026-03-18 14:30:00,62.25,61.68454409374322
stock_provided,finance,hist_gradient_boosting_ar,0006.HK_1h,2026-03-18 15:30:00,62.25,61.58853998294236
stock_provided,finance,hist_gradient_boosting_ar,0006.HK_1h,2026-03-19 09:30:00,62.45000076293945,61.585632825882165
stock_provided,finance,hist_gradient_boosting_ar,0006.HK_1h,2026-03-19 10:30:00,61.95000076293945,61.58339254681221
stock_provided,finance,hist_gradient_boosting_ar,0006.HK_1h,2026-03-19 11:30:00,62.04999923706055,61.51584516565381
stock_provided,finance,hist_gradient_boosting_ar,0006.HK_1h,2026-03-19 12:30:00,62.400001525878906,61.539674696015815
stock_provided,finance,hist_gradient_boosting_ar,0006.HK_1h,2026-03-19 13:30:00,62.20000076293945,61.63376374769955
stock_provided,finance,hist_gradient_boosting_ar,0006.HK_1h,2026-03-19 14:30:00,62.25,61.50371298321904
stock_provided,finance,hist_gradient_boosting_ar,0006.HK_1h,2026-03-19 15:30:00,62.0,61.50256195587646
stock_provided,finance,hist_gradient_boosting_ar,0006.HK_1h,2026-03-20 09:30:00,61.900001525878906,61.640916932242156
stock_provided,finance,hist_gradient_boosting_ar,0006.HK_1h,2026-03-20 10:30:00,62.0,61.538749205559206
stock_provided,finance,hist_gradient_boosting_ar,0006.HK_1h,2026-03-20 11:30:00,62.09999847412109,61.60420705997595
stock_provided,finance,hist_gradient_boosting_ar,0006.HK_1h,2026-03-20 12:30:00,61.95000076293945,61.792809171804606
stock_provided,finance,hist_gradient_boosting_ar,0006.HK_1h,2026-03-20 13:30:00,61.900001525878906,61.73177598979794
stock_provided,finance,hist_gradient_boosting_ar,0006.HK_1h,2026-03-20 14:30:00,61.900001525878906,61.73597343344545
stock_provided,finance,hist_gradient_boosting_ar,0006.HK_1h,2026-03-20 15:30:00,61.79999923706055,61.78806545275229
stock_provided,finance,lightgbm_ar,0002.HK_1h,2026-03-12 10:30:00,72.94999694824219,73.1529942484457
stock_provided,finance,lightgbm_ar,0002.HK_1h,2026-03-12 11:30:00,72.8499984741211,73.16849463431132
stock_provided,finance,lightgbm_ar,0002.HK_1h,2026-03-12 12:30:00,73.0,73.17956246791363
stock_provided,finance,lightgbm_ar,0002.HK_1h,2026-03-12 13:30:00,73.0,73.29773715614358
stock_provided,finance,lightgbm_ar,0002.HK_1h,2026-03-12 14:30:00,73.0,73.29270719477742
stock_provided,finance,lightgbm_ar,0002.HK_1h,2026-03-12 15:30:00,73.1500015258789,73.45143512143521
stock_provided,finance,lightgbm_ar,0002.HK_1h,2026-03-13 09:30:00,73.9000015258789,73.59592650323415
stock_provided,finance,lightgbm_ar,0002.HK_1h,2026-03-13 10:30:00,73.94999694824219,73.95749255862594
stock_provided,finance,lightgbm_ar,0002.HK_1h,2026-03-13 11:30:00,74.0,74.01147218871843
stock_provided,finance,lightgbm_ar,0002.HK_1h,2026-03-13 12:30:00,73.94999694824219,74.0129797466793
stock_provided,finance,lightgbm_ar,0002.HK_1h,2026-03-13 13:30:00,73.94999694824219,74.10875661030308
stock_provided,finance,lightgbm_ar,0002.HK_1h,2026-03-13 14:30:00,73.6500015258789,74.19049516964733
stock_provided,finance,lightgbm_ar,0002.HK_1h,2026-03-13 15:30:00,73.5999984741211,74.35869421865908
stock_provided,finance,lightgbm_ar,0002.HK_1h,2026-03-16 09:30:00,73.19999694824219,74.5307261266981
stock_provided,finance,lightgbm_ar,0002.HK_1h,2026-03-16 10:30:00,73.19999694824219,74.54800310781089
stock_provided,finance,lightgbm_ar,0002.HK_1h,2026-03-16 11:30:00,73.1500015258789,74.69797431178529
stock_provided,finance,lightgbm_ar,0002.HK_1h,2026-03-16 12:30:00,72.80000305175781,74.69184025560227
stock_provided,finance,lightgbm_ar,0002.HK_1h,2026-03-16 13:30:00,73.0999984741211,74.58450362990878
stock_provided,finance,lightgbm_ar,0002.HK_1h,2026-03-16 14:30:00,73.05000305175781,74.44299678393001
stock_provided,finance,lightgbm_ar,0002.HK_1h,2026-03-16 15:30:00,73.0999984741211,74.34927436431613
stock_provided,finance,lightgbm_ar,0002.HK_1h,2026-03-17 09:30:00,73.30000305175781,74.44431483379284
stock_provided,finance,lightgbm_ar,0002.HK_1h,2026-03-17 10:30:00,73.0999984741211,74.26927013171714
stock_provided,finance,lightgbm_ar,0002.HK_1h,2026-03-17 11:30:00,73.19999694824219,74.37145801169113
stock_provided,finance,lightgbm_ar,0002.HK_1h,2026-03-17 12:30:00,73.19999694824219,74.36975836183348
stock_provided,finance,lightgbm_ar,0002.HK_1h,2026-03-17 13:30:00,73.25,74.30483284822454
stock_provided,finance,lightgbm_ar,0002.HK_1h,2026-03-17 14:30:00,73.25,74.34579287994484
stock_provided,finance,lightgbm_ar,0002.HK_1h,2026-03-17 15:30:00,73.44999694824219,74.38251391564309
stock_provided,finance,lightgbm_ar,0002.HK_1h,2026-03-18 09:30:00,73.75,74.38251391564309
stock_provided,finance,lightgbm_ar,0002.HK_1h,2026-03-18 10:30:00,73.80000305175781,74.36739330732672
stock_provided,finance,lightgbm_ar,0002.HK_1h,2026-03-18 11:30:00,73.8499984741211,74.47208953229205
stock_provided,finance,lightgbm_ar,0002.HK_1h,2026-03-18 12:30:00,74.0999984741211,74.58228660093239
stock_provided,finance,lightgbm_ar,0002.HK_1h,2026-03-18 13:30:00,74.30000305175781,74.67118202241285
stock_provided,finance,lightgbm_ar,0002.HK_1h,2026-03-18 14:30:00,74.0999984741211,74.71464667603368
stock_provided,finance,lightgbm_ar,0002.HK_1h,2026-03-18 15:30:00,74.30000305175781,74.70671357937076
stock_provided,finance,lightgbm_ar,0002.HK_1h,2026-03-19 09:30:00,73.94999694824219,74.68715680468488
stock_provided,finance,lightgbm_ar,0002.HK_1h,2026-03-19 10:30:00,73.6500015258789,74.58899831045429
stock_provided,finance,lightgbm_ar,0002.HK_1h,2026-03-19 11:30:00,73.75,74.45451385082264
stock_provided,finance,lightgbm_ar,0002.HK_1h,2026-03-19 12:30:00,73.5999984741211,74.39379895500377
stock_provided,finance,lightgbm_ar,0002.HK_1h,2026-03-19 13:30:00,73.55000305175781,74.46525348182885
stock_provided,finance,lightgbm_ar,0002.HK_1h,2026-03-19 14:30:00,73.75,74.35453466254
stock_provided,finance,lightgbm_ar,0002.HK_1h,2026-03-19 15:30:00,73.75,74.4301496287441
stock_provided,finance,lightgbm_ar,0002.HK_1h,2026-03-20 09:30:00,73.5999984741211,74.33580146757427
stock_provided,finance,lightgbm_ar,0002.HK_1h,2026-03-20 10:30:00,73.55000305175781,74.26569749861991
stock_provided,finance,lightgbm_ar,0002.HK_1h,2026-03-20 11:30:00,73.6500015258789,74.18523593038101
stock_provided,finance,lightgbm_ar,0002.HK_1h,2026-03-20 12:30:00,73.55000305175781,74.00873503659204
stock_provided,finance,lightgbm_ar,0002.HK_1h,2026-03-20 13:30:00,73.5,73.9424624690211
stock_provided,finance,lightgbm_ar,0002.HK_1h,2026-03-20 14:30:00,73.6500015258789,74.02725551450878
stock_provided,finance,lightgbm_ar,0002.HK_1h,2026-03-20 15:30:00,73.5999984741211,74.0933610568402
stock_provided,finance,lightgbm_ar,0003.HK_1h,2026-03-12 10:30:00,7.440000057220459,7.452203547489989
stock_provided,finance,lightgbm_ar,0003.HK_1h,2026-03-12 11:30:00,7.480000019073486,7.454408312727661
stock_provided,finance,lightgbm_ar,0003.HK_1h,2026-03-12 12:30:00,7.460000038146973,7.469087048521285
stock_provided,finance,lightgbm_ar,0003.HK_1h,2026-03-12 13:30:00,7.46999979019165,7.462712219986135
stock_provided,finance,lightgbm_ar,0003.HK_1h,2026-03-12 14:30:00,7.489999771118164,7.467996402324598
stock_provided,finance,lightgbm_ar,0003.HK_1h,2026-03-12 15:30:00,7.489999771118164,7.468653471585049
stock_provided,finance,lightgbm_ar,0003.HK_1h,2026-03-13 09:30:00,7.510000228881836,7.474885089092091
stock_provided,finance,lightgbm_ar,0003.HK_1h,2026-03-13 10:30:00,7.510000228881836,7.486146713422181
stock_provided,finance,lightgbm_ar,0003.HK_1h,2026-03-13 11:30:00,7.489999771118164,7.485124996954269
stock_provided,finance,lightgbm_ar,0003.HK_1h,2026-03-13 12:30:00,7.489999771118164,7.489500482714566
stock_provided,finance,lightgbm_ar,0003.HK_1h,2026-03-13 13:30:00,7.489999771118164,7.4954461773625205
stock_provided,finance,lightgbm_ar,0003.HK_1h,2026-03-13 14:30:00,7.460000038146973,7.496213208404601
stock_provided,finance,lightgbm_ar,0003.HK_1h,2026-03-13 15:30:00,7.460000038146973,7.508562068086347
stock_provided,finance,lightgbm_ar,0003.HK_1h,2026-03-16 09:30:00,7.369999885559082,7.510963073868596
stock_provided,finance,lightgbm_ar,0003.HK_1h,2026-03-16 10:30:00,7.309999942779541,7.515668765203602
stock_provided,finance,lightgbm_ar,0003.HK_1h,2026-03-16 11:30:00,7.340000152587891,7.51419207969473
stock_provided,finance,lightgbm_ar,0003.HK_1h,2026-03-16 12:30:00,7.309999942779541,7.506496708785118
stock_provided,finance,lightgbm_ar,0003.HK_1h,2026-03-16 13:30:00,7.329999923706055,7.510585630993884
stock_provided,finance,lightgbm_ar,0003.HK_1h,2026-03-16 14:30:00,7.329999923706055,7.503699537204598
stock_provided,finance,lightgbm_ar,0003.HK_1h,2026-03-16 15:30:00,7.340000152587891,7.505665244320757
stock_provided,finance,lightgbm_ar,0003.HK_1h,2026-03-17 09:30:00,7.309999942779541,7.50604590879054
stock_provided,finance,lightgbm_ar,0003.HK_1h,2026-03-17 10:30:00,7.269999980926514,7.5091928578472285
stock_provided,finance,lightgbm_ar,0003.HK_1h,2026-03-17 11:30:00,7.289999961853027,7.498284817452394
stock_provided,finance,lightgbm_ar,0003.HK_1h,2026-03-17 12:30:00,7.289999961853027,7.505879155612275
stock_provided,finance,lightgbm_ar,0003.HK_1h,2026-03-17 13:30:00,7.260000228881836,7.5132584339893285
stock_provided,finance,lightgbm_ar,0003.HK_1h,2026-03-17 14:30:00,7.269999980926514,7.498282638258496
stock_provided,finance,lightgbm_ar,0003.HK_1h,2026-03-17 15:30:00,7.260000228881836,7.49673755442706
stock_provided,finance,lightgbm_ar,0003.HK_1h,2026-03-18 09:30:00,7.25,7.496727126467948
stock_provided,finance,lightgbm_ar,0003.HK_1h,2026-03-18 10:30:00,7.239999771118164,7.481779333661514
stock_provided,finance,lightgbm_ar,0003.HK_1h,2026-03-18 11:30:00,7.239999771118164,7.473616610054943
stock_provided,finance,lightgbm_ar,0003.HK_1h,2026-03-18 12:30:00,7.269999980926514,7.464635676800109
stock_provided,finance,lightgbm_ar,0003.HK_1h,2026-03-18 13:30:00,7.289999961853027,7.468431131077001
stock_provided,finance,lightgbm_ar,0003.HK_1h,2026-03-18 14:30:00,7.300000190734863,7.481250609850242
stock_provided,finance,lightgbm_ar,0003.HK_1h,2026-03-18 15:30:00,7.289999961853027,7.4995675023374675
stock_provided,finance,lightgbm_ar,0003.HK_1h,2026-03-19 09:30:00,7.340000152587891,7.499620650497319
stock_provided,finance,lightgbm_ar,0003.HK_1h,2026-03-19 10:30:00,7.340000152587891,7.501388649067931
stock_provided,finance,lightgbm_ar,0003.HK_1h,2026-03-19 11:30:00,7.360000133514404,7.517487810160343
stock_provided,finance,lightgbm_ar,0003.HK_1h,2026-03-19 12:30:00,7.380000114440918,7.5285836737462395
stock_provided,finance,lightgbm_ar,0003.HK_1h,2026-03-19 13:30:00,7.389999866485596,7.527935379171683
stock_provided,finance,lightgbm_ar,0003.HK_1h,2026-03-19 14:30:00,7.389999866485596,7.5208402940799886
stock_provided,finance,lightgbm_ar,0003.HK_1h,2026-03-19 15:30:00,7.420000076293945,7.529157925090162
stock_provided,finance,lightgbm_ar,0003.HK_1h,2026-03-20 09:30:00,7.389999866485596,7.528227760096436
stock_provided,finance,lightgbm_ar,0003.HK_1h,2026-03-20 10:30:00,7.349999904632568,7.520410097315942
stock_provided,finance,lightgbm_ar,0003.HK_1h,2026-03-20 11:30:00,7.340000152587891,7.519161248481584
stock_provided,finance,lightgbm_ar,0003.HK_1h,2026-03-20 12:30:00,7.349999904632568,7.528144409356006
stock_provided,finance,lightgbm_ar,0003.HK_1h,2026-03-20 13:30:00,7.320000171661377,7.528984839680329
stock_provided,finance,lightgbm_ar,0003.HK_1h,2026-03-20 14:30:00,7.329999923706055,7.526388677275205
stock_provided,finance,lightgbm_ar,0003.HK_1h,2026-03-20 15:30:00,7.340000152587891,7.522307885430333
stock_provided,finance,lightgbm_ar,0006.HK_1h,2026-03-12 10:30:00,61.20000076293945,61.86874043352017
stock_provided,finance,lightgbm_ar,0006.HK_1h,2026-03-12 11:30:00,61.09999847412109,61.699181629390786
stock_provided,finance,lightgbm_ar,0006.HK_1h,2026-03-12 12:30:00,61.09999847412109,61.598883750100036
stock_provided,finance,lightgbm_ar,0006.HK_1h,2026-03-12 13:30:00,61.34999847412109,61.77912191211366
stock_provided,finance,lightgbm_ar,0006.HK_1h,2026-03-12 14:30:00,61.59999847412109,61.57275586400716
stock_provided,finance,lightgbm_ar,0006.HK_1h,2026-03-12 15:30:00,61.70000076293945,61.55314129356367
stock_provided,finance,lightgbm_ar,0006.HK_1h,2026-03-13 09:30:00,61.900001525878906,61.64838990029386
stock_provided,finance,lightgbm_ar,0006.HK_1h,2026-03-13 10:30:00,61.75,61.641294545775466
stock_provided,finance,lightgbm_ar,0006.HK_1h,2026-03-13 11:30:00,61.79999923706055,61.4978899727378
stock_provided,finance,lightgbm_ar,0006.HK_1h,2026-03-13 12:30:00,61.54999923706055,61.62844121063957
stock_provided,finance,lightgbm_ar,0006.HK_1h,2026-03-13 13:30:00,61.75,61.743140164109505
stock_provided,finance,lightgbm_ar,0006.HK_1h,2026-03-13 14:30:00,61.650001525878906,61.670690345636864
stock_provided,finance,lightgbm_ar,0006.HK_1h,2026-03-13 15:30:00,61.70000076293945,61.52712463281012
stock_provided,finance,lightgbm_ar,0006.HK_1h,2026-03-16 09:30:00,60.95000076293945,61.50820697673583
stock_provided,finance,lightgbm_ar,0006.HK_1h,2026-03-16 10:30:00,61.150001525878906,61.57348953592352
stock_provided,finance,lightgbm_ar,0006.HK_1h,2026-03-16 11:30:00,61.25,61.44238524741459
stock_provided,finance,lightgbm_ar,0006.HK_1h,2026-03-16 12:30:00,60.79999923706055,61.57607340608526
stock_provided,finance,lightgbm_ar,0006.HK_1h,2026-03-16 13:30:00,61.20000076293945,61.6415659055761
stock_provided,finance,lightgbm_ar,0006.HK_1h,2026-03-16 14:30:00,61.09999847412109,61.61467762409042
stock_provided,finance,lightgbm_ar,0006.HK_1h,2026-03-16 15:30:00,61.20000076293945,61.66679797970007
stock_provided,finance,lightgbm_ar,0006.HK_1h,2026-03-17 09:30:00,61.59999847412109,61.71508108176466
stock_provided,finance,lightgbm_ar,0006.HK_1h,2026-03-17 10:30:00,61.5,61.63519242621265
stock_provided,finance,lightgbm_ar,0006.HK_1h,2026-03-17 11:30:00,61.59999847412109,61.65710067655629
stock_provided,finance,lightgbm_ar,0006.HK_1h,2026-03-17 12:30:00,61.54999923706055,61.5370485215747
stock_provided,finance,lightgbm_ar,0006.HK_1h,2026-03-17 13:30:00,61.5,61.59479111674647
stock_provided,finance,lightgbm_ar,0006.HK_1h,2026-03-17 14:30:00,61.34999847412109,61.61672026777842
stock_provided,finance,lightgbm_ar,0006.HK_1h,2026-03-17 15:30:00,61.45000076293945,61.49855253066845
stock_provided,finance,lightgbm_ar,0006.HK_1h,2026-03-18 09:30:00,61.900001525878906,61.58456090959852
stock_provided,finance,lightgbm_ar,0006.HK_1h,2026-03-18 10:30:00,61.84999847412109,61.57499700539508
stock_provided,finance,lightgbm_ar,0006.HK_1h,2026-03-18 11:30:00,61.900001525878906,61.55764014674382
stock_provided,finance,lightgbm_ar,0006.HK_1h,2026-03-18 12:30:00,62.20000076293945,61.649358679238986
stock_provided,finance,lightgbm_ar,0006.HK_1h,2026-03-18 13:30:00,62.54999923706055,61.636916079302146
stock_provided,finance,lightgbm_ar,0006.HK_1h,2026-03-18 14:30:00,62.25,61.618342852139804
stock_provided,finance,lightgbm_ar,0006.HK_1h,2026-03-18 15:30:00,62.25,61.61211284010044
stock_provided,finance,lightgbm_ar,0006.HK_1h,2026-03-19 09:30:00,62.45000076293945,61.58028883418366
stock_provided,finance,lightgbm_ar,0006.HK_1h,2026-03-19 10:30:00,61.95000076293945,61.54073614965663
stock_provided,finance,lightgbm_ar,0006.HK_1h,2026-03-19 11:30:00,62.04999923706055,61.613247922069625
stock_provided,finance,lightgbm_ar,0006.HK_1h,2026-03-19 12:30:00,62.400001525878906,61.55612893749966
stock_provided,finance,lightgbm_ar,0006.HK_1h,2026-03-19 13:30:00,62.20000076293945,61.55143827607272
stock_provided,finance,lightgbm_ar,0006.HK_1h,2026-03-19 14:30:00,62.25,61.61924649156859
stock_provided,finance,lightgbm_ar,0006.HK_1h,2026-03-19 15:30:00,62.0,61.598226687071104
stock_provided,finance,lightgbm_ar,0006.HK_1h,2026-03-20 09:30:00,61.900001525878906,61.51868161868319
stock_provided,finance,lightgbm_ar,0006.HK_1h,2026-03-20 10:30:00,62.0,61.78207692782211
stock_provided,finance,lightgbm_ar,0006.HK_1h,2026-03-20 11:30:00,62.09999847412109,61.793778142254986
stock_provided,finance,lightgbm_ar,0006.HK_1h,2026-03-20 12:30:00,61.95000076293945,61.83766506416596
stock_provided,finance,lightgbm_ar,0006.HK_1h,2026-03-20 13:30:00,61.900001525878906,61.922739805492206
stock_provided,finance,lightgbm_ar,0006.HK_1h,2026-03-20 14:30:00,61.900001525878906,61.901449047626
stock_provided,finance,lightgbm_ar,0006.HK_1h,2026-03-20 15:30:00,61.79999923706055,61.924758833150555
stock_provided,finance,xgboost_ar,0002.HK_1h,2026-03-12 10:30:00,72.94999694824219,73.28653861425296
stock_provided,finance,xgboost_ar,0002.HK_1h,2026-03-12 11:30:00,72.8499984741211,73.24494266463695
stock_provided,finance,xgboost_ar,0002.HK_1h,2026-03-12 12:30:00,73.0,73.25339124151725
stock_provided,finance,xgboost_ar,0002.HK_1h,2026-03-12 13:30:00,73.0,73.25404751825319
stock_provided,finance,xgboost_ar,0002.HK_1h,2026-03-12 14:30:00,73.0,73.25404751825319
stock_provided,finance,xgboost_ar,0002.HK_1h,2026-03-12 15:30:00,73.1500015258789,73.27893658793535
stock_provided,finance,xgboost_ar,0002.HK_1h,2026-03-13 09:30:00,73.9000015258789,73.27559569886236
stock_provided,finance,xgboost_ar,0002.HK_1h,2026-03-13 10:30:00,73.94999694824219,73.27559569886236
stock_provided,finance,xgboost_ar,0002.HK_1h,2026-03-13 11:30:00,74.0,73.27559569886236
stock_provided,finance,xgboost_ar,0002.HK_1h,2026-03-13 12:30:00,73.94999694824219,73.26649084524612
stock_provided,finance,xgboost_ar,0002.HK_1h,2026-03-13 13:30:00,73.94999694824219,73.25796981635027
stock_provided,finance,xgboost_ar,0002.HK_1h,2026-03-13 14:30:00,73.6500015258789,73.25796981635027
stock_provided,finance,xgboost_ar,0002.HK_1h,2026-03-13 15:30:00,73.5999984741211,73.24494266463695
stock_provided,finance,xgboost_ar,0002.HK_1h,2026-03-16 09:30:00,73.19999694824219,73.24494266463695
stock_provided,finance,xgboost_ar,0002.HK_1h,2026-03-16 10:30:00,73.19999694824219,73.24428638790103
stock_provided,finance,xgboost_ar,0002.HK_1h,2026-03-16 11:30:00,73.1500015258789,73.2640664675646
stock_provided,finance,xgboost_ar,0002.HK_1h,2026-03-16 12:30:00,72.80000305175781,73.25404751825319
stock_provided,finance,xgboost_ar,0002.HK_1h,2026-03-16 13:30:00,73.0999984741211,73.25404751825319
stock_provided,finance,xgboost_ar,0002.HK_1h,2026-03-16 14:30:00,73.05000305175781,73.25404751825319
stock_provided,finance,xgboost_ar,0002.HK_1h,2026-03-16 15:30:00,73.0999984741211,73.19800751669658
stock_provided,finance,xgboost_ar,0002.HK_1h,2026-03-17 09:30:00,73.30000305175781,73.25339124151725
stock_provided,finance,xgboost_ar,0002.HK_1h,2026-03-17 10:30:00,73.0999984741211,73.27317132118084
stock_provided,finance,xgboost_ar,0002.HK_1h,2026-03-17 11:30:00,73.19999694824219,73.27155186104655
stock_provided,finance,xgboost_ar,0002.HK_1h,2026-03-17 12:30:00,73.19999694824219,73.27220813778247
stock_provided,finance,xgboost_ar,0002.HK_1h,2026-03-17 13:30:00,73.25,73.27059888773945
stock_provided,finance,xgboost_ar,0002.HK_1h,2026-03-17 14:30:00,73.25,73.27483637758229
stock_provided,finance,xgboost_ar,0002.HK_1h,2026-03-17 15:30:00,73.44999694824219,73.26716021958529
stock_provided,finance,xgboost_ar,0002.HK_1h,2026-03-18 09:30:00,73.75,73.26372457105147
stock_provided,finance,xgboost_ar,0002.HK_1h,2026-03-18 10:30:00,73.80000305175781,73.26372457105147
stock_provided,finance,xgboost_ar,0002.HK_1h,2026-03-18 11:30:00,73.8499984741211,73.25773424821838
stock_provided,finance,xgboost_ar,0002.HK_1h,2026-03-18 12:30:00,74.0999984741211,73.2594713414376
stock_provided,finance,xgboost_ar,0002.HK_1h,2026-03-18 13:30:00,74.30000305175781,73.26546166427067
stock_provided,finance,xgboost_ar,0002.HK_1h,2026-03-18 14:30:00,74.0999984741211,73.2594713414376
stock_provided,finance,xgboost_ar,0002.HK_1h,2026-03-18 15:30:00,74.30000305175781,73.24057259458851
stock_provided,finance,xgboost_ar,0002.HK_1h,2026-03-19 09:30:00,73.94999694824219,73.26216744720459
stock_provided,finance,xgboost_ar,0002.HK_1h,2026-03-19 10:30:00,73.6500015258789,73.26267234659828
stock_provided,finance,xgboost_ar,0002.HK_1h,2026-03-19 11:30:00,73.75,73.31661448579538
stock_provided,finance,xgboost_ar,0002.HK_1h,2026-03-19 12:30:00,73.5999984741211,73.40416014912601
stock_provided,finance,xgboost_ar,0002.HK_1h,2026-03-19 13:30:00,73.55000305175781,73.56310473542673
stock_provided,finance,xgboost_ar,0002.HK_1h,2026-03-19 14:30:00,73.75,73.7286432289215
stock_provided,finance,xgboost_ar,0002.HK_1h,2026-03-19 15:30:00,73.75,74.07091757206064
stock_provided,finance,xgboost_ar,0002.HK_1h,2026-03-20 09:30:00,73.5999984741211,74.2628110476775
stock_provided,finance,xgboost_ar,0002.HK_1h,2026-03-20 10:30:00,73.55000305175781,74.49315153732798
stock_provided,finance,xgboost_ar,0002.HK_1h,2026-03-20 11:30:00,73.6500015258789,74.70813688009038
stock_provided,finance,xgboost_ar,0002.HK_1h,2026-03-20 12:30:00,73.55000305175781,74.70960637832947
stock_provided,finance,xgboost_ar,0002.HK_1h,2026-03-20 13:30:00,73.5,74.70960637832947
stock_provided,finance,xgboost_ar,0002.HK_1h,2026-03-20 14:30:00,73.6500015258789,74.65829487575583
stock_provided,finance,xgboost_ar,0002.HK_1h,2026-03-20 15:30:00,73.5999984741211,74.64110734775414
stock_provided,finance,xgboost_ar,0003.HK_1h,2026-03-12 10:30:00,7.440000057220459,7.456613239636086
stock_provided,finance,xgboost_ar,0003.HK_1h,2026-03-12 11:30:00,7.480000019073486,7.462870741775992
stock_provided,finance,xgboost_ar,0003.HK_1h,2026-03-12 12:30:00,7.460000038146973,7.465813527372169
stock_provided,finance,xgboost_ar,0003.HK_1h,2026-03-12 13:30:00,7.46999979019165,7.444014151048723
stock_provided,finance,xgboost_ar,0003.HK_1h,2026-03-12 14:30:00,7.489999771118164,7.4466841271805375
stock_provided,finance,xgboost_ar,0003.HK_1h,2026-03-12 15:30:00,7.489999771118164,7.449461421260619
stock_provided,finance,xgboost_ar,0003.HK_1h,2026-03-13 09:30:00,7.510000228881836,7.452992659369591
stock_provided,finance,xgboost_ar,0003.HK_1h,2026-03-13 10:30:00,7.510000228881836,7.454507429429955
stock_provided,finance,xgboost_ar,0003.HK_1h,2026-03-13 11:30:00,7.489999771118164,7.468273994699372
stock_provided,finance,xgboost_ar,0003.HK_1h,2026-03-13 12:30:00,7.489999771118164,7.469785819262631
stock_provided,finance,xgboost_ar,0003.HK_1h,2026-03-13 13:30:00,7.489999771118164,7.47664197304316
stock_provided,finance,xgboost_ar,0003.HK_1h,2026-03-13 14:30:00,7.460000038146973,7.485284557053984
stock_provided,finance,xgboost_ar,0003.HK_1h,2026-03-13 15:30:00,7.460000038146973,7.487771093406969
stock_provided,finance,xgboost_ar,0003.HK_1h,2026-03-16 09:30:00,7.369999885559082,7.492858627579886
stock_provided,finance,xgboost_ar,0003.HK_1h,2026-03-16 10:30:00,7.309999942779541,7.495576426747644
stock_provided,finance,xgboost_ar,0003.HK_1h,2026-03-16 11:30:00,7.340000152587891,7.4949282384524345
stock_provided,finance,xgboost_ar,0003.HK_1h,2026-03-16 12:30:00,7.309999942779541,7.489389561482241
stock_provided,finance,xgboost_ar,0003.HK_1h,2026-03-16 13:30:00,7.329999923706055,7.4861543871243565
stock_provided,finance,xgboost_ar,0003.HK_1h,2026-03-16 14:30:00,7.329999923706055,7.482056801494883
stock_provided,finance,xgboost_ar,0003.HK_1h,2026-03-16 15:30:00,7.340000152587891,7.482234412217525
stock_provided,finance,xgboost_ar,0003.HK_1h,2026-03-17 09:30:00,7.309999942779541,7.483050108455586
stock_provided,finance,xgboost_ar,0003.HK_1h,2026-03-17 10:30:00,7.269999980926514,7.485459428739598
stock_provided,finance,xgboost_ar,0003.HK_1h,2026-03-17 11:30:00,7.289999961853027,7.485459428739598
stock_provided,finance,xgboost_ar,0003.HK_1h,2026-03-17 12:30:00,7.289999961853027,7.486855043807253
stock_provided,finance,xgboost_ar,0003.HK_1h,2026-03-17 13:30:00,7.260000228881836,7.489347677614526
stock_provided,finance,xgboost_ar,0003.HK_1h,2026-03-17 14:30:00,7.269999980926514,7.491794312116539
stock_provided,finance,xgboost_ar,0003.HK_1h,2026-03-17 15:30:00,7.260000228881836,7.49116118164298
stock_provided,finance,xgboost_ar,0003.HK_1h,2026-03-18 09:30:00,7.25,7.491747652139032
stock_provided,finance,xgboost_ar,0003.HK_1h,2026-03-18 10:30:00,7.239999771118164,7.483543892140861
stock_provided,finance,xgboost_ar,0003.HK_1h,2026-03-18 11:30:00,7.239999771118164,7.476969831646177
stock_provided,finance,xgboost_ar,0003.HK_1h,2026-03-18 12:30:00,7.269999980926514,7.478656968343215
stock_provided,finance,xgboost_ar,0003.HK_1h,2026-03-18 13:30:00,7.289999961853027,7.487334609275194
stock_provided,finance,xgboost_ar,0003.HK_1h,2026-03-18 14:30:00,7.300000190734863,7.489805234438208
stock_provided,finance,xgboost_ar,0003.HK_1h,2026-03-18 15:30:00,7.289999961853027,7.492959187401618
stock_provided,finance,xgboost_ar,0003.HK_1h,2026-03-19 09:30:00,7.340000152587891,7.494455967907231
stock_provided,finance,xgboost_ar,0003.HK_1h,2026-03-19 10:30:00,7.340000152587891,7.494260216225783
stock_provided,finance,xgboost_ar,0003.HK_1h,2026-03-19 11:30:00,7.360000133514404,7.501251945457182
stock_provided,finance,xgboost_ar,0003.HK_1h,2026-03-19 12:30:00,7.380000114440918,7.50724634863837
stock_provided,finance,xgboost_ar,0003.HK_1h,2026-03-19 13:30:00,7.389999866485596,7.530962954533187
stock_provided,finance,xgboost_ar,0003.HK_1h,2026-03-19 14:30:00,7.389999866485596,7.550223931732188
stock_provided,finance,xgboost_ar,0003.HK_1h,2026-03-19 15:30:00,7.420000076293945,7.551657934610247
stock_provided,finance,xgboost_ar,0003.HK_1h,2026-03-20 09:30:00,7.389999866485596,7.544518214795319
stock_provided,finance,xgboost_ar,0003.HK_1h,2026-03-20 10:30:00,7.349999904632568,7.538398999615301
stock_provided,finance,xgboost_ar,0003.HK_1h,2026-03-20 11:30:00,7.340000152587891,7.538398999615301
stock_provided,finance,xgboost_ar,0003.HK_1h,2026-03-20 12:30:00,7.349999904632568,7.53500438302159
stock_provided,finance,xgboost_ar,0003.HK_1h,2026-03-20 13:30:00,7.320000171661377,7.532986318348383
stock_provided,finance,xgboost_ar,0003.HK_1h,2026-03-20 14:30:00,7.329999923706055,7.532986318348383
stock_provided,finance,xgboost_ar,0003.HK_1h,2026-03-20 15:30:00,7.340000152587891,7.533194388814454
stock_provided,finance,xgboost_ar,0006.HK_1h,2026-03-12 10:30:00,61.20000076293945,61.860866247892844
stock_provided,finance,xgboost_ar,0006.HK_1h,2026-03-12 11:30:00,61.09999847412109,61.85890300416808
stock_provided,finance,xgboost_ar,0006.HK_1h,2026-03-12 12:30:00,61.09999847412109,61.93939289232732
stock_provided,finance,xgboost_ar,0006.HK_1h,2026-03-12 13:30:00,61.34999847412109,61.927323542043865
stock_provided,finance,xgboost_ar,0006.HK_1h,2026-03-12 14:30:00,61.59999847412109,61.93967133221119
stock_provided,finance,xgboost_ar,0006.HK_1h,2026-03-12 15:30:00,61.70000076293945,61.80117572204163
stock_provided,finance,xgboost_ar,0006.HK_1h,2026-03-13 09:30:00,61.900001525878906,61.73009904230496
stock_provided,finance,xgboost_ar,0006.HK_1h,2026-03-13 10:30:00,61.75,61.71873423224336
stock_provided,finance,xgboost_ar,0006.HK_1h,2026-03-13 11:30:00,61.79999923706055,61.508615734481296
stock_provided,finance,xgboost_ar,0006.HK_1h,2026-03-13 12:30:00,61.54999923706055,61.462894547305794
stock_provided,finance,xgboost_ar,0006.HK_1h,2026-03-13 13:30:00,61.75,61.42391762039769
stock_provided,finance,xgboost_ar,0006.HK_1h,2026-03-13 14:30:00,61.650001525878906,61.423471340444436
stock_provided,finance,xgboost_ar,0006.HK_1h,2026-03-13 15:30:00,61.70000076293945,61.44049944311276
stock_provided,finance,xgboost_ar,0006.HK_1h,2026-03-16 09:30:00,60.95000076293945,61.45343690492266
stock_provided,finance,xgboost_ar,0006.HK_1h,2026-03-16 10:30:00,61.150001525878906,61.51685910732208
stock_provided,finance,xgboost_ar,0006.HK_1h,2026-03-16 11:30:00,61.25,61.545511056459645
stock_provided,finance,xgboost_ar,0006.HK_1h,2026-03-16 12:30:00,60.79999923706055,61.549970751435936
stock_provided,finance,xgboost_ar,0006.HK_1h,2026-03-16 13:30:00,61.20000076293945,61.53516725731717
stock_provided,finance,xgboost_ar,0006.HK_1h,2026-03-16 14:30:00,61.09999847412109,61.547515047484495
stock_provided,finance,xgboost_ar,0006.HK_1h,2026-03-16 15:30:00,61.20000076293945,61.54442776038183
stock_provided,finance,xgboost_ar,0006.HK_1h,2026-03-17 09:30:00,61.59999847412109,61.54442776038183
stock_provided,finance,xgboost_ar,0006.HK_1h,2026-03-17 10:30:00,61.5,61.540145607213034
stock_provided,finance,xgboost_ar,0006.HK_1h,2026-03-17 11:30:00,61.59999847412109,61.5222800505107
stock_provided,finance,xgboost_ar,0006.HK_1h,2026-03-17 12:30:00,61.54999923706055,61.50680616628826
stock_provided,finance,xgboost_ar,0006.HK_1h,2026-03-17 13:30:00,61.5,61.52542690628539
stock_provided,finance,xgboost_ar,0006.HK_1h,2026-03-17 14:30:00,61.34999847412109,61.50680616628826
stock_provided,finance,xgboost_ar,0006.HK_1h,2026-03-17 15:30:00,61.45000076293945,61.51741947971554
stock_provided,finance,xgboost_ar,0006.HK_1h,2026-03-18 09:30:00,61.900001525878906,61.51741947971554
stock_provided,finance,xgboost_ar,0006.HK_1h,2026-03-18 10:30:00,61.84999847412109,61.51741947971554
stock_provided,finance,xgboost_ar,0006.HK_1h,2026-03-18 11:30:00,61.900001525878906,61.51267882240348
stock_provided,finance,xgboost_ar,0006.HK_1h,2026-03-18 12:30:00,62.20000076293945,61.51267882240348
stock_provided,finance,xgboost_ar,0006.HK_1h,2026-03-18 13:30:00,62.54999923706055,61.51741947971554
stock_provided,finance,xgboost_ar,0006.HK_1h,2026-03-18 14:30:00,62.25,61.55997634798776
stock_provided,finance,xgboost_ar,0006.HK_1h,2026-03-18 15:30:00,62.25,61.55931274910075
stock_provided,finance,xgboost_ar,0006.HK_1h,2026-03-19 09:30:00,62.45000076293945,61.55303572454093
stock_provided,finance,xgboost_ar,0006.HK_1h,2026-03-19 10:30:00,61.95000076293945,61.56110213767851
stock_provided,finance,xgboost_ar,0006.HK_1h,2026-03-19 11:30:00,62.04999923706055,61.54676355085018
stock_provided,finance,xgboost_ar,0006.HK_1h,2026-03-19 12:30:00,62.400001525878906,61.54268649242511
stock_provided,finance,xgboost_ar,0006.HK_1h,2026-03-19 13:30:00,62.20000076293945,61.54268649242511
stock_provided,finance,xgboost_ar,0006.HK_1h,2026-03-19 14:30:00,62.25,61.534620079287535
stock_provided,finance,xgboost_ar,0006.HK_1h,2026-03-19 15:30:00,62.0,61.534620079287535
stock_provided,finance,xgboost_ar,0006.HK_1h,2026-03-20 09:30:00,61.900001525878906,61.534620079287535
stock_provided,finance,xgboost_ar,0006.HK_1h,2026-03-20 10:30:00,62.0,61.534620079287535
stock_provided,finance,xgboost_ar,0006.HK_1h,2026-03-20 11:30:00,62.09999847412109,61.545954425891466
stock_provided,finance,xgboost_ar,0006.HK_1h,2026-03-20 12:30:00,61.95000076293945,61.56448513375889
stock_provided,finance,xgboost_ar,0006.HK_1h,2026-03-20 13:30:00,61.900001525878906,61.56099425435068
stock_provided,finance,xgboost_ar,0006.HK_1h,2026-03-20 14:30:00,61.900001525878906,61.53968729710452
stock_provided,finance,xgboost_ar,0006.HK_1h,2026-03-20 15:30:00,61.79999923706055,61.57805398468526
stock_provided,finance,tabpfn_ts,0002.HK_1h,2026-03-12 10:30:00,72.94999694824219,73.20036315917969
stock_provided,finance,tabpfn_ts,0002.HK_1h,2026-03-12 11:30:00,72.8499984741211,73.20032501220703
stock_provided,finance,tabpfn_ts,0002.HK_1h,2026-03-12 12:30:00,73.0,73.19664001464844
stock_provided,finance,tabpfn_ts,0002.HK_1h,2026-03-12 13:30:00,73.0,73.19306182861328
stock_provided,finance,tabpfn_ts,0002.HK_1h,2026-03-12 14:30:00,73.0,73.1892318725586
stock_provided,finance,tabpfn_ts,0002.HK_1h,2026-03-12 15:30:00,73.1500015258789,73.18824768066406
stock_provided,finance,tabpfn_ts,0002.HK_1h,2026-03-13 09:30:00,73.9000015258789,73.16856384277344
stock_provided,finance,tabpfn_ts,0002.HK_1h,2026-03-13 10:30:00,73.94999694824219,73.16607666015625
stock_provided,finance,tabpfn_ts,0002.HK_1h,2026-03-13 11:30:00,74.0,73.16553497314453
stock_provided,finance,tabpfn_ts,0002.HK_1h,2026-03-13 12:30:00,73.94999694824219,73.17012786865234
stock_provided,finance,tabpfn_ts,0002.HK_1h,2026-03-13 13:30:00,73.94999694824219,73.17913818359375
stock_provided,finance,tabpfn_ts,0002.HK_1h,2026-03-13 14:30:00,73.6500015258789,73.19319915771484
stock_provided,finance,tabpfn_ts,0002.HK_1h,2026-03-13 15:30:00,73.5999984741211,73.20634460449219
stock_provided,finance,tabpfn_ts,0002.HK_1h,2026-03-16 09:30:00,73.19999694824219,73.23542785644531
stock_provided,finance,tabpfn_ts,0002.HK_1h,2026-03-16 10:30:00,73.19999694824219,73.24352264404297
stock_provided,finance,tabpfn_ts,0002.HK_1h,2026-03-16 11:30:00,73.1500015258789,73.26155090332031
stock_provided,finance,tabpfn_ts,0002.HK_1h,2026-03-16 12:30:00,72.80000305175781,73.2767105102539
stock_provided,finance,tabpfn_ts,0002.HK_1h,2026-03-16 13:30:00,73.0999984741211,73.2933578491211
stock_provided,finance,tabpfn_ts,0002.HK_1h,2026-03-16 14:30:00,73.05000305175781,73.3012466430664
stock_provided,finance,tabpfn_ts,0002.HK_1h,2026-03-16 15:30:00,73.0999984741211,73.32502746582031
stock_provided,finance,tabpfn_ts,0002.HK_1h,2026-03-17 09:30:00,73.30000305175781,73.3349609375
stock_provided,finance,tabpfn_ts,0002.HK_1h,2026-03-17 10:30:00,73.0999984741211,73.35317993164062
stock_provided,finance,tabpfn_ts,0002.HK_1h,2026-03-17 11:30:00,73.19999694824219,73.36941528320312
stock_provided,finance,tabpfn_ts,0002.HK_1h,2026-03-17 12:30:00,73.19999694824219,73.38337707519531
stock_provided,finance,tabpfn_ts,0002.HK_1h,2026-03-17 13:30:00,73.25,73.39055633544922
stock_provided,finance,tabpfn_ts,0002.HK_1h,2026-03-17 14:30:00,73.25,73.40156555175781
stock_provided,finance,tabpfn_ts,0002.HK_1h,2026-03-17 15:30:00,73.44999694824219,73.41864013671875
stock_provided,finance,tabpfn_ts,0002.HK_1h,2026-03-18 09:30:00,73.75,73.41524505615234
stock_provided,finance,tabpfn_ts,0002.HK_1h,2026-03-18 10:30:00,73.80000305175781,73.4178695678711
stock_provided,finance,tabpfn_ts,0002.HK_1h,2026-03-18 11:30:00,73.8499984741211,73.43257141113281
stock_provided,finance,tabpfn_ts,0002.HK_1h,2026-03-18 12:30:00,74.0999984741211,73.45122528076172
stock_provided,finance,tabpfn_ts,0002.HK_1h,2026-03-18 13:30:00,74.30000305175781,73.46199035644531
stock_provided,finance,tabpfn_ts,0002.HK_1h,2026-03-18 14:30:00,74.0999984741211,73.4770278930664
stock_provided,finance,tabpfn_ts,0002.HK_1h,2026-03-18 15:30:00,74.30000305175781,73.48445129394531
stock_provided,finance,tabpfn_ts,0002.HK_1h,2026-03-19 09:30:00,73.94999694824219,73.49128723144531
stock_provided,finance,tabpfn_ts,0002.HK_1h,2026-03-19 10:30:00,73.6500015258789,73.49994659423828
stock_provided,finance,tabpfn_ts,0002.HK_1h,2026-03-19 11:30:00,73.75,73.5030517578125
stock_provided,finance,tabpfn_ts,0002.HK_1h,2026-03-19 12:30:00,73.5999984741211,73.50399780273438
stock_provided,finance,tabpfn_ts,0002.HK_1h,2026-03-19 13:30:00,73.55000305175781,73.51475524902344
stock_provided,finance,tabpfn_ts,0002.HK_1h,2026-03-19 14:30:00,73.75,73.51376342773438
stock_provided,finance,tabpfn_ts,0002.HK_1h,2026-03-19 15:30:00,73.75,73.5138931274414
stock_provided,finance,tabpfn_ts,0002.HK_1h,2026-03-20 09:30:00,73.5999984741211,73.51566314697266
stock_provided,finance,tabpfn_ts,0002.HK_1h,2026-03-20 10:30:00,73.55000305175781,73.5141830444336
stock_provided,finance,tabpfn_ts,0002.HK_1h,2026-03-20 11:30:00,73.6500015258789,73.51749420166016
stock_provided,finance,tabpfn_ts,0002.HK_1h,2026-03-20 12:30:00,73.55000305175781,73.51724243164062
stock_provided,finance,tabpfn_ts,0002.HK_1h,2026-03-20 13:30:00,73.5,73.51795959472656
stock_provided,finance,tabpfn_ts,0002.HK_1h,2026-03-20 14:30:00,73.6500015258789,73.52384185791016
stock_provided,finance,tabpfn_ts,0002.HK_1h,2026-03-20 15:30:00,73.5999984741211,73.52391052246094
stock_provided,finance,tabpfn_ts,0003.HK_1h,2026-03-12 10:30:00,7.440000057220459,7.49383544921875
stock_provided,finance,tabpfn_ts,0003.HK_1h,2026-03-12 11:30:00,7.480000019073486,7.490038871765137
stock_provided,finance,tabpfn_ts,0003.HK_1h,2026-03-12 12:30:00,7.460000038146973,7.487945556640625
stock_provided,finance,tabpfn_ts,0003.HK_1h,2026-03-12 13:30:00,7.46999979019165,7.4848952293396
stock_provided,finance,tabpfn_ts,0003.HK_1h,2026-03-12 14:30:00,7.489999771118164,7.48275089263916
stock_provided,finance,tabpfn_ts,0003.HK_1h,2026-03-12 15:30:00,7.489999771118164,7.4822540283203125
stock_provided,finance,tabpfn_ts,0003.HK_1h,2026-03-13 09:30:00,7.510000228881836,7.467294216156006
stock_provided,finance,tabpfn_ts,0003.HK_1h,2026-03-13 10:30:00,7.510000228881836,7.464552402496338
stock_provided,finance,tabpfn_ts,0003.HK_1h,2026-03-13 11:30:00,7.489999771118164,7.462912559509277
stock_provided,finance,tabpfn_ts,0003.HK_1h,2026-03-13 12:30:00,7.489999771118164,7.460747718811035
stock_provided,finance,tabpfn_ts,0003.HK_1h,2026-03-13 13:30:00,7.489999771118164,7.460397243499756
stock_provided,finance,tabpfn_ts,0003.HK_1h,2026-03-13 14:30:00,7.460000038146973,7.460421562194824
stock_provided,finance,tabpfn_ts,0003.HK_1h,2026-03-13 15:30:00,7.460000038146973,7.4567060470581055
stock_provided,finance,tabpfn_ts,0003.HK_1h,2026-03-16 09:30:00,7.369999885559082,7.44615364074707
stock_provided,finance,tabpfn_ts,0003.HK_1h,2026-03-16 10:30:00,7.309999942779541,7.443852424621582
stock_provided,finance,tabpfn_ts,0003.HK_1h,2026-03-16 11:30:00,7.340000152587891,7.441882133483887
stock_provided,finance,tabpfn_ts,0003.HK_1h,2026-03-16 12:30:00,7.309999942779541,7.439897060394287
stock_provided,finance,tabpfn_ts,0003.HK_1h,2026-03-16 13:30:00,7.329999923706055,7.4383015632629395
stock_provided,finance,tabpfn_ts,0003.HK_1h,2026-03-16 14:30:00,7.329999923706055,7.43737268447876
stock_provided,finance,tabpfn_ts,0003.HK_1h,2026-03-16 15:30:00,7.340000152587891,7.435455799102783
stock_provided,finance,tabpfn_ts,0003.HK_1h,2026-03-17 09:30:00,7.309999942779541,7.431337356567383
stock_provided,finance,tabpfn_ts,0003.HK_1h,2026-03-17 10:30:00,7.269999980926514,7.429913520812988
stock_provided,finance,tabpfn_ts,0003.HK_1h,2026-03-17 11:30:00,7.289999961853027,7.428436279296875
stock_provided,finance,tabpfn_ts,0003.HK_1h,2026-03-17 12:30:00,7.289999961853027,7.426732540130615
stock_provided,finance,tabpfn_ts,0003.HK_1h,2026-03-17 13:30:00,7.260000228881836,7.425832748413086
stock_provided,finance,tabpfn_ts,0003.HK_1h,2026-03-17 14:30:00,7.269999980926514,7.424280166625977
stock_provided,finance,tabpfn_ts,0003.HK_1h,2026-03-17 15:30:00,7.260000228881836,7.422818183898926
stock_provided,finance,tabpfn_ts,0003.HK_1h,2026-03-18 09:30:00,7.25,7.4219746589660645
stock_provided,finance,tabpfn_ts,0003.HK_1h,2026-03-18 10:30:00,7.239999771118164,7.420072555541992
stock_provided,finance,tabpfn_ts,0003.HK_1h,2026-03-18 11:30:00,7.239999771118164,7.41879415512085
stock_provided,finance,tabpfn_ts,0003.HK_1h,2026-03-18 12:30:00,7.269999980926514,7.417160511016846
stock_provided,finance,tabpfn_ts,0003.HK_1h,2026-03-18 13:30:00,7.289999961853027,7.415803909301758
stock_provided,finance,tabpfn_ts,0003.HK_1h,2026-03-18 14:30:00,7.300000190734863,7.413990020751953
stock_provided,finance,tabpfn_ts,0003.HK_1h,2026-03-18 15:30:00,7.289999961853027,7.41322135925293
stock_provided,finance,tabpfn_ts,0003.HK_1h,2026-03-19 09:30:00,7.340000152587891,7.413071632385254
stock_provided,finance,tabpfn_ts,0003.HK_1h,2026-03-19 10:30:00,7.340000152587891,7.411489963531494
stock_provided,finance,tabpfn_ts,0003.HK_1h,2026-03-19 11:30:00,7.360000133514404,7.409136772155762
stock_provided,finance,tabpfn_ts,0003.HK_1h,2026-03-19 12:30:00,7.380000114440918,7.408054351806641
stock_provided,finance,tabpfn_ts,0003.HK_1h,2026-03-19 13:30:00,7.389999866485596,7.409868240356445
stock_provided,finance,tabpfn_ts,0003.HK_1h,2026-03-19 14:30:00,7.389999866485596,7.410647869110107
stock_provided,finance,tabpfn_ts,0003.HK_1h,2026-03-19 15:30:00,7.420000076293945,7.411667823791504
stock_provided,finance,tabpfn_ts,0003.HK_1h,2026-03-20 09:30:00,7.389999866485596,7.413578510284424
stock_provided,finance,tabpfn_ts,0003.HK_1h,2026-03-20 10:30:00,7.349999904632568,7.414076805114746
stock_provided,finance,tabpfn_ts,0003.HK_1h,2026-03-20 11:30:00,7.340000152587891,7.415154933929443
stock_provided,finance,tabpfn_ts,0003.HK_1h,2026-03-20 12:30:00,7.349999904632568,7.415801048278809
stock_provided,finance,tabpfn_ts,0003.HK_1h,2026-03-20 13:30:00,7.320000171661377,7.417024612426758
stock_provided,finance,tabpfn_ts,0003.HK_1h,2026-03-20 14:30:00,7.329999923706055,7.418188571929932
stock_provided,finance,tabpfn_ts,0003.HK_1h,2026-03-20 15:30:00,7.340000152587891,7.4192376136779785
stock_provided,finance,tabpfn_ts,0006.HK_1h,2026-03-12 10:30:00,61.20000076293945,62.63645553588867
stock_provided,finance,tabpfn_ts,0006.HK_1h,2026-03-12 11:30:00,61.09999847412109,62.5996208190918
stock_provided,finance,tabpfn_ts,0006.HK_1h,2026-03-12 12:30:00,61.09999847412109,62.55244064331055
stock_provided,finance,tabpfn_ts,0006.HK_1h,2026-03-12 13:30:00,61.34999847412109,62.531494140625
stock_provided,finance,tabpfn_ts,0006.HK_1h,2026-03-12 14:30:00,61.59999847412109,62.49333953857422
stock_provided,finance,tabpfn_ts,0006.HK_1h,2026-03-12 15:30:00,61.70000076293945,62.4404182434082
stock_provided,finance,tabpfn_ts,0006.HK_1h,2026-03-13 09:30:00,61.900001525878906,62.094398498535156
stock_provided,finance,tabpfn_ts,0006.HK_1h,2026-03-13 10:30:00,61.75,62.072532653808594
stock_provided,finance,tabpfn_ts,0006.HK_1h,2026-03-13 11:30:00,61.79999923706055,62.05524826049805
stock_provided,finance,tabpfn_ts,0006.HK_1h,2026-03-13 12:30:00,61.54999923706055,62.03968811035156
stock_provided,finance,tabpfn_ts,0006.HK_1h,2026-03-13 13:30:00,61.75,62.02751159667969
stock_provided,finance,tabpfn_ts,0006.HK_1h,2026-03-13 14:30:00,61.650001525878906,62.011043548583984
stock_provided,finance,tabpfn_ts,0006.HK_1h,2026-03-13 15:30:00,61.70000076293945,61.98702621459961
stock_provided,finance,tabpfn_ts,0006.HK_1h,2026-03-16 09:30:00,60.95000076293945,61.90216827392578
stock_provided,finance,tabpfn_ts,0006.HK_1h,2026-03-16 10:30:00,61.150001525878906,61.90219497680664
stock_provided,finance,tabpfn_ts,0006.HK_1h,2026-03-16 11:30:00,61.25,61.8956298828125
stock_provided,finance,tabpfn_ts,0006.HK_1h,2026-03-16 12:30:00,60.79999923706055,61.89228820800781
stock_provided,finance,tabpfn_ts,0006.HK_1h,2026-03-16 13:30:00,61.20000076293945,61.8963737487793
stock_provided,finance,tabpfn_ts,0006.HK_1h,2026-03-16 14:30:00,61.09999847412109,61.88773727416992
stock_provided,finance,tabpfn_ts,0006.HK_1h,2026-03-16 15:30:00,61.20000076293945,61.88155746459961
stock_provided,finance,tabpfn_ts,0006.HK_1h,2026-03-17 09:30:00,61.59999847412109,61.858970642089844
stock_provided,finance,tabpfn_ts,0006.HK_1h,2026-03-17 10:30:00,61.5,61.86804962158203
stock_provided,finance,tabpfn_ts,0006.HK_1h,2026-03-17 11:30:00,61.59999847412109,61.88191604614258
stock_provided,finance,tabpfn_ts,0006.HK_1h,2026-03-17 12:30:00,61.54999923706055,61.891109466552734
stock_provided,finance,tabpfn_ts,0006.HK_1h,2026-03-17 13:30:00,61.5,61.89585494995117
stock_provided,finance,tabpfn_ts,0006.HK_1h,2026-03-17 14:30:00,61.34999847412109,61.88991165161133
stock_provided,finance,tabpfn_ts,0006.HK_1h,2026-03-17 15:30:00,61.45000076293945,61.87000274658203
stock_provided,finance,tabpfn_ts,0006.HK_1h,2026-03-18 09:30:00,61.900001525878906,61.92280197143555
stock_provided,finance,tabpfn_ts,0006.HK_1h,2026-03-18 10:30:00,61.84999847412109,61.91876220703125
stock_provided,finance,tabpfn_ts,0006.HK_1h,2026-03-18 11:30:00,61.900001525878906,61.914955139160156
stock_provided,finance,tabpfn_ts,0006.HK_1h,2026-03-18 12:30:00,62.20000076293945,61.91701126098633
stock_provided,finance,tabpfn_ts,0006.HK_1h,2026-03-18 13:30:00,62.54999923706055,61.91275405883789
stock_provided,finance,tabpfn_ts,0006.HK_1h,2026-03-18 14:30:00,62.25,61.89494705200195
stock_provided,finance,tabpfn_ts,0006.HK_1h,2026-03-18 15:30:00,62.25,61.88251876831055
stock_provided,finance,tabpfn_ts,0006.HK_1h,2026-03-19 09:30:00,62.45000076293945,62.008338928222656
stock_provided,finance,tabpfn_ts,0006.HK_1h,2026-03-19 10:30:00,61.95000076293945,62.00869369506836
stock_provided,finance,tabpfn_ts,0006.HK_1h,2026-03-19 11:30:00,62.04999923706055,62.009429931640625
stock_provided,finance,tabpfn_ts,0006.HK_1h,2026-03-19 12:30:00,62.400001525878906,62.0113410949707
stock_provided,finance,tabpfn_ts,0006.HK_1h,2026-03-19 13:30:00,62.20000076293945,62.01018142700195
stock_provided,finance,tabpfn_ts,0006.HK_1h,2026-03-19 14:30:00,62.25,61.98677444458008
stock_provided,finance,tabpfn_ts,0006.HK_1h,2026-03-19 15:30:00,62.0,61.975502014160156
stock_provided,finance,tabpfn_ts,0006.HK_1h,2026-03-20 09:30:00,61.900001525878906,62.023277282714844
stock_provided,finance,tabpfn_ts,0006.HK_1h,2026-03-20 10:30:00,62.0,62.024139404296875
stock_provided,finance,tabpfn_ts,0006.HK_1h,2026-03-20 11:30:00,62.09999847412109,62.02974319458008
stock_provided,finance,tabpfn_ts,0006.HK_1h,2026-03-20 12:30:00,61.95000076293945,62.03627395629883
stock_provided,finance,tabpfn_ts,0006.HK_1h,2026-03-20 13:30:00,61.900001525878906,62.03322219848633
stock_provided,finance,tabpfn_ts,0006.HK_1h,2026-03-20 14:30:00,61.900001525878906,62.022212982177734
stock_provided,finance,tabpfn_ts,0006.HK_1h,2026-03-20 15:30:00,61.79999923706055,62.02326965332031
