dataset,domain,model,unique_id,ds,y,y_hat
synthetic_energy,energy,dummy_mean,energy_0,2024-01-09 00:00:00,13.839999999999995,11.910000000000002
synthetic_energy,energy,dummy_mean,energy_0,2024-01-09 01:00:00,14.5070476127563,11.910000000000002
synthetic_energy,energy,dummy_mean,energy_0,2024-01-09 02:00:00,15.129999999999985,11.910000000000002
synthetic_energy,energy,dummy_mean,energy_0,2024-01-09 03:00:00,15.66776695296636,11.910000000000002
synthetic_energy,energy,dummy_mean,energy_0,2024-01-09 04:00:00,16.085063509461094,11.910000000000002
synthetic_energy,energy,dummy_mean,energy_0,2024-01-09 05:00:00,16.354814565722666,11.910000000000002
synthetic_energy,energy,dummy_mean,energy_0,2024-01-09 06:00:00,16.46,11.910000000000002
synthetic_energy,energy,dummy_mean,energy_0,2024-01-09 07:00:00,16.39481456572267,11.910000000000002
synthetic_energy,energy,dummy_mean,energy_0,2024-01-09 08:00:00,16.165063509461092,11.910000000000002
synthetic_energy,energy,dummy_mean,energy_0,2024-01-09 09:00:00,15.787766952966376,11.910000000000002
synthetic_energy,energy,dummy_mean,energy_0,2024-01-09 10:00:00,15.290000000000003,11.910000000000002
synthetic_energy,energy,dummy_mean,energy_0,2024-01-09 11:00:00,14.707047612756302,11.910000000000002
synthetic_energy,energy,dummy_mean,energy_0,2024-01-09 12:00:00,14.080000000000014,11.910000000000002
synthetic_energy,energy,dummy_mean,energy_0,2024-01-09 13:00:00,13.452952387243707,11.910000000000002
synthetic_energy,energy,dummy_mean,energy_0,2024-01-09 14:00:00,12.870000000000005,11.910000000000002
synthetic_energy,energy,dummy_mean,energy_0,2024-01-09 15:00:00,12.372233047033646,11.910000000000002
synthetic_energy,energy,dummy_mean,energy_0,2024-01-09 16:00:00,11.994936490538903,11.910000000000002
synthetic_energy,energy,dummy_mean,energy_0,2024-01-09 17:00:00,11.765185434277328,11.910000000000002
synthetic_energy,energy,dummy_mean,energy_0,2024-01-09 18:00:00,11.7,11.910000000000002
synthetic_energy,energy,dummy_mean,energy_0,2024-01-09 19:00:00,11.805185434277327,11.910000000000002
synthetic_energy,energy,dummy_mean,energy_0,2024-01-09 20:00:00,12.074936490538903,11.910000000000002
synthetic_energy,energy,dummy_mean,energy_0,2024-01-09 21:00:00,12.492233047033633,11.910000000000002
synthetic_energy,energy,dummy_mean,energy_0,2024-01-09 22:00:00,13.02999999999999,11.910000000000002
synthetic_energy,energy,dummy_mean,energy_0,2024-01-09 23:00:00,13.65295238724369,11.910000000000002
synthetic_energy,energy,dummy_mean,energy_0,2024-01-10 00:00:00,14.319999999999995,11.910000000000002
synthetic_energy,energy,dummy_mean,energy_0,2024-01-10 01:00:00,14.987047612756283,11.910000000000002
synthetic_energy,energy,dummy_mean,energy_0,2024-01-10 02:00:00,15.609999999999985,11.910000000000002
synthetic_energy,energy,dummy_mean,energy_0,2024-01-10 03:00:00,16.14776695296637,11.910000000000002
synthetic_energy,energy,dummy_mean,energy_0,2024-01-10 04:00:00,16.5650635094611,11.910000000000002
synthetic_energy,energy,dummy_mean,energy_0,2024-01-10 05:00:00,16.834814565722667,11.910000000000002
synthetic_energy,energy,dummy_mean,energy_0,2024-01-10 06:00:00,16.94,11.910000000000002
synthetic_energy,energy,dummy_mean,energy_0,2024-01-10 07:00:00,16.87481456572267,11.910000000000002
synthetic_energy,energy,dummy_mean,energy_0,2024-01-10 08:00:00,16.645063509461103,11.910000000000002
synthetic_energy,energy,dummy_mean,energy_0,2024-01-10 09:00:00,16.267766952966376,11.910000000000002
synthetic_energy,energy,dummy_mean,energy_0,2024-01-10 10:00:00,15.770000000000003,11.910000000000002
synthetic_energy,energy,dummy_mean,energy_0,2024-01-10 11:00:00,15.18704761275632,11.910000000000002
synthetic_energy,energy,dummy_mean,energy_0,2024-01-10 12:00:00,14.560000000000015,11.910000000000002
synthetic_energy,energy,dummy_mean,energy_0,2024-01-10 13:00:00,13.93295238724371,11.910000000000002
synthetic_energy,energy,dummy_mean,energy_0,2024-01-10 14:00:00,13.34999999999999,11.910000000000002
synthetic_energy,energy,dummy_mean,energy_0,2024-01-10 15:00:00,12.852233047033636,11.910000000000002
synthetic_energy,energy,dummy_mean,energy_0,2024-01-10 16:00:00,12.474936490538903,11.910000000000002
synthetic_energy,energy,dummy_mean,energy_0,2024-01-10 17:00:00,12.245185434277328,11.910000000000002
synthetic_energy,energy,dummy_mean,energy_0,2024-01-10 18:00:00,12.18,11.910000000000002
synthetic_energy,energy,dummy_mean,energy_0,2024-01-10 19:00:00,12.285185434277327,11.910000000000002
synthetic_energy,energy,dummy_mean,energy_0,2024-01-10 20:00:00,12.554936490538902,11.910000000000002
synthetic_energy,energy,dummy_mean,energy_0,2024-01-10 21:00:00,12.972233047033619,11.910000000000002
synthetic_energy,energy,dummy_mean,energy_0,2024-01-10 22:00:00,13.50999999999999,11.910000000000002
synthetic_energy,energy,dummy_mean,energy_0,2024-01-10 23:00:00,14.132952387243687,11.910000000000002
synthetic_energy,energy,dummy_mean,energy_1,2024-01-09 00:00:00,14.839999999999995,12.910000000000002
synthetic_energy,energy,dummy_mean,energy_1,2024-01-09 01:00:00,15.5070476127563,12.910000000000002
synthetic_energy,energy,dummy_mean,energy_1,2024-01-09 02:00:00,16.129999999999985,12.910000000000002
synthetic_energy,energy,dummy_mean,energy_1,2024-01-09 03:00:00,16.66776695296636,12.910000000000002
synthetic_energy,energy,dummy_mean,energy_1,2024-01-09 04:00:00,17.085063509461094,12.910000000000002
synthetic_energy,energy,dummy_mean,energy_1,2024-01-09 05:00:00,17.354814565722666,12.910000000000002
synthetic_energy,energy,dummy_mean,energy_1,2024-01-09 06:00:00,17.46,12.910000000000002
synthetic_energy,energy,dummy_mean,energy_1,2024-01-09 07:00:00,17.39481456572267,12.910000000000002
synthetic_energy,energy,dummy_mean,energy_1,2024-01-09 08:00:00,17.165063509461092,12.910000000000002
synthetic_energy,energy,dummy_mean,energy_1,2024-01-09 09:00:00,16.787766952966376,12.910000000000002
synthetic_energy,energy,dummy_mean,energy_1,2024-01-09 10:00:00,16.290000000000003,12.910000000000002
synthetic_energy,energy,dummy_mean,energy_1,2024-01-09 11:00:00,15.707047612756302,12.910000000000002
synthetic_energy,energy,dummy_mean,energy_1,2024-01-09 12:00:00,15.080000000000014,12.910000000000002
synthetic_energy,energy,dummy_mean,energy_1,2024-01-09 13:00:00,14.452952387243707,12.910000000000002
synthetic_energy,energy,dummy_mean,energy_1,2024-01-09 14:00:00,13.870000000000005,12.910000000000002
synthetic_energy,energy,dummy_mean,energy_1,2024-01-09 15:00:00,13.372233047033646,12.910000000000002
synthetic_energy,energy,dummy_mean,energy_1,2024-01-09 16:00:00,12.994936490538903,12.910000000000002
synthetic_energy,energy,dummy_mean,energy_1,2024-01-09 17:00:00,12.765185434277328,12.910000000000002
synthetic_energy,energy,dummy_mean,energy_1,2024-01-09 18:00:00,12.7,12.910000000000002
synthetic_energy,energy,dummy_mean,energy_1,2024-01-09 19:00:00,12.805185434277327,12.910000000000002
synthetic_energy,energy,dummy_mean,energy_1,2024-01-09 20:00:00,13.074936490538903,12.910000000000002
synthetic_energy,energy,dummy_mean,energy_1,2024-01-09 21:00:00,13.492233047033633,12.910000000000002
synthetic_energy,energy,dummy_mean,energy_1,2024-01-09 22:00:00,14.02999999999999,12.910000000000002
synthetic_energy,energy,dummy_mean,energy_1,2024-01-09 23:00:00,14.65295238724369,12.910000000000002
synthetic_energy,energy,dummy_mean,energy_1,2024-01-10 00:00:00,15.319999999999995,12.910000000000002
synthetic_energy,energy,dummy_mean,energy_1,2024-01-10 01:00:00,15.987047612756283,12.910000000000002
synthetic_energy,energy,dummy_mean,energy_1,2024-01-10 02:00:00,16.609999999999985,12.910000000000002
synthetic_energy,energy,dummy_mean,energy_1,2024-01-10 03:00:00,17.14776695296637,12.910000000000002
synthetic_energy,energy,dummy_mean,energy_1,2024-01-10 04:00:00,17.5650635094611,12.910000000000002
synthetic_energy,energy,dummy_mean,energy_1,2024-01-10 05:00:00,17.834814565722667,12.910000000000002
synthetic_energy,energy,dummy_mean,energy_1,2024-01-10 06:00:00,17.94,12.910000000000002
synthetic_energy,energy,dummy_mean,energy_1,2024-01-10 07:00:00,17.87481456572267,12.910000000000002
synthetic_energy,energy,dummy_mean,energy_1,2024-01-10 08:00:00,17.645063509461103,12.910000000000002
synthetic_energy,energy,dummy_mean,energy_1,2024-01-10 09:00:00,17.267766952966376,12.910000000000002
synthetic_energy,energy,dummy_mean,energy_1,2024-01-10 10:00:00,16.770000000000003,12.910000000000002
synthetic_energy,energy,dummy_mean,energy_1,2024-01-10 11:00:00,16.18704761275632,12.910000000000002
synthetic_energy,energy,dummy_mean,energy_1,2024-01-10 12:00:00,15.560000000000015,12.910000000000002
synthetic_energy,energy,dummy_mean,energy_1,2024-01-10 13:00:00,14.93295238724371,12.910000000000002
synthetic_energy,energy,dummy_mean,energy_1,2024-01-10 14:00:00,14.34999999999999,12.910000000000002
synthetic_energy,energy,dummy_mean,energy_1,2024-01-10 15:00:00,13.852233047033636,12.910000000000002
synthetic_energy,energy,dummy_mean,energy_1,2024-01-10 16:00:00,13.474936490538905,12.910000000000002
synthetic_energy,energy,dummy_mean,energy_1,2024-01-10 17:00:00,13.245185434277328,12.910000000000002
synthetic_energy,energy,dummy_mean,energy_1,2024-01-10 18:00:00,13.18,12.910000000000002
synthetic_energy,energy,dummy_mean,energy_1,2024-01-10 19:00:00,13.285185434277327,12.910000000000002
synthetic_energy,energy,dummy_mean,energy_1,2024-01-10 20:00:00,13.5549364905389,12.910000000000002
synthetic_energy,energy,dummy_mean,energy_1,2024-01-10 21:00:00,13.972233047033619,12.910000000000002
synthetic_energy,energy,dummy_mean,energy_1,2024-01-10 22:00:00,14.50999999999999,12.910000000000002
synthetic_energy,energy,dummy_mean,energy_1,2024-01-10 23:00:00,15.132952387243687,12.910000000000002
synthetic_energy,energy,dummy_mean,energy_2,2024-01-09 00:00:00,15.839999999999995,13.910000000000002
synthetic_energy,energy,dummy_mean,energy_2,2024-01-09 01:00:00,16.507047612756303,13.910000000000002
synthetic_energy,energy,dummy_mean,energy_2,2024-01-09 02:00:00,17.129999999999985,13.910000000000002
synthetic_energy,energy,dummy_mean,energy_2,2024-01-09 03:00:00,17.66776695296636,13.910000000000002
synthetic_energy,energy,dummy_mean,energy_2,2024-01-09 04:00:00,18.085063509461094,13.910000000000002
synthetic_energy,energy,dummy_mean,energy_2,2024-01-09 05:00:00,18.354814565722666,13.910000000000002
synthetic_energy,energy,dummy_mean,energy_2,2024-01-09 06:00:00,18.46,13.910000000000002
synthetic_energy,energy,dummy_mean,energy_2,2024-01-09 07:00:00,18.39481456572267,13.910000000000002
synthetic_energy,energy,dummy_mean,energy_2,2024-01-09 08:00:00,18.165063509461092,13.910000000000002
synthetic_energy,energy,dummy_mean,energy_2,2024-01-09 09:00:00,17.787766952966376,13.910000000000002
synthetic_energy,energy,dummy_mean,energy_2,2024-01-09 10:00:00,17.290000000000003,13.910000000000002
synthetic_energy,energy,dummy_mean,energy_2,2024-01-09 11:00:00,16.707047612756302,13.910000000000002
synthetic_energy,energy,dummy_mean,energy_2,2024-01-09 12:00:00,16.080000000000013,13.910000000000002
synthetic_energy,energy,dummy_mean,energy_2,2024-01-09 13:00:00,15.452952387243707,13.910000000000002
synthetic_energy,energy,dummy_mean,energy_2,2024-01-09 14:00:00,14.870000000000005,13.910000000000002
synthetic_energy,energy,dummy_mean,energy_2,2024-01-09 15:00:00,14.372233047033646,13.910000000000002
synthetic_energy,energy,dummy_mean,energy_2,2024-01-09 16:00:00,13.994936490538903,13.910000000000002
synthetic_energy,energy,dummy_mean,energy_2,2024-01-09 17:00:00,13.765185434277328,13.910000000000002
synthetic_energy,energy,dummy_mean,energy_2,2024-01-09 18:00:00,13.7,13.910000000000002
synthetic_energy,energy,dummy_mean,energy_2,2024-01-09 19:00:00,13.805185434277327,13.910000000000002
synthetic_energy,energy,dummy_mean,energy_2,2024-01-09 20:00:00,14.074936490538903,13.910000000000002
synthetic_energy,energy,dummy_mean,energy_2,2024-01-09 21:00:00,14.492233047033633,13.910000000000002
synthetic_energy,energy,dummy_mean,energy_2,2024-01-09 22:00:00,15.02999999999999,13.910000000000002
synthetic_energy,energy,dummy_mean,energy_2,2024-01-09 23:00:00,15.65295238724369,13.910000000000002
synthetic_energy,energy,dummy_mean,energy_2,2024-01-10 00:00:00,16.319999999999993,13.910000000000002
synthetic_energy,energy,dummy_mean,energy_2,2024-01-10 01:00:00,16.987047612756285,13.910000000000002
synthetic_energy,energy,dummy_mean,energy_2,2024-01-10 02:00:00,17.609999999999985,13.910000000000002
synthetic_energy,energy,dummy_mean,energy_2,2024-01-10 03:00:00,18.14776695296637,13.910000000000002
synthetic_energy,energy,dummy_mean,energy_2,2024-01-10 04:00:00,18.5650635094611,13.910000000000002
synthetic_energy,energy,dummy_mean,energy_2,2024-01-10 05:00:00,18.834814565722667,13.910000000000002
synthetic_energy,energy,dummy_mean,energy_2,2024-01-10 06:00:00,18.94,13.910000000000002
synthetic_energy,energy,dummy_mean,energy_2,2024-01-10 07:00:00,18.87481456572267,13.910000000000002
synthetic_energy,energy,dummy_mean,energy_2,2024-01-10 08:00:00,18.645063509461103,13.910000000000002
synthetic_energy,energy,dummy_mean,energy_2,2024-01-10 09:00:00,18.267766952966376,13.910000000000002
synthetic_energy,energy,dummy_mean,energy_2,2024-01-10 10:00:00,17.770000000000003,13.910000000000002
synthetic_energy,energy,dummy_mean,energy_2,2024-01-10 11:00:00,17.18704761275632,13.910000000000002
synthetic_energy,energy,dummy_mean,energy_2,2024-01-10 12:00:00,16.560000000000016,13.910000000000002
synthetic_energy,energy,dummy_mean,energy_2,2024-01-10 13:00:00,15.93295238724371,13.910000000000002
synthetic_energy,energy,dummy_mean,energy_2,2024-01-10 14:00:00,15.34999999999999,13.910000000000002
synthetic_energy,energy,dummy_mean,energy_2,2024-01-10 15:00:00,14.852233047033636,13.910000000000002
synthetic_energy,energy,dummy_mean,energy_2,2024-01-10 16:00:00,14.474936490538905,13.910000000000002
synthetic_energy,energy,dummy_mean,energy_2,2024-01-10 17:00:00,14.245185434277328,13.910000000000002
synthetic_energy,energy,dummy_mean,energy_2,2024-01-10 18:00:00,14.18,13.910000000000002
synthetic_energy,energy,dummy_mean,energy_2,2024-01-10 19:00:00,14.285185434277327,13.910000000000002
synthetic_energy,energy,dummy_mean,energy_2,2024-01-10 20:00:00,14.5549364905389,13.910000000000002
synthetic_energy,energy,dummy_mean,energy_2,2024-01-10 21:00:00,14.972233047033619,13.910000000000002
synthetic_energy,energy,dummy_mean,energy_2,2024-01-10 22:00:00,15.50999999999999,13.910000000000002
synthetic_energy,energy,dummy_mean,energy_2,2024-01-10 23:00:00,16.132952387243687,13.910000000000002
synthetic_energy,energy,seasonal_naive,energy_0,2024-01-09 00:00:00,13.839999999999995,13.359999999999996
synthetic_energy,energy,seasonal_naive,energy_0,2024-01-09 01:00:00,14.5070476127563,14.027047612756302
synthetic_energy,energy,seasonal_naive,energy_0,2024-01-09 02:00:00,15.129999999999985,14.650000000000004
synthetic_energy,energy,seasonal_naive,energy_0,2024-01-09 03:00:00,15.66776695296636,15.187766952966362
synthetic_energy,energy,seasonal_naive,energy_0,2024-01-09 04:00:00,16.085063509461094,15.605063509461091
synthetic_energy,energy,seasonal_naive,energy_0,2024-01-09 05:00:00,16.354814565722666,15.87481456572267
synthetic_energy,energy,seasonal_naive,energy_0,2024-01-09 06:00:00,16.46,15.98
synthetic_energy,energy,seasonal_naive,energy_0,2024-01-09 07:00:00,16.39481456572267,15.914814565722674
synthetic_energy,energy,seasonal_naive,energy_0,2024-01-09 08:00:00,16.165063509461092,15.685063509461102
synthetic_energy,energy,seasonal_naive,energy_0,2024-01-09 09:00:00,15.787766952966376,15.307766952966361
synthetic_energy,energy,seasonal_naive,energy_0,2024-01-09 10:00:00,15.290000000000003,14.810000000000004
synthetic_energy,energy,seasonal_naive,energy_0,2024-01-09 11:00:00,14.707047612756302,14.227047612756301
synthetic_energy,energy,seasonal_naive,energy_0,2024-01-09 12:00:00,14.080000000000014,13.599999999999996
synthetic_energy,energy,seasonal_naive,energy_0,2024-01-09 13:00:00,13.452952387243707,12.972952387243708
synthetic_energy,energy,seasonal_naive,energy_0,2024-01-09 14:00:00,12.870000000000005,12.390000000000006
synthetic_energy,energy,seasonal_naive,energy_0,2024-01-09 15:00:00,12.372233047033646,11.892233047033633
synthetic_energy,energy,seasonal_naive,energy_0,2024-01-09 16:00:00,11.994936490538903,11.514936490538911
synthetic_energy,energy,seasonal_naive,energy_0,2024-01-09 17:00:00,11.765185434277328,11.285185434277333
synthetic_energy,energy,seasonal_naive,energy_0,2024-01-09 18:00:00,11.7,11.22
synthetic_energy,energy,seasonal_naive,energy_0,2024-01-09 19:00:00,11.805185434277327,11.325185434277333
synthetic_energy,energy,seasonal_naive,energy_0,2024-01-09 20:00:00,12.074936490538903,11.594936490538903
synthetic_energy,energy,seasonal_naive,energy_0,2024-01-09 21:00:00,12.492233047033633,12.012233047033632
synthetic_energy,energy,seasonal_naive,energy_0,2024-01-09 22:00:00,13.02999999999999,12.550000000000006
synthetic_energy,energy,seasonal_naive,energy_0,2024-01-09 23:00:00,13.65295238724369,13.17295238724369
synthetic_energy,energy,seasonal_naive,energy_0,2024-01-10 00:00:00,14.319999999999995,13.359999999999996
synthetic_energy,energy,seasonal_naive,energy_0,2024-01-10 01:00:00,14.987047612756283,14.027047612756302
synthetic_energy,energy,seasonal_naive,energy_0,2024-01-10 02:00:00,15.609999999999985,14.650000000000004
synthetic_energy,energy,seasonal_naive,energy_0,2024-01-10 03:00:00,16.14776695296637,15.187766952966362
synthetic_energy,energy,seasonal_naive,energy_0,2024-01-10 04:00:00,16.5650635094611,15.605063509461091
synthetic_energy,energy,seasonal_naive,energy_0,2024-01-10 05:00:00,16.834814565722667,15.87481456572267
synthetic_energy,energy,seasonal_naive,energy_0,2024-01-10 06:00:00,16.94,15.98
synthetic_energy,energy,seasonal_naive,energy_0,2024-01-10 07:00:00,16.87481456572267,15.914814565722674
synthetic_energy,energy,seasonal_naive,energy_0,2024-01-10 08:00:00,16.645063509461103,15.685063509461102
synthetic_energy,energy,seasonal_naive,energy_0,2024-01-10 09:00:00,16.267766952966376,15.307766952966361
synthetic_energy,energy,seasonal_naive,energy_0,2024-01-10 10:00:00,15.770000000000003,14.810000000000004
synthetic_energy,energy,seasonal_naive,energy_0,2024-01-10 11:00:00,15.18704761275632,14.227047612756301
synthetic_energy,energy,seasonal_naive,energy_0,2024-01-10 12:00:00,14.560000000000015,13.599999999999996
synthetic_energy,energy,seasonal_naive,energy_0,2024-01-10 13:00:00,13.93295238724371,12.972952387243708
synthetic_energy,energy,seasonal_naive,energy_0,2024-01-10 14:00:00,13.34999999999999,12.390000000000006
synthetic_energy,energy,seasonal_naive,energy_0,2024-01-10 15:00:00,12.852233047033636,11.892233047033633
synthetic_energy,energy,seasonal_naive,energy_0,2024-01-10 16:00:00,12.474936490538903,11.514936490538911
synthetic_energy,energy,seasonal_naive,energy_0,2024-01-10 17:00:00,12.245185434277328,11.285185434277333
synthetic_energy,energy,seasonal_naive,energy_0,2024-01-10 18:00:00,12.18,11.22
synthetic_energy,energy,seasonal_naive,energy_0,2024-01-10 19:00:00,12.285185434277327,11.325185434277333
synthetic_energy,energy,seasonal_naive,energy_0,2024-01-10 20:00:00,12.554936490538902,11.594936490538903
synthetic_energy,energy,seasonal_naive,energy_0,2024-01-10 21:00:00,12.972233047033619,12.012233047033632
synthetic_energy,energy,seasonal_naive,energy_0,2024-01-10 22:00:00,13.50999999999999,12.550000000000006
synthetic_energy,energy,seasonal_naive,energy_0,2024-01-10 23:00:00,14.132952387243687,13.17295238724369
synthetic_energy,energy,seasonal_naive,energy_1,2024-01-09 00:00:00,14.839999999999995,14.359999999999996
synthetic_energy,energy,seasonal_naive,energy_1,2024-01-09 01:00:00,15.5070476127563,15.027047612756302
synthetic_energy,energy,seasonal_naive,energy_1,2024-01-09 02:00:00,16.129999999999985,15.650000000000004
synthetic_energy,energy,seasonal_naive,energy_1,2024-01-09 03:00:00,16.66776695296636,16.187766952966363
synthetic_energy,energy,seasonal_naive,energy_1,2024-01-09 04:00:00,17.085063509461094,16.605063509461093
synthetic_energy,energy,seasonal_naive,energy_1,2024-01-09 05:00:00,17.354814565722666,16.87481456572267
synthetic_energy,energy,seasonal_naive,energy_1,2024-01-09 06:00:00,17.46,16.98
synthetic_energy,energy,seasonal_naive,energy_1,2024-01-09 07:00:00,17.39481456572267,16.914814565722672
synthetic_energy,energy,seasonal_naive,energy_1,2024-01-09 08:00:00,17.165063509461092,16.685063509461102
synthetic_energy,energy,seasonal_naive,energy_1,2024-01-09 09:00:00,16.787766952966376,16.30776695296636
synthetic_energy,energy,seasonal_naive,energy_1,2024-01-09 10:00:00,16.290000000000003,15.810000000000004
synthetic_energy,energy,seasonal_naive,energy_1,2024-01-09 11:00:00,15.707047612756302,15.227047612756301
synthetic_energy,energy,seasonal_naive,energy_1,2024-01-09 12:00:00,15.080000000000014,14.599999999999996
synthetic_energy,energy,seasonal_naive,energy_1,2024-01-09 13:00:00,14.452952387243707,13.972952387243708
synthetic_energy,energy,seasonal_naive,energy_1,2024-01-09 14:00:00,13.870000000000005,13.390000000000006
synthetic_energy,energy,seasonal_naive,energy_1,2024-01-09 15:00:00,13.372233047033646,12.892233047033633
synthetic_energy,energy,seasonal_naive,energy_1,2024-01-09 16:00:00,12.994936490538903,12.514936490538911
synthetic_energy,energy,seasonal_naive,energy_1,2024-01-09 17:00:00,12.765185434277328,12.28518543427733
synthetic_energy,energy,seasonal_naive,energy_1,2024-01-09 18:00:00,12.7,12.22
synthetic_energy,energy,seasonal_naive,energy_1,2024-01-09 19:00:00,12.805185434277327,12.325185434277332
synthetic_energy,energy,seasonal_naive,energy_1,2024-01-09 20:00:00,13.074936490538903,12.594936490538903
synthetic_energy,energy,seasonal_naive,energy_1,2024-01-09 21:00:00,13.492233047033633,13.012233047033632
synthetic_energy,energy,seasonal_naive,energy_1,2024-01-09 22:00:00,14.02999999999999,13.550000000000006
synthetic_energy,energy,seasonal_naive,energy_1,2024-01-09 23:00:00,14.65295238724369,14.17295238724369
synthetic_energy,energy,seasonal_naive,energy_1,2024-01-10 00:00:00,15.319999999999995,14.359999999999996
synthetic_energy,energy,seasonal_naive,energy_1,2024-01-10 01:00:00,15.987047612756283,15.027047612756302
synthetic_energy,energy,seasonal_naive,energy_1,2024-01-10 02:00:00,16.609999999999985,15.650000000000004
synthetic_energy,energy,seasonal_naive,energy_1,2024-01-10 03:00:00,17.14776695296637,16.187766952966363
synthetic_energy,energy,seasonal_naive,energy_1,2024-01-10 04:00:00,17.5650635094611,16.605063509461093
synthetic_energy,energy,seasonal_naive,energy_1,2024-01-10 05:00:00,17.834814565722667,16.87481456572267
synthetic_energy,energy,seasonal_naive,energy_1,2024-01-10 06:00:00,17.94,16.98
synthetic_energy,energy,seasonal_naive,energy_1,2024-01-10 07:00:00,17.87481456572267,16.914814565722672
synthetic_energy,energy,seasonal_naive,energy_1,2024-01-10 08:00:00,17.645063509461103,16.685063509461102
synthetic_energy,energy,seasonal_naive,energy_1,2024-01-10 09:00:00,17.267766952966376,16.30776695296636
synthetic_energy,energy,seasonal_naive,energy_1,2024-01-10 10:00:00,16.770000000000003,15.810000000000004
synthetic_energy,energy,seasonal_naive,energy_1,2024-01-10 11:00:00,16.18704761275632,15.227047612756301
synthetic_energy,energy,seasonal_naive,energy_1,2024-01-10 12:00:00,15.560000000000015,14.599999999999996
synthetic_energy,energy,seasonal_naive,energy_1,2024-01-10 13:00:00,14.93295238724371,13.972952387243708
synthetic_energy,energy,seasonal_naive,energy_1,2024-01-10 14:00:00,14.34999999999999,13.390000000000006
synthetic_energy,energy,seasonal_naive,energy_1,2024-01-10 15:00:00,13.852233047033636,12.892233047033633
synthetic_energy,energy,seasonal_naive,energy_1,2024-01-10 16:00:00,13.474936490538905,12.514936490538911
synthetic_energy,energy,seasonal_naive,energy_1,2024-01-10 17:00:00,13.245185434277328,12.28518543427733
synthetic_energy,energy,seasonal_naive,energy_1,2024-01-10 18:00:00,13.18,12.22
synthetic_energy,energy,seasonal_naive,energy_1,2024-01-10 19:00:00,13.285185434277327,12.325185434277332
synthetic_energy,energy,seasonal_naive,energy_1,2024-01-10 20:00:00,13.5549364905389,12.594936490538903
synthetic_energy,energy,seasonal_naive,energy_1,2024-01-10 21:00:00,13.972233047033619,13.012233047033632
synthetic_energy,energy,seasonal_naive,energy_1,2024-01-10 22:00:00,14.50999999999999,13.550000000000006
synthetic_energy,energy,seasonal_naive,energy_1,2024-01-10 23:00:00,15.132952387243687,14.17295238724369
synthetic_energy,energy,seasonal_naive,energy_2,2024-01-09 00:00:00,15.839999999999995,15.359999999999996
synthetic_energy,energy,seasonal_naive,energy_2,2024-01-09 01:00:00,16.507047612756303,16.027047612756302
synthetic_energy,energy,seasonal_naive,energy_2,2024-01-09 02:00:00,17.129999999999985,16.650000000000002
synthetic_energy,energy,seasonal_naive,energy_2,2024-01-09 03:00:00,17.66776695296636,17.187766952966363
synthetic_energy,energy,seasonal_naive,energy_2,2024-01-09 04:00:00,18.085063509461094,17.605063509461093
synthetic_energy,energy,seasonal_naive,energy_2,2024-01-09 05:00:00,18.354814565722666,17.87481456572267
synthetic_energy,energy,seasonal_naive,energy_2,2024-01-09 06:00:00,18.46,17.98
synthetic_energy,energy,seasonal_naive,energy_2,2024-01-09 07:00:00,18.39481456572267,17.914814565722672
synthetic_energy,energy,seasonal_naive,energy_2,2024-01-09 08:00:00,18.165063509461092,17.685063509461102
synthetic_energy,energy,seasonal_naive,energy_2,2024-01-09 09:00:00,17.787766952966376,17.30776695296636
synthetic_energy,energy,seasonal_naive,energy_2,2024-01-09 10:00:00,17.290000000000003,16.810000000000002
synthetic_energy,energy,seasonal_naive,energy_2,2024-01-09 11:00:00,16.707047612756302,16.2270476127563
synthetic_energy,energy,seasonal_naive,energy_2,2024-01-09 12:00:00,16.080000000000013,15.599999999999996
synthetic_energy,energy,seasonal_naive,energy_2,2024-01-09 13:00:00,15.452952387243707,14.972952387243708
synthetic_energy,energy,seasonal_naive,energy_2,2024-01-09 14:00:00,14.870000000000005,14.390000000000006
synthetic_energy,energy,seasonal_naive,energy_2,2024-01-09 15:00:00,14.372233047033646,13.892233047033633
synthetic_energy,energy,seasonal_naive,energy_2,2024-01-09 16:00:00,13.994936490538903,13.514936490538911
synthetic_energy,energy,seasonal_naive,energy_2,2024-01-09 17:00:00,13.765185434277328,13.28518543427733
synthetic_energy,energy,seasonal_naive,energy_2,2024-01-09 18:00:00,13.7,13.22
synthetic_energy,energy,seasonal_naive,energy_2,2024-01-09 19:00:00,13.805185434277327,13.325185434277332
synthetic_energy,energy,seasonal_naive,energy_2,2024-01-09 20:00:00,14.074936490538903,13.594936490538903
synthetic_energy,energy,seasonal_naive,energy_2,2024-01-09 21:00:00,14.492233047033633,14.012233047033632
synthetic_energy,energy,seasonal_naive,energy_2,2024-01-09 22:00:00,15.02999999999999,14.550000000000006
synthetic_energy,energy,seasonal_naive,energy_2,2024-01-09 23:00:00,15.65295238724369,15.17295238724369
synthetic_energy,energy,seasonal_naive,energy_2,2024-01-10 00:00:00,16.319999999999993,15.359999999999996
synthetic_energy,energy,seasonal_naive,energy_2,2024-01-10 01:00:00,16.987047612756285,16.027047612756302
synthetic_energy,energy,seasonal_naive,energy_2,2024-01-10 02:00:00,17.609999999999985,16.650000000000002
synthetic_energy,energy,seasonal_naive,energy_2,2024-01-10 03:00:00,18.14776695296637,17.187766952966363
synthetic_energy,energy,seasonal_naive,energy_2,2024-01-10 04:00:00,18.5650635094611,17.605063509461093
synthetic_energy,energy,seasonal_naive,energy_2,2024-01-10 05:00:00,18.834814565722667,17.87481456572267
synthetic_energy,energy,seasonal_naive,energy_2,2024-01-10 06:00:00,18.94,17.98
synthetic_energy,energy,seasonal_naive,energy_2,2024-01-10 07:00:00,18.87481456572267,17.914814565722672
synthetic_energy,energy,seasonal_naive,energy_2,2024-01-10 08:00:00,18.645063509461103,17.685063509461102
synthetic_energy,energy,seasonal_naive,energy_2,2024-01-10 09:00:00,18.267766952966376,17.30776695296636
synthetic_energy,energy,seasonal_naive,energy_2,2024-01-10 10:00:00,17.770000000000003,16.810000000000002
synthetic_energy,energy,seasonal_naive,energy_2,2024-01-10 11:00:00,17.18704761275632,16.2270476127563
synthetic_energy,energy,seasonal_naive,energy_2,2024-01-10 12:00:00,16.560000000000016,15.599999999999996
synthetic_energy,energy,seasonal_naive,energy_2,2024-01-10 13:00:00,15.93295238724371,14.972952387243708
synthetic_energy,energy,seasonal_naive,energy_2,2024-01-10 14:00:00,15.34999999999999,14.390000000000006
synthetic_energy,energy,seasonal_naive,energy_2,2024-01-10 15:00:00,14.852233047033636,13.892233047033633
synthetic_energy,energy,seasonal_naive,energy_2,2024-01-10 16:00:00,14.474936490538905,13.514936490538911
synthetic_energy,energy,seasonal_naive,energy_2,2024-01-10 17:00:00,14.245185434277328,13.28518543427733
synthetic_energy,energy,seasonal_naive,energy_2,2024-01-10 18:00:00,14.18,13.22
synthetic_energy,energy,seasonal_naive,energy_2,2024-01-10 19:00:00,14.285185434277327,13.325185434277332
synthetic_energy,energy,seasonal_naive,energy_2,2024-01-10 20:00:00,14.5549364905389,13.594936490538903
synthetic_energy,energy,seasonal_naive,energy_2,2024-01-10 21:00:00,14.972233047033619,14.012233047033632
synthetic_energy,energy,seasonal_naive,energy_2,2024-01-10 22:00:00,15.50999999999999,14.550000000000006
synthetic_energy,energy,seasonal_naive,energy_2,2024-01-10 23:00:00,16.132952387243687,15.17295238724369
synthetic_energy,energy,moving_average,energy_0,2024-01-09 00:00:00,13.839999999999995,13.35
synthetic_energy,energy,moving_average,energy_0,2024-01-09 01:00:00,14.5070476127563,13.35
synthetic_energy,energy,moving_average,energy_0,2024-01-09 02:00:00,15.129999999999985,13.35
synthetic_energy,energy,moving_average,energy_0,2024-01-09 03:00:00,15.66776695296636,13.35
synthetic_energy,energy,moving_average,energy_0,2024-01-09 04:00:00,16.085063509461094,13.35
synthetic_energy,energy,moving_average,energy_0,2024-01-09 05:00:00,16.354814565722666,13.35
synthetic_energy,energy,moving_average,energy_0,2024-01-09 06:00:00,16.46,13.35
synthetic_energy,energy,moving_average,energy_0,2024-01-09 07:00:00,16.39481456572267,13.35
synthetic_energy,energy,moving_average,energy_0,2024-01-09 08:00:00,16.165063509461092,13.35
synthetic_energy,energy,moving_average,energy_0,2024-01-09 09:00:00,15.787766952966376,13.35
synthetic_energy,energy,moving_average,energy_0,2024-01-09 10:00:00,15.290000000000003,13.35
synthetic_energy,energy,moving_average,energy_0,2024-01-09 11:00:00,14.707047612756302,13.35
synthetic_energy,energy,moving_average,energy_0,2024-01-09 12:00:00,14.080000000000014,13.35
synthetic_energy,energy,moving_average,energy_0,2024-01-09 13:00:00,13.452952387243707,13.35
synthetic_energy,energy,moving_average,energy_0,2024-01-09 14:00:00,12.870000000000005,13.35
synthetic_energy,energy,moving_average,energy_0,2024-01-09 15:00:00,12.372233047033646,13.35
synthetic_energy,energy,moving_average,energy_0,2024-01-09 16:00:00,11.994936490538903,13.35
synthetic_energy,energy,moving_average,energy_0,2024-01-09 17:00:00,11.765185434277328,13.35
synthetic_energy,energy,moving_average,energy_0,2024-01-09 18:00:00,11.7,13.35
synthetic_energy,energy,moving_average,energy_0,2024-01-09 19:00:00,11.805185434277327,13.35
synthetic_energy,energy,moving_average,energy_0,2024-01-09 20:00:00,12.074936490538903,13.35
synthetic_energy,energy,moving_average,energy_0,2024-01-09 21:00:00,12.492233047033633,13.35
synthetic_energy,energy,moving_average,energy_0,2024-01-09 22:00:00,13.02999999999999,13.35
synthetic_energy,energy,moving_average,energy_0,2024-01-09 23:00:00,13.65295238724369,13.35
synthetic_energy,energy,moving_average,energy_0,2024-01-10 00:00:00,14.319999999999995,13.35
synthetic_energy,energy,moving_average,energy_0,2024-01-10 01:00:00,14.987047612756283,13.35
synthetic_energy,energy,moving_average,energy_0,2024-01-10 02:00:00,15.609999999999985,13.35
synthetic_energy,energy,moving_average,energy_0,2024-01-10 03:00:00,16.14776695296637,13.35
synthetic_energy,energy,moving_average,energy_0,2024-01-10 04:00:00,16.5650635094611,13.35
synthetic_energy,energy,moving_average,energy_0,2024-01-10 05:00:00,16.834814565722667,13.35
synthetic_energy,energy,moving_average,energy_0,2024-01-10 06:00:00,16.94,13.35
synthetic_energy,energy,moving_average,energy_0,2024-01-10 07:00:00,16.87481456572267,13.35
synthetic_energy,energy,moving_average,energy_0,2024-01-10 08:00:00,16.645063509461103,13.35
synthetic_energy,energy,moving_average,energy_0,2024-01-10 09:00:00,16.267766952966376,13.35
synthetic_energy,energy,moving_average,energy_0,2024-01-10 10:00:00,15.770000000000003,13.35
synthetic_energy,energy,moving_average,energy_0,2024-01-10 11:00:00,15.18704761275632,13.35
synthetic_energy,energy,moving_average,energy_0,2024-01-10 12:00:00,14.560000000000015,13.35
synthetic_energy,energy,moving_average,energy_0,2024-01-10 13:00:00,13.93295238724371,13.35
synthetic_energy,energy,moving_average,energy_0,2024-01-10 14:00:00,13.34999999999999,13.35
synthetic_energy,energy,moving_average,energy_0,2024-01-10 15:00:00,12.852233047033636,13.35
synthetic_energy,energy,moving_average,energy_0,2024-01-10 16:00:00,12.474936490538903,13.35
synthetic_energy,energy,moving_average,energy_0,2024-01-10 17:00:00,12.245185434277328,13.35
synthetic_energy,energy,moving_average,energy_0,2024-01-10 18:00:00,12.18,13.35
synthetic_energy,energy,moving_average,energy_0,2024-01-10 19:00:00,12.285185434277327,13.35
synthetic_energy,energy,moving_average,energy_0,2024-01-10 20:00:00,12.554936490538902,13.35
synthetic_energy,energy,moving_average,energy_0,2024-01-10 21:00:00,12.972233047033619,13.35
synthetic_energy,energy,moving_average,energy_0,2024-01-10 22:00:00,13.50999999999999,13.35
synthetic_energy,energy,moving_average,energy_0,2024-01-10 23:00:00,14.132952387243687,13.35
synthetic_energy,energy,moving_average,energy_1,2024-01-09 00:00:00,14.839999999999995,14.35
synthetic_energy,energy,moving_average,energy_1,2024-01-09 01:00:00,15.5070476127563,14.35
synthetic_energy,energy,moving_average,energy_1,2024-01-09 02:00:00,16.129999999999985,14.35
synthetic_energy,energy,moving_average,energy_1,2024-01-09 03:00:00,16.66776695296636,14.35
synthetic_energy,energy,moving_average,energy_1,2024-01-09 04:00:00,17.085063509461094,14.35
synthetic_energy,energy,moving_average,energy_1,2024-01-09 05:00:00,17.354814565722666,14.35
synthetic_energy,energy,moving_average,energy_1,2024-01-09 06:00:00,17.46,14.35
synthetic_energy,energy,moving_average,energy_1,2024-01-09 07:00:00,17.39481456572267,14.35
synthetic_energy,energy,moving_average,energy_1,2024-01-09 08:00:00,17.165063509461092,14.35
synthetic_energy,energy,moving_average,energy_1,2024-01-09 09:00:00,16.787766952966376,14.35
synthetic_energy,energy,moving_average,energy_1,2024-01-09 10:00:00,16.290000000000003,14.35
synthetic_energy,energy,moving_average,energy_1,2024-01-09 11:00:00,15.707047612756302,14.35
synthetic_energy,energy,moving_average,energy_1,2024-01-09 12:00:00,15.080000000000014,14.35
synthetic_energy,energy,moving_average,energy_1,2024-01-09 13:00:00,14.452952387243707,14.35
synthetic_energy,energy,moving_average,energy_1,2024-01-09 14:00:00,13.870000000000005,14.35
synthetic_energy,energy,moving_average,energy_1,2024-01-09 15:00:00,13.372233047033646,14.35
synthetic_energy,energy,moving_average,energy_1,2024-01-09 16:00:00,12.994936490538903,14.35
synthetic_energy,energy,moving_average,energy_1,2024-01-09 17:00:00,12.765185434277328,14.35
synthetic_energy,energy,moving_average,energy_1,2024-01-09 18:00:00,12.7,14.35
synthetic_energy,energy,moving_average,energy_1,2024-01-09 19:00:00,12.805185434277327,14.35
synthetic_energy,energy,moving_average,energy_1,2024-01-09 20:00:00,13.074936490538903,14.35
synthetic_energy,energy,moving_average,energy_1,2024-01-09 21:00:00,13.492233047033633,14.35
synthetic_energy,energy,moving_average,energy_1,2024-01-09 22:00:00,14.02999999999999,14.35
synthetic_energy,energy,moving_average,energy_1,2024-01-09 23:00:00,14.65295238724369,14.35
synthetic_energy,energy,moving_average,energy_1,2024-01-10 00:00:00,15.319999999999995,14.35
synthetic_energy,energy,moving_average,energy_1,2024-01-10 01:00:00,15.987047612756283,14.35
synthetic_energy,energy,moving_average,energy_1,2024-01-10 02:00:00,16.609999999999985,14.35
synthetic_energy,energy,moving_average,energy_1,2024-01-10 03:00:00,17.14776695296637,14.35
synthetic_energy,energy,moving_average,energy_1,2024-01-10 04:00:00,17.5650635094611,14.35
synthetic_energy,energy,moving_average,energy_1,2024-01-10 05:00:00,17.834814565722667,14.35
synthetic_energy,energy,moving_average,energy_1,2024-01-10 06:00:00,17.94,14.35
synthetic_energy,energy,moving_average,energy_1,2024-01-10 07:00:00,17.87481456572267,14.35
synthetic_energy,energy,moving_average,energy_1,2024-01-10 08:00:00,17.645063509461103,14.35
synthetic_energy,energy,moving_average,energy_1,2024-01-10 09:00:00,17.267766952966376,14.35
synthetic_energy,energy,moving_average,energy_1,2024-01-10 10:00:00,16.770000000000003,14.35
synthetic_energy,energy,moving_average,energy_1,2024-01-10 11:00:00,16.18704761275632,14.35
synthetic_energy,energy,moving_average,energy_1,2024-01-10 12:00:00,15.560000000000015,14.35
synthetic_energy,energy,moving_average,energy_1,2024-01-10 13:00:00,14.93295238724371,14.35
synthetic_energy,energy,moving_average,energy_1,2024-01-10 14:00:00,14.34999999999999,14.35
synthetic_energy,energy,moving_average,energy_1,2024-01-10 15:00:00,13.852233047033636,14.35
synthetic_energy,energy,moving_average,energy_1,2024-01-10 16:00:00,13.474936490538905,14.35
synthetic_energy,energy,moving_average,energy_1,2024-01-10 17:00:00,13.245185434277328,14.35
synthetic_energy,energy,moving_average,energy_1,2024-01-10 18:00:00,13.18,14.35
synthetic_energy,energy,moving_average,energy_1,2024-01-10 19:00:00,13.285185434277327,14.35
synthetic_energy,energy,moving_average,energy_1,2024-01-10 20:00:00,13.5549364905389,14.35
synthetic_energy,energy,moving_average,energy_1,2024-01-10 21:00:00,13.972233047033619,14.35
synthetic_energy,energy,moving_average,energy_1,2024-01-10 22:00:00,14.50999999999999,14.35
synthetic_energy,energy,moving_average,energy_1,2024-01-10 23:00:00,15.132952387243687,14.35
synthetic_energy,energy,moving_average,energy_2,2024-01-09 00:00:00,15.839999999999995,15.35
synthetic_energy,energy,moving_average,energy_2,2024-01-09 01:00:00,16.507047612756303,15.35
synthetic_energy,energy,moving_average,energy_2,2024-01-09 02:00:00,17.129999999999985,15.35
synthetic_energy,energy,moving_average,energy_2,2024-01-09 03:00:00,17.66776695296636,15.35
synthetic_energy,energy,moving_average,energy_2,2024-01-09 04:00:00,18.085063509461094,15.35
synthetic_energy,energy,moving_average,energy_2,2024-01-09 05:00:00,18.354814565722666,15.35
synthetic_energy,energy,moving_average,energy_2,2024-01-09 06:00:00,18.46,15.35
synthetic_energy,energy,moving_average,energy_2,2024-01-09 07:00:00,18.39481456572267,15.35
synthetic_energy,energy,moving_average,energy_2,2024-01-09 08:00:00,18.165063509461092,15.35
synthetic_energy,energy,moving_average,energy_2,2024-01-09 09:00:00,17.787766952966376,15.35
synthetic_energy,energy,moving_average,energy_2,2024-01-09 10:00:00,17.290000000000003,15.35
synthetic_energy,energy,moving_average,energy_2,2024-01-09 11:00:00,16.707047612756302,15.35
synthetic_energy,energy,moving_average,energy_2,2024-01-09 12:00:00,16.080000000000013,15.35
synthetic_energy,energy,moving_average,energy_2,2024-01-09 13:00:00,15.452952387243707,15.35
synthetic_energy,energy,moving_average,energy_2,2024-01-09 14:00:00,14.870000000000005,15.35
synthetic_energy,energy,moving_average,energy_2,2024-01-09 15:00:00,14.372233047033646,15.35
synthetic_energy,energy,moving_average,energy_2,2024-01-09 16:00:00,13.994936490538903,15.35
synthetic_energy,energy,moving_average,energy_2,2024-01-09 17:00:00,13.765185434277328,15.35
synthetic_energy,energy,moving_average,energy_2,2024-01-09 18:00:00,13.7,15.35
synthetic_energy,energy,moving_average,energy_2,2024-01-09 19:00:00,13.805185434277327,15.35
synthetic_energy,energy,moving_average,energy_2,2024-01-09 20:00:00,14.074936490538903,15.35
synthetic_energy,energy,moving_average,energy_2,2024-01-09 21:00:00,14.492233047033633,15.35
synthetic_energy,energy,moving_average,energy_2,2024-01-09 22:00:00,15.02999999999999,15.35
synthetic_energy,energy,moving_average,energy_2,2024-01-09 23:00:00,15.65295238724369,15.35
synthetic_energy,energy,moving_average,energy_2,2024-01-10 00:00:00,16.319999999999993,15.35
synthetic_energy,energy,moving_average,energy_2,2024-01-10 01:00:00,16.987047612756285,15.35
synthetic_energy,energy,moving_average,energy_2,2024-01-10 02:00:00,17.609999999999985,15.35
synthetic_energy,energy,moving_average,energy_2,2024-01-10 03:00:00,18.14776695296637,15.35
synthetic_energy,energy,moving_average,energy_2,2024-01-10 04:00:00,18.5650635094611,15.35
synthetic_energy,energy,moving_average,energy_2,2024-01-10 05:00:00,18.834814565722667,15.35
synthetic_energy,energy,moving_average,energy_2,2024-01-10 06:00:00,18.94,15.35
synthetic_energy,energy,moving_average,energy_2,2024-01-10 07:00:00,18.87481456572267,15.35
synthetic_energy,energy,moving_average,energy_2,2024-01-10 08:00:00,18.645063509461103,15.35
synthetic_energy,energy,moving_average,energy_2,2024-01-10 09:00:00,18.267766952966376,15.35
synthetic_energy,energy,moving_average,energy_2,2024-01-10 10:00:00,17.770000000000003,15.35
synthetic_energy,energy,moving_average,energy_2,2024-01-10 11:00:00,17.18704761275632,15.35
synthetic_energy,energy,moving_average,energy_2,2024-01-10 12:00:00,16.560000000000016,15.35
synthetic_energy,energy,moving_average,energy_2,2024-01-10 13:00:00,15.93295238724371,15.35
synthetic_energy,energy,moving_average,energy_2,2024-01-10 14:00:00,15.34999999999999,15.35
synthetic_energy,energy,moving_average,energy_2,2024-01-10 15:00:00,14.852233047033636,15.35
synthetic_energy,energy,moving_average,energy_2,2024-01-10 16:00:00,14.474936490538905,15.35
synthetic_energy,energy,moving_average,energy_2,2024-01-10 17:00:00,14.245185434277328,15.35
synthetic_energy,energy,moving_average,energy_2,2024-01-10 18:00:00,14.18,15.35
synthetic_energy,energy,moving_average,energy_2,2024-01-10 19:00:00,14.285185434277327,15.35
synthetic_energy,energy,moving_average,energy_2,2024-01-10 20:00:00,14.5549364905389,15.35
synthetic_energy,energy,moving_average,energy_2,2024-01-10 21:00:00,14.972233047033619,15.35
synthetic_energy,energy,moving_average,energy_2,2024-01-10 22:00:00,15.50999999999999,15.35
synthetic_energy,energy,moving_average,energy_2,2024-01-10 23:00:00,16.132952387243687,15.35
synthetic_energy,energy,linear_trend,energy_0,2024-01-09 00:00:00,13.839999999999995,13.541737403950581
synthetic_energy,energy,linear_trend,energy_0,2024-01-09 01:00:00,14.5070476127563,13.558646599846442
synthetic_energy,energy,linear_trend,energy_0,2024-01-09 02:00:00,15.129999999999985,13.575555795742304
synthetic_energy,energy,linear_trend,energy_0,2024-01-09 03:00:00,15.66776695296636,13.592464991638163
synthetic_energy,energy,linear_trend,energy_0,2024-01-09 04:00:00,16.085063509461094,13.609374187534025
synthetic_energy,energy,linear_trend,energy_0,2024-01-09 05:00:00,16.354814565722666,13.626283383429886
synthetic_energy,energy,linear_trend,energy_0,2024-01-09 06:00:00,16.46,13.643192579325746
synthetic_energy,energy,linear_trend,energy_0,2024-01-09 07:00:00,16.39481456572267,13.660101775221607
synthetic_energy,energy,linear_trend,energy_0,2024-01-09 08:00:00,16.165063509461092,13.677010971117468
synthetic_energy,energy,linear_trend,energy_0,2024-01-09 09:00:00,15.787766952966376,13.69392016701333
synthetic_energy,energy,linear_trend,energy_0,2024-01-09 10:00:00,15.290000000000003,13.710829362909191
synthetic_energy,energy,linear_trend,energy_0,2024-01-09 11:00:00,14.707047612756302,13.72773855880505
synthetic_energy,energy,linear_trend,energy_0,2024-01-09 12:00:00,14.080000000000014,13.744647754700912
synthetic_energy,energy,linear_trend,energy_0,2024-01-09 13:00:00,13.452952387243707,13.761556950596773
synthetic_energy,energy,linear_trend,energy_0,2024-01-09 14:00:00,12.870000000000005,13.778466146492635
synthetic_energy,energy,linear_trend,energy_0,2024-01-09 15:00:00,12.372233047033646,13.795375342388496
synthetic_energy,energy,linear_trend,energy_0,2024-01-09 16:00:00,11.994936490538903,13.812284538284356
synthetic_energy,energy,linear_trend,energy_0,2024-01-09 17:00:00,11.765185434277328,13.829193734180217
synthetic_energy,energy,linear_trend,energy_0,2024-01-09 18:00:00,11.7,13.846102930076079
synthetic_energy,energy,linear_trend,energy_0,2024-01-09 19:00:00,11.805185434277327,13.863012125971938
synthetic_energy,energy,linear_trend,energy_0,2024-01-09 20:00:00,12.074936490538903,13.8799213218678
synthetic_energy,energy,linear_trend,energy_0,2024-01-09 21:00:00,12.492233047033633,13.89683051776366
synthetic_energy,energy,linear_trend,energy_0,2024-01-09 22:00:00,13.02999999999999,13.913739713659522
synthetic_energy,energy,linear_trend,energy_0,2024-01-09 23:00:00,13.65295238724369,13.930648909555384
synthetic_energy,energy,linear_trend,energy_0,2024-01-10 00:00:00,14.319999999999995,13.947558105451243
synthetic_energy,energy,linear_trend,energy_0,2024-01-10 01:00:00,14.987047612756283,13.964467301347105
synthetic_energy,energy,linear_trend,energy_0,2024-01-10 02:00:00,15.609999999999985,13.981376497242966
synthetic_energy,energy,linear_trend,energy_0,2024-01-10 03:00:00,16.14776695296637,13.998285693138827
synthetic_energy,energy,linear_trend,energy_0,2024-01-10 04:00:00,16.5650635094611,14.015194889034689
synthetic_energy,energy,linear_trend,energy_0,2024-01-10 05:00:00,16.834814565722667,14.032104084930548
synthetic_energy,energy,linear_trend,energy_0,2024-01-10 06:00:00,16.94,14.04901328082641
synthetic_energy,energy,linear_trend,energy_0,2024-01-10 07:00:00,16.87481456572267,14.065922476722271
synthetic_energy,energy,linear_trend,energy_0,2024-01-10 08:00:00,16.645063509461103,14.08283167261813
synthetic_energy,energy,linear_trend,energy_0,2024-01-10 09:00:00,16.267766952966376,14.099740868513992
synthetic_energy,energy,linear_trend,energy_0,2024-01-10 10:00:00,15.770000000000003,14.116650064409853
synthetic_energy,energy,linear_trend,energy_0,2024-01-10 11:00:00,15.18704761275632,14.133559260305715
synthetic_energy,energy,linear_trend,energy_0,2024-01-10 12:00:00,14.560000000000015,14.150468456201576
synthetic_energy,energy,linear_trend,energy_0,2024-01-10 13:00:00,13.93295238724371,14.167377652097436
synthetic_energy,energy,linear_trend,energy_0,2024-01-10 14:00:00,13.34999999999999,14.184286847993297
synthetic_energy,energy,linear_trend,energy_0,2024-01-10 15:00:00,12.852233047033636,14.201196043889158
synthetic_energy,energy,linear_trend,energy_0,2024-01-10 16:00:00,12.474936490538903,14.218105239785018
synthetic_energy,energy,linear_trend,energy_0,2024-01-10 17:00:00,12.245185434277328,14.235014435680881
synthetic_energy,energy,linear_trend,energy_0,2024-01-10 18:00:00,12.18,14.25192363157674
synthetic_energy,energy,linear_trend,energy_0,2024-01-10 19:00:00,12.285185434277327,14.268832827472602
synthetic_energy,energy,linear_trend,energy_0,2024-01-10 20:00:00,12.554936490538902,14.285742023368464
synthetic_energy,energy,linear_trend,energy_0,2024-01-10 21:00:00,12.972233047033619,14.302651219264323
synthetic_energy,energy,linear_trend,energy_0,2024-01-10 22:00:00,13.50999999999999,14.319560415160185
synthetic_energy,energy,linear_trend,energy_0,2024-01-10 23:00:00,14.132952387243687,14.336469611056046
synthetic_energy,energy,linear_trend,energy_1,2024-01-09 00:00:00,14.839999999999995,14.541737403950584
synthetic_energy,energy,linear_trend,energy_1,2024-01-09 01:00:00,15.5070476127563,14.558646599846446
synthetic_energy,energy,linear_trend,energy_1,2024-01-09 02:00:00,16.129999999999985,14.575555795742307
synthetic_energy,energy,linear_trend,energy_1,2024-01-09 03:00:00,16.66776695296636,14.592464991638169
synthetic_energy,energy,linear_trend,energy_1,2024-01-09 04:00:00,17.085063509461094,14.60937418753403
synthetic_energy,energy,linear_trend,energy_1,2024-01-09 05:00:00,17.354814565722666,14.62628338342989
synthetic_energy,energy,linear_trend,energy_1,2024-01-09 06:00:00,17.46,14.643192579325751
synthetic_energy,energy,linear_trend,energy_1,2024-01-09 07:00:00,17.39481456572267,14.660101775221612
synthetic_energy,energy,linear_trend,energy_1,2024-01-09 08:00:00,17.165063509461092,14.677010971117474
synthetic_energy,energy,linear_trend,energy_1,2024-01-09 09:00:00,16.787766952966376,14.693920167013335
synthetic_energy,energy,linear_trend,energy_1,2024-01-09 10:00:00,16.290000000000003,14.710829362909195
synthetic_energy,energy,linear_trend,energy_1,2024-01-09 11:00:00,15.707047612756302,14.727738558805056
synthetic_energy,energy,linear_trend,energy_1,2024-01-09 12:00:00,15.080000000000014,14.744647754700917
synthetic_energy,energy,linear_trend,energy_1,2024-01-09 13:00:00,14.452952387243707,14.761556950596777
synthetic_energy,energy,linear_trend,energy_1,2024-01-09 14:00:00,13.870000000000005,14.778466146492638
synthetic_energy,energy,linear_trend,energy_1,2024-01-09 15:00:00,13.372233047033646,14.7953753423885
synthetic_energy,energy,linear_trend,energy_1,2024-01-09 16:00:00,12.994936490538903,14.812284538284361
synthetic_energy,energy,linear_trend,energy_1,2024-01-09 17:00:00,12.765185434277328,14.829193734180222
synthetic_energy,energy,linear_trend,energy_1,2024-01-09 18:00:00,12.7,14.846102930076082
synthetic_energy,energy,linear_trend,energy_1,2024-01-09 19:00:00,12.805185434277327,14.863012125971943
synthetic_energy,energy,linear_trend,energy_1,2024-01-09 20:00:00,13.074936490538903,14.879921321867805
synthetic_energy,energy,linear_trend,energy_1,2024-01-09 21:00:00,13.492233047033633,14.896830517763666
synthetic_energy,energy,linear_trend,energy_1,2024-01-09 22:00:00,14.02999999999999,14.913739713659528
synthetic_energy,energy,linear_trend,energy_1,2024-01-09 23:00:00,14.65295238724369,14.930648909555387
synthetic_energy,energy,linear_trend,energy_1,2024-01-10 00:00:00,15.319999999999995,14.947558105451249
synthetic_energy,energy,linear_trend,energy_1,2024-01-10 01:00:00,15.987047612756283,14.96446730134711
synthetic_energy,energy,linear_trend,energy_1,2024-01-10 02:00:00,16.609999999999985,14.981376497242971
synthetic_energy,energy,linear_trend,energy_1,2024-01-10 03:00:00,17.14776695296637,14.998285693138833
synthetic_energy,energy,linear_trend,energy_1,2024-01-10 04:00:00,17.5650635094611,15.015194889034692
synthetic_energy,energy,linear_trend,energy_1,2024-01-10 05:00:00,17.834814565722667,15.032104084930554
synthetic_energy,energy,linear_trend,energy_1,2024-01-10 06:00:00,17.94,15.049013280826415
synthetic_energy,energy,linear_trend,energy_1,2024-01-10 07:00:00,17.87481456572267,15.065922476722276
synthetic_energy,energy,linear_trend,energy_1,2024-01-10 08:00:00,17.645063509461103,15.082831672618138
synthetic_energy,energy,linear_trend,energy_1,2024-01-10 09:00:00,17.267766952966376,15.099740868513997
synthetic_energy,energy,linear_trend,energy_1,2024-01-10 10:00:00,16.770000000000003,15.116650064409859
synthetic_energy,energy,linear_trend,energy_1,2024-01-10 11:00:00,16.18704761275632,15.13355926030572
synthetic_energy,energy,linear_trend,energy_1,2024-01-10 12:00:00,15.560000000000015,15.15046845620158
synthetic_energy,energy,linear_trend,energy_1,2024-01-10 13:00:00,14.93295238724371,15.167377652097441
synthetic_energy,energy,linear_trend,energy_1,2024-01-10 14:00:00,14.34999999999999,15.184286847993302
synthetic_energy,energy,linear_trend,energy_1,2024-01-10 15:00:00,13.852233047033636,15.201196043889164
synthetic_energy,energy,linear_trend,energy_1,2024-01-10 16:00:00,13.474936490538905,15.218105239785025
synthetic_energy,energy,linear_trend,energy_1,2024-01-10 17:00:00,13.245185434277328,15.235014435680885
synthetic_energy,energy,linear_trend,energy_1,2024-01-10 18:00:00,13.18,15.251923631576746
synthetic_energy,energy,linear_trend,energy_1,2024-01-10 19:00:00,13.285185434277327,15.268832827472608
synthetic_energy,energy,linear_trend,energy_1,2024-01-10 20:00:00,13.5549364905389,15.285742023368469
synthetic_energy,energy,linear_trend,energy_1,2024-01-10 21:00:00,13.972233047033619,15.30265121926433
synthetic_energy,energy,linear_trend,energy_1,2024-01-10 22:00:00,14.50999999999999,15.31956041516019
synthetic_energy,energy,linear_trend,energy_1,2024-01-10 23:00:00,15.132952387243687,15.336469611056051
synthetic_energy,energy,linear_trend,energy_2,2024-01-09 00:00:00,15.839999999999995,15.541737403950581
synthetic_energy,energy,linear_trend,energy_2,2024-01-09 01:00:00,16.507047612756303,15.558646599846444
synthetic_energy,energy,linear_trend,energy_2,2024-01-09 02:00:00,17.129999999999985,15.575555795742304
synthetic_energy,energy,linear_trend,energy_2,2024-01-09 03:00:00,17.66776695296636,15.592464991638165
synthetic_energy,energy,linear_trend,energy_2,2024-01-09 04:00:00,18.085063509461094,15.609374187534026
synthetic_energy,energy,linear_trend,energy_2,2024-01-09 05:00:00,18.354814565722666,15.626283383429886
synthetic_energy,energy,linear_trend,energy_2,2024-01-09 06:00:00,18.46,15.643192579325747
synthetic_energy,energy,linear_trend,energy_2,2024-01-09 07:00:00,18.39481456572267,15.660101775221609
synthetic_energy,energy,linear_trend,energy_2,2024-01-09 08:00:00,18.165063509461092,15.67701097111747
synthetic_energy,energy,linear_trend,energy_2,2024-01-09 09:00:00,17.787766952966376,15.693920167013331
synthetic_energy,energy,linear_trend,energy_2,2024-01-09 10:00:00,17.290000000000003,15.710829362909191
synthetic_energy,energy,linear_trend,energy_2,2024-01-09 11:00:00,16.707047612756302,15.727738558805052
synthetic_energy,energy,linear_trend,energy_2,2024-01-09 12:00:00,16.080000000000013,15.744647754700914
synthetic_energy,energy,linear_trend,energy_2,2024-01-09 13:00:00,15.452952387243707,15.761556950596775
synthetic_energy,energy,linear_trend,energy_2,2024-01-09 14:00:00,14.870000000000005,15.778466146492637
synthetic_energy,energy,linear_trend,energy_2,2024-01-09 15:00:00,14.372233047033646,15.795375342388496
synthetic_energy,energy,linear_trend,energy_2,2024-01-09 16:00:00,13.994936490538903,15.812284538284358
synthetic_energy,energy,linear_trend,energy_2,2024-01-09 17:00:00,13.765185434277328,15.829193734180219
synthetic_energy,energy,linear_trend,energy_2,2024-01-09 18:00:00,13.7,15.84610293007608
synthetic_energy,energy,linear_trend,energy_2,2024-01-09 19:00:00,13.805185434277327,15.863012125971942
synthetic_energy,energy,linear_trend,energy_2,2024-01-09 20:00:00,14.074936490538903,15.879921321867801
synthetic_energy,energy,linear_trend,energy_2,2024-01-09 21:00:00,14.492233047033633,15.896830517763663
synthetic_energy,energy,linear_trend,energy_2,2024-01-09 22:00:00,15.02999999999999,15.913739713659524
synthetic_energy,energy,linear_trend,energy_2,2024-01-09 23:00:00,15.65295238724369,15.930648909555384
synthetic_energy,energy,linear_trend,energy_2,2024-01-10 00:00:00,16.319999999999993,15.947558105451245
synthetic_energy,energy,linear_trend,energy_2,2024-01-10 01:00:00,16.987047612756285,15.964467301347106
synthetic_energy,energy,linear_trend,energy_2,2024-01-10 02:00:00,17.609999999999985,15.981376497242968
synthetic_energy,energy,linear_trend,energy_2,2024-01-10 03:00:00,18.14776695296637,15.998285693138829
synthetic_energy,energy,linear_trend,energy_2,2024-01-10 04:00:00,18.5650635094611,16.01519488903469
synthetic_energy,energy,linear_trend,energy_2,2024-01-10 05:00:00,18.834814565722667,16.032104084930552
synthetic_energy,energy,linear_trend,energy_2,2024-01-10 06:00:00,18.94,16.04901328082641
synthetic_energy,energy,linear_trend,energy_2,2024-01-10 07:00:00,18.87481456572267,16.06592247672227
synthetic_energy,energy,linear_trend,energy_2,2024-01-10 08:00:00,18.645063509461103,16.082831672618134
synthetic_energy,energy,linear_trend,energy_2,2024-01-10 09:00:00,18.267766952966376,16.099740868513994
synthetic_energy,energy,linear_trend,energy_2,2024-01-10 10:00:00,17.770000000000003,16.116650064409853
synthetic_energy,energy,linear_trend,energy_2,2024-01-10 11:00:00,17.18704761275632,16.133559260305717
synthetic_energy,energy,linear_trend,energy_2,2024-01-10 12:00:00,16.560000000000016,16.150468456201576
synthetic_energy,energy,linear_trend,energy_2,2024-01-10 13:00:00,15.93295238724371,16.16737765209744
synthetic_energy,energy,linear_trend,energy_2,2024-01-10 14:00:00,15.34999999999999,16.1842868479933
synthetic_energy,energy,linear_trend,energy_2,2024-01-10 15:00:00,14.852233047033636,16.201196043889162
synthetic_energy,energy,linear_trend,energy_2,2024-01-10 16:00:00,14.474936490538905,16.21810523978502
synthetic_energy,energy,linear_trend,energy_2,2024-01-10 17:00:00,14.245185434277328,16.23501443568088
synthetic_energy,energy,linear_trend,energy_2,2024-01-10 18:00:00,14.18,16.251923631576744
synthetic_energy,energy,linear_trend,energy_2,2024-01-10 19:00:00,14.285185434277327,16.268832827472604
synthetic_energy,energy,linear_trend,energy_2,2024-01-10 20:00:00,14.5549364905389,16.285742023368464
synthetic_energy,energy,linear_trend,energy_2,2024-01-10 21:00:00,14.972233047033619,16.302651219264327
synthetic_energy,energy,linear_trend,energy_2,2024-01-10 22:00:00,15.50999999999999,16.319560415160186
synthetic_energy,energy,linear_trend,energy_2,2024-01-10 23:00:00,16.132952387243687,16.33646961105605
synthetic_energy,energy,ridge_ar,energy_0,2024-01-09 00:00:00,13.839999999999995,13.847083746145062
synthetic_energy,energy,ridge_ar,energy_0,2024-01-09 01:00:00,14.5070476127563,14.515260237816532
synthetic_energy,energy,ridge_ar,energy_0,2024-01-09 02:00:00,15.129999999999985,15.13660851244618
synthetic_energy,energy,ridge_ar,energy_0,2024-01-09 03:00:00,15.66776695296636,15.670148730643575
synthetic_energy,energy,ridge_ar,energy_0,2024-01-09 04:00:00,16.085063509461094,16.081583904890582
synthetic_energy,energy,ridge_ar,energy_0,2024-01-09 05:00:00,16.354814565722666,16.34610163568269
synthetic_energy,energy,ridge_ar,energy_0,2024-01-09 06:00:00,16.46,16.448416052496416
synthetic_energy,energy,ridge_ar,energy_0,2024-01-09 07:00:00,16.39481456572267,16.38364856200573
synthetic_energy,energy,ridge_ar,energy_0,2024-01-09 08:00:00,16.165063509461092,16.15752566143668
synthetic_energy,energy,ridge_ar,energy_0,2024-01-09 09:00:00,15.787766952966376,15.786144476037723
synthetic_energy,energy,ridge_ar,energy_0,2024-01-09 10:00:00,15.290000000000003,15.29524225616276
synthetic_energy,energy,ridge_ar,energy_0,2024-01-09 11:00:00,14.707047612756302,14.718756832691419
synthetic_energy,energy,ridge_ar,energy_0,2024-01-09 12:00:00,14.080000000000014,14.096715020298113
synthetic_energy,energy,ridge_ar,energy_0,2024-01-09 13:00:00,13.452952387243707,13.472587523943616
synthetic_energy,energy,ridge_ar,energy_0,2024-01-09 14:00:00,12.870000000000005,12.890325505910129
synthetic_energy,energy,ridge_ar,energy_0,2024-01-09 15:00:00,12.372233047033646,12.39132642583522
synthetic_energy,energy,ridge_ar,energy_0,2024-01-09 16:00:00,11.994936490538903,12.011563322226731
synthetic_energy,energy,ridge_ar,energy_0,2024-01-09 17:00:00,11.765185434277328,11.77907891308782
synthetic_energy,energy,ridge_ar,energy_0,2024-01-09 18:00:00,11.7,11.712002173018762
synthetic_energy,energy,ridge_ar,energy_0,2024-01-09 19:00:00,11.805185434277327,11.817197555253072
synthetic_energy,energy,ridge_ar,energy_0,2024-01-09 20:00:00,12.074936490538903,12.089615695996498
synthetic_energy,energy,ridge_ar,energy_0,2024-01-09 21:00:00,12.492233047033633,12.512392218880366
synthetic_energy,energy,ridge_ar,energy_0,2024-01-09 22:00:00,13.02999999999999,13.057747363140829
synthetic_energy,energy,ridge_ar,energy_0,2024-01-09 23:00:00,13.65295238724369,13.68875876578959
synthetic_energy,energy,ridge_ar,energy_0,2024-01-10 00:00:00,14.319999999999995,14.363891058511655
synthetic_energy,energy,ridge_ar,energy_0,2024-01-10 01:00:00,14.987047612756283,15.033833361849613
synthetic_energy,energy,ridge_ar,energy_0,2024-01-10 02:00:00,15.609999999999985,15.653593063297112
synthetic_energy,energy,ridge_ar,energy_0,2024-01-10 03:00:00,16.14776695296637,16.182266940697346
synthetic_energy,energy,ridge_ar,energy_0,2024-01-10 04:00:00,16.5650635094611,16.586698211799078
synthetic_energy,energy,ridge_ar,energy_0,2024-01-10 05:00:00,16.834814565722667,16.84346654069191
synthetic_energy,energy,ridge_ar,energy_0,2024-01-10 06:00:00,16.94,16.938887575395576
synthetic_energy,energy,ridge_ar,energy_0,2024-01-10 07:00:00,16.87481456572267,16.869174696031855
synthetic_energy,energy,ridge_ar,energy_0,2024-01-10 08:00:00,16.645063509461103,16.640421592829153
synthetic_energy,energy,ridge_ar,energy_0,2024-01-10 09:00:00,16.267766952966376,16.26847958552224
synthetic_energy,energy,ridge_ar,energy_0,2024-01-10 10:00:00,15.770000000000003,15.77849225726482
synthetic_energy,energy,ridge_ar,energy_0,2024-01-10 11:00:00,15.18704761275632,15.203736236999456
synthetic_energy,energy,ridge_ar,energy_0,2024-01-10 12:00:00,14.560000000000015,14.5836986335757
synthetic_energy,energy,ridge_ar,energy_0,2024-01-10 13:00:00,13.93295238724371,13.961514115536442
synthetic_energy,energy,ridge_ar,energy_0,2024-01-10 14:00:00,13.34999999999999,13.38100857035559
synthetic_energy,energy,ridge_ar,energy_0,2024-01-10 15:00:00,12.852233047033636,12.88363807503923
synthetic_energy,energy,ridge_ar,energy_0,2024-01-10 16:00:00,12.474936490538903,12.505586557403024
synthetic_energy,energy,ridge_ar,energy_0,2024-01-10 17:00:00,12.245185434277328,12.275233697536455
synthetic_energy,energy,ridge_ar,energy_0,2024-01-10 18:00:00,12.18,12.211142267145897
synthetic_energy,energy,ridge_ar,energy_0,2024-01-10 19:00:00,12.285185434277327,12.320650524182405
synthetic_energy,energy,ridge_ar,energy_0,2024-01-10 20:00:00,12.554936490538902,12.599104484953964
synthetic_energy,energy,ridge_ar,energy_0,2024-01-10 21:00:00,12.972233047033619,13.029751991679618
synthetic_energy,energy,ridge_ar,energy_0,2024-01-10 22:00:00,13.50999999999999,13.584373964506256
synthetic_energy,energy,ridge_ar,energy_0,2024-01-10 23:00:00,14.132952387243687,14.22483997522834
synthetic_energy,energy,ridge_ar,energy_1,2024-01-09 00:00:00,14.839999999999995,14.84708374614506
synthetic_energy,energy,ridge_ar,energy_1,2024-01-09 01:00:00,15.5070476127563,15.51526023781653
synthetic_energy,energy,ridge_ar,energy_1,2024-01-09 02:00:00,16.129999999999985,16.13660851244618
synthetic_energy,energy,ridge_ar,energy_1,2024-01-09 03:00:00,16.66776695296636,16.670148730643575
synthetic_energy,energy,ridge_ar,energy_1,2024-01-09 04:00:00,17.085063509461094,17.081583904890582
synthetic_energy,energy,ridge_ar,energy_1,2024-01-09 05:00:00,17.354814565722666,17.346101635682686
synthetic_energy,energy,ridge_ar,energy_1,2024-01-09 06:00:00,17.46,17.448416052496412
synthetic_energy,energy,ridge_ar,energy_1,2024-01-09 07:00:00,17.39481456572267,17.38364856200573
synthetic_energy,energy,ridge_ar,energy_1,2024-01-09 08:00:00,17.165063509461092,17.157525661436676
synthetic_energy,energy,ridge_ar,energy_1,2024-01-09 09:00:00,16.787766952966376,16.786144476037723
synthetic_energy,energy,ridge_ar,energy_1,2024-01-09 10:00:00,16.290000000000003,16.29524225616276
synthetic_energy,energy,ridge_ar,energy_1,2024-01-09 11:00:00,15.707047612756302,15.718756832691419
synthetic_energy,energy,ridge_ar,energy_1,2024-01-09 12:00:00,15.080000000000014,15.096715020298113
synthetic_energy,energy,ridge_ar,energy_1,2024-01-09 13:00:00,14.452952387243707,14.472587523943616
synthetic_energy,energy,ridge_ar,energy_1,2024-01-09 14:00:00,13.870000000000005,13.890325505910129
synthetic_energy,energy,ridge_ar,energy_1,2024-01-09 15:00:00,13.372233047033646,13.39132642583522
synthetic_energy,energy,ridge_ar,energy_1,2024-01-09 16:00:00,12.994936490538903,13.011563322226731
synthetic_energy,energy,ridge_ar,energy_1,2024-01-09 17:00:00,12.765185434277328,12.779078913087819
synthetic_energy,energy,ridge_ar,energy_1,2024-01-09 18:00:00,12.7,12.712002173018762
synthetic_energy,energy,ridge_ar,energy_1,2024-01-09 19:00:00,12.805185434277327,12.817197555253072
synthetic_energy,energy,ridge_ar,energy_1,2024-01-09 20:00:00,13.074936490538903,13.089615695996496
synthetic_energy,energy,ridge_ar,energy_1,2024-01-09 21:00:00,13.492233047033633,13.512392218880365
synthetic_energy,energy,ridge_ar,energy_1,2024-01-09 22:00:00,14.02999999999999,14.057747363140827
synthetic_energy,energy,ridge_ar,energy_1,2024-01-09 23:00:00,14.65295238724369,14.688758765789588
synthetic_energy,energy,ridge_ar,energy_1,2024-01-10 00:00:00,15.319999999999995,15.363891058511651
synthetic_energy,energy,ridge_ar,energy_1,2024-01-10 01:00:00,15.987047612756283,16.03383336184961
synthetic_energy,energy,ridge_ar,energy_1,2024-01-10 02:00:00,16.609999999999985,16.65359306329711
synthetic_energy,energy,ridge_ar,energy_1,2024-01-10 03:00:00,17.14776695296637,17.182266940697346
synthetic_energy,energy,ridge_ar,energy_1,2024-01-10 04:00:00,17.5650635094611,17.586698211799074
synthetic_energy,energy,ridge_ar,energy_1,2024-01-10 05:00:00,17.834814565722667,17.843466540691914
synthetic_energy,energy,ridge_ar,energy_1,2024-01-10 06:00:00,17.94,17.938887575395572
synthetic_energy,energy,ridge_ar,energy_1,2024-01-10 07:00:00,17.87481456572267,17.869174696031855
synthetic_energy,energy,ridge_ar,energy_1,2024-01-10 08:00:00,17.645063509461103,17.640421592829153
synthetic_energy,energy,ridge_ar,energy_1,2024-01-10 09:00:00,17.267766952966376,17.268479585522243
synthetic_energy,energy,ridge_ar,energy_1,2024-01-10 10:00:00,16.770000000000003,16.77849225726482
synthetic_energy,energy,ridge_ar,energy_1,2024-01-10 11:00:00,16.18704761275632,16.203736236999454
synthetic_energy,energy,ridge_ar,energy_1,2024-01-10 12:00:00,15.560000000000015,15.5836986335757
synthetic_energy,energy,ridge_ar,energy_1,2024-01-10 13:00:00,14.93295238724371,14.961514115536442
synthetic_energy,energy,ridge_ar,energy_1,2024-01-10 14:00:00,14.34999999999999,14.38100857035559
synthetic_energy,energy,ridge_ar,energy_1,2024-01-10 15:00:00,13.852233047033636,13.883638075039228
synthetic_energy,energy,ridge_ar,energy_1,2024-01-10 16:00:00,13.474936490538905,13.505586557403024
synthetic_energy,energy,ridge_ar,energy_1,2024-01-10 17:00:00,13.245185434277328,13.275233697536454
synthetic_energy,energy,ridge_ar,energy_1,2024-01-10 18:00:00,13.18,13.211142267145897
synthetic_energy,energy,ridge_ar,energy_1,2024-01-10 19:00:00,13.285185434277327,13.320650524182403
synthetic_energy,energy,ridge_ar,energy_1,2024-01-10 20:00:00,13.5549364905389,13.599104484953964
synthetic_energy,energy,ridge_ar,energy_1,2024-01-10 21:00:00,13.972233047033619,14.029751991679618
synthetic_energy,energy,ridge_ar,energy_1,2024-01-10 22:00:00,14.50999999999999,14.584373964506254
synthetic_energy,energy,ridge_ar,energy_1,2024-01-10 23:00:00,15.132952387243687,15.224839975228337
synthetic_energy,energy,ridge_ar,energy_2,2024-01-09 00:00:00,15.839999999999995,15.84708374614506
synthetic_energy,energy,ridge_ar,energy_2,2024-01-09 01:00:00,16.507047612756303,16.51526023781653
synthetic_energy,energy,ridge_ar,energy_2,2024-01-09 02:00:00,17.129999999999985,17.136608512446177
synthetic_energy,energy,ridge_ar,energy_2,2024-01-09 03:00:00,17.66776695296636,17.670148730643575
synthetic_energy,energy,ridge_ar,energy_2,2024-01-09 04:00:00,18.085063509461094,18.081583904890582
synthetic_energy,energy,ridge_ar,energy_2,2024-01-09 05:00:00,18.354814565722666,18.346101635682686
synthetic_energy,energy,ridge_ar,energy_2,2024-01-09 06:00:00,18.46,18.448416052496412
synthetic_energy,energy,ridge_ar,energy_2,2024-01-09 07:00:00,18.39481456572267,18.38364856200573
synthetic_energy,energy,ridge_ar,energy_2,2024-01-09 08:00:00,18.165063509461092,18.15752566143668
synthetic_energy,energy,ridge_ar,energy_2,2024-01-09 09:00:00,17.787766952966376,17.78614447603772
synthetic_energy,energy,ridge_ar,energy_2,2024-01-09 10:00:00,17.290000000000003,17.29524225616276
synthetic_energy,energy,ridge_ar,energy_2,2024-01-09 11:00:00,16.707047612756302,16.71875683269142
synthetic_energy,energy,ridge_ar,energy_2,2024-01-09 12:00:00,16.080000000000013,16.096715020298113
synthetic_energy,energy,ridge_ar,energy_2,2024-01-09 13:00:00,15.452952387243707,15.472587523943616
synthetic_energy,energy,ridge_ar,energy_2,2024-01-09 14:00:00,14.870000000000005,14.890325505910129
synthetic_energy,energy,ridge_ar,energy_2,2024-01-09 15:00:00,14.372233047033646,14.391326425835222
synthetic_energy,energy,ridge_ar,energy_2,2024-01-09 16:00:00,13.994936490538903,14.011563322226731
synthetic_energy,energy,ridge_ar,energy_2,2024-01-09 17:00:00,13.765185434277328,13.77907891308782
synthetic_energy,energy,ridge_ar,energy_2,2024-01-09 18:00:00,13.7,13.712002173018764
synthetic_energy,energy,ridge_ar,energy_2,2024-01-09 19:00:00,13.805185434277327,13.817197555253074
synthetic_energy,energy,ridge_ar,energy_2,2024-01-09 20:00:00,14.074936490538903,14.089615695996498
synthetic_energy,energy,ridge_ar,energy_2,2024-01-09 21:00:00,14.492233047033633,14.512392218880368
synthetic_energy,energy,ridge_ar,energy_2,2024-01-09 22:00:00,15.02999999999999,15.05774736314083
synthetic_energy,energy,ridge_ar,energy_2,2024-01-09 23:00:00,15.65295238724369,15.688758765789592
synthetic_energy,energy,ridge_ar,energy_2,2024-01-10 00:00:00,16.319999999999993,16.363891058511655
synthetic_energy,energy,ridge_ar,energy_2,2024-01-10 01:00:00,16.987047612756285,17.033833361849613
synthetic_energy,energy,ridge_ar,energy_2,2024-01-10 02:00:00,17.609999999999985,17.65359306329711
synthetic_energy,energy,ridge_ar,energy_2,2024-01-10 03:00:00,18.14776695296637,18.182266940697346
synthetic_energy,energy,ridge_ar,energy_2,2024-01-10 04:00:00,18.5650635094611,18.586698211799078
synthetic_energy,energy,ridge_ar,energy_2,2024-01-10 05:00:00,18.834814565722667,18.843466540691914
synthetic_energy,energy,ridge_ar,energy_2,2024-01-10 06:00:00,18.94,18.938887575395572
synthetic_energy,energy,ridge_ar,energy_2,2024-01-10 07:00:00,18.87481456572267,18.86917469603186
synthetic_energy,energy,ridge_ar,energy_2,2024-01-10 08:00:00,18.645063509461103,18.640421592829153
synthetic_energy,energy,ridge_ar,energy_2,2024-01-10 09:00:00,18.267766952966376,18.268479585522243
synthetic_energy,energy,ridge_ar,energy_2,2024-01-10 10:00:00,17.770000000000003,17.77849225726482
synthetic_energy,energy,ridge_ar,energy_2,2024-01-10 11:00:00,17.18704761275632,17.203736236999454
synthetic_energy,energy,ridge_ar,energy_2,2024-01-10 12:00:00,16.560000000000016,16.583698633575704
synthetic_energy,energy,ridge_ar,energy_2,2024-01-10 13:00:00,15.93295238724371,15.961514115536442
synthetic_energy,energy,ridge_ar,energy_2,2024-01-10 14:00:00,15.34999999999999,15.38100857035559
synthetic_energy,energy,ridge_ar,energy_2,2024-01-10 15:00:00,14.852233047033636,14.88363807503923
synthetic_energy,energy,ridge_ar,energy_2,2024-01-10 16:00:00,14.474936490538905,14.505586557403026
synthetic_energy,energy,ridge_ar,energy_2,2024-01-10 17:00:00,14.245185434277328,14.275233697536454
synthetic_energy,energy,ridge_ar,energy_2,2024-01-10 18:00:00,14.18,14.211142267145897
synthetic_energy,energy,ridge_ar,energy_2,2024-01-10 19:00:00,14.285185434277327,14.320650524182403
synthetic_energy,energy,ridge_ar,energy_2,2024-01-10 20:00:00,14.5549364905389,14.599104484953964
synthetic_energy,energy,ridge_ar,energy_2,2024-01-10 21:00:00,14.972233047033619,15.029751991679618
synthetic_energy,energy,ridge_ar,energy_2,2024-01-10 22:00:00,15.50999999999999,15.584373964506256
synthetic_energy,energy,ridge_ar,energy_2,2024-01-10 23:00:00,16.132952387243687,16.22483997522834
synthetic_energy,energy,hist_gradient_boosting_ar,energy_0,2024-01-09 00:00:00,13.839999999999995,13.832224654591261
synthetic_energy,energy,hist_gradient_boosting_ar,energy_0,2024-01-09 01:00:00,14.5070476127563,14.592766340571078
synthetic_energy,energy,hist_gradient_boosting_ar,energy_0,2024-01-09 02:00:00,15.129999999999985,15.194017863277187
synthetic_energy,energy,hist_gradient_boosting_ar,energy_0,2024-01-09 03:00:00,15.66776695296636,15.663500592745208
synthetic_energy,energy,hist_gradient_boosting_ar,energy_0,2024-01-09 04:00:00,16.085063509461094,15.732099238347649
synthetic_energy,energy,hist_gradient_boosting_ar,energy_0,2024-01-09 05:00:00,16.354814565722666,15.750193874857928
synthetic_energy,energy,hist_gradient_boosting_ar,energy_0,2024-01-09 06:00:00,16.46,15.750193874857928
synthetic_energy,energy,hist_gradient_boosting_ar,energy_0,2024-01-09 07:00:00,16.39481456572267,15.750193874857928
synthetic_energy,energy,hist_gradient_boosting_ar,energy_0,2024-01-09 08:00:00,16.165063509461092,15.750193874857928
synthetic_energy,energy,hist_gradient_boosting_ar,energy_0,2024-01-09 09:00:00,15.787766952966376,15.750193874857928
synthetic_energy,energy,hist_gradient_boosting_ar,energy_0,2024-01-09 10:00:00,15.290000000000003,15.437027873972896
synthetic_energy,energy,hist_gradient_boosting_ar,energy_0,2024-01-09 11:00:00,14.707047612756302,14.874376998586655
synthetic_energy,energy,hist_gradient_boosting_ar,energy_0,2024-01-09 12:00:00,14.080000000000014,14.05237854197499
synthetic_energy,energy,hist_gradient_boosting_ar,energy_0,2024-01-09 13:00:00,13.452952387243707,13.457131092691773
synthetic_energy,energy,hist_gradient_boosting_ar,energy_0,2024-01-09 14:00:00,12.870000000000005,12.858180809027699
synthetic_energy,energy,hist_gradient_boosting_ar,energy_0,2024-01-09 15:00:00,12.372233047033646,12.380202489483326
synthetic_energy,energy,hist_gradient_boosting_ar,energy_0,2024-01-09 16:00:00,11.994936490538903,12.024226098716007
synthetic_energy,energy,hist_gradient_boosting_ar,energy_0,2024-01-09 17:00:00,11.765185434277328,11.840404473322003
synthetic_energy,energy,hist_gradient_boosting_ar,energy_0,2024-01-09 18:00:00,11.7,11.746124745849347
synthetic_energy,energy,hist_gradient_boosting_ar,energy_0,2024-01-09 19:00:00,11.805185434277327,11.840189095678115
synthetic_energy,energy,hist_gradient_boosting_ar,energy_0,2024-01-09 20:00:00,12.074936490538903,12.118909404541292
synthetic_energy,energy,hist_gradient_boosting_ar,energy_0,2024-01-09 21:00:00,12.492233047033633,12.501557685952173
synthetic_energy,energy,hist_gradient_boosting_ar,energy_0,2024-01-09 22:00:00,13.02999999999999,13.061717452029631
synthetic_energy,energy,hist_gradient_boosting_ar,energy_0,2024-01-09 23:00:00,13.65295238724369,13.667867388481614
synthetic_energy,energy,hist_gradient_boosting_ar,energy_0,2024-01-10 00:00:00,14.319999999999995,14.458038828090796
synthetic_energy,energy,hist_gradient_boosting_ar,energy_0,2024-01-10 01:00:00,14.987047612756283,15.194017863277187
synthetic_energy,energy,hist_gradient_boosting_ar,energy_0,2024-01-10 02:00:00,15.609999999999985,15.664444846335144
synthetic_energy,energy,hist_gradient_boosting_ar,energy_0,2024-01-10 03:00:00,16.14776695296637,15.732099238347649
synthetic_energy,energy,hist_gradient_boosting_ar,energy_0,2024-01-10 04:00:00,16.5650635094611,15.750193874857928
synthetic_energy,energy,hist_gradient_boosting_ar,energy_0,2024-01-10 05:00:00,16.834814565722667,15.750193874857928
synthetic_energy,energy,hist_gradient_boosting_ar,energy_0,2024-01-10 06:00:00,16.94,15.750193874857928
synthetic_energy,energy,hist_gradient_boosting_ar,energy_0,2024-01-10 07:00:00,16.87481456572267,15.750193874857928
synthetic_energy,energy,hist_gradient_boosting_ar,energy_0,2024-01-10 08:00:00,16.645063509461103,15.750193874857928
synthetic_energy,energy,hist_gradient_boosting_ar,energy_0,2024-01-10 09:00:00,16.267766952966376,15.750193874857928
synthetic_energy,energy,hist_gradient_boosting_ar,energy_0,2024-01-10 10:00:00,15.770000000000003,15.750193874857928
synthetic_energy,energy,hist_gradient_boosting_ar,energy_0,2024-01-10 11:00:00,15.18704761275632,15.569655896275151
synthetic_energy,energy,hist_gradient_boosting_ar,energy_0,2024-01-10 12:00:00,14.560000000000015,14.74486829332719
synthetic_energy,energy,hist_gradient_boosting_ar,energy_0,2024-01-10 13:00:00,13.93295238724371,13.958833986648333
synthetic_energy,energy,hist_gradient_boosting_ar,energy_0,2024-01-10 14:00:00,13.34999999999999,13.36471857465079
synthetic_energy,energy,hist_gradient_boosting_ar,energy_0,2024-01-10 15:00:00,12.852233047033636,12.878121577172548
synthetic_energy,energy,hist_gradient_boosting_ar,energy_0,2024-01-10 16:00:00,12.474936490538903,12.55942246663237
synthetic_energy,energy,hist_gradient_boosting_ar,energy_0,2024-01-10 17:00:00,12.245185434277328,12.400143257628175
synthetic_energy,energy,hist_gradient_boosting_ar,energy_0,2024-01-10 18:00:00,12.18,12.222891876860118
synthetic_energy,energy,hist_gradient_boosting_ar,energy_0,2024-01-10 19:00:00,12.285185434277327,12.400143257628175
synthetic_energy,energy,hist_gradient_boosting_ar,energy_0,2024-01-10 20:00:00,12.554936490538902,12.651770306051512
synthetic_energy,energy,hist_gradient_boosting_ar,energy_0,2024-01-10 21:00:00,12.972233047033619,13.061456306105622
synthetic_energy,energy,hist_gradient_boosting_ar,energy_0,2024-01-10 22:00:00,13.50999999999999,13.532866685583173
synthetic_energy,energy,hist_gradient_boosting_ar,energy_0,2024-01-10 23:00:00,14.132952387243687,14.15062768445744
synthetic_energy,energy,hist_gradient_boosting_ar,energy_1,2024-01-09 00:00:00,14.839999999999995,14.832224654591258
synthetic_energy,energy,hist_gradient_boosting_ar,energy_1,2024-01-09 01:00:00,15.5070476127563,15.592766340571075
synthetic_energy,energy,hist_gradient_boosting_ar,energy_1,2024-01-09 02:00:00,16.129999999999985,16.194017863277182
synthetic_energy,energy,hist_gradient_boosting_ar,energy_1,2024-01-09 03:00:00,16.66776695296636,16.663500592745205
synthetic_energy,energy,hist_gradient_boosting_ar,energy_1,2024-01-09 04:00:00,17.085063509461094,16.732099238347644
synthetic_energy,energy,hist_gradient_boosting_ar,energy_1,2024-01-09 05:00:00,17.354814565722666,16.750193874857924
synthetic_energy,energy,hist_gradient_boosting_ar,energy_1,2024-01-09 06:00:00,17.46,16.750193874857924
synthetic_energy,energy,hist_gradient_boosting_ar,energy_1,2024-01-09 07:00:00,17.39481456572267,16.750193874857924
synthetic_energy,energy,hist_gradient_boosting_ar,energy_1,2024-01-09 08:00:00,17.165063509461092,16.750193874857924
synthetic_energy,energy,hist_gradient_boosting_ar,energy_1,2024-01-09 09:00:00,16.787766952966376,16.750193874857924
synthetic_energy,energy,hist_gradient_boosting_ar,energy_1,2024-01-09 10:00:00,16.290000000000003,16.43702787397289
synthetic_energy,energy,hist_gradient_boosting_ar,energy_1,2024-01-09 11:00:00,15.707047612756302,15.874376998586651
synthetic_energy,energy,hist_gradient_boosting_ar,energy_1,2024-01-09 12:00:00,15.080000000000014,15.052378541974987
synthetic_energy,energy,hist_gradient_boosting_ar,energy_1,2024-01-09 13:00:00,14.452952387243707,14.45713109269177
synthetic_energy,energy,hist_gradient_boosting_ar,energy_1,2024-01-09 14:00:00,13.870000000000005,13.858180809027695
synthetic_energy,energy,hist_gradient_boosting_ar,energy_1,2024-01-09 15:00:00,13.372233047033646,13.380202489483322
synthetic_energy,energy,hist_gradient_boosting_ar,energy_1,2024-01-09 16:00:00,12.994936490538903,13.024226098716003
synthetic_energy,energy,hist_gradient_boosting_ar,energy_1,2024-01-09 17:00:00,12.765185434277328,12.840404473322
synthetic_energy,energy,hist_gradient_boosting_ar,energy_1,2024-01-09 18:00:00,12.7,12.746124745849343
synthetic_energy,energy,hist_gradient_boosting_ar,energy_1,2024-01-09 19:00:00,12.805185434277327,12.840189095678111
synthetic_energy,energy,hist_gradient_boosting_ar,energy_1,2024-01-09 20:00:00,13.074936490538903,13.118909404541288
synthetic_energy,energy,hist_gradient_boosting_ar,energy_1,2024-01-09 21:00:00,13.492233047033633,13.50155768595217
synthetic_energy,energy,hist_gradient_boosting_ar,energy_1,2024-01-09 22:00:00,14.02999999999999,14.061717452029628
synthetic_energy,energy,hist_gradient_boosting_ar,energy_1,2024-01-09 23:00:00,14.65295238724369,14.66786738848161
synthetic_energy,energy,hist_gradient_boosting_ar,energy_1,2024-01-10 00:00:00,15.319999999999995,15.458038828090793
synthetic_energy,energy,hist_gradient_boosting_ar,energy_1,2024-01-10 01:00:00,15.987047612756283,16.194017863277182
synthetic_energy,energy,hist_gradient_boosting_ar,energy_1,2024-01-10 02:00:00,16.609999999999985,16.66444484633514
synthetic_energy,energy,hist_gradient_boosting_ar,energy_1,2024-01-10 03:00:00,17.14776695296637,16.732099238347644
synthetic_energy,energy,hist_gradient_boosting_ar,energy_1,2024-01-10 04:00:00,17.5650635094611,16.750193874857924
synthetic_energy,energy,hist_gradient_boosting_ar,energy_1,2024-01-10 05:00:00,17.834814565722667,16.750193874857924
synthetic_energy,energy,hist_gradient_boosting_ar,energy_1,2024-01-10 06:00:00,17.94,16.750193874857924
synthetic_energy,energy,hist_gradient_boosting_ar,energy_1,2024-01-10 07:00:00,17.87481456572267,16.750193874857924
synthetic_energy,energy,hist_gradient_boosting_ar,energy_1,2024-01-10 08:00:00,17.645063509461103,16.750193874857924
synthetic_energy,energy,hist_gradient_boosting_ar,energy_1,2024-01-10 09:00:00,17.267766952966376,16.750193874857924
synthetic_energy,energy,hist_gradient_boosting_ar,energy_1,2024-01-10 10:00:00,16.770000000000003,16.750193874857924
synthetic_energy,energy,hist_gradient_boosting_ar,energy_1,2024-01-10 11:00:00,16.18704761275632,16.569655896275147
synthetic_energy,energy,hist_gradient_boosting_ar,energy_1,2024-01-10 12:00:00,15.560000000000015,15.744868293327187
synthetic_energy,energy,hist_gradient_boosting_ar,energy_1,2024-01-10 13:00:00,14.93295238724371,14.95883398664833
synthetic_energy,energy,hist_gradient_boosting_ar,energy_1,2024-01-10 14:00:00,14.34999999999999,14.364718574650787
synthetic_energy,energy,hist_gradient_boosting_ar,energy_1,2024-01-10 15:00:00,13.852233047033636,13.878121577172545
synthetic_energy,energy,hist_gradient_boosting_ar,energy_1,2024-01-10 16:00:00,13.474936490538905,13.559422466632366
synthetic_energy,energy,hist_gradient_boosting_ar,energy_1,2024-01-10 17:00:00,13.245185434277328,13.400143257628171
synthetic_energy,energy,hist_gradient_boosting_ar,energy_1,2024-01-10 18:00:00,13.18,13.222891876860114
synthetic_energy,energy,hist_gradient_boosting_ar,energy_1,2024-01-10 19:00:00,13.285185434277327,13.400143257628171
synthetic_energy,energy,hist_gradient_boosting_ar,energy_1,2024-01-10 20:00:00,13.5549364905389,13.651770306051509
synthetic_energy,energy,hist_gradient_boosting_ar,energy_1,2024-01-10 21:00:00,13.972233047033619,14.061456306105619
synthetic_energy,energy,hist_gradient_boosting_ar,energy_1,2024-01-10 22:00:00,14.50999999999999,14.53286668558317
synthetic_energy,energy,hist_gradient_boosting_ar,energy_1,2024-01-10 23:00:00,15.132952387243687,15.150627684457437
synthetic_energy,energy,hist_gradient_boosting_ar,energy_2,2024-01-09 00:00:00,15.839999999999995,15.832224654591258
synthetic_energy,energy,hist_gradient_boosting_ar,energy_2,2024-01-09 01:00:00,16.507047612756303,16.592766340571075
synthetic_energy,energy,hist_gradient_boosting_ar,energy_2,2024-01-09 02:00:00,17.129999999999985,17.194017863277182
synthetic_energy,energy,hist_gradient_boosting_ar,energy_2,2024-01-09 03:00:00,17.66776695296636,17.663500592745205
synthetic_energy,energy,hist_gradient_boosting_ar,energy_2,2024-01-09 04:00:00,18.085063509461094,17.732099238347644
synthetic_energy,energy,hist_gradient_boosting_ar,energy_2,2024-01-09 05:00:00,18.354814565722666,17.750193874857924
synthetic_energy,energy,hist_gradient_boosting_ar,energy_2,2024-01-09 06:00:00,18.46,17.750193874857924
synthetic_energy,energy,hist_gradient_boosting_ar,energy_2,2024-01-09 07:00:00,18.39481456572267,17.750193874857924
synthetic_energy,energy,hist_gradient_boosting_ar,energy_2,2024-01-09 08:00:00,18.165063509461092,17.750193874857924
synthetic_energy,energy,hist_gradient_boosting_ar,energy_2,2024-01-09 09:00:00,17.787766952966376,17.750193874857924
synthetic_energy,energy,hist_gradient_boosting_ar,energy_2,2024-01-09 10:00:00,17.290000000000003,17.43702787397289
synthetic_energy,energy,hist_gradient_boosting_ar,energy_2,2024-01-09 11:00:00,16.707047612756302,16.87437699858665
synthetic_energy,energy,hist_gradient_boosting_ar,energy_2,2024-01-09 12:00:00,16.080000000000013,16.052378541974985
synthetic_energy,energy,hist_gradient_boosting_ar,energy_2,2024-01-09 13:00:00,15.452952387243707,15.45713109269177
synthetic_energy,energy,hist_gradient_boosting_ar,energy_2,2024-01-09 14:00:00,14.870000000000005,14.858180809027695
synthetic_energy,energy,hist_gradient_boosting_ar,energy_2,2024-01-09 15:00:00,14.372233047033646,14.380202489483322
synthetic_energy,energy,hist_gradient_boosting_ar,energy_2,2024-01-09 16:00:00,13.994936490538903,14.024226098716003
synthetic_energy,energy,hist_gradient_boosting_ar,energy_2,2024-01-09 17:00:00,13.765185434277328,13.840404473322
synthetic_energy,energy,hist_gradient_boosting_ar,energy_2,2024-01-09 18:00:00,13.7,13.746124745849343
synthetic_energy,energy,hist_gradient_boosting_ar,energy_2,2024-01-09 19:00:00,13.805185434277327,13.840189095678111
synthetic_energy,energy,hist_gradient_boosting_ar,energy_2,2024-01-09 20:00:00,14.074936490538903,14.118909404541288
synthetic_energy,energy,hist_gradient_boosting_ar,energy_2,2024-01-09 21:00:00,14.492233047033633,14.50155768595217
synthetic_energy,energy,hist_gradient_boosting_ar,energy_2,2024-01-09 22:00:00,15.02999999999999,15.061717452029628
synthetic_energy,energy,hist_gradient_boosting_ar,energy_2,2024-01-09 23:00:00,15.65295238724369,15.66786738848161
synthetic_energy,energy,hist_gradient_boosting_ar,energy_2,2024-01-10 00:00:00,16.319999999999993,16.458038828090793
synthetic_energy,energy,hist_gradient_boosting_ar,energy_2,2024-01-10 01:00:00,16.987047612756285,17.194017863277182
synthetic_energy,energy,hist_gradient_boosting_ar,energy_2,2024-01-10 02:00:00,17.609999999999985,17.66444484633514
synthetic_energy,energy,hist_gradient_boosting_ar,energy_2,2024-01-10 03:00:00,18.14776695296637,17.732099238347644
synthetic_energy,energy,hist_gradient_boosting_ar,energy_2,2024-01-10 04:00:00,18.5650635094611,17.750193874857924
synthetic_energy,energy,hist_gradient_boosting_ar,energy_2,2024-01-10 05:00:00,18.834814565722667,17.750193874857924
synthetic_energy,energy,hist_gradient_boosting_ar,energy_2,2024-01-10 06:00:00,18.94,17.750193874857924
synthetic_energy,energy,hist_gradient_boosting_ar,energy_2,2024-01-10 07:00:00,18.87481456572267,17.750193874857924
synthetic_energy,energy,hist_gradient_boosting_ar,energy_2,2024-01-10 08:00:00,18.645063509461103,17.750193874857924
synthetic_energy,energy,hist_gradient_boosting_ar,energy_2,2024-01-10 09:00:00,18.267766952966376,17.750193874857924
synthetic_energy,energy,hist_gradient_boosting_ar,energy_2,2024-01-10 10:00:00,17.770000000000003,17.750193874857924
synthetic_energy,energy,hist_gradient_boosting_ar,energy_2,2024-01-10 11:00:00,17.18704761275632,17.569655896275147
synthetic_energy,energy,hist_gradient_boosting_ar,energy_2,2024-01-10 12:00:00,16.560000000000016,16.744868293327187
synthetic_energy,energy,hist_gradient_boosting_ar,energy_2,2024-01-10 13:00:00,15.93295238724371,15.95883398664833
synthetic_energy,energy,hist_gradient_boosting_ar,energy_2,2024-01-10 14:00:00,15.34999999999999,15.364718574650787
synthetic_energy,energy,hist_gradient_boosting_ar,energy_2,2024-01-10 15:00:00,14.852233047033636,14.878121577172545
synthetic_energy,energy,hist_gradient_boosting_ar,energy_2,2024-01-10 16:00:00,14.474936490538905,14.559422466632366
synthetic_energy,energy,hist_gradient_boosting_ar,energy_2,2024-01-10 17:00:00,14.245185434277328,14.400143257628171
synthetic_energy,energy,hist_gradient_boosting_ar,energy_2,2024-01-10 18:00:00,14.18,14.222891876860114
synthetic_energy,energy,hist_gradient_boosting_ar,energy_2,2024-01-10 19:00:00,14.285185434277327,14.400143257628171
synthetic_energy,energy,hist_gradient_boosting_ar,energy_2,2024-01-10 20:00:00,14.5549364905389,14.651770306051509
synthetic_energy,energy,hist_gradient_boosting_ar,energy_2,2024-01-10 21:00:00,14.972233047033619,15.061456306105619
synthetic_energy,energy,hist_gradient_boosting_ar,energy_2,2024-01-10 22:00:00,15.50999999999999,15.53286668558317
synthetic_energy,energy,hist_gradient_boosting_ar,energy_2,2024-01-10 23:00:00,16.132952387243687,16.150627684457437
synthetic_energy,energy,lightgbm_ar,energy_0,2024-01-09 00:00:00,13.839999999999995,13.852308282910695
synthetic_energy,energy,lightgbm_ar,energy_0,2024-01-09 01:00:00,14.5070476127563,14.469157869197153
synthetic_energy,energy,lightgbm_ar,energy_0,2024-01-09 02:00:00,15.129999999999985,15.122009453314838
synthetic_energy,energy,lightgbm_ar,energy_0,2024-01-09 03:00:00,15.66776695296636,15.858584577585823
synthetic_energy,energy,lightgbm_ar,energy_0,2024-01-09 04:00:00,16.085063509461094,15.886763769487004
synthetic_energy,energy,lightgbm_ar,energy_0,2024-01-09 05:00:00,16.354814565722666,15.92584297566629
synthetic_energy,energy,lightgbm_ar,energy_0,2024-01-09 06:00:00,16.46,15.830219663193375
synthetic_energy,energy,lightgbm_ar,energy_0,2024-01-09 07:00:00,16.39481456572267,15.830219663193375
synthetic_energy,energy,lightgbm_ar,energy_0,2024-01-09 08:00:00,16.165063509461092,15.830219663193375
synthetic_energy,energy,lightgbm_ar,energy_0,2024-01-09 09:00:00,15.787766952966376,15.815868651037384
synthetic_energy,energy,lightgbm_ar,energy_0,2024-01-09 10:00:00,15.290000000000003,15.305786305702071
synthetic_energy,energy,lightgbm_ar,energy_0,2024-01-09 11:00:00,14.707047612756302,14.70826364539363
synthetic_energy,energy,lightgbm_ar,energy_0,2024-01-09 12:00:00,14.080000000000014,14.050355142414793
synthetic_energy,energy,lightgbm_ar,energy_0,2024-01-09 13:00:00,13.452952387243707,13.476199110861256
synthetic_energy,energy,lightgbm_ar,energy_0,2024-01-09 14:00:00,12.870000000000005,12.88282239978558
synthetic_energy,energy,lightgbm_ar,energy_0,2024-01-09 15:00:00,12.372233047033646,12.320149760370366
synthetic_energy,energy,lightgbm_ar,energy_0,2024-01-09 16:00:00,11.994936490538903,12.012703789839167
synthetic_energy,energy,lightgbm_ar,energy_0,2024-01-09 17:00:00,11.765185434277328,11.733897142119647
synthetic_energy,energy,lightgbm_ar,energy_0,2024-01-09 18:00:00,11.7,11.681136480211055
synthetic_energy,energy,lightgbm_ar,energy_0,2024-01-09 19:00:00,11.805185434277327,11.828488652069991
synthetic_energy,energy,lightgbm_ar,energy_0,2024-01-09 20:00:00,12.074936490538903,12.069924115523685
synthetic_energy,energy,lightgbm_ar,energy_0,2024-01-09 21:00:00,12.492233047033633,12.49353893591735
synthetic_energy,energy,lightgbm_ar,energy_0,2024-01-09 22:00:00,13.02999999999999,13.06976049981604
synthetic_energy,energy,lightgbm_ar,energy_0,2024-01-09 23:00:00,13.65295238724369,13.684184913154748
synthetic_energy,energy,lightgbm_ar,energy_0,2024-01-10 00:00:00,14.319999999999995,14.323287405664438
synthetic_energy,energy,lightgbm_ar,energy_0,2024-01-10 01:00:00,14.987047612756283,14.939939035805262
synthetic_energy,energy,lightgbm_ar,energy_0,2024-01-10 02:00:00,15.609999999999985,15.610253388997455
synthetic_energy,energy,lightgbm_ar,energy_0,2024-01-10 03:00:00,16.14776695296637,15.886633493606533
synthetic_energy,energy,lightgbm_ar,energy_0,2024-01-10 04:00:00,16.5650635094611,15.924353244123756
synthetic_energy,energy,lightgbm_ar,energy_0,2024-01-10 05:00:00,16.834814565722667,15.91900080634759
synthetic_energy,energy,lightgbm_ar,energy_0,2024-01-10 06:00:00,16.94,15.830219663193375
synthetic_energy,energy,lightgbm_ar,energy_0,2024-01-10 07:00:00,16.87481456572267,15.830219663193375
synthetic_energy,energy,lightgbm_ar,energy_0,2024-01-10 08:00:00,16.645063509461103,15.830219663193375
synthetic_energy,energy,lightgbm_ar,energy_0,2024-01-10 09:00:00,16.267766952966376,15.830219663193375
synthetic_energy,energy,lightgbm_ar,energy_0,2024-01-10 10:00:00,15.770000000000003,15.830219663193375
synthetic_energy,energy,lightgbm_ar,energy_0,2024-01-10 11:00:00,15.18704761275632,15.20819888530399
synthetic_energy,energy,lightgbm_ar,energy_0,2024-01-10 12:00:00,14.560000000000015,14.54766888331795
synthetic_energy,energy,lightgbm_ar,energy_0,2024-01-10 13:00:00,13.93295238724371,13.951543370059373
synthetic_energy,energy,lightgbm_ar,energy_0,2024-01-10 14:00:00,13.34999999999999,13.362667580377192
synthetic_energy,energy,lightgbm_ar,energy_0,2024-01-10 15:00:00,12.852233047033636,12.793067490345235
synthetic_energy,energy,lightgbm_ar,energy_0,2024-01-10 16:00:00,12.474936490538903,12.493581716744663
synthetic_energy,energy,lightgbm_ar,energy_0,2024-01-10 17:00:00,12.245185434277328,12.21466608622899
synthetic_energy,energy,lightgbm_ar,energy_0,2024-01-10 18:00:00,12.18,12.160266774717972
synthetic_energy,energy,lightgbm_ar,energy_0,2024-01-10 19:00:00,12.285185434277327,12.307004542546194
synthetic_energy,energy,lightgbm_ar,energy_0,2024-01-10 20:00:00,12.554936490538902,12.550620447672598
synthetic_energy,energy,lightgbm_ar,energy_0,2024-01-10 21:00:00,12.972233047033619,12.972689581747076
synthetic_energy,energy,lightgbm_ar,energy_0,2024-01-10 22:00:00,13.50999999999999,13.542361611304683
synthetic_energy,energy,lightgbm_ar,energy_0,2024-01-10 23:00:00,14.132952387243687,14.167726282204889
synthetic_energy,energy,lightgbm_ar,energy_1,2024-01-09 00:00:00,14.839999999999995,14.852308282910691
synthetic_energy,energy,lightgbm_ar,energy_1,2024-01-09 01:00:00,15.5070476127563,15.469157869197149
synthetic_energy,energy,lightgbm_ar,energy_1,2024-01-09 02:00:00,16.129999999999985,16.122009453314835
synthetic_energy,energy,lightgbm_ar,energy_1,2024-01-09 03:00:00,16.66776695296636,16.85858457758582
synthetic_energy,energy,lightgbm_ar,energy_1,2024-01-09 04:00:00,17.085063509461094,16.886763769487
synthetic_energy,energy,lightgbm_ar,energy_1,2024-01-09 05:00:00,17.354814565722666,16.925842975666285
synthetic_energy,energy,lightgbm_ar,energy_1,2024-01-09 06:00:00,17.46,16.830219663193372
synthetic_energy,energy,lightgbm_ar,energy_1,2024-01-09 07:00:00,17.39481456572267,16.830219663193372
synthetic_energy,energy,lightgbm_ar,energy_1,2024-01-09 08:00:00,17.165063509461092,16.830219663193372
synthetic_energy,energy,lightgbm_ar,energy_1,2024-01-09 09:00:00,16.787766952966376,16.81586865103738
synthetic_energy,energy,lightgbm_ar,energy_1,2024-01-09 10:00:00,16.290000000000003,16.305786305702068
synthetic_energy,energy,lightgbm_ar,energy_1,2024-01-09 11:00:00,15.707047612756302,15.708263645393627
synthetic_energy,energy,lightgbm_ar,energy_1,2024-01-09 12:00:00,15.080000000000014,15.050355142414789
synthetic_energy,energy,lightgbm_ar,energy_1,2024-01-09 13:00:00,14.452952387243707,14.476199110861252
synthetic_energy,energy,lightgbm_ar,energy_1,2024-01-09 14:00:00,13.870000000000005,13.882822399785576
synthetic_energy,energy,lightgbm_ar,energy_1,2024-01-09 15:00:00,13.372233047033646,13.320149760370363
synthetic_energy,energy,lightgbm_ar,energy_1,2024-01-09 16:00:00,12.994936490538903,13.012703789839163
synthetic_energy,energy,lightgbm_ar,energy_1,2024-01-09 17:00:00,12.765185434277328,12.733897142119643
synthetic_energy,energy,lightgbm_ar,energy_1,2024-01-09 18:00:00,12.7,12.681136480211052
synthetic_energy,energy,lightgbm_ar,energy_1,2024-01-09 19:00:00,12.805185434277327,12.828488652069987
synthetic_energy,energy,lightgbm_ar,energy_1,2024-01-09 20:00:00,13.074936490538903,13.069924115523682
synthetic_energy,energy,lightgbm_ar,energy_1,2024-01-09 21:00:00,13.492233047033633,13.493538935917346
synthetic_energy,energy,lightgbm_ar,energy_1,2024-01-09 22:00:00,14.02999999999999,14.069760499816036
synthetic_energy,energy,lightgbm_ar,energy_1,2024-01-09 23:00:00,14.65295238724369,14.684184913154745
synthetic_energy,energy,lightgbm_ar,energy_1,2024-01-10 00:00:00,15.319999999999995,15.323287405664434
synthetic_energy,energy,lightgbm_ar,energy_1,2024-01-10 01:00:00,15.987047612756283,15.939939035805258
synthetic_energy,energy,lightgbm_ar,energy_1,2024-01-10 02:00:00,16.609999999999985,16.61025338899745
synthetic_energy,energy,lightgbm_ar,energy_1,2024-01-10 03:00:00,17.14776695296637,16.886633493606528
synthetic_energy,energy,lightgbm_ar,energy_1,2024-01-10 04:00:00,17.5650635094611,16.92435324412375
synthetic_energy,energy,lightgbm_ar,energy_1,2024-01-10 05:00:00,17.834814565722667,16.919000806347587
synthetic_energy,energy,lightgbm_ar,energy_1,2024-01-10 06:00:00,17.94,16.830219663193372
synthetic_energy,energy,lightgbm_ar,energy_1,2024-01-10 07:00:00,17.87481456572267,16.830219663193372
synthetic_energy,energy,lightgbm_ar,energy_1,2024-01-10 08:00:00,17.645063509461103,16.830219663193372
synthetic_energy,energy,lightgbm_ar,energy_1,2024-01-10 09:00:00,17.267766952966376,16.830219663193372
synthetic_energy,energy,lightgbm_ar,energy_1,2024-01-10 10:00:00,16.770000000000003,16.830219663193372
synthetic_energy,energy,lightgbm_ar,energy_1,2024-01-10 11:00:00,16.18704761275632,16.208198885303986
synthetic_energy,energy,lightgbm_ar,energy_1,2024-01-10 12:00:00,15.560000000000015,15.547668883317947
synthetic_energy,energy,lightgbm_ar,energy_1,2024-01-10 13:00:00,14.93295238724371,14.951543370059369
synthetic_energy,energy,lightgbm_ar,energy_1,2024-01-10 14:00:00,14.34999999999999,14.362667580377188
synthetic_energy,energy,lightgbm_ar,energy_1,2024-01-10 15:00:00,13.852233047033636,13.793067490345232
synthetic_energy,energy,lightgbm_ar,energy_1,2024-01-10 16:00:00,13.474936490538905,13.493581716744659
synthetic_energy,energy,lightgbm_ar,energy_1,2024-01-10 17:00:00,13.245185434277328,13.214666086228986
synthetic_energy,energy,lightgbm_ar,energy_1,2024-01-10 18:00:00,13.18,13.160266774717968
synthetic_energy,energy,lightgbm_ar,energy_1,2024-01-10 19:00:00,13.285185434277327,13.30700454254619
synthetic_energy,energy,lightgbm_ar,energy_1,2024-01-10 20:00:00,13.5549364905389,13.550620447672594
synthetic_energy,energy,lightgbm_ar,energy_1,2024-01-10 21:00:00,13.972233047033619,13.972689581747073
synthetic_energy,energy,lightgbm_ar,energy_1,2024-01-10 22:00:00,14.50999999999999,14.54236161130468
synthetic_energy,energy,lightgbm_ar,energy_1,2024-01-10 23:00:00,15.132952387243687,15.167726282204885
synthetic_energy,energy,lightgbm_ar,energy_2,2024-01-09 00:00:00,15.839999999999995,15.852308282910691
synthetic_energy,energy,lightgbm_ar,energy_2,2024-01-09 01:00:00,16.507047612756303,16.46915786919715
synthetic_energy,energy,lightgbm_ar,energy_2,2024-01-09 02:00:00,17.129999999999985,17.122009453314835
synthetic_energy,energy,lightgbm_ar,energy_2,2024-01-09 03:00:00,17.66776695296636,17.85858457758582
synthetic_energy,energy,lightgbm_ar,energy_2,2024-01-09 04:00:00,18.085063509461094,17.886763769487
synthetic_energy,energy,lightgbm_ar,energy_2,2024-01-09 05:00:00,18.354814565722666,17.925842975666285
synthetic_energy,energy,lightgbm_ar,energy_2,2024-01-09 06:00:00,18.46,17.830219663193372
synthetic_energy,energy,lightgbm_ar,energy_2,2024-01-09 07:00:00,18.39481456572267,17.830219663193372
synthetic_energy,energy,lightgbm_ar,energy_2,2024-01-09 08:00:00,18.165063509461092,17.830219663193372
synthetic_energy,energy,lightgbm_ar,energy_2,2024-01-09 09:00:00,17.787766952966376,17.81586865103738
synthetic_energy,energy,lightgbm_ar,energy_2,2024-01-09 10:00:00,17.290000000000003,17.305786305702068
synthetic_energy,energy,lightgbm_ar,energy_2,2024-01-09 11:00:00,16.707047612756302,16.70826364539363
synthetic_energy,energy,lightgbm_ar,energy_2,2024-01-09 12:00:00,16.080000000000013,16.050355142414787
synthetic_energy,energy,lightgbm_ar,energy_2,2024-01-09 13:00:00,15.452952387243707,15.476199110861252
synthetic_energy,energy,lightgbm_ar,energy_2,2024-01-09 14:00:00,14.870000000000005,14.882822399785576
synthetic_energy,energy,lightgbm_ar,energy_2,2024-01-09 15:00:00,14.372233047033646,14.320149760370363
synthetic_energy,energy,lightgbm_ar,energy_2,2024-01-09 16:00:00,13.994936490538903,14.012703789839163
synthetic_energy,energy,lightgbm_ar,energy_2,2024-01-09 17:00:00,13.765185434277328,13.733897142119643
synthetic_energy,energy,lightgbm_ar,energy_2,2024-01-09 18:00:00,13.7,13.681136480211052
synthetic_energy,energy,lightgbm_ar,energy_2,2024-01-09 19:00:00,13.805185434277327,13.828488652069987
synthetic_energy,energy,lightgbm_ar,energy_2,2024-01-09 20:00:00,14.074936490538903,14.069924115523682
synthetic_energy,energy,lightgbm_ar,energy_2,2024-01-09 21:00:00,14.492233047033633,14.493538935917346
synthetic_energy,energy,lightgbm_ar,energy_2,2024-01-09 22:00:00,15.02999999999999,15.069760499816036
synthetic_energy,energy,lightgbm_ar,energy_2,2024-01-09 23:00:00,15.65295238724369,15.684184913154745
synthetic_energy,energy,lightgbm_ar,energy_2,2024-01-10 00:00:00,16.319999999999993,16.323287405664434
synthetic_energy,energy,lightgbm_ar,energy_2,2024-01-10 01:00:00,16.987047612756285,16.93993903580526
synthetic_energy,energy,lightgbm_ar,energy_2,2024-01-10 02:00:00,17.609999999999985,17.61025338899745
synthetic_energy,energy,lightgbm_ar,energy_2,2024-01-10 03:00:00,18.14776695296637,17.886633493606528
synthetic_energy,energy,lightgbm_ar,energy_2,2024-01-10 04:00:00,18.5650635094611,17.92435324412375
synthetic_energy,energy,lightgbm_ar,energy_2,2024-01-10 05:00:00,18.834814565722667,17.919000806347587
synthetic_energy,energy,lightgbm_ar,energy_2,2024-01-10 06:00:00,18.94,17.830219663193372
synthetic_energy,energy,lightgbm_ar,energy_2,2024-01-10 07:00:00,18.87481456572267,17.830219663193372
synthetic_energy,energy,lightgbm_ar,energy_2,2024-01-10 08:00:00,18.645063509461103,17.830219663193372
synthetic_energy,energy,lightgbm_ar,energy_2,2024-01-10 09:00:00,18.267766952966376,17.830219663193372
synthetic_energy,energy,lightgbm_ar,energy_2,2024-01-10 10:00:00,17.770000000000003,17.830219663193372
synthetic_energy,energy,lightgbm_ar,energy_2,2024-01-10 11:00:00,17.18704761275632,17.208198885303986
synthetic_energy,energy,lightgbm_ar,energy_2,2024-01-10 12:00:00,16.560000000000016,16.547668883317947
synthetic_energy,energy,lightgbm_ar,energy_2,2024-01-10 13:00:00,15.93295238724371,15.951543370059369
synthetic_energy,energy,lightgbm_ar,energy_2,2024-01-10 14:00:00,15.34999999999999,15.362667580377188
synthetic_energy,energy,lightgbm_ar,energy_2,2024-01-10 15:00:00,14.852233047033636,14.793067490345232
synthetic_energy,energy,lightgbm_ar,energy_2,2024-01-10 16:00:00,14.474936490538905,14.493581716744659
synthetic_energy,energy,lightgbm_ar,energy_2,2024-01-10 17:00:00,14.245185434277328,14.214666086228986
synthetic_energy,energy,lightgbm_ar,energy_2,2024-01-10 18:00:00,14.18,14.160266774717968
synthetic_energy,energy,lightgbm_ar,energy_2,2024-01-10 19:00:00,14.285185434277327,14.30700454254619
synthetic_energy,energy,lightgbm_ar,energy_2,2024-01-10 20:00:00,14.5549364905389,14.550620447672594
synthetic_energy,energy,lightgbm_ar,energy_2,2024-01-10 21:00:00,14.972233047033619,14.972689581747073
synthetic_energy,energy,lightgbm_ar,energy_2,2024-01-10 22:00:00,15.50999999999999,15.54236161130468
synthetic_energy,energy,lightgbm_ar,energy_2,2024-01-10 23:00:00,16.132952387243687,16.167726282204885
synthetic_energy,energy,xgboost_ar,energy_0,2024-01-09 00:00:00,13.839999999999995,13.76404576450657
synthetic_energy,energy,xgboost_ar,energy_0,2024-01-09 01:00:00,14.5070476127563,14.473316668890234
synthetic_energy,energy,xgboost_ar,energy_0,2024-01-09 02:00:00,15.129999999999985,15.123045106638415
synthetic_energy,energy,xgboost_ar,energy_0,2024-01-09 03:00:00,15.66776695296636,15.601538349953165
synthetic_energy,energy,xgboost_ar,energy_0,2024-01-09 04:00:00,16.085063509461094,15.96290815563208
synthetic_energy,energy,xgboost_ar,energy_0,2024-01-09 05:00:00,16.354814565722666,15.954601623231966
synthetic_energy,energy,xgboost_ar,energy_0,2024-01-09 06:00:00,16.46,15.952986134096074
synthetic_energy,energy,xgboost_ar,energy_0,2024-01-09 07:00:00,16.39481456572267,15.952986134096074
synthetic_energy,energy,xgboost_ar,energy_0,2024-01-09 08:00:00,16.165063509461092,15.952986134096074
synthetic_energy,energy,xgboost_ar,energy_0,2024-01-09 09:00:00,15.787766952966376,15.680935672363763
synthetic_energy,energy,xgboost_ar,energy_0,2024-01-09 10:00:00,15.290000000000003,15.202771800620408
synthetic_energy,energy,xgboost_ar,energy_0,2024-01-09 11:00:00,14.707047612756302,14.648406413747932
synthetic_energy,energy,xgboost_ar,energy_0,2024-01-09 12:00:00,14.080000000000014,14.058807774409193
synthetic_energy,energy,xgboost_ar,energy_0,2024-01-09 13:00:00,13.452952387243707,13.387019283557787
synthetic_energy,energy,xgboost_ar,energy_0,2024-01-09 14:00:00,12.870000000000005,12.787517099335046
synthetic_energy,energy,xgboost_ar,energy_0,2024-01-09 15:00:00,12.372233047033646,12.307094382621269
synthetic_energy,energy,xgboost_ar,energy_0,2024-01-09 16:00:00,11.994936490538903,11.920341978272818
synthetic_energy,energy,xgboost_ar,energy_0,2024-01-09 17:00:00,11.765185434277328,11.733371940189537
synthetic_energy,energy,xgboost_ar,energy_0,2024-01-09 18:00:00,11.7,11.680461551940098
synthetic_energy,energy,xgboost_ar,energy_0,2024-01-09 19:00:00,11.805185434277327,11.733371940189537
synthetic_energy,energy,xgboost_ar,energy_0,2024-01-09 20:00:00,12.074936490538903,12.07015758010608
synthetic_energy,energy,xgboost_ar,energy_0,2024-01-09 21:00:00,12.492233047033633,12.409975113854339
synthetic_energy,energy,xgboost_ar,energy_0,2024-01-09 22:00:00,13.02999999999999,12.972475574549179
synthetic_energy,energy,xgboost_ar,energy_0,2024-01-09 23:00:00,13.65295238724369,13.599165350153001
synthetic_energy,energy,xgboost_ar,energy_0,2024-01-10 00:00:00,14.319999999999995,14.22850685207675
synthetic_energy,energy,xgboost_ar,energy_0,2024-01-10 01:00:00,14.987047612756283,14.91544762342148
synthetic_energy,energy,xgboost_ar,energy_0,2024-01-10 02:00:00,15.609999999999985,15.497414395505263
synthetic_energy,energy,xgboost_ar,energy_0,2024-01-10 03:00:00,16.14776695296637,15.96290815563208
synthetic_energy,energy,xgboost_ar,energy_0,2024-01-10 04:00:00,16.5650635094611,15.954601623231966
synthetic_energy,energy,xgboost_ar,energy_0,2024-01-10 05:00:00,16.834814565722667,15.952986134096074
synthetic_energy,energy,xgboost_ar,energy_0,2024-01-10 06:00:00,16.94,15.952986134096074
synthetic_energy,energy,xgboost_ar,energy_0,2024-01-10 07:00:00,16.87481456572267,15.952986134096074
synthetic_energy,energy,xgboost_ar,energy_0,2024-01-10 08:00:00,16.645063509461103,15.952986134096074
synthetic_energy,energy,xgboost_ar,energy_0,2024-01-10 09:00:00,16.267766952966376,15.952986134096074
synthetic_energy,energy,xgboost_ar,energy_0,2024-01-10 10:00:00,15.770000000000003,15.629266160616119
synthetic_energy,energy,xgboost_ar,energy_0,2024-01-10 11:00:00,15.18704761275632,15.123045106638415
synthetic_energy,energy,xgboost_ar,energy_0,2024-01-10 12:00:00,14.560000000000015,14.482270062341819
synthetic_energy,energy,xgboost_ar,energy_0,2024-01-10 13:00:00,13.93295238724371,13.848933920137139
synthetic_energy,energy,xgboost_ar,energy_0,2024-01-10 14:00:00,13.34999999999999,13.26851146346224
synthetic_energy,energy,xgboost_ar,energy_0,2024-01-10 15:00:00,12.852233047033636,12.78735413645259
synthetic_energy,energy,xgboost_ar,energy_0,2024-01-10 16:00:00,12.474936490538903,12.400970657115305
synthetic_energy,energy,xgboost_ar,energy_0,2024-01-10 17:00:00,12.245185434277328,12.213019320739445
synthetic_energy,energy,xgboost_ar,energy_0,2024-01-10 18:00:00,12.18,12.160107150176307
synthetic_energy,energy,xgboost_ar,energy_0,2024-01-10 19:00:00,12.285185434277327,12.216810391090835
synthetic_energy,energy,xgboost_ar,energy_0,2024-01-10 20:00:00,12.554936490538902,12.549907829861594
synthetic_energy,energy,xgboost_ar,energy_0,2024-01-10 21:00:00,12.972233047033619,12.894953008507079
synthetic_energy,energy,xgboost_ar,energy_0,2024-01-10 22:00:00,13.50999999999999,13.400887228800313
synthetic_energy,energy,xgboost_ar,energy_0,2024-01-10 23:00:00,14.132952387243687,14.058807774409193
synthetic_energy,energy,xgboost_ar,energy_1,2024-01-09 00:00:00,14.839999999999995,14.764045764506566
synthetic_energy,energy,xgboost_ar,energy_1,2024-01-09 01:00:00,15.5070476127563,15.47331666889023
synthetic_energy,energy,xgboost_ar,energy_1,2024-01-09 02:00:00,16.129999999999985,16.12304510663841
synthetic_energy,energy,xgboost_ar,energy_1,2024-01-09 03:00:00,16.66776695296636,16.60153834995316
synthetic_energy,energy,xgboost_ar,energy_1,2024-01-09 04:00:00,17.085063509461094,16.96290815563208
synthetic_energy,energy,xgboost_ar,energy_1,2024-01-09 05:00:00,17.354814565722666,16.954601623231962
synthetic_energy,energy,xgboost_ar,energy_1,2024-01-09 06:00:00,17.46,16.952986134096072
synthetic_energy,energy,xgboost_ar,energy_1,2024-01-09 07:00:00,17.39481456572267,16.952986134096072
synthetic_energy,energy,xgboost_ar,energy_1,2024-01-09 08:00:00,17.165063509461092,16.952986134096072
synthetic_energy,energy,xgboost_ar,energy_1,2024-01-09 09:00:00,16.787766952966376,16.68093567236376
synthetic_energy,energy,xgboost_ar,energy_1,2024-01-09 10:00:00,16.290000000000003,16.202771800620404
synthetic_energy,energy,xgboost_ar,energy_1,2024-01-09 11:00:00,15.707047612756302,15.648406413747928
synthetic_energy,energy,xgboost_ar,energy_1,2024-01-09 12:00:00,15.080000000000014,15.058807774409189
synthetic_energy,energy,xgboost_ar,energy_1,2024-01-09 13:00:00,14.452952387243707,14.387019283557784
synthetic_energy,energy,xgboost_ar,energy_1,2024-01-09 14:00:00,13.870000000000005,13.787517099335043
synthetic_energy,energy,xgboost_ar,energy_1,2024-01-09 15:00:00,13.372233047033646,13.307094382621266
synthetic_energy,energy,xgboost_ar,energy_1,2024-01-09 16:00:00,12.994936490538903,12.920341978272814
synthetic_energy,energy,xgboost_ar,energy_1,2024-01-09 17:00:00,12.765185434277328,12.733371940189533
synthetic_energy,energy,xgboost_ar,energy_1,2024-01-09 18:00:00,12.7,12.680461551940095
synthetic_energy,energy,xgboost_ar,energy_1,2024-01-09 19:00:00,12.805185434277327,12.733371940189533
synthetic_energy,energy,xgboost_ar,energy_1,2024-01-09 20:00:00,13.074936490538903,13.070157580106077
synthetic_energy,energy,xgboost_ar,energy_1,2024-01-09 21:00:00,13.492233047033633,13.409975113854335
synthetic_energy,energy,xgboost_ar,energy_1,2024-01-09 22:00:00,14.02999999999999,13.972475574549176
synthetic_energy,energy,xgboost_ar,energy_1,2024-01-09 23:00:00,14.65295238724369,14.599165350152997
synthetic_energy,energy,xgboost_ar,energy_1,2024-01-10 00:00:00,15.319999999999995,15.228506852076746
synthetic_energy,energy,xgboost_ar,energy_1,2024-01-10 01:00:00,15.987047612756283,15.915447623421477
synthetic_energy,energy,xgboost_ar,energy_1,2024-01-10 02:00:00,16.609999999999985,16.49741439550526
synthetic_energy,energy,xgboost_ar,energy_1,2024-01-10 03:00:00,17.14776695296637,16.96290815563208
synthetic_energy,energy,xgboost_ar,energy_1,2024-01-10 04:00:00,17.5650635094611,16.954601623231962
synthetic_energy,energy,xgboost_ar,energy_1,2024-01-10 05:00:00,17.834814565722667,16.952986134096072
synthetic_energy,energy,xgboost_ar,energy_1,2024-01-10 06:00:00,17.94,16.952986134096072
synthetic_energy,energy,xgboost_ar,energy_1,2024-01-10 07:00:00,17.87481456572267,16.952986134096072
synthetic_energy,energy,xgboost_ar,energy_1,2024-01-10 08:00:00,17.645063509461103,16.952986134096072
synthetic_energy,energy,xgboost_ar,energy_1,2024-01-10 09:00:00,17.267766952966376,16.952986134096072
synthetic_energy,energy,xgboost_ar,energy_1,2024-01-10 10:00:00,16.770000000000003,16.629266160616115
synthetic_energy,energy,xgboost_ar,energy_1,2024-01-10 11:00:00,16.18704761275632,16.12304510663841
synthetic_energy,energy,xgboost_ar,energy_1,2024-01-10 12:00:00,15.560000000000015,15.482270062341815
synthetic_energy,energy,xgboost_ar,energy_1,2024-01-10 13:00:00,14.93295238724371,14.848933920137135
synthetic_energy,energy,xgboost_ar,energy_1,2024-01-10 14:00:00,14.34999999999999,14.268511463462236
synthetic_energy,energy,xgboost_ar,energy_1,2024-01-10 15:00:00,13.852233047033636,13.787354136452587
synthetic_energy,energy,xgboost_ar,energy_1,2024-01-10 16:00:00,13.474936490538905,13.400970657115302
synthetic_energy,energy,xgboost_ar,energy_1,2024-01-10 17:00:00,13.245185434277328,13.213019320739441
synthetic_energy,energy,xgboost_ar,energy_1,2024-01-10 18:00:00,13.18,13.160107150176303
synthetic_energy,energy,xgboost_ar,energy_1,2024-01-10 19:00:00,13.285185434277327,13.216810391090831
synthetic_energy,energy,xgboost_ar,energy_1,2024-01-10 20:00:00,13.5549364905389,13.54990782986159
synthetic_energy,energy,xgboost_ar,energy_1,2024-01-10 21:00:00,13.972233047033619,13.894953008507075
synthetic_energy,energy,xgboost_ar,energy_1,2024-01-10 22:00:00,14.50999999999999,14.40088722880031
synthetic_energy,energy,xgboost_ar,energy_1,2024-01-10 23:00:00,15.132952387243687,15.058807774409189
synthetic_energy,energy,xgboost_ar,energy_2,2024-01-09 00:00:00,15.839999999999995,15.764045764506566
synthetic_energy,energy,xgboost_ar,energy_2,2024-01-09 01:00:00,16.507047612756303,16.47331666889023
synthetic_energy,energy,xgboost_ar,energy_2,2024-01-09 02:00:00,17.129999999999985,17.12304510663841
synthetic_energy,energy,xgboost_ar,energy_2,2024-01-09 03:00:00,17.66776695296636,17.60153834995316
synthetic_energy,energy,xgboost_ar,energy_2,2024-01-09 04:00:00,18.085063509461094,17.96290815563208
synthetic_energy,energy,xgboost_ar,energy_2,2024-01-09 05:00:00,18.354814565722666,17.954601623231962
synthetic_energy,energy,xgboost_ar,energy_2,2024-01-09 06:00:00,18.46,17.952986134096072
synthetic_energy,energy,xgboost_ar,energy_2,2024-01-09 07:00:00,18.39481456572267,17.952986134096072
synthetic_energy,energy,xgboost_ar,energy_2,2024-01-09 08:00:00,18.165063509461092,17.952986134096072
synthetic_energy,energy,xgboost_ar,energy_2,2024-01-09 09:00:00,17.787766952966376,17.68093567236376
synthetic_energy,energy,xgboost_ar,energy_2,2024-01-09 10:00:00,17.290000000000003,17.202771800620404
synthetic_energy,energy,xgboost_ar,energy_2,2024-01-09 11:00:00,16.707047612756302,16.648406413747928
synthetic_energy,energy,xgboost_ar,energy_2,2024-01-09 12:00:00,16.080000000000013,16.05880777440919
synthetic_energy,energy,xgboost_ar,energy_2,2024-01-09 13:00:00,15.452952387243707,15.387019283557784
synthetic_energy,energy,xgboost_ar,energy_2,2024-01-09 14:00:00,14.870000000000005,14.787517099335043
synthetic_energy,energy,xgboost_ar,energy_2,2024-01-09 15:00:00,14.372233047033646,14.307094382621266
synthetic_energy,energy,xgboost_ar,energy_2,2024-01-09 16:00:00,13.994936490538903,13.920341978272814
synthetic_energy,energy,xgboost_ar,energy_2,2024-01-09 17:00:00,13.765185434277328,13.733371940189533
synthetic_energy,energy,xgboost_ar,energy_2,2024-01-09 18:00:00,13.7,13.680461551940095
synthetic_energy,energy,xgboost_ar,energy_2,2024-01-09 19:00:00,13.805185434277327,13.733371940189533
synthetic_energy,energy,xgboost_ar,energy_2,2024-01-09 20:00:00,14.074936490538903,14.070157580106077
synthetic_energy,energy,xgboost_ar,energy_2,2024-01-09 21:00:00,14.492233047033633,14.409975113854335
synthetic_energy,energy,xgboost_ar,energy_2,2024-01-09 22:00:00,15.02999999999999,14.972475574549176
synthetic_energy,energy,xgboost_ar,energy_2,2024-01-09 23:00:00,15.65295238724369,15.599165350152997
synthetic_energy,energy,xgboost_ar,energy_2,2024-01-10 00:00:00,16.319999999999993,16.228506852076745
synthetic_energy,energy,xgboost_ar,energy_2,2024-01-10 01:00:00,16.987047612756285,16.915447623421475
synthetic_energy,energy,xgboost_ar,energy_2,2024-01-10 02:00:00,17.609999999999985,17.49741439550526
synthetic_energy,energy,xgboost_ar,energy_2,2024-01-10 03:00:00,18.14776695296637,17.96290815563208
synthetic_energy,energy,xgboost_ar,energy_2,2024-01-10 04:00:00,18.5650635094611,17.954601623231962
synthetic_energy,energy,xgboost_ar,energy_2,2024-01-10 05:00:00,18.834814565722667,17.952986134096072
synthetic_energy,energy,xgboost_ar,energy_2,2024-01-10 06:00:00,18.94,17.952986134096072
synthetic_energy,energy,xgboost_ar,energy_2,2024-01-10 07:00:00,18.87481456572267,17.952986134096072
synthetic_energy,energy,xgboost_ar,energy_2,2024-01-10 08:00:00,18.645063509461103,17.952986134096072
synthetic_energy,energy,xgboost_ar,energy_2,2024-01-10 09:00:00,18.267766952966376,17.952986134096072
synthetic_energy,energy,xgboost_ar,energy_2,2024-01-10 10:00:00,17.770000000000003,17.629266160616115
synthetic_energy,energy,xgboost_ar,energy_2,2024-01-10 11:00:00,17.18704761275632,17.12304510663841
synthetic_energy,energy,xgboost_ar,energy_2,2024-01-10 12:00:00,16.560000000000016,16.482270062341815
synthetic_energy,energy,xgboost_ar,energy_2,2024-01-10 13:00:00,15.93295238724371,15.848933920137135
synthetic_energy,energy,xgboost_ar,energy_2,2024-01-10 14:00:00,15.34999999999999,15.268511463462236
synthetic_energy,energy,xgboost_ar,energy_2,2024-01-10 15:00:00,14.852233047033636,14.787354136452587
synthetic_energy,energy,xgboost_ar,energy_2,2024-01-10 16:00:00,14.474936490538905,14.400970657115302
synthetic_energy,energy,xgboost_ar,energy_2,2024-01-10 17:00:00,14.245185434277328,14.213019320739441
synthetic_energy,energy,xgboost_ar,energy_2,2024-01-10 18:00:00,14.18,14.160107150176303
synthetic_energy,energy,xgboost_ar,energy_2,2024-01-10 19:00:00,14.285185434277327,14.216810391090831
synthetic_energy,energy,xgboost_ar,energy_2,2024-01-10 20:00:00,14.5549364905389,14.54990782986159
synthetic_energy,energy,xgboost_ar,energy_2,2024-01-10 21:00:00,14.972233047033619,14.894953008507075
synthetic_energy,energy,xgboost_ar,energy_2,2024-01-10 22:00:00,15.50999999999999,15.40088722880031
synthetic_energy,energy,xgboost_ar,energy_2,2024-01-10 23:00:00,16.132952387243687,16.05880777440919
synthetic_energy,energy,tabpfn_ts,energy_0,2024-01-09 00:00:00,13.839999999999995,13.47776985168457
synthetic_energy,energy,tabpfn_ts,energy_0,2024-01-09 01:00:00,14.5070476127563,14.22661304473877
synthetic_energy,energy,tabpfn_ts,energy_0,2024-01-09 02:00:00,15.129999999999985,14.867661476135254
synthetic_energy,energy,tabpfn_ts,energy_0,2024-01-09 03:00:00,15.66776695296636,15.425649642944336
synthetic_energy,energy,tabpfn_ts,energy_0,2024-01-09 04:00:00,16.085063509461094,15.840944290161133
synthetic_energy,energy,tabpfn_ts,energy_0,2024-01-09 05:00:00,16.354814565722666,16.08098793029785
synthetic_energy,energy,tabpfn_ts,energy_0,2024-01-09 06:00:00,16.46,16.202770233154297
synthetic_energy,energy,tabpfn_ts,energy_0,2024-01-09 07:00:00,16.39481456572267,16.124958038330078
synthetic_energy,energy,tabpfn_ts,energy_0,2024-01-09 08:00:00,16.165063509461092,15.934282302856445
synthetic_energy,energy,tabpfn_ts,energy_0,2024-01-09 09:00:00,15.787766952966376,15.578978538513184
synthetic_energy,energy,tabpfn_ts,energy_0,2024-01-09 10:00:00,15.290000000000003,15.083738327026367
synthetic_energy,energy,tabpfn_ts,energy_0,2024-01-09 11:00:00,14.707047612756302,14.485879898071289
synthetic_energy,energy,tabpfn_ts,energy_0,2024-01-09 12:00:00,14.080000000000014,13.803627014160156
synthetic_energy,energy,tabpfn_ts,energy_0,2024-01-09 13:00:00,13.452952387243707,13.129340171813965
synthetic_energy,energy,tabpfn_ts,energy_0,2024-01-09 14:00:00,12.870000000000005,12.502971649169922
synthetic_energy,energy,tabpfn_ts,energy_0,2024-01-09 15:00:00,12.372233047033646,11.944581985473633
synthetic_energy,energy,tabpfn_ts,energy_0,2024-01-09 16:00:00,11.994936490538903,11.577219009399414
synthetic_energy,energy,tabpfn_ts,energy_0,2024-01-09 17:00:00,11.765185434277328,11.343960762023926
synthetic_energy,energy,tabpfn_ts,energy_0,2024-01-09 18:00:00,11.7,11.30820083618164
synthetic_energy,energy,tabpfn_ts,energy_0,2024-01-09 19:00:00,11.805185434277327,11.381728172302246
synthetic_energy,energy,tabpfn_ts,energy_0,2024-01-09 20:00:00,12.074936490538903,11.596247673034668
synthetic_energy,energy,tabpfn_ts,energy_0,2024-01-09 21:00:00,12.492233047033633,12.02431869506836
synthetic_energy,energy,tabpfn_ts,energy_0,2024-01-09 22:00:00,13.02999999999999,12.555357933044434
synthetic_energy,energy,tabpfn_ts,energy_0,2024-01-09 23:00:00,13.65295238724369,13.175878524780273
synthetic_energy,energy,tabpfn_ts,energy_0,2024-01-10 00:00:00,14.319999999999995,13.347864151000977
synthetic_energy,energy,tabpfn_ts,energy_0,2024-01-10 01:00:00,14.987047612756283,14.0866117477417
synthetic_energy,energy,tabpfn_ts,energy_0,2024-01-10 02:00:00,15.609999999999985,14.77696704864502
synthetic_energy,energy,tabpfn_ts,energy_0,2024-01-10 03:00:00,16.14776695296637,15.416176795959473
synthetic_energy,energy,tabpfn_ts,energy_0,2024-01-10 04:00:00,16.5650635094611,15.907882690429688
synthetic_energy,energy,tabpfn_ts,energy_0,2024-01-10 05:00:00,16.834814565722667,16.16669464111328
synthetic_energy,energy,tabpfn_ts,energy_0,2024-01-10 06:00:00,16.94,16.2750244140625
synthetic_energy,energy,tabpfn_ts,energy_0,2024-01-10 07:00:00,16.87481456572267,16.236494064331055
synthetic_energy,energy,tabpfn_ts,energy_0,2024-01-10 08:00:00,16.645063509461103,16.065017700195312
synthetic_energy,energy,tabpfn_ts,energy_0,2024-01-10 09:00:00,16.267766952966376,15.725512504577637
synthetic_energy,energy,tabpfn_ts,energy_0,2024-01-10 10:00:00,15.770000000000003,15.21513843536377
synthetic_energy,energy,tabpfn_ts,energy_0,2024-01-10 11:00:00,15.18704761275632,14.577144622802734
synthetic_energy,energy,tabpfn_ts,energy_0,2024-01-10 12:00:00,14.560000000000015,13.872686386108398
synthetic_energy,energy,tabpfn_ts,energy_0,2024-01-10 13:00:00,13.93295238724371,13.178544044494629
synthetic_energy,energy,tabpfn_ts,energy_0,2024-01-10 14:00:00,13.34999999999999,12.506260871887207
synthetic_energy,energy,tabpfn_ts,energy_0,2024-01-10 15:00:00,12.852233047033636,11.959914207458496
synthetic_energy,energy,tabpfn_ts,energy_0,2024-01-10 16:00:00,12.474936490538903,11.614054679870605
synthetic_energy,energy,tabpfn_ts,energy_0,2024-01-10 17:00:00,12.245185434277328,11.400495529174805
synthetic_energy,energy,tabpfn_ts,energy_0,2024-01-10 18:00:00,12.18,11.40528392791748
synthetic_energy,energy,tabpfn_ts,energy_0,2024-01-10 19:00:00,12.285185434277327,11.424859046936035
synthetic_energy,energy,tabpfn_ts,energy_0,2024-01-10 20:00:00,12.554936490538902,11.594910621643066
synthetic_energy,energy,tabpfn_ts,energy_0,2024-01-10 21:00:00,12.972233047033619,11.978083610534668
synthetic_energy,energy,tabpfn_ts,energy_0,2024-01-10 22:00:00,13.50999999999999,12.489628791809082
synthetic_energy,energy,tabpfn_ts,energy_0,2024-01-10 23:00:00,14.132952387243687,13.080585479736328
synthetic_energy,energy,tabpfn_ts,energy_1,2024-01-09 00:00:00,14.839999999999995,14.47776985168457
synthetic_energy,energy,tabpfn_ts,energy_1,2024-01-09 01:00:00,15.5070476127563,15.22661304473877
synthetic_energy,energy,tabpfn_ts,energy_1,2024-01-09 02:00:00,16.129999999999985,15.867661476135254
synthetic_energy,energy,tabpfn_ts,energy_1,2024-01-09 03:00:00,16.66776695296636,16.425649642944336
synthetic_energy,energy,tabpfn_ts,energy_1,2024-01-09 04:00:00,17.085063509461094,16.840944290161133
synthetic_energy,energy,tabpfn_ts,energy_1,2024-01-09 05:00:00,17.354814565722666,17.08098793029785
synthetic_energy,energy,tabpfn_ts,energy_1,2024-01-09 06:00:00,17.46,17.202770233154297
synthetic_energy,energy,tabpfn_ts,energy_1,2024-01-09 07:00:00,17.39481456572267,17.124958038330078
synthetic_energy,energy,tabpfn_ts,energy_1,2024-01-09 08:00:00,17.165063509461092,16.934282302856445
synthetic_energy,energy,tabpfn_ts,energy_1,2024-01-09 09:00:00,16.787766952966376,16.578977584838867
synthetic_energy,energy,tabpfn_ts,energy_1,2024-01-09 10:00:00,16.290000000000003,16.083738327026367
synthetic_energy,energy,tabpfn_ts,energy_1,2024-01-09 11:00:00,15.707047612756302,15.485879898071289
synthetic_energy,energy,tabpfn_ts,energy_1,2024-01-09 12:00:00,15.080000000000014,14.803627014160156
synthetic_energy,energy,tabpfn_ts,energy_1,2024-01-09 13:00:00,14.452952387243707,14.129340171813965
synthetic_energy,energy,tabpfn_ts,energy_1,2024-01-09 14:00:00,13.870000000000005,13.502971649169922
synthetic_energy,energy,tabpfn_ts,energy_1,2024-01-09 15:00:00,13.372233047033646,12.944581985473633
synthetic_energy,energy,tabpfn_ts,energy_1,2024-01-09 16:00:00,12.994936490538903,12.577219009399414
synthetic_energy,energy,tabpfn_ts,energy_1,2024-01-09 17:00:00,12.765185434277328,12.343960762023926
synthetic_energy,energy,tabpfn_ts,energy_1,2024-01-09 18:00:00,12.7,12.30820083618164
synthetic_energy,energy,tabpfn_ts,energy_1,2024-01-09 19:00:00,12.805185434277327,12.381728172302246
synthetic_energy,energy,tabpfn_ts,energy_1,2024-01-09 20:00:00,13.074936490538903,12.596247673034668
synthetic_energy,energy,tabpfn_ts,energy_1,2024-01-09 21:00:00,13.492233047033633,13.02431869506836
synthetic_energy,energy,tabpfn_ts,energy_1,2024-01-09 22:00:00,14.02999999999999,13.555357933044434
synthetic_energy,energy,tabpfn_ts,energy_1,2024-01-09 23:00:00,14.65295238724369,14.175878524780273
synthetic_energy,energy,tabpfn_ts,energy_1,2024-01-10 00:00:00,15.319999999999995,14.347864151000977
synthetic_energy,energy,tabpfn_ts,energy_1,2024-01-10 01:00:00,15.987047612756283,15.0866117477417
synthetic_energy,energy,tabpfn_ts,energy_1,2024-01-10 02:00:00,16.609999999999985,15.77696704864502
synthetic_energy,energy,tabpfn_ts,energy_1,2024-01-10 03:00:00,17.14776695296637,16.416175842285156
synthetic_energy,energy,tabpfn_ts,energy_1,2024-01-10 04:00:00,17.5650635094611,16.907882690429688
synthetic_energy,energy,tabpfn_ts,energy_1,2024-01-10 05:00:00,17.834814565722667,17.16669464111328
synthetic_energy,energy,tabpfn_ts,energy_1,2024-01-10 06:00:00,17.94,17.2750244140625
synthetic_energy,energy,tabpfn_ts,energy_1,2024-01-10 07:00:00,17.87481456572267,17.236494064331055
synthetic_energy,energy,tabpfn_ts,energy_1,2024-01-10 08:00:00,17.645063509461103,17.065017700195312
synthetic_energy,energy,tabpfn_ts,energy_1,2024-01-10 09:00:00,17.267766952966376,16.72551155090332
synthetic_energy,energy,tabpfn_ts,energy_1,2024-01-10 10:00:00,16.770000000000003,16.215139389038086
synthetic_energy,energy,tabpfn_ts,energy_1,2024-01-10 11:00:00,16.18704761275632,15.577144622802734
synthetic_energy,energy,tabpfn_ts,energy_1,2024-01-10 12:00:00,15.560000000000015,14.872686386108398
synthetic_energy,energy,tabpfn_ts,energy_1,2024-01-10 13:00:00,14.93295238724371,14.178544044494629
synthetic_energy,energy,tabpfn_ts,energy_1,2024-01-10 14:00:00,14.34999999999999,13.506260871887207
synthetic_energy,energy,tabpfn_ts,energy_1,2024-01-10 15:00:00,13.852233047033636,12.959914207458496
synthetic_energy,energy,tabpfn_ts,energy_1,2024-01-10 16:00:00,13.474936490538905,12.614054679870605
synthetic_energy,energy,tabpfn_ts,energy_1,2024-01-10 17:00:00,13.245185434277328,12.400495529174805
synthetic_energy,energy,tabpfn_ts,energy_1,2024-01-10 18:00:00,13.18,12.40528392791748
synthetic_energy,energy,tabpfn_ts,energy_1,2024-01-10 19:00:00,13.285185434277327,12.424859046936035
synthetic_energy,energy,tabpfn_ts,energy_1,2024-01-10 20:00:00,13.5549364905389,12.594910621643066
synthetic_energy,energy,tabpfn_ts,energy_1,2024-01-10 21:00:00,13.972233047033619,12.978083610534668
synthetic_energy,energy,tabpfn_ts,energy_1,2024-01-10 22:00:00,14.50999999999999,13.489628791809082
synthetic_energy,energy,tabpfn_ts,energy_1,2024-01-10 23:00:00,15.132952387243687,14.080585479736328
synthetic_energy,energy,tabpfn_ts,energy_2,2024-01-09 00:00:00,15.839999999999995,15.47776985168457
synthetic_energy,energy,tabpfn_ts,energy_2,2024-01-09 01:00:00,16.507047612756303,16.226613998413086
synthetic_energy,energy,tabpfn_ts,energy_2,2024-01-09 02:00:00,17.129999999999985,16.867660522460938
synthetic_energy,energy,tabpfn_ts,energy_2,2024-01-09 03:00:00,17.66776695296636,17.425649642944336
synthetic_energy,energy,tabpfn_ts,energy_2,2024-01-09 04:00:00,18.085063509461094,17.840944290161133
synthetic_energy,energy,tabpfn_ts,energy_2,2024-01-09 05:00:00,18.354814565722666,18.08098793029785
synthetic_energy,energy,tabpfn_ts,energy_2,2024-01-09 06:00:00,18.46,18.202770233154297
synthetic_energy,energy,tabpfn_ts,energy_2,2024-01-09 07:00:00,18.39481456572267,18.124958038330078
synthetic_energy,energy,tabpfn_ts,energy_2,2024-01-09 08:00:00,18.165063509461092,17.934282302856445
synthetic_energy,energy,tabpfn_ts,energy_2,2024-01-09 09:00:00,17.787766952966376,17.578977584838867
synthetic_energy,energy,tabpfn_ts,energy_2,2024-01-09 10:00:00,17.290000000000003,17.083738327026367
synthetic_energy,energy,tabpfn_ts,energy_2,2024-01-09 11:00:00,16.707047612756302,16.48587989807129
synthetic_energy,energy,tabpfn_ts,energy_2,2024-01-09 12:00:00,16.080000000000013,15.803627014160156
synthetic_energy,energy,tabpfn_ts,energy_2,2024-01-09 13:00:00,15.452952387243707,15.129340171813965
synthetic_energy,energy,tabpfn_ts,energy_2,2024-01-09 14:00:00,14.870000000000005,14.502971649169922
synthetic_energy,energy,tabpfn_ts,energy_2,2024-01-09 15:00:00,14.372233047033646,13.944581985473633
synthetic_energy,energy,tabpfn_ts,energy_2,2024-01-09 16:00:00,13.994936490538903,13.577219009399414
synthetic_energy,energy,tabpfn_ts,energy_2,2024-01-09 17:00:00,13.765185434277328,13.343960762023926
synthetic_energy,energy,tabpfn_ts,energy_2,2024-01-09 18:00:00,13.7,13.30820083618164
synthetic_energy,energy,tabpfn_ts,energy_2,2024-01-09 19:00:00,13.805185434277327,13.381728172302246
synthetic_energy,energy,tabpfn_ts,energy_2,2024-01-09 20:00:00,14.074936490538903,13.596247673034668
synthetic_energy,energy,tabpfn_ts,energy_2,2024-01-09 21:00:00,14.492233047033633,14.02431869506836
synthetic_energy,energy,tabpfn_ts,energy_2,2024-01-09 22:00:00,15.02999999999999,14.555357933044434
synthetic_energy,energy,tabpfn_ts,energy_2,2024-01-09 23:00:00,15.65295238724369,15.175878524780273
synthetic_energy,energy,tabpfn_ts,energy_2,2024-01-10 00:00:00,16.319999999999993,15.347864151000977
synthetic_energy,energy,tabpfn_ts,energy_2,2024-01-10 01:00:00,16.987047612756285,16.086610794067383
synthetic_energy,energy,tabpfn_ts,energy_2,2024-01-10 02:00:00,17.609999999999985,16.776968002319336
synthetic_energy,energy,tabpfn_ts,energy_2,2024-01-10 03:00:00,18.14776695296637,17.416175842285156
synthetic_energy,energy,tabpfn_ts,energy_2,2024-01-10 04:00:00,18.5650635094611,17.907882690429688
synthetic_energy,energy,tabpfn_ts,energy_2,2024-01-10 05:00:00,18.834814565722667,18.16669464111328
synthetic_energy,energy,tabpfn_ts,energy_2,2024-01-10 06:00:00,18.94,18.2750244140625
synthetic_energy,energy,tabpfn_ts,energy_2,2024-01-10 07:00:00,18.87481456572267,18.236494064331055
synthetic_energy,energy,tabpfn_ts,energy_2,2024-01-10 08:00:00,18.645063509461103,18.065017700195312
synthetic_energy,energy,tabpfn_ts,energy_2,2024-01-10 09:00:00,18.267766952966376,17.72551155090332
synthetic_energy,energy,tabpfn_ts,energy_2,2024-01-10 10:00:00,17.770000000000003,17.215139389038086
synthetic_energy,energy,tabpfn_ts,energy_2,2024-01-10 11:00:00,17.18704761275632,16.577144622802734
synthetic_energy,energy,tabpfn_ts,energy_2,2024-01-10 12:00:00,16.560000000000016,15.872686386108398
synthetic_energy,energy,tabpfn_ts,energy_2,2024-01-10 13:00:00,15.93295238724371,15.178544044494629
synthetic_energy,energy,tabpfn_ts,energy_2,2024-01-10 14:00:00,15.34999999999999,14.506260871887207
synthetic_energy,energy,tabpfn_ts,energy_2,2024-01-10 15:00:00,14.852233047033636,13.959914207458496
synthetic_energy,energy,tabpfn_ts,energy_2,2024-01-10 16:00:00,14.474936490538905,13.614054679870605
synthetic_energy,energy,tabpfn_ts,energy_2,2024-01-10 17:00:00,14.245185434277328,13.400495529174805
synthetic_energy,energy,tabpfn_ts,energy_2,2024-01-10 18:00:00,14.18,13.40528392791748
synthetic_energy,energy,tabpfn_ts,energy_2,2024-01-10 19:00:00,14.285185434277327,13.424859046936035
synthetic_energy,energy,tabpfn_ts,energy_2,2024-01-10 20:00:00,14.5549364905389,13.594910621643066
synthetic_energy,energy,tabpfn_ts,energy_2,2024-01-10 21:00:00,14.972233047033619,13.978083610534668
synthetic_energy,energy,tabpfn_ts,energy_2,2024-01-10 22:00:00,15.50999999999999,14.489628791809082
synthetic_energy,energy,tabpfn_ts,energy_2,2024-01-10 23:00:00,16.132952387243687,15.080585479736328
synthetic_traffic,traffic,dummy_mean,traffic_0,2024-01-09 00:00:00,32.34549444740407,30.15117268618795
synthetic_traffic,traffic,dummy_mean,traffic_0,2024-01-09 01:00:00,34.484345700120166,30.15117268618795
synthetic_traffic,traffic,dummy_mean,traffic_0,2024-01-09 02:00:00,36.47871632294794,30.15117268618795
synthetic_traffic,traffic,dummy_mean,traffic_0,2024-01-09 03:00:00,38.197026847177206,30.15117268618795
synthetic_traffic,traffic,dummy_mean,traffic_0,2024-01-09 04:00:00,39.526279441628816,30.15117268618795
synthetic_traffic,traffic,dummy_mean,traffic_0,2024-01-09 05:00:00,40.37975279082636,30.15117268618795
synthetic_traffic,traffic,dummy_mean,traffic_0,2024-01-09 06:00:00,40.702906603707255,30.15117268618795
synthetic_traffic,traffic,dummy_mean,traffic_0,2024-01-09 07:00:00,40.47709337792247,30.15117268618795
synthetic_traffic,traffic,dummy_mean,traffic_0,2024-01-09 08:00:00,39.720824476208115,30.15117268618795
synthetic_traffic,traffic,dummy_mean,traffic_0,2024-01-09 09:00:00,38.4885042404175,30.15117268618795
synthetic_traffic,traffic,dummy_mean,traffic_0,2024-01-09 10:00:00,36.86671841735843,30.15117268618795
synthetic_traffic,traffic,dummy_mean,traffic_0,2024-01-09 11:00:00,34.96832983968737,30.15117268618795
synthetic_traffic,traffic,dummy_mean,traffic_0,2024-01-09 12:00:00,32.924783736545514,30.15117268618795
synthetic_traffic,traffic,dummy_mean,traffic_0,2024-01-09 13:00:00,30.87714705887973,30.15117268618795
synthetic_traffic,traffic,dummy_mean,traffic_0,2024-01-09 14:00:00,28.966492478675402,30.15117268618795
synthetic_traffic,traffic,dummy_mean,traffic_0,2024-01-09 15:00:00,27.324282380187395,30.15117268618795
synthetic_traffic,traffic,dummy_mean,traffic_0,2024-01-09 16:00:00,26.06340816126803,30.15117268618795
synthetic_traffic,traffic,dummy_mean,traffic_0,2024-01-09 17:00:00,25.270495504052647,30.15117268618795
synthetic_traffic,traffic,dummy_mean,traffic_0,2024-01-09 18:00:00,25.0,30.15117268618795
synthetic_traffic,traffic,dummy_mean,traffic_0,2024-01-09 19:00:00,25.270495504052647,30.15117268618795
synthetic_traffic,traffic,dummy_mean,traffic_0,2024-01-09 20:00:00,26.063408161268026,30.15117268618795
synthetic_traffic,traffic,dummy_mean,traffic_0,2024-01-09 21:00:00,27.324282380187352,30.15117268618795
synthetic_traffic,traffic,dummy_mean,traffic_0,2024-01-09 22:00:00,28.96649247867535,30.15117268618795
synthetic_traffic,traffic,dummy_mean,traffic_0,2024-01-09 23:00:00,30.87714705887967,30.15117268618795
synthetic_traffic,traffic,dummy_mean,traffic_0,2024-01-10 00:00:00,32.92478373654545,30.15117268618795
synthetic_traffic,traffic,dummy_mean,traffic_0,2024-01-10 01:00:00,34.96832983968731,30.15117268618795
synthetic_traffic,traffic,dummy_mean,traffic_0,2024-01-10 02:00:00,36.86671841735838,30.15117268618795
synthetic_traffic,traffic,dummy_mean,traffic_0,2024-01-10 03:00:00,38.48850424041749,30.15117268618795
synthetic_traffic,traffic,dummy_mean,traffic_0,2024-01-10 04:00:00,39.720824476208136,30.15117268618795
synthetic_traffic,traffic,dummy_mean,traffic_0,2024-01-10 05:00:00,40.47709337792247,30.15117268618795
synthetic_traffic,traffic,dummy_mean,traffic_0,2024-01-10 06:00:00,40.702906603707255,30.15117268618795
synthetic_traffic,traffic,dummy_mean,traffic_0,2024-01-10 07:00:00,40.37975279082637,30.15117268618795
synthetic_traffic,traffic,dummy_mean,traffic_0,2024-01-10 08:00:00,39.526279441628844,30.15117268618795
synthetic_traffic,traffic,dummy_mean,traffic_0,2024-01-10 09:00:00,38.197026847177256,30.15117268618795
synthetic_traffic,traffic,dummy_mean,traffic_0,2024-01-10 10:00:00,36.478716322947996,30.15117268618795
synthetic_traffic,traffic,dummy_mean,traffic_0,2024-01-10 11:00:00,34.48434570012023,30.15117268618795
synthetic_traffic,traffic,dummy_mean,traffic_0,2024-01-10 12:00:00,32.345494447404135,30.15117268618795
synthetic_traffic,traffic,dummy_mean,traffic_0,2024-01-10 13:00:00,30.20336280861623,30.15117268618795
synthetic_traffic,traffic,dummy_mean,traffic_0,2024-01-10 14:00:00,28.19915561548945,30.15117268618795
synthetic_traffic,traffic,dummy_mean,traffic_0,2024-01-10 15:00:00,26.46446609406727,30.15117268618795
synthetic_traffic,traffic,dummy_mean,traffic_0,2024-01-10 16:00:00,25.11231498303725,30.15117268618795
synthetic_traffic,traffic,dummy_mean,traffic_0,2024-01-10 17:00:00,24.229455623521815,30.15117268618795
synthetic_traffic,traffic,dummy_mean,traffic_0,2024-01-10 18:00:00,23.870469405576202,30.15117268618795
synthetic_traffic,traffic,dummy_mean,traffic_0,2024-01-10 19:00:00,24.054053946407954,30.15117268618795
synthetic_traffic,traffic,dummy_mean,traffic_0,2024-01-10 20:00:00,24.761756943915355,30.15117268618795
synthetic_traffic,traffic,dummy_mean,traffic_0,2024-01-10 21:00:00,25.939241980053595,30.15117268618795
synthetic_traffic,traffic,dummy_mean,traffic_0,2024-01-10 22:00:00,27.499999999999968,30.15117268618795
synthetic_traffic,traffic,dummy_mean,traffic_0,2024-01-10 23:00:00,29.33125352399899,30.15117268618795
synthetic_traffic,traffic,dummy_mean,traffic_1,2024-01-09 00:00:00,33.34549444740407,31.15117268618795
synthetic_traffic,traffic,dummy_mean,traffic_1,2024-01-09 01:00:00,35.484345700120166,31.15117268618795
synthetic_traffic,traffic,dummy_mean,traffic_1,2024-01-09 02:00:00,37.47871632294794,31.15117268618795
synthetic_traffic,traffic,dummy_mean,traffic_1,2024-01-09 03:00:00,39.197026847177206,31.15117268618795
synthetic_traffic,traffic,dummy_mean,traffic_1,2024-01-09 04:00:00,40.526279441628816,31.15117268618795
synthetic_traffic,traffic,dummy_mean,traffic_1,2024-01-09 05:00:00,41.37975279082636,31.15117268618795
synthetic_traffic,traffic,dummy_mean,traffic_1,2024-01-09 06:00:00,41.702906603707255,31.15117268618795
synthetic_traffic,traffic,dummy_mean,traffic_1,2024-01-09 07:00:00,41.47709337792247,31.15117268618795
synthetic_traffic,traffic,dummy_mean,traffic_1,2024-01-09 08:00:00,40.720824476208115,31.15117268618795
synthetic_traffic,traffic,dummy_mean,traffic_1,2024-01-09 09:00:00,39.4885042404175,31.15117268618795
synthetic_traffic,traffic,dummy_mean,traffic_1,2024-01-09 10:00:00,37.86671841735843,31.15117268618795
synthetic_traffic,traffic,dummy_mean,traffic_1,2024-01-09 11:00:00,35.96832983968737,31.15117268618795
synthetic_traffic,traffic,dummy_mean,traffic_1,2024-01-09 12:00:00,33.924783736545514,31.15117268618795
synthetic_traffic,traffic,dummy_mean,traffic_1,2024-01-09 13:00:00,31.87714705887973,31.15117268618795
synthetic_traffic,traffic,dummy_mean,traffic_1,2024-01-09 14:00:00,29.966492478675402,31.15117268618795
synthetic_traffic,traffic,dummy_mean,traffic_1,2024-01-09 15:00:00,28.324282380187395,31.15117268618795
synthetic_traffic,traffic,dummy_mean,traffic_1,2024-01-09 16:00:00,27.06340816126803,31.15117268618795
synthetic_traffic,traffic,dummy_mean,traffic_1,2024-01-09 17:00:00,26.270495504052647,31.15117268618795
synthetic_traffic,traffic,dummy_mean,traffic_1,2024-01-09 18:00:00,26.0,31.15117268618795
synthetic_traffic,traffic,dummy_mean,traffic_1,2024-01-09 19:00:00,26.270495504052647,31.15117268618795
synthetic_traffic,traffic,dummy_mean,traffic_1,2024-01-09 20:00:00,27.063408161268026,31.15117268618795
synthetic_traffic,traffic,dummy_mean,traffic_1,2024-01-09 21:00:00,28.324282380187352,31.15117268618795
synthetic_traffic,traffic,dummy_mean,traffic_1,2024-01-09 22:00:00,29.96649247867535,31.15117268618795
synthetic_traffic,traffic,dummy_mean,traffic_1,2024-01-09 23:00:00,31.87714705887967,31.15117268618795
synthetic_traffic,traffic,dummy_mean,traffic_1,2024-01-10 00:00:00,33.92478373654545,31.15117268618795
synthetic_traffic,traffic,dummy_mean,traffic_1,2024-01-10 01:00:00,35.96832983968731,31.15117268618795
synthetic_traffic,traffic,dummy_mean,traffic_1,2024-01-10 02:00:00,37.86671841735838,31.15117268618795
synthetic_traffic,traffic,dummy_mean,traffic_1,2024-01-10 03:00:00,39.48850424041749,31.15117268618795
synthetic_traffic,traffic,dummy_mean,traffic_1,2024-01-10 04:00:00,40.720824476208136,31.15117268618795
synthetic_traffic,traffic,dummy_mean,traffic_1,2024-01-10 05:00:00,41.47709337792247,31.15117268618795
synthetic_traffic,traffic,dummy_mean,traffic_1,2024-01-10 06:00:00,41.702906603707255,31.15117268618795
synthetic_traffic,traffic,dummy_mean,traffic_1,2024-01-10 07:00:00,41.37975279082637,31.15117268618795
synthetic_traffic,traffic,dummy_mean,traffic_1,2024-01-10 08:00:00,40.526279441628844,31.15117268618795
synthetic_traffic,traffic,dummy_mean,traffic_1,2024-01-10 09:00:00,39.197026847177256,31.15117268618795
synthetic_traffic,traffic,dummy_mean,traffic_1,2024-01-10 10:00:00,37.478716322947996,31.15117268618795
synthetic_traffic,traffic,dummy_mean,traffic_1,2024-01-10 11:00:00,35.48434570012023,31.15117268618795
synthetic_traffic,traffic,dummy_mean,traffic_1,2024-01-10 12:00:00,33.345494447404135,31.15117268618795
synthetic_traffic,traffic,dummy_mean,traffic_1,2024-01-10 13:00:00,31.20336280861623,31.15117268618795
synthetic_traffic,traffic,dummy_mean,traffic_1,2024-01-10 14:00:00,29.19915561548945,31.15117268618795
synthetic_traffic,traffic,dummy_mean,traffic_1,2024-01-10 15:00:00,27.46446609406727,31.15117268618795
synthetic_traffic,traffic,dummy_mean,traffic_1,2024-01-10 16:00:00,26.11231498303725,31.15117268618795
synthetic_traffic,traffic,dummy_mean,traffic_1,2024-01-10 17:00:00,25.229455623521815,31.15117268618795
synthetic_traffic,traffic,dummy_mean,traffic_1,2024-01-10 18:00:00,24.870469405576202,31.15117268618795
synthetic_traffic,traffic,dummy_mean,traffic_1,2024-01-10 19:00:00,25.054053946407954,31.15117268618795
synthetic_traffic,traffic,dummy_mean,traffic_1,2024-01-10 20:00:00,25.761756943915355,31.15117268618795
synthetic_traffic,traffic,dummy_mean,traffic_1,2024-01-10 21:00:00,26.939241980053595,31.15117268618795
synthetic_traffic,traffic,dummy_mean,traffic_1,2024-01-10 22:00:00,28.499999999999968,31.15117268618795
synthetic_traffic,traffic,dummy_mean,traffic_1,2024-01-10 23:00:00,30.33125352399899,31.15117268618795
synthetic_traffic,traffic,dummy_mean,traffic_2,2024-01-09 00:00:00,34.34549444740407,32.151172686187955
synthetic_traffic,traffic,dummy_mean,traffic_2,2024-01-09 01:00:00,36.484345700120166,32.151172686187955
synthetic_traffic,traffic,dummy_mean,traffic_2,2024-01-09 02:00:00,38.47871632294794,32.151172686187955
synthetic_traffic,traffic,dummy_mean,traffic_2,2024-01-09 03:00:00,40.197026847177206,32.151172686187955
synthetic_traffic,traffic,dummy_mean,traffic_2,2024-01-09 04:00:00,41.526279441628816,32.151172686187955
synthetic_traffic,traffic,dummy_mean,traffic_2,2024-01-09 05:00:00,42.37975279082636,32.151172686187955
synthetic_traffic,traffic,dummy_mean,traffic_2,2024-01-09 06:00:00,42.702906603707255,32.151172686187955
synthetic_traffic,traffic,dummy_mean,traffic_2,2024-01-09 07:00:00,42.47709337792247,32.151172686187955
synthetic_traffic,traffic,dummy_mean,traffic_2,2024-01-09 08:00:00,41.720824476208115,32.151172686187955
synthetic_traffic,traffic,dummy_mean,traffic_2,2024-01-09 09:00:00,40.4885042404175,32.151172686187955
synthetic_traffic,traffic,dummy_mean,traffic_2,2024-01-09 10:00:00,38.86671841735843,32.151172686187955
synthetic_traffic,traffic,dummy_mean,traffic_2,2024-01-09 11:00:00,36.96832983968737,32.151172686187955
synthetic_traffic,traffic,dummy_mean,traffic_2,2024-01-09 12:00:00,34.924783736545514,32.151172686187955
synthetic_traffic,traffic,dummy_mean,traffic_2,2024-01-09 13:00:00,32.87714705887973,32.151172686187955
synthetic_traffic,traffic,dummy_mean,traffic_2,2024-01-09 14:00:00,30.966492478675402,32.151172686187955
synthetic_traffic,traffic,dummy_mean,traffic_2,2024-01-09 15:00:00,29.324282380187395,32.151172686187955
synthetic_traffic,traffic,dummy_mean,traffic_2,2024-01-09 16:00:00,28.06340816126803,32.151172686187955
synthetic_traffic,traffic,dummy_mean,traffic_2,2024-01-09 17:00:00,27.270495504052647,32.151172686187955
synthetic_traffic,traffic,dummy_mean,traffic_2,2024-01-09 18:00:00,27.0,32.151172686187955
synthetic_traffic,traffic,dummy_mean,traffic_2,2024-01-09 19:00:00,27.270495504052647,32.151172686187955
synthetic_traffic,traffic,dummy_mean,traffic_2,2024-01-09 20:00:00,28.063408161268026,32.151172686187955
synthetic_traffic,traffic,dummy_mean,traffic_2,2024-01-09 21:00:00,29.324282380187352,32.151172686187955
synthetic_traffic,traffic,dummy_mean,traffic_2,2024-01-09 22:00:00,30.96649247867535,32.151172686187955
synthetic_traffic,traffic,dummy_mean,traffic_2,2024-01-09 23:00:00,32.87714705887967,32.151172686187955
synthetic_traffic,traffic,dummy_mean,traffic_2,2024-01-10 00:00:00,34.92478373654545,32.151172686187955
synthetic_traffic,traffic,dummy_mean,traffic_2,2024-01-10 01:00:00,36.96832983968731,32.151172686187955
synthetic_traffic,traffic,dummy_mean,traffic_2,2024-01-10 02:00:00,38.86671841735838,32.151172686187955
synthetic_traffic,traffic,dummy_mean,traffic_2,2024-01-10 03:00:00,40.48850424041749,32.151172686187955
synthetic_traffic,traffic,dummy_mean,traffic_2,2024-01-10 04:00:00,41.720824476208136,32.151172686187955
synthetic_traffic,traffic,dummy_mean,traffic_2,2024-01-10 05:00:00,42.47709337792247,32.151172686187955
synthetic_traffic,traffic,dummy_mean,traffic_2,2024-01-10 06:00:00,42.702906603707255,32.151172686187955
synthetic_traffic,traffic,dummy_mean,traffic_2,2024-01-10 07:00:00,42.37975279082637,32.151172686187955
synthetic_traffic,traffic,dummy_mean,traffic_2,2024-01-10 08:00:00,41.526279441628844,32.151172686187955
synthetic_traffic,traffic,dummy_mean,traffic_2,2024-01-10 09:00:00,40.197026847177256,32.151172686187955
synthetic_traffic,traffic,dummy_mean,traffic_2,2024-01-10 10:00:00,38.478716322947996,32.151172686187955
synthetic_traffic,traffic,dummy_mean,traffic_2,2024-01-10 11:00:00,36.48434570012023,32.151172686187955
synthetic_traffic,traffic,dummy_mean,traffic_2,2024-01-10 12:00:00,34.345494447404135,32.151172686187955
synthetic_traffic,traffic,dummy_mean,traffic_2,2024-01-10 13:00:00,32.203362808616234,32.151172686187955
synthetic_traffic,traffic,dummy_mean,traffic_2,2024-01-10 14:00:00,30.19915561548945,32.151172686187955
synthetic_traffic,traffic,dummy_mean,traffic_2,2024-01-10 15:00:00,28.46446609406727,32.151172686187955
synthetic_traffic,traffic,dummy_mean,traffic_2,2024-01-10 16:00:00,27.11231498303725,32.151172686187955
synthetic_traffic,traffic,dummy_mean,traffic_2,2024-01-10 17:00:00,26.229455623521815,32.151172686187955
synthetic_traffic,traffic,dummy_mean,traffic_2,2024-01-10 18:00:00,25.870469405576202,32.151172686187955
synthetic_traffic,traffic,dummy_mean,traffic_2,2024-01-10 19:00:00,26.054053946407954,32.151172686187955
synthetic_traffic,traffic,dummy_mean,traffic_2,2024-01-10 20:00:00,26.761756943915355,32.151172686187955
synthetic_traffic,traffic,dummy_mean,traffic_2,2024-01-10 21:00:00,27.939241980053595,32.151172686187955
synthetic_traffic,traffic,dummy_mean,traffic_2,2024-01-10 22:00:00,29.499999999999968,32.151172686187955
synthetic_traffic,traffic,dummy_mean,traffic_2,2024-01-10 23:00:00,31.33125352399899,32.151172686187955
synthetic_traffic,traffic,seasonal_naive,traffic_0,2024-01-09 00:00:00,32.34549444740407,29.999999999999986
synthetic_traffic,traffic,seasonal_naive,traffic_0,2024-01-09 01:00:00,34.484345700120166,32.182725943649146
synthetic_traffic,traffic,seasonal_naive,traffic_0,2024-01-09 02:00:00,36.47871632294794,34.22419028075928
synthetic_traffic,traffic,seasonal_naive,traffic_0,2024-01-09 03:00:00,38.197026847177206,35.99274767780228
synthetic_traffic,traffic,seasonal_naive,traffic_0,2024-01-09 04:00:00,39.526279441628816,37.37533002880402
synthetic_traffic,traffic,seasonal_naive,traffic_0,2024-01-09 05:00:00,40.37975279082636,38.285141431801286
synthetic_traffic,traffic,seasonal_naive,traffic_0,2024-01-09 06:00:00,40.702906603707255,38.66756280186894
synthetic_traffic,traffic,seasonal_naive,traffic_0,2024-01-09 07:00:00,40.47709337792247,38.503863745620116
synthetic_traffic,traffic,seasonal_naive,traffic_0,2024-01-09 08:00:00,39.720824476208115,37.81246875350824
synthetic_traffic,traffic,seasonal_naive,traffic_0,2024-01-09 09:00:00,38.4885042404175,36.64769143535786
synthetic_traffic,traffic,seasonal_naive,traffic_0,2024-01-09 10:00:00,36.86671841735843,35.09602307309919
synthetic_traffic,traffic,seasonal_naive,traffic_0,2024-01-09 11:00:00,34.96832983968737,33.27022843377939
synthetic_traffic,traffic,seasonal_naive,traffic_0,2024-01-09 12:00:00,32.924783736545514,31.30165121735266
synthetic_traffic,traffic,seasonal_naive,traffic_0,2024-01-09 13:00:00,30.87714705887973,29.331253523999045
synthetic_traffic,traffic,seasonal_naive,traffic_0,2024-01-09 14:00:00,28.966492478675402,27.500000000000018
synthetic_traffic,traffic,seasonal_naive,traffic_0,2024-01-09 15:00:00,27.324282380187395,25.939241980053634
synthetic_traffic,traffic,seasonal_naive,traffic_0,2024-01-09 16:00:00,26.06340816126803,24.761756943915383
synthetic_traffic,traffic,seasonal_naive,traffic_0,2024-01-09 17:00:00,25.270495504052647,24.05405394640797
synthetic_traffic,traffic,seasonal_naive,traffic_0,2024-01-09 18:00:00,25.0,23.8704694055762
synthetic_traffic,traffic,seasonal_naive,traffic_0,2024-01-09 19:00:00,25.270495504052647,24.22945562352183
synthetic_traffic,traffic,seasonal_naive,traffic_0,2024-01-09 20:00:00,26.063408161268026,25.112314983037244
synthetic_traffic,traffic,seasonal_naive,traffic_0,2024-01-09 21:00:00,27.324282380187352,26.464466094067266
synthetic_traffic,traffic,seasonal_naive,traffic_0,2024-01-09 22:00:00,28.96649247867535,28.199155615489495
synthetic_traffic,traffic,seasonal_naive,traffic_0,2024-01-09 23:00:00,30.87714705887967,30.203362808616163
synthetic_traffic,traffic,seasonal_naive,traffic_0,2024-01-10 00:00:00,32.92478373654545,29.999999999999986
synthetic_traffic,traffic,seasonal_naive,traffic_0,2024-01-10 01:00:00,34.96832983968731,32.182725943649146
synthetic_traffic,traffic,seasonal_naive,traffic_0,2024-01-10 02:00:00,36.86671841735838,34.22419028075928
synthetic_traffic,traffic,seasonal_naive,traffic_0,2024-01-10 03:00:00,38.48850424041749,35.99274767780228
synthetic_traffic,traffic,seasonal_naive,traffic_0,2024-01-10 04:00:00,39.720824476208136,37.37533002880402
synthetic_traffic,traffic,seasonal_naive,traffic_0,2024-01-10 05:00:00,40.47709337792247,38.285141431801286
synthetic_traffic,traffic,seasonal_naive,traffic_0,2024-01-10 06:00:00,40.702906603707255,38.66756280186894
synthetic_traffic,traffic,seasonal_naive,traffic_0,2024-01-10 07:00:00,40.37975279082637,38.503863745620116
synthetic_traffic,traffic,seasonal_naive,traffic_0,2024-01-10 08:00:00,39.526279441628844,37.81246875350824
synthetic_traffic,traffic,seasonal_naive,traffic_0,2024-01-10 09:00:00,38.197026847177256,36.64769143535786
synthetic_traffic,traffic,seasonal_naive,traffic_0,2024-01-10 10:00:00,36.478716322947996,35.09602307309919
synthetic_traffic,traffic,seasonal_naive,traffic_0,2024-01-10 11:00:00,34.48434570012023,33.27022843377939
synthetic_traffic,traffic,seasonal_naive,traffic_0,2024-01-10 12:00:00,32.345494447404135,31.30165121735266
synthetic_traffic,traffic,seasonal_naive,traffic_0,2024-01-10 13:00:00,30.20336280861623,29.331253523999045
synthetic_traffic,traffic,seasonal_naive,traffic_0,2024-01-10 14:00:00,28.19915561548945,27.500000000000018
synthetic_traffic,traffic,seasonal_naive,traffic_0,2024-01-10 15:00:00,26.46446609406727,25.939241980053634
synthetic_traffic,traffic,seasonal_naive,traffic_0,2024-01-10 16:00:00,25.11231498303725,24.761756943915383
synthetic_traffic,traffic,seasonal_naive,traffic_0,2024-01-10 17:00:00,24.229455623521815,24.05405394640797
synthetic_traffic,traffic,seasonal_naive,traffic_0,2024-01-10 18:00:00,23.870469405576202,23.8704694055762
synthetic_traffic,traffic,seasonal_naive,traffic_0,2024-01-10 19:00:00,24.054053946407954,24.22945562352183
synthetic_traffic,traffic,seasonal_naive,traffic_0,2024-01-10 20:00:00,24.761756943915355,25.112314983037244
synthetic_traffic,traffic,seasonal_naive,traffic_0,2024-01-10 21:00:00,25.939241980053595,26.464466094067266
synthetic_traffic,traffic,seasonal_naive,traffic_0,2024-01-10 22:00:00,27.499999999999968,28.199155615489495
synthetic_traffic,traffic,seasonal_naive,traffic_0,2024-01-10 23:00:00,29.33125352399899,30.203362808616163
synthetic_traffic,traffic,seasonal_naive,traffic_1,2024-01-09 00:00:00,33.34549444740407,30.999999999999986
synthetic_traffic,traffic,seasonal_naive,traffic_1,2024-01-09 01:00:00,35.484345700120166,33.182725943649146
synthetic_traffic,traffic,seasonal_naive,traffic_1,2024-01-09 02:00:00,37.47871632294794,35.22419028075928
synthetic_traffic,traffic,seasonal_naive,traffic_1,2024-01-09 03:00:00,39.197026847177206,36.99274767780228
synthetic_traffic,traffic,seasonal_naive,traffic_1,2024-01-09 04:00:00,40.526279441628816,38.37533002880402
synthetic_traffic,traffic,seasonal_naive,traffic_1,2024-01-09 05:00:00,41.37975279082636,39.285141431801286
synthetic_traffic,traffic,seasonal_naive,traffic_1,2024-01-09 06:00:00,41.702906603707255,39.66756280186894
synthetic_traffic,traffic,seasonal_naive,traffic_1,2024-01-09 07:00:00,41.47709337792247,39.503863745620116
synthetic_traffic,traffic,seasonal_naive,traffic_1,2024-01-09 08:00:00,40.720824476208115,38.81246875350824
synthetic_traffic,traffic,seasonal_naive,traffic_1,2024-01-09 09:00:00,39.4885042404175,37.64769143535786
synthetic_traffic,traffic,seasonal_naive,traffic_1,2024-01-09 10:00:00,37.86671841735843,36.09602307309919
synthetic_traffic,traffic,seasonal_naive,traffic_1,2024-01-09 11:00:00,35.96832983968737,34.27022843377939
synthetic_traffic,traffic,seasonal_naive,traffic_1,2024-01-09 12:00:00,33.924783736545514,32.301651217352656
synthetic_traffic,traffic,seasonal_naive,traffic_1,2024-01-09 13:00:00,31.87714705887973,30.331253523999045
synthetic_traffic,traffic,seasonal_naive,traffic_1,2024-01-09 14:00:00,29.966492478675402,28.500000000000018
synthetic_traffic,traffic,seasonal_naive,traffic_1,2024-01-09 15:00:00,28.324282380187395,26.939241980053634
synthetic_traffic,traffic,seasonal_naive,traffic_1,2024-01-09 16:00:00,27.06340816126803,25.761756943915383
synthetic_traffic,traffic,seasonal_naive,traffic_1,2024-01-09 17:00:00,26.270495504052647,25.05405394640797
synthetic_traffic,traffic,seasonal_naive,traffic_1,2024-01-09 18:00:00,26.0,24.8704694055762
synthetic_traffic,traffic,seasonal_naive,traffic_1,2024-01-09 19:00:00,26.270495504052647,25.22945562352183
synthetic_traffic,traffic,seasonal_naive,traffic_1,2024-01-09 20:00:00,27.063408161268026,26.112314983037244
synthetic_traffic,traffic,seasonal_naive,traffic_1,2024-01-09 21:00:00,28.324282380187352,27.464466094067266
synthetic_traffic,traffic,seasonal_naive,traffic_1,2024-01-09 22:00:00,29.96649247867535,29.199155615489495
synthetic_traffic,traffic,seasonal_naive,traffic_1,2024-01-09 23:00:00,31.87714705887967,31.203362808616163
synthetic_traffic,traffic,seasonal_naive,traffic_1,2024-01-10 00:00:00,33.92478373654545,30.999999999999986
synthetic_traffic,traffic,seasonal_naive,traffic_1,2024-01-10 01:00:00,35.96832983968731,33.182725943649146
synthetic_traffic,traffic,seasonal_naive,traffic_1,2024-01-10 02:00:00,37.86671841735838,35.22419028075928
synthetic_traffic,traffic,seasonal_naive,traffic_1,2024-01-10 03:00:00,39.48850424041749,36.99274767780228
synthetic_traffic,traffic,seasonal_naive,traffic_1,2024-01-10 04:00:00,40.720824476208136,38.37533002880402
synthetic_traffic,traffic,seasonal_naive,traffic_1,2024-01-10 05:00:00,41.47709337792247,39.285141431801286
synthetic_traffic,traffic,seasonal_naive,traffic_1,2024-01-10 06:00:00,41.702906603707255,39.66756280186894
synthetic_traffic,traffic,seasonal_naive,traffic_1,2024-01-10 07:00:00,41.37975279082637,39.503863745620116
synthetic_traffic,traffic,seasonal_naive,traffic_1,2024-01-10 08:00:00,40.526279441628844,38.81246875350824
synthetic_traffic,traffic,seasonal_naive,traffic_1,2024-01-10 09:00:00,39.197026847177256,37.64769143535786
synthetic_traffic,traffic,seasonal_naive,traffic_1,2024-01-10 10:00:00,37.478716322947996,36.09602307309919
synthetic_traffic,traffic,seasonal_naive,traffic_1,2024-01-10 11:00:00,35.48434570012023,34.27022843377939
synthetic_traffic,traffic,seasonal_naive,traffic_1,2024-01-10 12:00:00,33.345494447404135,32.301651217352656
synthetic_traffic,traffic,seasonal_naive,traffic_1,2024-01-10 13:00:00,31.20336280861623,30.331253523999045
synthetic_traffic,traffic,seasonal_naive,traffic_1,2024-01-10 14:00:00,29.19915561548945,28.500000000000018
synthetic_traffic,traffic,seasonal_naive,traffic_1,2024-01-10 15:00:00,27.46446609406727,26.939241980053634
synthetic_traffic,traffic,seasonal_naive,traffic_1,2024-01-10 16:00:00,26.11231498303725,25.761756943915383
synthetic_traffic,traffic,seasonal_naive,traffic_1,2024-01-10 17:00:00,25.229455623521815,25.05405394640797
synthetic_traffic,traffic,seasonal_naive,traffic_1,2024-01-10 18:00:00,24.870469405576202,24.8704694055762
synthetic_traffic,traffic,seasonal_naive,traffic_1,2024-01-10 19:00:00,25.054053946407954,25.22945562352183
synthetic_traffic,traffic,seasonal_naive,traffic_1,2024-01-10 20:00:00,25.761756943915355,26.112314983037244
synthetic_traffic,traffic,seasonal_naive,traffic_1,2024-01-10 21:00:00,26.939241980053595,27.464466094067266
synthetic_traffic,traffic,seasonal_naive,traffic_1,2024-01-10 22:00:00,28.499999999999968,29.199155615489495
synthetic_traffic,traffic,seasonal_naive,traffic_1,2024-01-10 23:00:00,30.33125352399899,31.203362808616163
synthetic_traffic,traffic,seasonal_naive,traffic_2,2024-01-09 00:00:00,34.34549444740407,31.999999999999986
synthetic_traffic,traffic,seasonal_naive,traffic_2,2024-01-09 01:00:00,36.484345700120166,34.182725943649146
synthetic_traffic,traffic,seasonal_naive,traffic_2,2024-01-09 02:00:00,38.47871632294794,36.22419028075928
synthetic_traffic,traffic,seasonal_naive,traffic_2,2024-01-09 03:00:00,40.197026847177206,37.99274767780228
synthetic_traffic,traffic,seasonal_naive,traffic_2,2024-01-09 04:00:00,41.526279441628816,39.37533002880402
synthetic_traffic,traffic,seasonal_naive,traffic_2,2024-01-09 05:00:00,42.37975279082636,40.285141431801286
synthetic_traffic,traffic,seasonal_naive,traffic_2,2024-01-09 06:00:00,42.702906603707255,40.66756280186894
synthetic_traffic,traffic,seasonal_naive,traffic_2,2024-01-09 07:00:00,42.47709337792247,40.503863745620116
synthetic_traffic,traffic,seasonal_naive,traffic_2,2024-01-09 08:00:00,41.720824476208115,39.81246875350824
synthetic_traffic,traffic,seasonal_naive,traffic_2,2024-01-09 09:00:00,40.4885042404175,38.64769143535786
synthetic_traffic,traffic,seasonal_naive,traffic_2,2024-01-09 10:00:00,38.86671841735843,37.09602307309919
synthetic_traffic,traffic,seasonal_naive,traffic_2,2024-01-09 11:00:00,36.96832983968737,35.27022843377939
synthetic_traffic,traffic,seasonal_naive,traffic_2,2024-01-09 12:00:00,34.924783736545514,33.301651217352656
synthetic_traffic,traffic,seasonal_naive,traffic_2,2024-01-09 13:00:00,32.87714705887973,31.331253523999045
synthetic_traffic,traffic,seasonal_naive,traffic_2,2024-01-09 14:00:00,30.966492478675402,29.500000000000018
synthetic_traffic,traffic,seasonal_naive,traffic_2,2024-01-09 15:00:00,29.324282380187395,27.939241980053634
synthetic_traffic,traffic,seasonal_naive,traffic_2,2024-01-09 16:00:00,28.06340816126803,26.761756943915383
synthetic_traffic,traffic,seasonal_naive,traffic_2,2024-01-09 17:00:00,27.270495504052647,26.05405394640797
synthetic_traffic,traffic,seasonal_naive,traffic_2,2024-01-09 18:00:00,27.0,25.8704694055762
synthetic_traffic,traffic,seasonal_naive,traffic_2,2024-01-09 19:00:00,27.270495504052647,26.22945562352183
synthetic_traffic,traffic,seasonal_naive,traffic_2,2024-01-09 20:00:00,28.063408161268026,27.112314983037244
synthetic_traffic,traffic,seasonal_naive,traffic_2,2024-01-09 21:00:00,29.324282380187352,28.464466094067266
synthetic_traffic,traffic,seasonal_naive,traffic_2,2024-01-09 22:00:00,30.96649247867535,30.199155615489495
synthetic_traffic,traffic,seasonal_naive,traffic_2,2024-01-09 23:00:00,32.87714705887967,32.20336280861616
synthetic_traffic,traffic,seasonal_naive,traffic_2,2024-01-10 00:00:00,34.92478373654545,31.999999999999986
synthetic_traffic,traffic,seasonal_naive,traffic_2,2024-01-10 01:00:00,36.96832983968731,34.182725943649146
synthetic_traffic,traffic,seasonal_naive,traffic_2,2024-01-10 02:00:00,38.86671841735838,36.22419028075928
synthetic_traffic,traffic,seasonal_naive,traffic_2,2024-01-10 03:00:00,40.48850424041749,37.99274767780228
synthetic_traffic,traffic,seasonal_naive,traffic_2,2024-01-10 04:00:00,41.720824476208136,39.37533002880402
synthetic_traffic,traffic,seasonal_naive,traffic_2,2024-01-10 05:00:00,42.47709337792247,40.285141431801286
synthetic_traffic,traffic,seasonal_naive,traffic_2,2024-01-10 06:00:00,42.702906603707255,40.66756280186894
synthetic_traffic,traffic,seasonal_naive,traffic_2,2024-01-10 07:00:00,42.37975279082637,40.503863745620116
synthetic_traffic,traffic,seasonal_naive,traffic_2,2024-01-10 08:00:00,41.526279441628844,39.81246875350824
synthetic_traffic,traffic,seasonal_naive,traffic_2,2024-01-10 09:00:00,40.197026847177256,38.64769143535786
synthetic_traffic,traffic,seasonal_naive,traffic_2,2024-01-10 10:00:00,38.478716322947996,37.09602307309919
synthetic_traffic,traffic,seasonal_naive,traffic_2,2024-01-10 11:00:00,36.48434570012023,35.27022843377939
synthetic_traffic,traffic,seasonal_naive,traffic_2,2024-01-10 12:00:00,34.345494447404135,33.301651217352656
synthetic_traffic,traffic,seasonal_naive,traffic_2,2024-01-10 13:00:00,32.203362808616234,31.331253523999045
synthetic_traffic,traffic,seasonal_naive,traffic_2,2024-01-10 14:00:00,30.19915561548945,29.500000000000018
synthetic_traffic,traffic,seasonal_naive,traffic_2,2024-01-10 15:00:00,28.46446609406727,27.939241980053634
synthetic_traffic,traffic,seasonal_naive,traffic_2,2024-01-10 16:00:00,27.11231498303725,26.761756943915383
synthetic_traffic,traffic,seasonal_naive,traffic_2,2024-01-10 17:00:00,26.229455623521815,26.05405394640797
synthetic_traffic,traffic,seasonal_naive,traffic_2,2024-01-10 18:00:00,25.870469405576202,25.8704694055762
synthetic_traffic,traffic,seasonal_naive,traffic_2,2024-01-10 19:00:00,26.054053946407954,26.22945562352183
synthetic_traffic,traffic,seasonal_naive,traffic_2,2024-01-10 20:00:00,26.761756943915355,27.112314983037244
synthetic_traffic,traffic,seasonal_naive,traffic_2,2024-01-10 21:00:00,27.939241980053595,28.464466094067266
synthetic_traffic,traffic,seasonal_naive,traffic_2,2024-01-10 22:00:00,29.499999999999968,30.199155615489495
synthetic_traffic,traffic,seasonal_naive,traffic_2,2024-01-10 23:00:00,31.33125352399899,32.20336280861616
synthetic_traffic,traffic,moving_average,traffic_0,2024-01-09 00:00:00,32.34549444740407,29.951135532345756
synthetic_traffic,traffic,moving_average,traffic_0,2024-01-09 01:00:00,34.484345700120166,29.951135532345756
synthetic_traffic,traffic,moving_average,traffic_0,2024-01-09 02:00:00,36.47871632294794,29.951135532345756
synthetic_traffic,traffic,moving_average,traffic_0,2024-01-09 03:00:00,38.197026847177206,29.951135532345756
synthetic_traffic,traffic,moving_average,traffic_0,2024-01-09 04:00:00,39.526279441628816,29.951135532345756
synthetic_traffic,traffic,moving_average,traffic_0,2024-01-09 05:00:00,40.37975279082636,29.951135532345756
synthetic_traffic,traffic,moving_average,traffic_0,2024-01-09 06:00:00,40.702906603707255,29.951135532345756
synthetic_traffic,traffic,moving_average,traffic_0,2024-01-09 07:00:00,40.47709337792247,29.951135532345756
synthetic_traffic,traffic,moving_average,traffic_0,2024-01-09 08:00:00,39.720824476208115,29.951135532345756
synthetic_traffic,traffic,moving_average,traffic_0,2024-01-09 09:00:00,38.4885042404175,29.951135532345756
synthetic_traffic,traffic,moving_average,traffic_0,2024-01-09 10:00:00,36.86671841735843,29.951135532345756
synthetic_traffic,traffic,moving_average,traffic_0,2024-01-09 11:00:00,34.96832983968737,29.951135532345756
synthetic_traffic,traffic,moving_average,traffic_0,2024-01-09 12:00:00,32.924783736545514,29.951135532345756
synthetic_traffic,traffic,moving_average,traffic_0,2024-01-09 13:00:00,30.87714705887973,29.951135532345756
synthetic_traffic,traffic,moving_average,traffic_0,2024-01-09 14:00:00,28.966492478675402,29.951135532345756
synthetic_traffic,traffic,moving_average,traffic_0,2024-01-09 15:00:00,27.324282380187395,29.951135532345756
synthetic_traffic,traffic,moving_average,traffic_0,2024-01-09 16:00:00,26.06340816126803,29.951135532345756
synthetic_traffic,traffic,moving_average,traffic_0,2024-01-09 17:00:00,25.270495504052647,29.951135532345756
synthetic_traffic,traffic,moving_average,traffic_0,2024-01-09 18:00:00,25.0,29.951135532345756
synthetic_traffic,traffic,moving_average,traffic_0,2024-01-09 19:00:00,25.270495504052647,29.951135532345756
synthetic_traffic,traffic,moving_average,traffic_0,2024-01-09 20:00:00,26.063408161268026,29.951135532345756
synthetic_traffic,traffic,moving_average,traffic_0,2024-01-09 21:00:00,27.324282380187352,29.951135532345756
synthetic_traffic,traffic,moving_average,traffic_0,2024-01-09 22:00:00,28.96649247867535,29.951135532345756
synthetic_traffic,traffic,moving_average,traffic_0,2024-01-09 23:00:00,30.87714705887967,29.951135532345756
synthetic_traffic,traffic,moving_average,traffic_0,2024-01-10 00:00:00,32.92478373654545,29.951135532345756
synthetic_traffic,traffic,moving_average,traffic_0,2024-01-10 01:00:00,34.96832983968731,29.951135532345756
synthetic_traffic,traffic,moving_average,traffic_0,2024-01-10 02:00:00,36.86671841735838,29.951135532345756
synthetic_traffic,traffic,moving_average,traffic_0,2024-01-10 03:00:00,38.48850424041749,29.951135532345756
synthetic_traffic,traffic,moving_average,traffic_0,2024-01-10 04:00:00,39.720824476208136,29.951135532345756
synthetic_traffic,traffic,moving_average,traffic_0,2024-01-10 05:00:00,40.47709337792247,29.951135532345756
synthetic_traffic,traffic,moving_average,traffic_0,2024-01-10 06:00:00,40.702906603707255,29.951135532345756
synthetic_traffic,traffic,moving_average,traffic_0,2024-01-10 07:00:00,40.37975279082637,29.951135532345756
synthetic_traffic,traffic,moving_average,traffic_0,2024-01-10 08:00:00,39.526279441628844,29.951135532345756
synthetic_traffic,traffic,moving_average,traffic_0,2024-01-10 09:00:00,38.197026847177256,29.951135532345756
synthetic_traffic,traffic,moving_average,traffic_0,2024-01-10 10:00:00,36.478716322947996,29.951135532345756
synthetic_traffic,traffic,moving_average,traffic_0,2024-01-10 11:00:00,34.48434570012023,29.951135532345756
synthetic_traffic,traffic,moving_average,traffic_0,2024-01-10 12:00:00,32.345494447404135,29.951135532345756
synthetic_traffic,traffic,moving_average,traffic_0,2024-01-10 13:00:00,30.20336280861623,29.951135532345756
synthetic_traffic,traffic,moving_average,traffic_0,2024-01-10 14:00:00,28.19915561548945,29.951135532345756
synthetic_traffic,traffic,moving_average,traffic_0,2024-01-10 15:00:00,26.46446609406727,29.951135532345756
synthetic_traffic,traffic,moving_average,traffic_0,2024-01-10 16:00:00,25.11231498303725,29.951135532345756
synthetic_traffic,traffic,moving_average,traffic_0,2024-01-10 17:00:00,24.229455623521815,29.951135532345756
synthetic_traffic,traffic,moving_average,traffic_0,2024-01-10 18:00:00,23.870469405576202,29.951135532345756
synthetic_traffic,traffic,moving_average,traffic_0,2024-01-10 19:00:00,24.054053946407954,29.951135532345756
synthetic_traffic,traffic,moving_average,traffic_0,2024-01-10 20:00:00,24.761756943915355,29.951135532345756
synthetic_traffic,traffic,moving_average,traffic_0,2024-01-10 21:00:00,25.939241980053595,29.951135532345756
synthetic_traffic,traffic,moving_average,traffic_0,2024-01-10 22:00:00,27.499999999999968,29.951135532345756
synthetic_traffic,traffic,moving_average,traffic_0,2024-01-10 23:00:00,29.33125352399899,29.951135532345756
synthetic_traffic,traffic,moving_average,traffic_1,2024-01-09 00:00:00,33.34549444740407,30.951135532345756
synthetic_traffic,traffic,moving_average,traffic_1,2024-01-09 01:00:00,35.484345700120166,30.951135532345756
synthetic_traffic,traffic,moving_average,traffic_1,2024-01-09 02:00:00,37.47871632294794,30.951135532345756
synthetic_traffic,traffic,moving_average,traffic_1,2024-01-09 03:00:00,39.197026847177206,30.951135532345756
synthetic_traffic,traffic,moving_average,traffic_1,2024-01-09 04:00:00,40.526279441628816,30.951135532345756
synthetic_traffic,traffic,moving_average,traffic_1,2024-01-09 05:00:00,41.37975279082636,30.951135532345756
synthetic_traffic,traffic,moving_average,traffic_1,2024-01-09 06:00:00,41.702906603707255,30.951135532345756
synthetic_traffic,traffic,moving_average,traffic_1,2024-01-09 07:00:00,41.47709337792247,30.951135532345756
synthetic_traffic,traffic,moving_average,traffic_1,2024-01-09 08:00:00,40.720824476208115,30.951135532345756
synthetic_traffic,traffic,moving_average,traffic_1,2024-01-09 09:00:00,39.4885042404175,30.951135532345756
synthetic_traffic,traffic,moving_average,traffic_1,2024-01-09 10:00:00,37.86671841735843,30.951135532345756
synthetic_traffic,traffic,moving_average,traffic_1,2024-01-09 11:00:00,35.96832983968737,30.951135532345756
synthetic_traffic,traffic,moving_average,traffic_1,2024-01-09 12:00:00,33.924783736545514,30.951135532345756
synthetic_traffic,traffic,moving_average,traffic_1,2024-01-09 13:00:00,31.87714705887973,30.951135532345756
synthetic_traffic,traffic,moving_average,traffic_1,2024-01-09 14:00:00,29.966492478675402,30.951135532345756
synthetic_traffic,traffic,moving_average,traffic_1,2024-01-09 15:00:00,28.324282380187395,30.951135532345756
synthetic_traffic,traffic,moving_average,traffic_1,2024-01-09 16:00:00,27.06340816126803,30.951135532345756
synthetic_traffic,traffic,moving_average,traffic_1,2024-01-09 17:00:00,26.270495504052647,30.951135532345756
synthetic_traffic,traffic,moving_average,traffic_1,2024-01-09 18:00:00,26.0,30.951135532345756
synthetic_traffic,traffic,moving_average,traffic_1,2024-01-09 19:00:00,26.270495504052647,30.951135532345756
synthetic_traffic,traffic,moving_average,traffic_1,2024-01-09 20:00:00,27.063408161268026,30.951135532345756
synthetic_traffic,traffic,moving_average,traffic_1,2024-01-09 21:00:00,28.324282380187352,30.951135532345756
synthetic_traffic,traffic,moving_average,traffic_1,2024-01-09 22:00:00,29.96649247867535,30.951135532345756
synthetic_traffic,traffic,moving_average,traffic_1,2024-01-09 23:00:00,31.87714705887967,30.951135532345756
synthetic_traffic,traffic,moving_average,traffic_1,2024-01-10 00:00:00,33.92478373654545,30.951135532345756
synthetic_traffic,traffic,moving_average,traffic_1,2024-01-10 01:00:00,35.96832983968731,30.951135532345756
synthetic_traffic,traffic,moving_average,traffic_1,2024-01-10 02:00:00,37.86671841735838,30.951135532345756
synthetic_traffic,traffic,moving_average,traffic_1,2024-01-10 03:00:00,39.48850424041749,30.951135532345756
synthetic_traffic,traffic,moving_average,traffic_1,2024-01-10 04:00:00,40.720824476208136,30.951135532345756
synthetic_traffic,traffic,moving_average,traffic_1,2024-01-10 05:00:00,41.47709337792247,30.951135532345756
synthetic_traffic,traffic,moving_average,traffic_1,2024-01-10 06:00:00,41.702906603707255,30.951135532345756
synthetic_traffic,traffic,moving_average,traffic_1,2024-01-10 07:00:00,41.37975279082637,30.951135532345756
synthetic_traffic,traffic,moving_average,traffic_1,2024-01-10 08:00:00,40.526279441628844,30.951135532345756
synthetic_traffic,traffic,moving_average,traffic_1,2024-01-10 09:00:00,39.197026847177256,30.951135532345756
synthetic_traffic,traffic,moving_average,traffic_1,2024-01-10 10:00:00,37.478716322947996,30.951135532345756
synthetic_traffic,traffic,moving_average,traffic_1,2024-01-10 11:00:00,35.48434570012023,30.951135532345756
synthetic_traffic,traffic,moving_average,traffic_1,2024-01-10 12:00:00,33.345494447404135,30.951135532345756
synthetic_traffic,traffic,moving_average,traffic_1,2024-01-10 13:00:00,31.20336280861623,30.951135532345756
synthetic_traffic,traffic,moving_average,traffic_1,2024-01-10 14:00:00,29.19915561548945,30.951135532345756
synthetic_traffic,traffic,moving_average,traffic_1,2024-01-10 15:00:00,27.46446609406727,30.951135532345756
synthetic_traffic,traffic,moving_average,traffic_1,2024-01-10 16:00:00,26.11231498303725,30.951135532345756
synthetic_traffic,traffic,moving_average,traffic_1,2024-01-10 17:00:00,25.229455623521815,30.951135532345756
synthetic_traffic,traffic,moving_average,traffic_1,2024-01-10 18:00:00,24.870469405576202,30.951135532345756
synthetic_traffic,traffic,moving_average,traffic_1,2024-01-10 19:00:00,25.054053946407954,30.951135532345756
synthetic_traffic,traffic,moving_average,traffic_1,2024-01-10 20:00:00,25.761756943915355,30.951135532345756
synthetic_traffic,traffic,moving_average,traffic_1,2024-01-10 21:00:00,26.939241980053595,30.951135532345756
synthetic_traffic,traffic,moving_average,traffic_1,2024-01-10 22:00:00,28.499999999999968,30.951135532345756
synthetic_traffic,traffic,moving_average,traffic_1,2024-01-10 23:00:00,30.33125352399899,30.951135532345756
synthetic_traffic,traffic,moving_average,traffic_2,2024-01-09 00:00:00,34.34549444740407,31.951135532345756
synthetic_traffic,traffic,moving_average,traffic_2,2024-01-09 01:00:00,36.484345700120166,31.951135532345756
synthetic_traffic,traffic,moving_average,traffic_2,2024-01-09 02:00:00,38.47871632294794,31.951135532345756
synthetic_traffic,traffic,moving_average,traffic_2,2024-01-09 03:00:00,40.197026847177206,31.951135532345756
synthetic_traffic,traffic,moving_average,traffic_2,2024-01-09 04:00:00,41.526279441628816,31.951135532345756
synthetic_traffic,traffic,moving_average,traffic_2,2024-01-09 05:00:00,42.37975279082636,31.951135532345756
synthetic_traffic,traffic,moving_average,traffic_2,2024-01-09 06:00:00,42.702906603707255,31.951135532345756
synthetic_traffic,traffic,moving_average,traffic_2,2024-01-09 07:00:00,42.47709337792247,31.951135532345756
synthetic_traffic,traffic,moving_average,traffic_2,2024-01-09 08:00:00,41.720824476208115,31.951135532345756
synthetic_traffic,traffic,moving_average,traffic_2,2024-01-09 09:00:00,40.4885042404175,31.951135532345756
synthetic_traffic,traffic,moving_average,traffic_2,2024-01-09 10:00:00,38.86671841735843,31.951135532345756
synthetic_traffic,traffic,moving_average,traffic_2,2024-01-09 11:00:00,36.96832983968737,31.951135532345756
synthetic_traffic,traffic,moving_average,traffic_2,2024-01-09 12:00:00,34.924783736545514,31.951135532345756
synthetic_traffic,traffic,moving_average,traffic_2,2024-01-09 13:00:00,32.87714705887973,31.951135532345756
synthetic_traffic,traffic,moving_average,traffic_2,2024-01-09 14:00:00,30.966492478675402,31.951135532345756
synthetic_traffic,traffic,moving_average,traffic_2,2024-01-09 15:00:00,29.324282380187395,31.951135532345756
synthetic_traffic,traffic,moving_average,traffic_2,2024-01-09 16:00:00,28.06340816126803,31.951135532345756
synthetic_traffic,traffic,moving_average,traffic_2,2024-01-09 17:00:00,27.270495504052647,31.951135532345756
synthetic_traffic,traffic,moving_average,traffic_2,2024-01-09 18:00:00,27.0,31.951135532345756
synthetic_traffic,traffic,moving_average,traffic_2,2024-01-09 19:00:00,27.270495504052647,31.951135532345756
synthetic_traffic,traffic,moving_average,traffic_2,2024-01-09 20:00:00,28.063408161268026,31.951135532345756
synthetic_traffic,traffic,moving_average,traffic_2,2024-01-09 21:00:00,29.324282380187352,31.951135532345756
synthetic_traffic,traffic,moving_average,traffic_2,2024-01-09 22:00:00,30.96649247867535,31.951135532345756
synthetic_traffic,traffic,moving_average,traffic_2,2024-01-09 23:00:00,32.87714705887967,31.951135532345756
synthetic_traffic,traffic,moving_average,traffic_2,2024-01-10 00:00:00,34.92478373654545,31.951135532345756
synthetic_traffic,traffic,moving_average,traffic_2,2024-01-10 01:00:00,36.96832983968731,31.951135532345756
synthetic_traffic,traffic,moving_average,traffic_2,2024-01-10 02:00:00,38.86671841735838,31.951135532345756
synthetic_traffic,traffic,moving_average,traffic_2,2024-01-10 03:00:00,40.48850424041749,31.951135532345756
synthetic_traffic,traffic,moving_average,traffic_2,2024-01-10 04:00:00,41.720824476208136,31.951135532345756
synthetic_traffic,traffic,moving_average,traffic_2,2024-01-10 05:00:00,42.47709337792247,31.951135532345756
synthetic_traffic,traffic,moving_average,traffic_2,2024-01-10 06:00:00,42.702906603707255,31.951135532345756
synthetic_traffic,traffic,moving_average,traffic_2,2024-01-10 07:00:00,42.37975279082637,31.951135532345756
synthetic_traffic,traffic,moving_average,traffic_2,2024-01-10 08:00:00,41.526279441628844,31.951135532345756
synthetic_traffic,traffic,moving_average,traffic_2,2024-01-10 09:00:00,40.197026847177256,31.951135532345756
synthetic_traffic,traffic,moving_average,traffic_2,2024-01-10 10:00:00,38.478716322947996,31.951135532345756
synthetic_traffic,traffic,moving_average,traffic_2,2024-01-10 11:00:00,36.48434570012023,31.951135532345756
synthetic_traffic,traffic,moving_average,traffic_2,2024-01-10 12:00:00,34.345494447404135,31.951135532345756
synthetic_traffic,traffic,moving_average,traffic_2,2024-01-10 13:00:00,32.203362808616234,31.951135532345756
synthetic_traffic,traffic,moving_average,traffic_2,2024-01-10 14:00:00,30.19915561548945,31.951135532345756
synthetic_traffic,traffic,moving_average,traffic_2,2024-01-10 15:00:00,28.46446609406727,31.951135532345756
synthetic_traffic,traffic,moving_average,traffic_2,2024-01-10 16:00:00,27.11231498303725,31.951135532345756
synthetic_traffic,traffic,moving_average,traffic_2,2024-01-10 17:00:00,26.229455623521815,31.951135532345756
synthetic_traffic,traffic,moving_average,traffic_2,2024-01-10 18:00:00,25.870469405576202,31.951135532345756
synthetic_traffic,traffic,moving_average,traffic_2,2024-01-10 19:00:00,26.054053946407954,31.951135532345756
synthetic_traffic,traffic,moving_average,traffic_2,2024-01-10 20:00:00,26.761756943915355,31.951135532345756
synthetic_traffic,traffic,moving_average,traffic_2,2024-01-10 21:00:00,27.939241980053595,31.951135532345756
synthetic_traffic,traffic,moving_average,traffic_2,2024-01-10 22:00:00,29.499999999999968,31.951135532345756
synthetic_traffic,traffic,moving_average,traffic_2,2024-01-10 23:00:00,31.33125352399899,31.951135532345756
synthetic_traffic,traffic,linear_trend,traffic_0,2024-01-09 00:00:00,32.34549444740407,27.40986374737619
synthetic_traffic,traffic,linear_trend,traffic_0,2024-01-09 01:00:00,34.484345700120166,27.381456400860007
synthetic_traffic,traffic,linear_trend,traffic_0,2024-01-09 02:00:00,36.47871632294794,27.35304905434382
synthetic_traffic,traffic,linear_trend,traffic_0,2024-01-09 03:00:00,38.197026847177206,27.324641707827638
synthetic_traffic,traffic,linear_trend,traffic_0,2024-01-09 04:00:00,39.526279441628816,27.296234361311456
synthetic_traffic,traffic,linear_trend,traffic_0,2024-01-09 05:00:00,40.37975279082636,27.26782701479527
synthetic_traffic,traffic,linear_trend,traffic_0,2024-01-09 06:00:00,40.702906603707255,27.239419668279087
synthetic_traffic,traffic,linear_trend,traffic_0,2024-01-09 07:00:00,40.47709337792247,27.2110123217629
synthetic_traffic,traffic,linear_trend,traffic_0,2024-01-09 08:00:00,39.720824476208115,27.18260497524672
synthetic_traffic,traffic,linear_trend,traffic_0,2024-01-09 09:00:00,38.4885042404175,27.154197628730536
synthetic_traffic,traffic,linear_trend,traffic_0,2024-01-09 10:00:00,36.86671841735843,27.12579028221435
synthetic_traffic,traffic,linear_trend,traffic_0,2024-01-09 11:00:00,34.96832983968737,27.097382935698164
synthetic_traffic,traffic,linear_trend,traffic_0,2024-01-09 12:00:00,32.924783736545514,27.06897558918198
synthetic_traffic,traffic,linear_trend,traffic_0,2024-01-09 13:00:00,30.87714705887973,27.0405682426658
synthetic_traffic,traffic,linear_trend,traffic_0,2024-01-09 14:00:00,28.966492478675402,27.012160896149613
synthetic_traffic,traffic,linear_trend,traffic_0,2024-01-09 15:00:00,27.324282380187395,26.98375354963343
synthetic_traffic,traffic,linear_trend,traffic_0,2024-01-09 16:00:00,26.06340816126803,26.955346203117244
synthetic_traffic,traffic,linear_trend,traffic_0,2024-01-09 17:00:00,25.270495504052647,26.926938856601062
synthetic_traffic,traffic,linear_trend,traffic_0,2024-01-09 18:00:00,25.0,26.89853151008488
synthetic_traffic,traffic,linear_trend,traffic_0,2024-01-09 19:00:00,25.270495504052647,26.870124163568693
synthetic_traffic,traffic,linear_trend,traffic_0,2024-01-09 20:00:00,26.063408161268026,26.84171681705251
synthetic_traffic,traffic,linear_trend,traffic_0,2024-01-09 21:00:00,27.324282380187352,26.813309470536325
synthetic_traffic,traffic,linear_trend,traffic_0,2024-01-09 22:00:00,28.96649247867535,26.784902124020142
synthetic_traffic,traffic,linear_trend,traffic_0,2024-01-09 23:00:00,30.87714705887967,26.75649477750396
synthetic_traffic,traffic,linear_trend,traffic_0,2024-01-10 00:00:00,32.92478373654545,26.728087430987774
synthetic_traffic,traffic,linear_trend,traffic_0,2024-01-10 01:00:00,34.96832983968731,26.69968008447159
synthetic_traffic,traffic,linear_trend,traffic_0,2024-01-10 02:00:00,36.86671841735838,26.671272737955405
synthetic_traffic,traffic,linear_trend,traffic_0,2024-01-10 03:00:00,38.48850424041749,26.642865391439223
synthetic_traffic,traffic,linear_trend,traffic_0,2024-01-10 04:00:00,39.720824476208136,26.61445804492304
synthetic_traffic,traffic,linear_trend,traffic_0,2024-01-10 05:00:00,40.47709337792247,26.586050698406854
synthetic_traffic,traffic,linear_trend,traffic_0,2024-01-10 06:00:00,40.702906603707255,26.55764335189067
synthetic_traffic,traffic,linear_trend,traffic_0,2024-01-10 07:00:00,40.37975279082637,26.529236005374486
synthetic_traffic,traffic,linear_trend,traffic_0,2024-01-10 08:00:00,39.526279441628844,26.500828658858303
synthetic_traffic,traffic,linear_trend,traffic_0,2024-01-10 09:00:00,38.197026847177256,26.472421312342117
synthetic_traffic,traffic,linear_trend,traffic_0,2024-01-10 10:00:00,36.478716322947996,26.444013965825935
synthetic_traffic,traffic,linear_trend,traffic_0,2024-01-10 11:00:00,34.48434570012023,26.41560661930975
synthetic_traffic,traffic,linear_trend,traffic_0,2024-01-10 12:00:00,32.345494447404135,26.387199272793566
synthetic_traffic,traffic,linear_trend,traffic_0,2024-01-10 13:00:00,30.20336280861623,26.358791926277384
synthetic_traffic,traffic,linear_trend,traffic_0,2024-01-10 14:00:00,28.19915561548945,26.330384579761198
synthetic_traffic,traffic,linear_trend,traffic_0,2024-01-10 15:00:00,26.46446609406727,26.301977233245015
synthetic_traffic,traffic,linear_trend,traffic_0,2024-01-10 16:00:00,25.11231498303725,26.27356988672883
synthetic_traffic,traffic,linear_trend,traffic_0,2024-01-10 17:00:00,24.229455623521815,26.245162540212647
synthetic_traffic,traffic,linear_trend,traffic_0,2024-01-10 18:00:00,23.870469405576202,26.216755193696464
synthetic_traffic,traffic,linear_trend,traffic_0,2024-01-10 19:00:00,24.054053946407954,26.188347847180278
synthetic_traffic,traffic,linear_trend,traffic_0,2024-01-10 20:00:00,24.761756943915355,26.159940500664096
synthetic_traffic,traffic,linear_trend,traffic_0,2024-01-10 21:00:00,25.939241980053595,26.13153315414791
synthetic_traffic,traffic,linear_trend,traffic_0,2024-01-10 22:00:00,27.499999999999968,26.103125807631727
synthetic_traffic,traffic,linear_trend,traffic_0,2024-01-10 23:00:00,29.33125352399899,26.074718461115545
synthetic_traffic,traffic,linear_trend,traffic_1,2024-01-09 00:00:00,33.34549444740407,28.409863747376185
synthetic_traffic,traffic,linear_trend,traffic_1,2024-01-09 01:00:00,35.484345700120166,28.381456400860003
synthetic_traffic,traffic,linear_trend,traffic_1,2024-01-09 02:00:00,37.47871632294794,28.35304905434382
synthetic_traffic,traffic,linear_trend,traffic_1,2024-01-09 03:00:00,39.197026847177206,28.324641707827634
synthetic_traffic,traffic,linear_trend,traffic_1,2024-01-09 04:00:00,40.526279441628816,28.29623436131145
synthetic_traffic,traffic,linear_trend,traffic_1,2024-01-09 05:00:00,41.37975279082636,28.267827014795266
synthetic_traffic,traffic,linear_trend,traffic_1,2024-01-09 06:00:00,41.702906603707255,28.239419668279083
synthetic_traffic,traffic,linear_trend,traffic_1,2024-01-09 07:00:00,41.47709337792247,28.211012321762897
synthetic_traffic,traffic,linear_trend,traffic_1,2024-01-09 08:00:00,40.720824476208115,28.182604975246715
synthetic_traffic,traffic,linear_trend,traffic_1,2024-01-09 09:00:00,39.4885042404175,28.15419762873053
synthetic_traffic,traffic,linear_trend,traffic_1,2024-01-09 10:00:00,37.86671841735843,28.125790282214346
synthetic_traffic,traffic,linear_trend,traffic_1,2024-01-09 11:00:00,35.96832983968737,28.097382935698164
synthetic_traffic,traffic,linear_trend,traffic_1,2024-01-09 12:00:00,33.924783736545514,28.068975589181978
synthetic_traffic,traffic,linear_trend,traffic_1,2024-01-09 13:00:00,31.87714705887973,28.040568242665792
synthetic_traffic,traffic,linear_trend,traffic_1,2024-01-09 14:00:00,29.966492478675402,28.01216089614961
synthetic_traffic,traffic,linear_trend,traffic_1,2024-01-09 15:00:00,28.324282380187395,27.983753549633427
synthetic_traffic,traffic,linear_trend,traffic_1,2024-01-09 16:00:00,27.06340816126803,27.95534620311724
synthetic_traffic,traffic,linear_trend,traffic_1,2024-01-09 17:00:00,26.270495504052647,27.92693885660106
synthetic_traffic,traffic,linear_trend,traffic_1,2024-01-09 18:00:00,26.0,27.898531510084872
synthetic_traffic,traffic,linear_trend,traffic_1,2024-01-09 19:00:00,26.270495504052647,27.87012416356869
synthetic_traffic,traffic,linear_trend,traffic_1,2024-01-09 20:00:00,27.063408161268026,27.841716817052507
synthetic_traffic,traffic,linear_trend,traffic_1,2024-01-09 21:00:00,28.324282380187352,27.81330947053632
synthetic_traffic,traffic,linear_trend,traffic_1,2024-01-09 22:00:00,29.96649247867535,27.784902124020135
synthetic_traffic,traffic,linear_trend,traffic_1,2024-01-09 23:00:00,31.87714705887967,27.756494777503953
synthetic_traffic,traffic,linear_trend,traffic_1,2024-01-10 00:00:00,33.92478373654545,27.72808743098777
synthetic_traffic,traffic,linear_trend,traffic_1,2024-01-10 01:00:00,35.96832983968731,27.699680084471584
synthetic_traffic,traffic,linear_trend,traffic_1,2024-01-10 02:00:00,37.86671841735838,27.6712727379554
synthetic_traffic,traffic,linear_trend,traffic_1,2024-01-10 03:00:00,39.48850424041749,27.642865391439216
synthetic_traffic,traffic,linear_trend,traffic_1,2024-01-10 04:00:00,40.720824476208136,27.614458044923033
synthetic_traffic,traffic,linear_trend,traffic_1,2024-01-10 05:00:00,41.47709337792247,27.586050698406847
synthetic_traffic,traffic,linear_trend,traffic_1,2024-01-10 06:00:00,41.702906603707255,27.557643351890665
synthetic_traffic,traffic,linear_trend,traffic_1,2024-01-10 07:00:00,41.37975279082637,27.52923600537448
synthetic_traffic,traffic,linear_trend,traffic_1,2024-01-10 08:00:00,40.526279441628844,27.500828658858296
synthetic_traffic,traffic,linear_trend,traffic_1,2024-01-10 09:00:00,39.197026847177256,27.472421312342114
synthetic_traffic,traffic,linear_trend,traffic_1,2024-01-10 10:00:00,37.478716322947996,27.444013965825928
synthetic_traffic,traffic,linear_trend,traffic_1,2024-01-10 11:00:00,35.48434570012023,27.415606619309745
synthetic_traffic,traffic,linear_trend,traffic_1,2024-01-10 12:00:00,33.345494447404135,27.38719927279356
synthetic_traffic,traffic,linear_trend,traffic_1,2024-01-10 13:00:00,31.20336280861623,27.358791926277377
synthetic_traffic,traffic,linear_trend,traffic_1,2024-01-10 14:00:00,29.19915561548945,27.33038457976119
synthetic_traffic,traffic,linear_trend,traffic_1,2024-01-10 15:00:00,27.46446609406727,27.301977233245008
synthetic_traffic,traffic,linear_trend,traffic_1,2024-01-10 16:00:00,26.11231498303725,27.273569886728822
synthetic_traffic,traffic,linear_trend,traffic_1,2024-01-10 17:00:00,25.229455623521815,27.24516254021264
synthetic_traffic,traffic,linear_trend,traffic_1,2024-01-10 18:00:00,24.870469405576202,27.216755193696457
synthetic_traffic,traffic,linear_trend,traffic_1,2024-01-10 19:00:00,25.054053946407954,27.18834784718027
synthetic_traffic,traffic,linear_trend,traffic_1,2024-01-10 20:00:00,25.761756943915355,27.15994050066409
synthetic_traffic,traffic,linear_trend,traffic_1,2024-01-10 21:00:00,26.939241980053595,27.131533154147903
synthetic_traffic,traffic,linear_trend,traffic_1,2024-01-10 22:00:00,28.499999999999968,27.10312580763172
synthetic_traffic,traffic,linear_trend,traffic_1,2024-01-10 23:00:00,30.33125352399899,27.074718461115534
synthetic_traffic,traffic,linear_trend,traffic_2,2024-01-09 00:00:00,34.34549444740407,29.409863747376175
synthetic_traffic,traffic,linear_trend,traffic_2,2024-01-09 01:00:00,36.484345700120166,29.38145640085999
synthetic_traffic,traffic,linear_trend,traffic_2,2024-01-09 02:00:00,38.47871632294794,29.353049054343806
synthetic_traffic,traffic,linear_trend,traffic_2,2024-01-09 03:00:00,40.197026847177206,29.324641707827624
synthetic_traffic,traffic,linear_trend,traffic_2,2024-01-09 04:00:00,41.526279441628816,29.296234361311438
synthetic_traffic,traffic,linear_trend,traffic_2,2024-01-09 05:00:00,42.37975279082636,29.26782701479525
synthetic_traffic,traffic,linear_trend,traffic_2,2024-01-09 06:00:00,42.702906603707255,29.23941966827907
synthetic_traffic,traffic,linear_trend,traffic_2,2024-01-09 07:00:00,42.47709337792247,29.211012321762887
synthetic_traffic,traffic,linear_trend,traffic_2,2024-01-09 08:00:00,41.720824476208115,29.1826049752467
synthetic_traffic,traffic,linear_trend,traffic_2,2024-01-09 09:00:00,40.4885042404175,29.15419762873052
synthetic_traffic,traffic,linear_trend,traffic_2,2024-01-09 10:00:00,38.86671841735843,29.125790282214332
synthetic_traffic,traffic,linear_trend,traffic_2,2024-01-09 11:00:00,36.96832983968737,29.09738293569815
synthetic_traffic,traffic,linear_trend,traffic_2,2024-01-09 12:00:00,34.924783736545514,29.068975589181964
synthetic_traffic,traffic,linear_trend,traffic_2,2024-01-09 13:00:00,32.87714705887973,29.04056824266578
synthetic_traffic,traffic,linear_trend,traffic_2,2024-01-09 14:00:00,30.966492478675402,29.012160896149595
synthetic_traffic,traffic,linear_trend,traffic_2,2024-01-09 15:00:00,29.324282380187395,28.983753549633413
synthetic_traffic,traffic,linear_trend,traffic_2,2024-01-09 16:00:00,28.06340816126803,28.95534620311723
synthetic_traffic,traffic,linear_trend,traffic_2,2024-01-09 17:00:00,27.270495504052647,28.926938856601044
synthetic_traffic,traffic,linear_trend,traffic_2,2024-01-09 18:00:00,27.0,28.89853151008486
synthetic_traffic,traffic,linear_trend,traffic_2,2024-01-09 19:00:00,27.270495504052647,28.870124163568676
synthetic_traffic,traffic,linear_trend,traffic_2,2024-01-09 20:00:00,28.063408161268026,28.841716817052493
synthetic_traffic,traffic,linear_trend,traffic_2,2024-01-09 21:00:00,29.324282380187352,28.813309470536307
synthetic_traffic,traffic,linear_trend,traffic_2,2024-01-09 22:00:00,30.96649247867535,28.784902124020125
synthetic_traffic,traffic,linear_trend,traffic_2,2024-01-09 23:00:00,32.87714705887967,28.75649477750394
synthetic_traffic,traffic,linear_trend,traffic_2,2024-01-10 00:00:00,34.92478373654545,28.728087430987756
synthetic_traffic,traffic,linear_trend,traffic_2,2024-01-10 01:00:00,36.96832983968731,28.699680084471574
synthetic_traffic,traffic,linear_trend,traffic_2,2024-01-10 02:00:00,38.86671841735838,28.671272737955388
synthetic_traffic,traffic,linear_trend,traffic_2,2024-01-10 03:00:00,40.48850424041749,28.6428653914392
synthetic_traffic,traffic,linear_trend,traffic_2,2024-01-10 04:00:00,41.720824476208136,28.61445804492302
synthetic_traffic,traffic,linear_trend,traffic_2,2024-01-10 05:00:00,42.47709337792247,28.586050698406837
synthetic_traffic,traffic,linear_trend,traffic_2,2024-01-10 06:00:00,42.702906603707255,28.55764335189065
synthetic_traffic,traffic,linear_trend,traffic_2,2024-01-10 07:00:00,42.37975279082637,28.529236005374468
synthetic_traffic,traffic,linear_trend,traffic_2,2024-01-10 08:00:00,41.526279441628844,28.500828658858282
synthetic_traffic,traffic,linear_trend,traffic_2,2024-01-10 09:00:00,40.197026847177256,28.4724213123421
synthetic_traffic,traffic,linear_trend,traffic_2,2024-01-10 10:00:00,38.478716322947996,28.444013965825913
synthetic_traffic,traffic,linear_trend,traffic_2,2024-01-10 11:00:00,36.48434570012023,28.41560661930973
synthetic_traffic,traffic,linear_trend,traffic_2,2024-01-10 12:00:00,34.345494447404135,28.387199272793545
synthetic_traffic,traffic,linear_trend,traffic_2,2024-01-10 13:00:00,32.203362808616234,28.358791926277362
synthetic_traffic,traffic,linear_trend,traffic_2,2024-01-10 14:00:00,30.19915561548945,28.33038457976118
synthetic_traffic,traffic,linear_trend,traffic_2,2024-01-10 15:00:00,28.46446609406727,28.301977233244994
synthetic_traffic,traffic,linear_trend,traffic_2,2024-01-10 16:00:00,27.11231498303725,28.27356988672881
synthetic_traffic,traffic,linear_trend,traffic_2,2024-01-10 17:00:00,26.229455623521815,28.245162540212625
synthetic_traffic,traffic,linear_trend,traffic_2,2024-01-10 18:00:00,25.870469405576202,28.216755193696443
synthetic_traffic,traffic,linear_trend,traffic_2,2024-01-10 19:00:00,26.054053946407954,28.188347847180257
synthetic_traffic,traffic,linear_trend,traffic_2,2024-01-10 20:00:00,26.761756943915355,28.159940500664074
synthetic_traffic,traffic,linear_trend,traffic_2,2024-01-10 21:00:00,27.939241980053595,28.13153315414789
synthetic_traffic,traffic,linear_trend,traffic_2,2024-01-10 22:00:00,29.499999999999968,28.103125807631706
synthetic_traffic,traffic,linear_trend,traffic_2,2024-01-10 23:00:00,31.33125352399899,28.074718461115523
synthetic_traffic,traffic,ridge_ar,traffic_0,2024-01-09 00:00:00,32.34549444740407,32.19072978775687
synthetic_traffic,traffic,ridge_ar,traffic_0,2024-01-09 01:00:00,34.484345700120166,34.187199649563986
synthetic_traffic,traffic,ridge_ar,traffic_0,2024-01-09 02:00:00,36.47871632294794,36.02495232237814
synthetic_traffic,traffic,ridge_ar,traffic_0,2024-01-09 03:00:00,38.197026847177206,37.65300549296163
synthetic_traffic,traffic,ridge_ar,traffic_0,2024-01-09 04:00:00,39.526279441628816,38.94810434018339
synthetic_traffic,traffic,ridge_ar,traffic_0,2024-01-09 05:00:00,40.37975279082636,39.84157739126238
synthetic_traffic,traffic,ridge_ar,traffic_0,2024-01-09 06:00:00,40.702906603707255,40.254653847380865
synthetic_traffic,traffic,ridge_ar,traffic_0,2024-01-09 07:00:00,40.47709337792247,40.15370276867111
synthetic_traffic,traffic,ridge_ar,traffic_0,2024-01-09 08:00:00,39.720824476208115,39.52912166618951
synthetic_traffic,traffic,ridge_ar,traffic_0,2024-01-09 09:00:00,38.4885042404175,38.416809003737484
synthetic_traffic,traffic,ridge_ar,traffic_0,2024-01-09 10:00:00,36.86671841735843,36.886843655286896
synthetic_traffic,traffic,ridge_ar,traffic_0,2024-01-09 11:00:00,34.96832983968737,35.0456253240279
synthetic_traffic,traffic,ridge_ar,traffic_0,2024-01-09 12:00:00,32.924783736545514,33.02347098595008
synthetic_traffic,traffic,ridge_ar,traffic_0,2024-01-09 13:00:00,30.87714705887973,30.966524892516418
synthetic_traffic,traffic,ridge_ar,traffic_0,2024-01-09 14:00:00,28.966492478675402,29.023269312725745
synthetic_traffic,traffic,ridge_ar,traffic_0,2024-01-09 15:00:00,27.324282380187395,27.33373475323817
synthetic_traffic,traffic,ridge_ar,traffic_0,2024-01-09 16:00:00,26.06340816126803,26.018274531817482
synthetic_traffic,traffic,ridge_ar,traffic_0,2024-01-09 17:00:00,25.270495504052647,25.16934022473966
synthetic_traffic,traffic,ridge_ar,traffic_0,2024-01-09 18:00:00,25.0,24.84514399687845
synthetic_traffic,traffic,ridge_ar,traffic_0,2024-01-09 19:00:00,25.270495504052647,25.066441870336
synthetic_traffic,traffic,ridge_ar,traffic_0,2024-01-09 20:00:00,26.063408161268026,25.815810688765275
synthetic_traffic,traffic,ridge_ar,traffic_0,2024-01-09 21:00:00,27.324282380187352,27.03963324125362
synthetic_traffic,traffic,ridge_ar,traffic_0,2024-01-09 22:00:00,28.96649247867535,28.65226559364933
synthetic_traffic,traffic,ridge_ar,traffic_0,2024-01-09 23:00:00,30.87714705887967,30.54217460677984
synthetic_traffic,traffic,ridge_ar,traffic_0,2024-01-10 00:00:00,32.92478373654545,32.48852980954968
synthetic_traffic,traffic,ridge_ar,traffic_0,2024-01-10 01:00:00,34.96832983968731,34.36771643881541
synthetic_traffic,traffic,ridge_ar,traffic_0,2024-01-10 02:00:00,36.86671841735838,36.02082131751661
synthetic_traffic,traffic,ridge_ar,traffic_0,2024-01-10 03:00:00,38.48850424041749,37.39253882026909
synthetic_traffic,traffic,ridge_ar,traffic_0,2024-01-10 04:00:00,39.720824476208136,38.421119892484214
synthetic_traffic,traffic,ridge_ar,traffic_0,2024-01-10 05:00:00,40.47709337792247,39.09961276448819
synthetic_traffic,traffic,ridge_ar,traffic_0,2024-01-10 06:00:00,40.702906603707255,39.40533028468542
synthetic_traffic,traffic,ridge_ar,traffic_0,2024-01-10 07:00:00,40.37975279082637,39.3303738492411
synthetic_traffic,traffic,ridge_ar,traffic_0,2024-01-10 08:00:00,39.526279441628844,38.854231974505055
synthetic_traffic,traffic,ridge_ar,traffic_0,2024-01-10 09:00:00,38.197026847177256,37.97079989337002
synthetic_traffic,traffic,ridge_ar,traffic_0,2024-01-10 10:00:00,36.478716322947996,36.68793376825606
synthetic_traffic,traffic,ridge_ar,traffic_0,2024-01-10 11:00:00,34.48434570012023,35.04831158707967
synthetic_traffic,traffic,ridge_ar,traffic_0,2024-01-10 12:00:00,32.345494447404135,33.13091761748238
synthetic_traffic,traffic,ridge_ar,traffic_0,2024-01-10 13:00:00,30.20336280861623,31.05477245346386
synthetic_traffic,traffic,ridge_ar,traffic_0,2024-01-10 14:00:00,28.19915561548945,28.96793816972254
synthetic_traffic,traffic,ridge_ar,traffic_0,2024-01-10 15:00:00,26.46446609406727,27.03411773759419
synthetic_traffic,traffic,ridge_ar,traffic_0,2024-01-10 16:00:00,25.11231498303725,25.412615963332104
synthetic_traffic,traffic,ridge_ar,traffic_0,2024-01-10 17:00:00,24.229455623521815,24.240001518983828
synthetic_traffic,traffic,ridge_ar,traffic_0,2024-01-10 18:00:00,23.870469405576202,23.613704566322763
synthetic_traffic,traffic,ridge_ar,traffic_0,2024-01-10 19:00:00,24.054053946407954,23.582005844640182
synthetic_traffic,traffic,ridge_ar,traffic_0,2024-01-10 20:00:00,24.761756943915355,24.14019628294675
synthetic_traffic,traffic,ridge_ar,traffic_0,2024-01-10 21:00:00,25.939241980053595,25.23356215598789
synthetic_traffic,traffic,ridge_ar,traffic_0,2024-01-10 22:00:00,27.499999999999968,26.76536494883326
synthetic_traffic,traffic,ridge_ar,traffic_0,2024-01-10 23:00:00,29.33125352399899,28.608310467682067
synthetic_traffic,traffic,ridge_ar,traffic_1,2024-01-09 00:00:00,33.34549444740407,33.19072978775687
synthetic_traffic,traffic,ridge_ar,traffic_1,2024-01-09 01:00:00,35.484345700120166,35.187199649563986
synthetic_traffic,traffic,ridge_ar,traffic_1,2024-01-09 02:00:00,37.47871632294794,37.02495232237814
synthetic_traffic,traffic,ridge_ar,traffic_1,2024-01-09 03:00:00,39.197026847177206,38.65300549296163
synthetic_traffic,traffic,ridge_ar,traffic_1,2024-01-09 04:00:00,40.526279441628816,39.94810434018339
synthetic_traffic,traffic,ridge_ar,traffic_1,2024-01-09 05:00:00,41.37975279082636,40.84157739126238
synthetic_traffic,traffic,ridge_ar,traffic_1,2024-01-09 06:00:00,41.702906603707255,41.254653847380865
synthetic_traffic,traffic,ridge_ar,traffic_1,2024-01-09 07:00:00,41.47709337792247,41.15370276867111
synthetic_traffic,traffic,ridge_ar,traffic_1,2024-01-09 08:00:00,40.720824476208115,40.52912166618951
synthetic_traffic,traffic,ridge_ar,traffic_1,2024-01-09 09:00:00,39.4885042404175,39.416809003737484
synthetic_traffic,traffic,ridge_ar,traffic_1,2024-01-09 10:00:00,37.86671841735843,37.886843655286896
synthetic_traffic,traffic,ridge_ar,traffic_1,2024-01-09 11:00:00,35.96832983968737,36.0456253240279
synthetic_traffic,traffic,ridge_ar,traffic_1,2024-01-09 12:00:00,33.924783736545514,34.02347098595007
synthetic_traffic,traffic,ridge_ar,traffic_1,2024-01-09 13:00:00,31.87714705887973,31.966524892516414
synthetic_traffic,traffic,ridge_ar,traffic_1,2024-01-09 14:00:00,29.966492478675402,30.023269312725745
synthetic_traffic,traffic,ridge_ar,traffic_1,2024-01-09 15:00:00,28.324282380187395,28.33373475323817
synthetic_traffic,traffic,ridge_ar,traffic_1,2024-01-09 16:00:00,27.06340816126803,27.01827453181748
synthetic_traffic,traffic,ridge_ar,traffic_1,2024-01-09 17:00:00,26.270495504052647,26.16934022473966
synthetic_traffic,traffic,ridge_ar,traffic_1,2024-01-09 18:00:00,26.0,25.84514399687845
synthetic_traffic,traffic,ridge_ar,traffic_1,2024-01-09 19:00:00,26.270495504052647,26.066441870336
synthetic_traffic,traffic,ridge_ar,traffic_1,2024-01-09 20:00:00,27.063408161268026,26.815810688765275
synthetic_traffic,traffic,ridge_ar,traffic_1,2024-01-09 21:00:00,28.324282380187352,28.03963324125362
synthetic_traffic,traffic,ridge_ar,traffic_1,2024-01-09 22:00:00,29.96649247867535,29.652265593649332
synthetic_traffic,traffic,ridge_ar,traffic_1,2024-01-09 23:00:00,31.87714705887967,31.54217460677984
synthetic_traffic,traffic,ridge_ar,traffic_1,2024-01-10 00:00:00,33.92478373654545,33.48852980954968
synthetic_traffic,traffic,ridge_ar,traffic_1,2024-01-10 01:00:00,35.96832983968731,35.36771643881541
synthetic_traffic,traffic,ridge_ar,traffic_1,2024-01-10 02:00:00,37.86671841735838,37.02082131751661
synthetic_traffic,traffic,ridge_ar,traffic_1,2024-01-10 03:00:00,39.48850424041749,38.39253882026909
synthetic_traffic,traffic,ridge_ar,traffic_1,2024-01-10 04:00:00,40.720824476208136,39.421119892484214
synthetic_traffic,traffic,ridge_ar,traffic_1,2024-01-10 05:00:00,41.47709337792247,40.09961276448819
synthetic_traffic,traffic,ridge_ar,traffic_1,2024-01-10 06:00:00,41.702906603707255,40.40533028468542
synthetic_traffic,traffic,ridge_ar,traffic_1,2024-01-10 07:00:00,41.37975279082637,40.3303738492411
synthetic_traffic,traffic,ridge_ar,traffic_1,2024-01-10 08:00:00,40.526279441628844,39.854231974505055
synthetic_traffic,traffic,ridge_ar,traffic_1,2024-01-10 09:00:00,39.197026847177256,38.97079989337002
synthetic_traffic,traffic,ridge_ar,traffic_1,2024-01-10 10:00:00,37.478716322947996,37.68793376825606
synthetic_traffic,traffic,ridge_ar,traffic_1,2024-01-10 11:00:00,35.48434570012023,36.04831158707967
synthetic_traffic,traffic,ridge_ar,traffic_1,2024-01-10 12:00:00,33.345494447404135,34.13091761748238
synthetic_traffic,traffic,ridge_ar,traffic_1,2024-01-10 13:00:00,31.20336280861623,32.054772453463855
synthetic_traffic,traffic,ridge_ar,traffic_1,2024-01-10 14:00:00,29.19915561548945,29.967938169722537
synthetic_traffic,traffic,ridge_ar,traffic_1,2024-01-10 15:00:00,27.46446609406727,28.034117737594187
synthetic_traffic,traffic,ridge_ar,traffic_1,2024-01-10 16:00:00,26.11231498303725,26.4126159633321
synthetic_traffic,traffic,ridge_ar,traffic_1,2024-01-10 17:00:00,25.229455623521815,25.240001518983824
synthetic_traffic,traffic,ridge_ar,traffic_1,2024-01-10 18:00:00,24.870469405576202,24.61370456632276
synthetic_traffic,traffic,ridge_ar,traffic_1,2024-01-10 19:00:00,25.054053946407954,24.58200584464018
synthetic_traffic,traffic,ridge_ar,traffic_1,2024-01-10 20:00:00,25.761756943915355,25.140196282946746
synthetic_traffic,traffic,ridge_ar,traffic_1,2024-01-10 21:00:00,26.939241980053595,26.23356215598789
synthetic_traffic,traffic,ridge_ar,traffic_1,2024-01-10 22:00:00,28.499999999999968,27.765364948833263
synthetic_traffic,traffic,ridge_ar,traffic_1,2024-01-10 23:00:00,30.33125352399899,29.60831046768207
synthetic_traffic,traffic,ridge_ar,traffic_2,2024-01-09 00:00:00,34.34549444740407,34.19072978775687
synthetic_traffic,traffic,ridge_ar,traffic_2,2024-01-09 01:00:00,36.484345700120166,36.187199649563986
synthetic_traffic,traffic,ridge_ar,traffic_2,2024-01-09 02:00:00,38.47871632294794,38.02495232237814
synthetic_traffic,traffic,ridge_ar,traffic_2,2024-01-09 03:00:00,40.197026847177206,39.65300549296163
synthetic_traffic,traffic,ridge_ar,traffic_2,2024-01-09 04:00:00,41.526279441628816,40.94810434018339
synthetic_traffic,traffic,ridge_ar,traffic_2,2024-01-09 05:00:00,42.37975279082636,41.84157739126238
synthetic_traffic,traffic,ridge_ar,traffic_2,2024-01-09 06:00:00,42.702906603707255,42.254653847380865
synthetic_traffic,traffic,ridge_ar,traffic_2,2024-01-09 07:00:00,42.47709337792247,42.15370276867111
synthetic_traffic,traffic,ridge_ar,traffic_2,2024-01-09 08:00:00,41.720824476208115,41.52912166618951
synthetic_traffic,traffic,ridge_ar,traffic_2,2024-01-09 09:00:00,40.4885042404175,40.416809003737484
synthetic_traffic,traffic,ridge_ar,traffic_2,2024-01-09 10:00:00,38.86671841735843,38.886843655286896
synthetic_traffic,traffic,ridge_ar,traffic_2,2024-01-09 11:00:00,36.96832983968737,37.0456253240279
synthetic_traffic,traffic,ridge_ar,traffic_2,2024-01-09 12:00:00,34.924783736545514,35.02347098595007
synthetic_traffic,traffic,ridge_ar,traffic_2,2024-01-09 13:00:00,32.87714705887973,32.96652489251642
synthetic_traffic,traffic,ridge_ar,traffic_2,2024-01-09 14:00:00,30.966492478675402,31.023269312725745
synthetic_traffic,traffic,ridge_ar,traffic_2,2024-01-09 15:00:00,29.324282380187395,29.33373475323817
synthetic_traffic,traffic,ridge_ar,traffic_2,2024-01-09 16:00:00,28.06340816126803,28.01827453181748
synthetic_traffic,traffic,ridge_ar,traffic_2,2024-01-09 17:00:00,27.270495504052647,27.16934022473966
synthetic_traffic,traffic,ridge_ar,traffic_2,2024-01-09 18:00:00,27.0,26.84514399687845
synthetic_traffic,traffic,ridge_ar,traffic_2,2024-01-09 19:00:00,27.270495504052647,27.066441870336003
synthetic_traffic,traffic,ridge_ar,traffic_2,2024-01-09 20:00:00,28.063408161268026,27.815810688765275
synthetic_traffic,traffic,ridge_ar,traffic_2,2024-01-09 21:00:00,29.324282380187352,29.039633241253625
synthetic_traffic,traffic,ridge_ar,traffic_2,2024-01-09 22:00:00,30.96649247867535,30.652265593649332
synthetic_traffic,traffic,ridge_ar,traffic_2,2024-01-09 23:00:00,32.87714705887967,32.542174606779845
synthetic_traffic,traffic,ridge_ar,traffic_2,2024-01-10 00:00:00,34.92478373654545,34.48852980954968
synthetic_traffic,traffic,ridge_ar,traffic_2,2024-01-10 01:00:00,36.96832983968731,36.36771643881541
synthetic_traffic,traffic,ridge_ar,traffic_2,2024-01-10 02:00:00,38.86671841735838,38.02082131751661
synthetic_traffic,traffic,ridge_ar,traffic_2,2024-01-10 03:00:00,40.48850424041749,39.39253882026909
synthetic_traffic,traffic,ridge_ar,traffic_2,2024-01-10 04:00:00,41.720824476208136,40.421119892484214
synthetic_traffic,traffic,ridge_ar,traffic_2,2024-01-10 05:00:00,42.47709337792247,41.09961276448819
synthetic_traffic,traffic,ridge_ar,traffic_2,2024-01-10 06:00:00,42.702906603707255,41.40533028468542
synthetic_traffic,traffic,ridge_ar,traffic_2,2024-01-10 07:00:00,42.37975279082637,41.3303738492411
synthetic_traffic,traffic,ridge_ar,traffic_2,2024-01-10 08:00:00,41.526279441628844,40.854231974505055
synthetic_traffic,traffic,ridge_ar,traffic_2,2024-01-10 09:00:00,40.197026847177256,39.97079989337002
synthetic_traffic,traffic,ridge_ar,traffic_2,2024-01-10 10:00:00,38.478716322947996,38.68793376825606
synthetic_traffic,traffic,ridge_ar,traffic_2,2024-01-10 11:00:00,36.48434570012023,37.04831158707966
synthetic_traffic,traffic,ridge_ar,traffic_2,2024-01-10 12:00:00,34.345494447404135,35.130917617482375
synthetic_traffic,traffic,ridge_ar,traffic_2,2024-01-10 13:00:00,32.203362808616234,33.054772453463855
synthetic_traffic,traffic,ridge_ar,traffic_2,2024-01-10 14:00:00,30.19915561548945,30.967938169722533
synthetic_traffic,traffic,ridge_ar,traffic_2,2024-01-10 15:00:00,28.46446609406727,29.034117737594187
synthetic_traffic,traffic,ridge_ar,traffic_2,2024-01-10 16:00:00,27.11231498303725,27.4126159633321
synthetic_traffic,traffic,ridge_ar,traffic_2,2024-01-10 17:00:00,26.229455623521815,26.240001518983824
synthetic_traffic,traffic,ridge_ar,traffic_2,2024-01-10 18:00:00,25.870469405576202,25.61370456632276
synthetic_traffic,traffic,ridge_ar,traffic_2,2024-01-10 19:00:00,26.054053946407954,25.582005844640182
synthetic_traffic,traffic,ridge_ar,traffic_2,2024-01-10 20:00:00,26.761756943915355,26.140196282946754
synthetic_traffic,traffic,ridge_ar,traffic_2,2024-01-10 21:00:00,27.939241980053595,27.233562155987897
synthetic_traffic,traffic,ridge_ar,traffic_2,2024-01-10 22:00:00,29.499999999999968,28.765364948833266
synthetic_traffic,traffic,ridge_ar,traffic_2,2024-01-10 23:00:00,31.33125352399899,30.60831046768207
synthetic_traffic,traffic,hist_gradient_boosting_ar,traffic_0,2024-01-09 00:00:00,32.34549444740407,31.364813391109482
synthetic_traffic,traffic,hist_gradient_boosting_ar,traffic_0,2024-01-09 01:00:00,34.484345700120166,33.109326032628175
synthetic_traffic,traffic,hist_gradient_boosting_ar,traffic_0,2024-01-09 02:00:00,36.47871632294794,35.0653245976132
synthetic_traffic,traffic,hist_gradient_boosting_ar,traffic_0,2024-01-09 03:00:00,38.197026847177206,36.679880172597095
synthetic_traffic,traffic,hist_gradient_boosting_ar,traffic_0,2024-01-09 04:00:00,39.526279441628816,38.282175318444565
synthetic_traffic,traffic,hist_gradient_boosting_ar,traffic_0,2024-01-09 05:00:00,40.37975279082636,38.83656660166531
synthetic_traffic,traffic,hist_gradient_boosting_ar,traffic_0,2024-01-09 06:00:00,40.702906603707255,39.23807400525448
synthetic_traffic,traffic,hist_gradient_boosting_ar,traffic_0,2024-01-09 07:00:00,40.47709337792247,39.02549453106238
synthetic_traffic,traffic,hist_gradient_boosting_ar,traffic_0,2024-01-09 08:00:00,39.720824476208115,38.41779288389893
synthetic_traffic,traffic,hist_gradient_boosting_ar,traffic_0,2024-01-09 09:00:00,38.4885042404175,38.03049564658888
synthetic_traffic,traffic,hist_gradient_boosting_ar,traffic_0,2024-01-09 10:00:00,36.86671841735843,36.5531581497179
synthetic_traffic,traffic,hist_gradient_boosting_ar,traffic_0,2024-01-09 11:00:00,34.96832983968737,34.4691049918411
synthetic_traffic,traffic,hist_gradient_boosting_ar,traffic_0,2024-01-09 12:00:00,32.924783736545514,32.08434476480813
synthetic_traffic,traffic,hist_gradient_boosting_ar,traffic_0,2024-01-09 13:00:00,30.87714705887973,29.15684317962833
synthetic_traffic,traffic,hist_gradient_boosting_ar,traffic_0,2024-01-09 14:00:00,28.966492478675402,27.630627077391456
synthetic_traffic,traffic,hist_gradient_boosting_ar,traffic_0,2024-01-09 15:00:00,27.324282380187395,25.903932693143652
synthetic_traffic,traffic,hist_gradient_boosting_ar,traffic_0,2024-01-09 16:00:00,26.06340816126803,24.947925246933465
synthetic_traffic,traffic,hist_gradient_boosting_ar,traffic_0,2024-01-09 17:00:00,25.270495504052647,23.90325213829433
synthetic_traffic,traffic,hist_gradient_boosting_ar,traffic_0,2024-01-09 18:00:00,25.0,23.6801922760001
synthetic_traffic,traffic,hist_gradient_boosting_ar,traffic_0,2024-01-09 19:00:00,25.270495504052647,24.155396986681666
synthetic_traffic,traffic,hist_gradient_boosting_ar,traffic_0,2024-01-09 20:00:00,26.063408161268026,25.223630585200866
synthetic_traffic,traffic,hist_gradient_boosting_ar,traffic_0,2024-01-09 21:00:00,27.324282380187352,26.57785603962226
synthetic_traffic,traffic,hist_gradient_boosting_ar,traffic_0,2024-01-09 22:00:00,28.96649247867535,28.24435204913748
synthetic_traffic,traffic,hist_gradient_boosting_ar,traffic_0,2024-01-09 23:00:00,30.87714705887967,28.528731999659637
synthetic_traffic,traffic,hist_gradient_boosting_ar,traffic_0,2024-01-10 00:00:00,32.92478373654545,28.871260499599803
synthetic_traffic,traffic,hist_gradient_boosting_ar,traffic_0,2024-01-10 01:00:00,34.96832983968731,28.295591864405218
synthetic_traffic,traffic,hist_gradient_boosting_ar,traffic_0,2024-01-10 02:00:00,36.86671841735838,28.795867107369126
synthetic_traffic,traffic,hist_gradient_boosting_ar,traffic_0,2024-01-10 03:00:00,38.48850424041749,28.92235392440122
synthetic_traffic,traffic,hist_gradient_boosting_ar,traffic_0,2024-01-10 04:00:00,39.720824476208136,29.076840086335114
synthetic_traffic,traffic,hist_gradient_boosting_ar,traffic_0,2024-01-10 05:00:00,40.47709337792247,29.040765154368003
synthetic_traffic,traffic,hist_gradient_boosting_ar,traffic_0,2024-01-10 06:00:00,40.702906603707255,28.97670384817003
synthetic_traffic,traffic,hist_gradient_boosting_ar,traffic_0,2024-01-10 07:00:00,40.37975279082637,29.055365031370467
synthetic_traffic,traffic,hist_gradient_boosting_ar,traffic_0,2024-01-10 08:00:00,39.526279441628844,29.013779771481868
synthetic_traffic,traffic,hist_gradient_boosting_ar,traffic_0,2024-01-10 09:00:00,38.197026847177256,28.84443654382937
synthetic_traffic,traffic,hist_gradient_boosting_ar,traffic_0,2024-01-10 10:00:00,36.478716322947996,28.900389875191856
synthetic_traffic,traffic,hist_gradient_boosting_ar,traffic_0,2024-01-10 11:00:00,34.48434570012023,28.67156332525265
synthetic_traffic,traffic,hist_gradient_boosting_ar,traffic_0,2024-01-10 12:00:00,32.345494447404135,28.031626823339977
synthetic_traffic,traffic,hist_gradient_boosting_ar,traffic_0,2024-01-10 13:00:00,30.20336280861623,27.407015606321654
synthetic_traffic,traffic,hist_gradient_boosting_ar,traffic_0,2024-01-10 14:00:00,28.19915561548945,26.335743529957284
synthetic_traffic,traffic,hist_gradient_boosting_ar,traffic_0,2024-01-10 15:00:00,26.46446609406727,24.763683287569886
synthetic_traffic,traffic,hist_gradient_boosting_ar,traffic_0,2024-01-10 16:00:00,25.11231498303725,23.517710108805723
synthetic_traffic,traffic,hist_gradient_boosting_ar,traffic_0,2024-01-10 17:00:00,24.229455623521815,22.051062807803223
synthetic_traffic,traffic,hist_gradient_boosting_ar,traffic_0,2024-01-10 18:00:00,23.870469405576202,21.37905603891345
synthetic_traffic,traffic,hist_gradient_boosting_ar,traffic_0,2024-01-10 19:00:00,24.054053946407954,21.113230432400236
synthetic_traffic,traffic,hist_gradient_boosting_ar,traffic_0,2024-01-10 20:00:00,24.761756943915355,21.71107801125567
synthetic_traffic,traffic,hist_gradient_boosting_ar,traffic_0,2024-01-10 21:00:00,25.939241980053595,23.015251416142604
synthetic_traffic,traffic,hist_gradient_boosting_ar,traffic_0,2024-01-10 22:00:00,27.499999999999968,24.83384139898736
synthetic_traffic,traffic,hist_gradient_boosting_ar,traffic_0,2024-01-10 23:00:00,29.33125352399899,27.17017390035549
synthetic_traffic,traffic,hist_gradient_boosting_ar,traffic_1,2024-01-09 00:00:00,33.34549444740407,32.364813391109486
synthetic_traffic,traffic,hist_gradient_boosting_ar,traffic_1,2024-01-09 01:00:00,35.484345700120166,34.109326032628175
synthetic_traffic,traffic,hist_gradient_boosting_ar,traffic_1,2024-01-09 02:00:00,37.47871632294794,36.0653245976132
synthetic_traffic,traffic,hist_gradient_boosting_ar,traffic_1,2024-01-09 03:00:00,39.197026847177206,37.679880172597095
synthetic_traffic,traffic,hist_gradient_boosting_ar,traffic_1,2024-01-09 04:00:00,40.526279441628816,39.282175318444565
synthetic_traffic,traffic,hist_gradient_boosting_ar,traffic_1,2024-01-09 05:00:00,41.37975279082636,39.83656660166531
synthetic_traffic,traffic,hist_gradient_boosting_ar,traffic_1,2024-01-09 06:00:00,41.702906603707255,40.23807400525448
synthetic_traffic,traffic,hist_gradient_boosting_ar,traffic_1,2024-01-09 07:00:00,41.47709337792247,40.02549453106238
synthetic_traffic,traffic,hist_gradient_boosting_ar,traffic_1,2024-01-09 08:00:00,40.720824476208115,39.41779288389893
synthetic_traffic,traffic,hist_gradient_boosting_ar,traffic_1,2024-01-09 09:00:00,39.4885042404175,39.03049564658888
synthetic_traffic,traffic,hist_gradient_boosting_ar,traffic_1,2024-01-09 10:00:00,37.86671841735843,37.5531581497179
synthetic_traffic,traffic,hist_gradient_boosting_ar,traffic_1,2024-01-09 11:00:00,35.96832983968737,35.4691049918411
synthetic_traffic,traffic,hist_gradient_boosting_ar,traffic_1,2024-01-09 12:00:00,33.924783736545514,33.08434476480813
synthetic_traffic,traffic,hist_gradient_boosting_ar,traffic_1,2024-01-09 13:00:00,31.87714705887973,30.15684317962833
synthetic_traffic,traffic,hist_gradient_boosting_ar,traffic_1,2024-01-09 14:00:00,29.966492478675402,28.630627077391456
synthetic_traffic,traffic,hist_gradient_boosting_ar,traffic_1,2024-01-09 15:00:00,28.324282380187395,26.903932693143652
synthetic_traffic,traffic,hist_gradient_boosting_ar,traffic_1,2024-01-09 16:00:00,27.06340816126803,25.947925246933465
synthetic_traffic,traffic,hist_gradient_boosting_ar,traffic_1,2024-01-09 17:00:00,26.270495504052647,24.90325213829433
synthetic_traffic,traffic,hist_gradient_boosting_ar,traffic_1,2024-01-09 18:00:00,26.0,24.6801922760001
synthetic_traffic,traffic,hist_gradient_boosting_ar,traffic_1,2024-01-09 19:00:00,26.270495504052647,25.155396986681666
synthetic_traffic,traffic,hist_gradient_boosting_ar,traffic_1,2024-01-09 20:00:00,27.063408161268026,26.223630585200866
synthetic_traffic,traffic,hist_gradient_boosting_ar,traffic_1,2024-01-09 21:00:00,28.324282380187352,27.57785603962226
synthetic_traffic,traffic,hist_gradient_boosting_ar,traffic_1,2024-01-09 22:00:00,29.96649247867535,29.24435204913748
synthetic_traffic,traffic,hist_gradient_boosting_ar,traffic_1,2024-01-09 23:00:00,31.87714705887967,29.528731999659637
synthetic_traffic,traffic,hist_gradient_boosting_ar,traffic_1,2024-01-10 00:00:00,33.92478373654545,29.871260499599803
synthetic_traffic,traffic,hist_gradient_boosting_ar,traffic_1,2024-01-10 01:00:00,35.96832983968731,29.295591864405218
synthetic_traffic,traffic,hist_gradient_boosting_ar,traffic_1,2024-01-10 02:00:00,37.86671841735838,29.795867107369126
synthetic_traffic,traffic,hist_gradient_boosting_ar,traffic_1,2024-01-10 03:00:00,39.48850424041749,29.92235392440122
synthetic_traffic,traffic,hist_gradient_boosting_ar,traffic_1,2024-01-10 04:00:00,40.720824476208136,30.076840086335114
synthetic_traffic,traffic,hist_gradient_boosting_ar,traffic_1,2024-01-10 05:00:00,41.47709337792247,30.040765154368003
synthetic_traffic,traffic,hist_gradient_boosting_ar,traffic_1,2024-01-10 06:00:00,41.702906603707255,29.97670384817003
synthetic_traffic,traffic,hist_gradient_boosting_ar,traffic_1,2024-01-10 07:00:00,41.37975279082637,30.055365031370467
synthetic_traffic,traffic,hist_gradient_boosting_ar,traffic_1,2024-01-10 08:00:00,40.526279441628844,30.013779771481868
synthetic_traffic,traffic,hist_gradient_boosting_ar,traffic_1,2024-01-10 09:00:00,39.197026847177256,29.84443654382937
synthetic_traffic,traffic,hist_gradient_boosting_ar,traffic_1,2024-01-10 10:00:00,37.478716322947996,29.900389875191856
synthetic_traffic,traffic,hist_gradient_boosting_ar,traffic_1,2024-01-10 11:00:00,35.48434570012023,29.67156332525265
synthetic_traffic,traffic,hist_gradient_boosting_ar,traffic_1,2024-01-10 12:00:00,33.345494447404135,29.031626823339977
synthetic_traffic,traffic,hist_gradient_boosting_ar,traffic_1,2024-01-10 13:00:00,31.20336280861623,28.407015606321654
synthetic_traffic,traffic,hist_gradient_boosting_ar,traffic_1,2024-01-10 14:00:00,29.19915561548945,27.335743529957284
synthetic_traffic,traffic,hist_gradient_boosting_ar,traffic_1,2024-01-10 15:00:00,27.46446609406727,25.763683287569886
synthetic_traffic,traffic,hist_gradient_boosting_ar,traffic_1,2024-01-10 16:00:00,26.11231498303725,24.517710108805723
synthetic_traffic,traffic,hist_gradient_boosting_ar,traffic_1,2024-01-10 17:00:00,25.229455623521815,23.051062807803223
synthetic_traffic,traffic,hist_gradient_boosting_ar,traffic_1,2024-01-10 18:00:00,24.870469405576202,22.37905603891345
synthetic_traffic,traffic,hist_gradient_boosting_ar,traffic_1,2024-01-10 19:00:00,25.054053946407954,22.113230432400236
synthetic_traffic,traffic,hist_gradient_boosting_ar,traffic_1,2024-01-10 20:00:00,25.761756943915355,22.71107801125567
synthetic_traffic,traffic,hist_gradient_boosting_ar,traffic_1,2024-01-10 21:00:00,26.939241980053595,24.015251416142604
synthetic_traffic,traffic,hist_gradient_boosting_ar,traffic_1,2024-01-10 22:00:00,28.499999999999968,25.83384139898736
synthetic_traffic,traffic,hist_gradient_boosting_ar,traffic_1,2024-01-10 23:00:00,30.33125352399899,28.17017390035549
synthetic_traffic,traffic,hist_gradient_boosting_ar,traffic_2,2024-01-09 00:00:00,34.34549444740407,33.364813391109486
synthetic_traffic,traffic,hist_gradient_boosting_ar,traffic_2,2024-01-09 01:00:00,36.484345700120166,35.109326032628175
synthetic_traffic,traffic,hist_gradient_boosting_ar,traffic_2,2024-01-09 02:00:00,38.47871632294794,37.0653245976132
synthetic_traffic,traffic,hist_gradient_boosting_ar,traffic_2,2024-01-09 03:00:00,40.197026847177206,38.679880172597095
synthetic_traffic,traffic,hist_gradient_boosting_ar,traffic_2,2024-01-09 04:00:00,41.526279441628816,40.282175318444565
synthetic_traffic,traffic,hist_gradient_boosting_ar,traffic_2,2024-01-09 05:00:00,42.37975279082636,40.83656660166531
synthetic_traffic,traffic,hist_gradient_boosting_ar,traffic_2,2024-01-09 06:00:00,42.702906603707255,41.23807400525448
synthetic_traffic,traffic,hist_gradient_boosting_ar,traffic_2,2024-01-09 07:00:00,42.47709337792247,41.02549453106238
synthetic_traffic,traffic,hist_gradient_boosting_ar,traffic_2,2024-01-09 08:00:00,41.720824476208115,40.41779288389893
synthetic_traffic,traffic,hist_gradient_boosting_ar,traffic_2,2024-01-09 09:00:00,40.4885042404175,40.03049564658888
synthetic_traffic,traffic,hist_gradient_boosting_ar,traffic_2,2024-01-09 10:00:00,38.86671841735843,38.5531581497179
synthetic_traffic,traffic,hist_gradient_boosting_ar,traffic_2,2024-01-09 11:00:00,36.96832983968737,36.4691049918411
synthetic_traffic,traffic,hist_gradient_boosting_ar,traffic_2,2024-01-09 12:00:00,34.924783736545514,34.08434476480813
synthetic_traffic,traffic,hist_gradient_boosting_ar,traffic_2,2024-01-09 13:00:00,32.87714705887973,31.15684317962833
synthetic_traffic,traffic,hist_gradient_boosting_ar,traffic_2,2024-01-09 14:00:00,30.966492478675402,29.630627077391456
synthetic_traffic,traffic,hist_gradient_boosting_ar,traffic_2,2024-01-09 15:00:00,29.324282380187395,27.903932693143652
synthetic_traffic,traffic,hist_gradient_boosting_ar,traffic_2,2024-01-09 16:00:00,28.06340816126803,26.947925246933465
synthetic_traffic,traffic,hist_gradient_boosting_ar,traffic_2,2024-01-09 17:00:00,27.270495504052647,25.90325213829433
synthetic_traffic,traffic,hist_gradient_boosting_ar,traffic_2,2024-01-09 18:00:00,27.0,25.6801922760001
synthetic_traffic,traffic,hist_gradient_boosting_ar,traffic_2,2024-01-09 19:00:00,27.270495504052647,26.155396986681666
synthetic_traffic,traffic,hist_gradient_boosting_ar,traffic_2,2024-01-09 20:00:00,28.063408161268026,27.223630585200866
synthetic_traffic,traffic,hist_gradient_boosting_ar,traffic_2,2024-01-09 21:00:00,29.324282380187352,28.57785603962226
synthetic_traffic,traffic,hist_gradient_boosting_ar,traffic_2,2024-01-09 22:00:00,30.96649247867535,30.24435204913748
synthetic_traffic,traffic,hist_gradient_boosting_ar,traffic_2,2024-01-09 23:00:00,32.87714705887967,30.528731999659637
synthetic_traffic,traffic,hist_gradient_boosting_ar,traffic_2,2024-01-10 00:00:00,34.92478373654545,30.871260499599803
synthetic_traffic,traffic,hist_gradient_boosting_ar,traffic_2,2024-01-10 01:00:00,36.96832983968731,30.295591864405218
synthetic_traffic,traffic,hist_gradient_boosting_ar,traffic_2,2024-01-10 02:00:00,38.86671841735838,30.795867107369126
synthetic_traffic,traffic,hist_gradient_boosting_ar,traffic_2,2024-01-10 03:00:00,40.48850424041749,30.92235392440122
synthetic_traffic,traffic,hist_gradient_boosting_ar,traffic_2,2024-01-10 04:00:00,41.720824476208136,31.076840086335114
synthetic_traffic,traffic,hist_gradient_boosting_ar,traffic_2,2024-01-10 05:00:00,42.47709337792247,31.040765154368003
synthetic_traffic,traffic,hist_gradient_boosting_ar,traffic_2,2024-01-10 06:00:00,42.702906603707255,30.97670384817003
synthetic_traffic,traffic,hist_gradient_boosting_ar,traffic_2,2024-01-10 07:00:00,42.37975279082637,31.055365031370467
synthetic_traffic,traffic,hist_gradient_boosting_ar,traffic_2,2024-01-10 08:00:00,41.526279441628844,31.013779771481868
synthetic_traffic,traffic,hist_gradient_boosting_ar,traffic_2,2024-01-10 09:00:00,40.197026847177256,30.84443654382937
synthetic_traffic,traffic,hist_gradient_boosting_ar,traffic_2,2024-01-10 10:00:00,38.478716322947996,30.900389875191856
synthetic_traffic,traffic,hist_gradient_boosting_ar,traffic_2,2024-01-10 11:00:00,36.48434570012023,30.67156332525265
synthetic_traffic,traffic,hist_gradient_boosting_ar,traffic_2,2024-01-10 12:00:00,34.345494447404135,30.031626823339977
synthetic_traffic,traffic,hist_gradient_boosting_ar,traffic_2,2024-01-10 13:00:00,32.203362808616234,29.407015606321654
synthetic_traffic,traffic,hist_gradient_boosting_ar,traffic_2,2024-01-10 14:00:00,30.19915561548945,28.335743529957284
synthetic_traffic,traffic,hist_gradient_boosting_ar,traffic_2,2024-01-10 15:00:00,28.46446609406727,26.763683287569886
synthetic_traffic,traffic,hist_gradient_boosting_ar,traffic_2,2024-01-10 16:00:00,27.11231498303725,25.517710108805723
synthetic_traffic,traffic,hist_gradient_boosting_ar,traffic_2,2024-01-10 17:00:00,26.229455623521815,24.051062807803223
synthetic_traffic,traffic,hist_gradient_boosting_ar,traffic_2,2024-01-10 18:00:00,25.870469405576202,23.37905603891345
synthetic_traffic,traffic,hist_gradient_boosting_ar,traffic_2,2024-01-10 19:00:00,26.054053946407954,23.113230432400236
synthetic_traffic,traffic,hist_gradient_boosting_ar,traffic_2,2024-01-10 20:00:00,26.761756943915355,23.71107801125567
synthetic_traffic,traffic,hist_gradient_boosting_ar,traffic_2,2024-01-10 21:00:00,27.939241980053595,25.015251416142604
synthetic_traffic,traffic,hist_gradient_boosting_ar,traffic_2,2024-01-10 22:00:00,29.499999999999968,26.83384139898736
synthetic_traffic,traffic,hist_gradient_boosting_ar,traffic_2,2024-01-10 23:00:00,31.33125352399899,29.17017390035549
synthetic_traffic,traffic,lightgbm_ar,traffic_0,2024-01-09 00:00:00,32.34549444740407,30.77318242067796
synthetic_traffic,traffic,lightgbm_ar,traffic_0,2024-01-09 01:00:00,34.484345700120166,32.70781988930822
synthetic_traffic,traffic,lightgbm_ar,traffic_0,2024-01-09 02:00:00,36.47871632294794,34.4109263174559
synthetic_traffic,traffic,lightgbm_ar,traffic_0,2024-01-09 03:00:00,38.197026847177206,36.01986931683149
synthetic_traffic,traffic,lightgbm_ar,traffic_0,2024-01-09 04:00:00,39.526279441628816,37.14617607933492
synthetic_traffic,traffic,lightgbm_ar,traffic_0,2024-01-09 05:00:00,40.37975279082636,38.41102627530192
synthetic_traffic,traffic,lightgbm_ar,traffic_0,2024-01-09 06:00:00,40.702906603707255,39.16070840655236
synthetic_traffic,traffic,lightgbm_ar,traffic_0,2024-01-09 07:00:00,40.47709337792247,39.15051627139227
synthetic_traffic,traffic,lightgbm_ar,traffic_0,2024-01-09 08:00:00,39.720824476208115,38.12054409876088
synthetic_traffic,traffic,lightgbm_ar,traffic_0,2024-01-09 09:00:00,38.4885042404175,36.89350407206392
synthetic_traffic,traffic,lightgbm_ar,traffic_0,2024-01-09 10:00:00,36.86671841735843,36.48908756272673
synthetic_traffic,traffic,lightgbm_ar,traffic_0,2024-01-09 11:00:00,34.96832983968737,34.325123810070025
synthetic_traffic,traffic,lightgbm_ar,traffic_0,2024-01-09 12:00:00,32.924783736545514,31.73744729500054
synthetic_traffic,traffic,lightgbm_ar,traffic_0,2024-01-09 13:00:00,30.87714705887973,28.8814889080119
synthetic_traffic,traffic,lightgbm_ar,traffic_0,2024-01-09 14:00:00,28.966492478675402,26.53615852223495
synthetic_traffic,traffic,lightgbm_ar,traffic_0,2024-01-09 15:00:00,27.324282380187395,25.18800377576134
synthetic_traffic,traffic,lightgbm_ar,traffic_0,2024-01-09 16:00:00,26.06340816126803,24.1713653421339
synthetic_traffic,traffic,lightgbm_ar,traffic_0,2024-01-09 17:00:00,25.270495504052647,23.77838841929267
synthetic_traffic,traffic,lightgbm_ar,traffic_0,2024-01-09 18:00:00,25.0,23.795112270901626
synthetic_traffic,traffic,lightgbm_ar,traffic_0,2024-01-09 19:00:00,25.270495504052647,25.089837871031065
synthetic_traffic,traffic,lightgbm_ar,traffic_0,2024-01-09 20:00:00,26.063408161268026,26.4293020679656
synthetic_traffic,traffic,lightgbm_ar,traffic_0,2024-01-09 21:00:00,27.324282380187352,27.687469801071657
synthetic_traffic,traffic,lightgbm_ar,traffic_0,2024-01-09 22:00:00,28.96649247867535,27.971087325582168
synthetic_traffic,traffic,lightgbm_ar,traffic_0,2024-01-09 23:00:00,30.87714705887967,27.846446911903644
synthetic_traffic,traffic,lightgbm_ar,traffic_0,2024-01-10 00:00:00,32.92478373654545,28.540202550539643
synthetic_traffic,traffic,lightgbm_ar,traffic_0,2024-01-10 01:00:00,34.96832983968731,29.403878550981055
synthetic_traffic,traffic,lightgbm_ar,traffic_0,2024-01-10 02:00:00,36.86671841735838,32.508796771473484
synthetic_traffic,traffic,lightgbm_ar,traffic_0,2024-01-10 03:00:00,38.48850424041749,34.88684380089952
synthetic_traffic,traffic,lightgbm_ar,traffic_0,2024-01-10 04:00:00,39.720824476208136,35.7729780798156
synthetic_traffic,traffic,lightgbm_ar,traffic_0,2024-01-10 05:00:00,40.47709337792247,36.914627869101466
synthetic_traffic,traffic,lightgbm_ar,traffic_0,2024-01-10 06:00:00,40.702906603707255,38.824512368341324
synthetic_traffic,traffic,lightgbm_ar,traffic_0,2024-01-10 07:00:00,40.37975279082637,39.473637546482436
synthetic_traffic,traffic,lightgbm_ar,traffic_0,2024-01-10 08:00:00,39.526279441628844,38.02544402289241
synthetic_traffic,traffic,lightgbm_ar,traffic_0,2024-01-10 09:00:00,38.197026847177256,36.712640509633566
synthetic_traffic,traffic,lightgbm_ar,traffic_0,2024-01-10 10:00:00,36.478716322947996,36.67367998693795
synthetic_traffic,traffic,lightgbm_ar,traffic_0,2024-01-10 11:00:00,34.48434570012023,36.421884391721576
synthetic_traffic,traffic,lightgbm_ar,traffic_0,2024-01-10 12:00:00,32.345494447404135,33.93587582052853
synthetic_traffic,traffic,lightgbm_ar,traffic_0,2024-01-10 13:00:00,30.20336280861623,29.700220773631656
synthetic_traffic,traffic,lightgbm_ar,traffic_0,2024-01-10 14:00:00,28.19915561548945,26.813232673221258
synthetic_traffic,traffic,lightgbm_ar,traffic_0,2024-01-10 15:00:00,26.46446609406727,24.93134167265439
synthetic_traffic,traffic,lightgbm_ar,traffic_0,2024-01-10 16:00:00,25.11231498303725,23.31997890726265
synthetic_traffic,traffic,lightgbm_ar,traffic_0,2024-01-10 17:00:00,24.229455623521815,21.79285501105531
synthetic_traffic,traffic,lightgbm_ar,traffic_0,2024-01-10 18:00:00,23.870469405576202,21.1215043491395
synthetic_traffic,traffic,lightgbm_ar,traffic_0,2024-01-10 19:00:00,24.054053946407954,21.546478308221637
synthetic_traffic,traffic,lightgbm_ar,traffic_0,2024-01-10 20:00:00,24.761756943915355,22.401226672413824
synthetic_traffic,traffic,lightgbm_ar,traffic_0,2024-01-10 21:00:00,25.939241980053595,24.069313610780057
synthetic_traffic,traffic,lightgbm_ar,traffic_0,2024-01-10 22:00:00,27.499999999999968,25.842182388948157
synthetic_traffic,traffic,lightgbm_ar,traffic_0,2024-01-10 23:00:00,29.33125352399899,27.139510436464818
synthetic_traffic,traffic,lightgbm_ar,traffic_1,2024-01-09 00:00:00,33.34549444740407,31.77318242067796
synthetic_traffic,traffic,lightgbm_ar,traffic_1,2024-01-09 01:00:00,35.484345700120166,33.70781988930822
synthetic_traffic,traffic,lightgbm_ar,traffic_1,2024-01-09 02:00:00,37.47871632294794,35.4109263174559
synthetic_traffic,traffic,lightgbm_ar,traffic_1,2024-01-09 03:00:00,39.197026847177206,37.01986931683149
synthetic_traffic,traffic,lightgbm_ar,traffic_1,2024-01-09 04:00:00,40.526279441628816,38.14617607933492
synthetic_traffic,traffic,lightgbm_ar,traffic_1,2024-01-09 05:00:00,41.37975279082636,39.41102627530192
synthetic_traffic,traffic,lightgbm_ar,traffic_1,2024-01-09 06:00:00,41.702906603707255,40.16070840655236
synthetic_traffic,traffic,lightgbm_ar,traffic_1,2024-01-09 07:00:00,41.47709337792247,40.15051627139227
synthetic_traffic,traffic,lightgbm_ar,traffic_1,2024-01-09 08:00:00,40.720824476208115,39.12054409876088
synthetic_traffic,traffic,lightgbm_ar,traffic_1,2024-01-09 09:00:00,39.4885042404175,37.89350407206392
synthetic_traffic,traffic,lightgbm_ar,traffic_1,2024-01-09 10:00:00,37.86671841735843,37.48908756272673
synthetic_traffic,traffic,lightgbm_ar,traffic_1,2024-01-09 11:00:00,35.96832983968737,35.325123810070025
synthetic_traffic,traffic,lightgbm_ar,traffic_1,2024-01-09 12:00:00,33.924783736545514,32.737447295000536
synthetic_traffic,traffic,lightgbm_ar,traffic_1,2024-01-09 13:00:00,31.87714705887973,29.8814889080119
synthetic_traffic,traffic,lightgbm_ar,traffic_1,2024-01-09 14:00:00,29.966492478675402,27.53615852223495
synthetic_traffic,traffic,lightgbm_ar,traffic_1,2024-01-09 15:00:00,28.324282380187395,26.18800377576134
synthetic_traffic,traffic,lightgbm_ar,traffic_1,2024-01-09 16:00:00,27.06340816126803,25.1713653421339
synthetic_traffic,traffic,lightgbm_ar,traffic_1,2024-01-09 17:00:00,26.270495504052647,24.77838841929267
synthetic_traffic,traffic,lightgbm_ar,traffic_1,2024-01-09 18:00:00,26.0,24.795112270901626
synthetic_traffic,traffic,lightgbm_ar,traffic_1,2024-01-09 19:00:00,26.270495504052647,26.089837871031065
synthetic_traffic,traffic,lightgbm_ar,traffic_1,2024-01-09 20:00:00,27.063408161268026,27.4293020679656
synthetic_traffic,traffic,lightgbm_ar,traffic_1,2024-01-09 21:00:00,28.324282380187352,28.687469801071657
synthetic_traffic,traffic,lightgbm_ar,traffic_1,2024-01-09 22:00:00,29.96649247867535,28.971087325582168
synthetic_traffic,traffic,lightgbm_ar,traffic_1,2024-01-09 23:00:00,31.87714705887967,28.846446911903644
synthetic_traffic,traffic,lightgbm_ar,traffic_1,2024-01-10 00:00:00,33.92478373654545,29.540202550539643
synthetic_traffic,traffic,lightgbm_ar,traffic_1,2024-01-10 01:00:00,35.96832983968731,30.403878550981055
synthetic_traffic,traffic,lightgbm_ar,traffic_1,2024-01-10 02:00:00,37.86671841735838,33.508796771473484
synthetic_traffic,traffic,lightgbm_ar,traffic_1,2024-01-10 03:00:00,39.48850424041749,35.88684380089952
synthetic_traffic,traffic,lightgbm_ar,traffic_1,2024-01-10 04:00:00,40.720824476208136,36.7729780798156
synthetic_traffic,traffic,lightgbm_ar,traffic_1,2024-01-10 05:00:00,41.47709337792247,37.914627869101466
synthetic_traffic,traffic,lightgbm_ar,traffic_1,2024-01-10 06:00:00,41.702906603707255,39.824512368341324
synthetic_traffic,traffic,lightgbm_ar,traffic_1,2024-01-10 07:00:00,41.37975279082637,40.473637546482436
synthetic_traffic,traffic,lightgbm_ar,traffic_1,2024-01-10 08:00:00,40.526279441628844,39.02544402289241
synthetic_traffic,traffic,lightgbm_ar,traffic_1,2024-01-10 09:00:00,39.197026847177256,37.712640509633566
synthetic_traffic,traffic,lightgbm_ar,traffic_1,2024-01-10 10:00:00,37.478716322947996,37.67367998693795
synthetic_traffic,traffic,lightgbm_ar,traffic_1,2024-01-10 11:00:00,35.48434570012023,37.421884391721576
synthetic_traffic,traffic,lightgbm_ar,traffic_1,2024-01-10 12:00:00,33.345494447404135,34.93587582052853
synthetic_traffic,traffic,lightgbm_ar,traffic_1,2024-01-10 13:00:00,31.20336280861623,30.700220773631656
synthetic_traffic,traffic,lightgbm_ar,traffic_1,2024-01-10 14:00:00,29.19915561548945,27.813232673221258
synthetic_traffic,traffic,lightgbm_ar,traffic_1,2024-01-10 15:00:00,27.46446609406727,25.93134167265439
synthetic_traffic,traffic,lightgbm_ar,traffic_1,2024-01-10 16:00:00,26.11231498303725,24.31997890726265
synthetic_traffic,traffic,lightgbm_ar,traffic_1,2024-01-10 17:00:00,25.229455623521815,22.79285501105531
synthetic_traffic,traffic,lightgbm_ar,traffic_1,2024-01-10 18:00:00,24.870469405576202,22.1215043491395
synthetic_traffic,traffic,lightgbm_ar,traffic_1,2024-01-10 19:00:00,25.054053946407954,22.546478308221637
synthetic_traffic,traffic,lightgbm_ar,traffic_1,2024-01-10 20:00:00,25.761756943915355,23.401226672413824
synthetic_traffic,traffic,lightgbm_ar,traffic_1,2024-01-10 21:00:00,26.939241980053595,25.069313610780057
synthetic_traffic,traffic,lightgbm_ar,traffic_1,2024-01-10 22:00:00,28.499999999999968,26.842182388948157
synthetic_traffic,traffic,lightgbm_ar,traffic_1,2024-01-10 23:00:00,30.33125352399899,28.139510436464818
synthetic_traffic,traffic,lightgbm_ar,traffic_2,2024-01-09 00:00:00,34.34549444740407,32.773182420677955
synthetic_traffic,traffic,lightgbm_ar,traffic_2,2024-01-09 01:00:00,36.484345700120166,34.70781988930822
synthetic_traffic,traffic,lightgbm_ar,traffic_2,2024-01-09 02:00:00,38.47871632294794,36.4109263174559
synthetic_traffic,traffic,lightgbm_ar,traffic_2,2024-01-09 03:00:00,40.197026847177206,38.01986931683149
synthetic_traffic,traffic,lightgbm_ar,traffic_2,2024-01-09 04:00:00,41.526279441628816,39.14617607933492
synthetic_traffic,traffic,lightgbm_ar,traffic_2,2024-01-09 05:00:00,42.37975279082636,40.41102627530192
synthetic_traffic,traffic,lightgbm_ar,traffic_2,2024-01-09 06:00:00,42.702906603707255,41.16070840655236
synthetic_traffic,traffic,lightgbm_ar,traffic_2,2024-01-09 07:00:00,42.47709337792247,41.15051627139227
synthetic_traffic,traffic,lightgbm_ar,traffic_2,2024-01-09 08:00:00,41.720824476208115,40.12054409876088
synthetic_traffic,traffic,lightgbm_ar,traffic_2,2024-01-09 09:00:00,40.4885042404175,38.89350407206392
synthetic_traffic,traffic,lightgbm_ar,traffic_2,2024-01-09 10:00:00,38.86671841735843,38.48908756272673
synthetic_traffic,traffic,lightgbm_ar,traffic_2,2024-01-09 11:00:00,36.96832983968737,36.325123810070025
synthetic_traffic,traffic,lightgbm_ar,traffic_2,2024-01-09 12:00:00,34.924783736545514,33.737447295000536
synthetic_traffic,traffic,lightgbm_ar,traffic_2,2024-01-09 13:00:00,32.87714705887973,30.8814889080119
synthetic_traffic,traffic,lightgbm_ar,traffic_2,2024-01-09 14:00:00,30.966492478675402,28.53615852223495
synthetic_traffic,traffic,lightgbm_ar,traffic_2,2024-01-09 15:00:00,29.324282380187395,27.18800377576134
synthetic_traffic,traffic,lightgbm_ar,traffic_2,2024-01-09 16:00:00,28.06340816126803,26.1713653421339
synthetic_traffic,traffic,lightgbm_ar,traffic_2,2024-01-09 17:00:00,27.270495504052647,25.77838841929267
synthetic_traffic,traffic,lightgbm_ar,traffic_2,2024-01-09 18:00:00,27.0,25.795112270901626
synthetic_traffic,traffic,lightgbm_ar,traffic_2,2024-01-09 19:00:00,27.270495504052647,27.089837871031065
synthetic_traffic,traffic,lightgbm_ar,traffic_2,2024-01-09 20:00:00,28.063408161268026,28.4293020679656
synthetic_traffic,traffic,lightgbm_ar,traffic_2,2024-01-09 21:00:00,29.324282380187352,29.687469801071657
synthetic_traffic,traffic,lightgbm_ar,traffic_2,2024-01-09 22:00:00,30.96649247867535,29.971087325582168
synthetic_traffic,traffic,lightgbm_ar,traffic_2,2024-01-09 23:00:00,32.87714705887967,29.846446911903644
synthetic_traffic,traffic,lightgbm_ar,traffic_2,2024-01-10 00:00:00,34.92478373654545,30.540202550539643
synthetic_traffic,traffic,lightgbm_ar,traffic_2,2024-01-10 01:00:00,36.96832983968731,31.403878550981055
synthetic_traffic,traffic,lightgbm_ar,traffic_2,2024-01-10 02:00:00,38.86671841735838,34.508796771473484
synthetic_traffic,traffic,lightgbm_ar,traffic_2,2024-01-10 03:00:00,40.48850424041749,36.88684380089952
synthetic_traffic,traffic,lightgbm_ar,traffic_2,2024-01-10 04:00:00,41.720824476208136,37.7729780798156
synthetic_traffic,traffic,lightgbm_ar,traffic_2,2024-01-10 05:00:00,42.47709337792247,38.914627869101466
synthetic_traffic,traffic,lightgbm_ar,traffic_2,2024-01-10 06:00:00,42.702906603707255,40.824512368341324
synthetic_traffic,traffic,lightgbm_ar,traffic_2,2024-01-10 07:00:00,42.37975279082637,41.473637546482436
synthetic_traffic,traffic,lightgbm_ar,traffic_2,2024-01-10 08:00:00,41.526279441628844,40.02544402289241
synthetic_traffic,traffic,lightgbm_ar,traffic_2,2024-01-10 09:00:00,40.197026847177256,38.712640509633566
synthetic_traffic,traffic,lightgbm_ar,traffic_2,2024-01-10 10:00:00,38.478716322947996,38.67367998693795
synthetic_traffic,traffic,lightgbm_ar,traffic_2,2024-01-10 11:00:00,36.48434570012023,38.421884391721576
synthetic_traffic,traffic,lightgbm_ar,traffic_2,2024-01-10 12:00:00,34.345494447404135,35.93587582052853
synthetic_traffic,traffic,lightgbm_ar,traffic_2,2024-01-10 13:00:00,32.203362808616234,31.700220773631656
synthetic_traffic,traffic,lightgbm_ar,traffic_2,2024-01-10 14:00:00,30.19915561548945,28.813232673221258
synthetic_traffic,traffic,lightgbm_ar,traffic_2,2024-01-10 15:00:00,28.46446609406727,26.93134167265439
synthetic_traffic,traffic,lightgbm_ar,traffic_2,2024-01-10 16:00:00,27.11231498303725,25.31997890726265
synthetic_traffic,traffic,lightgbm_ar,traffic_2,2024-01-10 17:00:00,26.229455623521815,23.79285501105531
synthetic_traffic,traffic,lightgbm_ar,traffic_2,2024-01-10 18:00:00,25.870469405576202,23.1215043491395
synthetic_traffic,traffic,lightgbm_ar,traffic_2,2024-01-10 19:00:00,26.054053946407954,23.546478308221637
synthetic_traffic,traffic,lightgbm_ar,traffic_2,2024-01-10 20:00:00,26.761756943915355,24.401226672413824
synthetic_traffic,traffic,lightgbm_ar,traffic_2,2024-01-10 21:00:00,27.939241980053595,26.069313610780057
synthetic_traffic,traffic,lightgbm_ar,traffic_2,2024-01-10 22:00:00,29.499999999999968,27.842182388948157
synthetic_traffic,traffic,lightgbm_ar,traffic_2,2024-01-10 23:00:00,31.33125352399899,29.139510436464818
synthetic_traffic,traffic,xgboost_ar,traffic_0,2024-01-09 00:00:00,32.34549444740407,30.33787459473167
synthetic_traffic,traffic,xgboost_ar,traffic_0,2024-01-09 01:00:00,34.484345700120166,31.54225917244125
synthetic_traffic,traffic,xgboost_ar,traffic_0,2024-01-09 02:00:00,36.47871632294794,33.57248729525391
synthetic_traffic,traffic,xgboost_ar,traffic_0,2024-01-09 03:00:00,38.197026847177206,35.41451099544537
synthetic_traffic,traffic,xgboost_ar,traffic_0,2024-01-09 04:00:00,39.526279441628816,36.72798735110448
synthetic_traffic,traffic,xgboost_ar,traffic_0,2024-01-09 05:00:00,40.37975279082636,37.41679056995256
synthetic_traffic,traffic,xgboost_ar,traffic_0,2024-01-09 06:00:00,40.702906603707255,38.091714157364436
synthetic_traffic,traffic,xgboost_ar,traffic_0,2024-01-09 07:00:00,40.47709337792247,37.822998705146844
synthetic_traffic,traffic,xgboost_ar,traffic_0,2024-01-09 08:00:00,39.720824476208115,37.46753502450329
synthetic_traffic,traffic,xgboost_ar,traffic_0,2024-01-09 09:00:00,38.4885042404175,37.045666999560936
synthetic_traffic,traffic,xgboost_ar,traffic_0,2024-01-09 10:00:00,36.86671841735843,37.02574300105951
synthetic_traffic,traffic,xgboost_ar,traffic_0,2024-01-09 11:00:00,34.96832983968737,36.76323788421191
synthetic_traffic,traffic,xgboost_ar,traffic_0,2024-01-09 12:00:00,32.924783736545514,35.25931077102883
synthetic_traffic,traffic,xgboost_ar,traffic_0,2024-01-09 13:00:00,30.87714705887973,31.417857505478242
synthetic_traffic,traffic,xgboost_ar,traffic_0,2024-01-09 14:00:00,28.966492478675402,28.976420388390668
synthetic_traffic,traffic,xgboost_ar,traffic_0,2024-01-09 15:00:00,27.324282380187395,26.4528403087014
synthetic_traffic,traffic,xgboost_ar,traffic_0,2024-01-09 16:00:00,26.06340816126803,24.73967113770967
synthetic_traffic,traffic,xgboost_ar,traffic_0,2024-01-09 17:00:00,25.270495504052647,23.280165725005155
synthetic_traffic,traffic,xgboost_ar,traffic_0,2024-01-09 18:00:00,25.0,22.038893029217334
synthetic_traffic,traffic,xgboost_ar,traffic_0,2024-01-09 19:00:00,25.270495504052647,21.23250055717245
synthetic_traffic,traffic,xgboost_ar,traffic_0,2024-01-09 20:00:00,26.063408161268026,20.953665293961365
synthetic_traffic,traffic,xgboost_ar,traffic_0,2024-01-09 21:00:00,27.324282380187352,21.09714631196877
synthetic_traffic,traffic,xgboost_ar,traffic_0,2024-01-09 22:00:00,28.96649247867535,22.065438028253126
synthetic_traffic,traffic,xgboost_ar,traffic_0,2024-01-09 23:00:00,30.87714705887967,23.786330044913676
synthetic_traffic,traffic,xgboost_ar,traffic_0,2024-01-10 00:00:00,32.92478373654545,25.802028582421393
synthetic_traffic,traffic,xgboost_ar,traffic_0,2024-01-10 01:00:00,34.96832983968731,28.685493465325816
synthetic_traffic,traffic,xgboost_ar,traffic_0,2024-01-10 02:00:00,36.86671841735838,31.226019068517154
synthetic_traffic,traffic,xgboost_ar,traffic_0,2024-01-10 03:00:00,38.48850424041749,32.872644879023184
synthetic_traffic,traffic,xgboost_ar,traffic_0,2024-01-10 04:00:00,39.720824476208136,34.136632713360946
synthetic_traffic,traffic,xgboost_ar,traffic_0,2024-01-10 05:00:00,40.47709337792247,35.39839575675857
synthetic_traffic,traffic,xgboost_ar,traffic_0,2024-01-10 06:00:00,40.702906603707255,36.159338801514565
synthetic_traffic,traffic,xgboost_ar,traffic_0,2024-01-10 07:00:00,40.37975279082637,36.17026859457665
synthetic_traffic,traffic,xgboost_ar,traffic_0,2024-01-10 08:00:00,39.526279441628844,35.81094331378212
synthetic_traffic,traffic,xgboost_ar,traffic_0,2024-01-10 09:00:00,38.197026847177256,34.57372726636669
synthetic_traffic,traffic,xgboost_ar,traffic_0,2024-01-10 10:00:00,36.478716322947996,33.010661000499546
synthetic_traffic,traffic,xgboost_ar,traffic_0,2024-01-10 11:00:00,34.48434570012023,32.51324494795482
synthetic_traffic,traffic,xgboost_ar,traffic_0,2024-01-10 12:00:00,32.345494447404135,32.37982611305731
synthetic_traffic,traffic,xgboost_ar,traffic_0,2024-01-10 13:00:00,30.20336280861623,30.718113455611913
synthetic_traffic,traffic,xgboost_ar,traffic_0,2024-01-10 14:00:00,28.19915561548945,29.455367945457173
synthetic_traffic,traffic,xgboost_ar,traffic_0,2024-01-10 15:00:00,26.46446609406727,27.639541171884552
synthetic_traffic,traffic,xgboost_ar,traffic_0,2024-01-10 16:00:00,25.11231498303725,25.18238059706038
synthetic_traffic,traffic,xgboost_ar,traffic_0,2024-01-10 17:00:00,24.229455623521815,23.735606868350736
synthetic_traffic,traffic,xgboost_ar,traffic_0,2024-01-10 18:00:00,23.870469405576202,22.018905196752534
synthetic_traffic,traffic,xgboost_ar,traffic_0,2024-01-10 19:00:00,24.054053946407954,20.962605595164973
synthetic_traffic,traffic,xgboost_ar,traffic_0,2024-01-10 20:00:00,24.761756943915355,19.64504280195056
synthetic_traffic,traffic,xgboost_ar,traffic_0,2024-01-10 21:00:00,25.939241980053595,19.53629951754482
synthetic_traffic,traffic,xgboost_ar,traffic_0,2024-01-10 22:00:00,27.499999999999968,19.704097729266273
synthetic_traffic,traffic,xgboost_ar,traffic_0,2024-01-10 23:00:00,29.33125352399899,20.687426599522674
synthetic_traffic,traffic,xgboost_ar,traffic_1,2024-01-09 00:00:00,33.34549444740407,31.33787459473167
synthetic_traffic,traffic,xgboost_ar,traffic_1,2024-01-09 01:00:00,35.484345700120166,32.54225917244125
synthetic_traffic,traffic,xgboost_ar,traffic_1,2024-01-09 02:00:00,37.47871632294794,34.57248729525391
synthetic_traffic,traffic,xgboost_ar,traffic_1,2024-01-09 03:00:00,39.197026847177206,36.41451099544537
synthetic_traffic,traffic,xgboost_ar,traffic_1,2024-01-09 04:00:00,40.526279441628816,37.72798735110448
synthetic_traffic,traffic,xgboost_ar,traffic_1,2024-01-09 05:00:00,41.37975279082636,38.41679056995256
synthetic_traffic,traffic,xgboost_ar,traffic_1,2024-01-09 06:00:00,41.702906603707255,39.091714157364436
synthetic_traffic,traffic,xgboost_ar,traffic_1,2024-01-09 07:00:00,41.47709337792247,38.822998705146844
synthetic_traffic,traffic,xgboost_ar,traffic_1,2024-01-09 08:00:00,40.720824476208115,38.46753502450329
synthetic_traffic,traffic,xgboost_ar,traffic_1,2024-01-09 09:00:00,39.4885042404175,38.045666999560936
synthetic_traffic,traffic,xgboost_ar,traffic_1,2024-01-09 10:00:00,37.86671841735843,38.02574300105951
synthetic_traffic,traffic,xgboost_ar,traffic_1,2024-01-09 11:00:00,35.96832983968737,37.76323788421191
synthetic_traffic,traffic,xgboost_ar,traffic_1,2024-01-09 12:00:00,33.924783736545514,36.25931077102883
synthetic_traffic,traffic,xgboost_ar,traffic_1,2024-01-09 13:00:00,31.87714705887973,32.417857505478246
synthetic_traffic,traffic,xgboost_ar,traffic_1,2024-01-09 14:00:00,29.966492478675402,29.976420388390668
synthetic_traffic,traffic,xgboost_ar,traffic_1,2024-01-09 15:00:00,28.324282380187395,27.4528403087014
synthetic_traffic,traffic,xgboost_ar,traffic_1,2024-01-09 16:00:00,27.06340816126803,25.73967113770967
synthetic_traffic,traffic,xgboost_ar,traffic_1,2024-01-09 17:00:00,26.270495504052647,24.280165725005155
synthetic_traffic,traffic,xgboost_ar,traffic_1,2024-01-09 18:00:00,26.0,23.038893029217334
synthetic_traffic,traffic,xgboost_ar,traffic_1,2024-01-09 19:00:00,26.270495504052647,22.23250055717245
synthetic_traffic,traffic,xgboost_ar,traffic_1,2024-01-09 20:00:00,27.063408161268026,21.953665293961365
synthetic_traffic,traffic,xgboost_ar,traffic_1,2024-01-09 21:00:00,28.324282380187352,22.09714631196877
synthetic_traffic,traffic,xgboost_ar,traffic_1,2024-01-09 22:00:00,29.96649247867535,23.065438028253126
synthetic_traffic,traffic,xgboost_ar,traffic_1,2024-01-09 23:00:00,31.87714705887967,24.786330044913676
synthetic_traffic,traffic,xgboost_ar,traffic_1,2024-01-10 00:00:00,33.92478373654545,26.802028582421393
synthetic_traffic,traffic,xgboost_ar,traffic_1,2024-01-10 01:00:00,35.96832983968731,29.685493465325816
synthetic_traffic,traffic,xgboost_ar,traffic_1,2024-01-10 02:00:00,37.86671841735838,32.226019068517154
synthetic_traffic,traffic,xgboost_ar,traffic_1,2024-01-10 03:00:00,39.48850424041749,33.872644879023184
synthetic_traffic,traffic,xgboost_ar,traffic_1,2024-01-10 04:00:00,40.720824476208136,35.136632713360946
synthetic_traffic,traffic,xgboost_ar,traffic_1,2024-01-10 05:00:00,41.47709337792247,36.39839575675857
synthetic_traffic,traffic,xgboost_ar,traffic_1,2024-01-10 06:00:00,41.702906603707255,37.159338801514565
synthetic_traffic,traffic,xgboost_ar,traffic_1,2024-01-10 07:00:00,41.37975279082637,37.17026859457665
synthetic_traffic,traffic,xgboost_ar,traffic_1,2024-01-10 08:00:00,40.526279441628844,36.81094331378212
synthetic_traffic,traffic,xgboost_ar,traffic_1,2024-01-10 09:00:00,39.197026847177256,35.57372726636669
synthetic_traffic,traffic,xgboost_ar,traffic_1,2024-01-10 10:00:00,37.478716322947996,34.010661000499546
synthetic_traffic,traffic,xgboost_ar,traffic_1,2024-01-10 11:00:00,35.48434570012023,33.51324494795482
synthetic_traffic,traffic,xgboost_ar,traffic_1,2024-01-10 12:00:00,33.345494447404135,33.37982611305731
synthetic_traffic,traffic,xgboost_ar,traffic_1,2024-01-10 13:00:00,31.20336280861623,31.718113455611913
synthetic_traffic,traffic,xgboost_ar,traffic_1,2024-01-10 14:00:00,29.19915561548945,30.455367945457173
synthetic_traffic,traffic,xgboost_ar,traffic_1,2024-01-10 15:00:00,27.46446609406727,28.639541171884552
synthetic_traffic,traffic,xgboost_ar,traffic_1,2024-01-10 16:00:00,26.11231498303725,26.18238059706038
synthetic_traffic,traffic,xgboost_ar,traffic_1,2024-01-10 17:00:00,25.229455623521815,24.735606868350736
synthetic_traffic,traffic,xgboost_ar,traffic_1,2024-01-10 18:00:00,24.870469405576202,23.018905196752534
synthetic_traffic,traffic,xgboost_ar,traffic_1,2024-01-10 19:00:00,25.054053946407954,21.962605595164973
synthetic_traffic,traffic,xgboost_ar,traffic_1,2024-01-10 20:00:00,25.761756943915355,20.64504280195056
synthetic_traffic,traffic,xgboost_ar,traffic_1,2024-01-10 21:00:00,26.939241980053595,20.53629951754482
synthetic_traffic,traffic,xgboost_ar,traffic_1,2024-01-10 22:00:00,28.499999999999968,20.704097729266273
synthetic_traffic,traffic,xgboost_ar,traffic_1,2024-01-10 23:00:00,30.33125352399899,21.687426599522674
synthetic_traffic,traffic,xgboost_ar,traffic_2,2024-01-09 00:00:00,34.34549444740407,32.33787459473167
synthetic_traffic,traffic,xgboost_ar,traffic_2,2024-01-09 01:00:00,36.484345700120166,33.54225917244125
synthetic_traffic,traffic,xgboost_ar,traffic_2,2024-01-09 02:00:00,38.47871632294794,35.57248729525391
synthetic_traffic,traffic,xgboost_ar,traffic_2,2024-01-09 03:00:00,40.197026847177206,37.41451099544537
synthetic_traffic,traffic,xgboost_ar,traffic_2,2024-01-09 04:00:00,41.526279441628816,38.72798735110448
synthetic_traffic,traffic,xgboost_ar,traffic_2,2024-01-09 05:00:00,42.37975279082636,39.41679056995256
synthetic_traffic,traffic,xgboost_ar,traffic_2,2024-01-09 06:00:00,42.702906603707255,40.091714157364436
synthetic_traffic,traffic,xgboost_ar,traffic_2,2024-01-09 07:00:00,42.47709337792247,39.822998705146844
synthetic_traffic,traffic,xgboost_ar,traffic_2,2024-01-09 08:00:00,41.720824476208115,39.46753502450329
synthetic_traffic,traffic,xgboost_ar,traffic_2,2024-01-09 09:00:00,40.4885042404175,39.045666999560936
synthetic_traffic,traffic,xgboost_ar,traffic_2,2024-01-09 10:00:00,38.86671841735843,39.02574300105951
synthetic_traffic,traffic,xgboost_ar,traffic_2,2024-01-09 11:00:00,36.96832983968737,38.76323788421191
synthetic_traffic,traffic,xgboost_ar,traffic_2,2024-01-09 12:00:00,34.924783736545514,37.25931077102883
synthetic_traffic,traffic,xgboost_ar,traffic_2,2024-01-09 13:00:00,32.87714705887973,33.417857505478246
synthetic_traffic,traffic,xgboost_ar,traffic_2,2024-01-09 14:00:00,30.966492478675402,30.976420388390668
synthetic_traffic,traffic,xgboost_ar,traffic_2,2024-01-09 15:00:00,29.324282380187395,28.4528403087014
synthetic_traffic,traffic,xgboost_ar,traffic_2,2024-01-09 16:00:00,28.06340816126803,26.73967113770967
synthetic_traffic,traffic,xgboost_ar,traffic_2,2024-01-09 17:00:00,27.270495504052647,25.280165725005155
synthetic_traffic,traffic,xgboost_ar,traffic_2,2024-01-09 18:00:00,27.0,24.038893029217334
synthetic_traffic,traffic,xgboost_ar,traffic_2,2024-01-09 19:00:00,27.270495504052647,23.23250055717245
synthetic_traffic,traffic,xgboost_ar,traffic_2,2024-01-09 20:00:00,28.063408161268026,22.953665293961365
synthetic_traffic,traffic,xgboost_ar,traffic_2,2024-01-09 21:00:00,29.324282380187352,23.09714631196877
synthetic_traffic,traffic,xgboost_ar,traffic_2,2024-01-09 22:00:00,30.96649247867535,24.065438028253126
synthetic_traffic,traffic,xgboost_ar,traffic_2,2024-01-09 23:00:00,32.87714705887967,25.786330044913676
synthetic_traffic,traffic,xgboost_ar,traffic_2,2024-01-10 00:00:00,34.92478373654545,27.802028582421393
synthetic_traffic,traffic,xgboost_ar,traffic_2,2024-01-10 01:00:00,36.96832983968731,30.685493465325816
synthetic_traffic,traffic,xgboost_ar,traffic_2,2024-01-10 02:00:00,38.86671841735838,33.226019068517154
synthetic_traffic,traffic,xgboost_ar,traffic_2,2024-01-10 03:00:00,40.48850424041749,34.872644879023184
synthetic_traffic,traffic,xgboost_ar,traffic_2,2024-01-10 04:00:00,41.720824476208136,36.136632713360946
synthetic_traffic,traffic,xgboost_ar,traffic_2,2024-01-10 05:00:00,42.47709337792247,37.39839575675857
synthetic_traffic,traffic,xgboost_ar,traffic_2,2024-01-10 06:00:00,42.702906603707255,38.159338801514565
synthetic_traffic,traffic,xgboost_ar,traffic_2,2024-01-10 07:00:00,42.37975279082637,38.17026859457665
synthetic_traffic,traffic,xgboost_ar,traffic_2,2024-01-10 08:00:00,41.526279441628844,37.81094331378212
synthetic_traffic,traffic,xgboost_ar,traffic_2,2024-01-10 09:00:00,40.197026847177256,36.57372726636669
synthetic_traffic,traffic,xgboost_ar,traffic_2,2024-01-10 10:00:00,38.478716322947996,35.010661000499546
synthetic_traffic,traffic,xgboost_ar,traffic_2,2024-01-10 11:00:00,36.48434570012023,34.51324494795482
synthetic_traffic,traffic,xgboost_ar,traffic_2,2024-01-10 12:00:00,34.345494447404135,34.37982611305731
synthetic_traffic,traffic,xgboost_ar,traffic_2,2024-01-10 13:00:00,32.203362808616234,32.71811345561191
synthetic_traffic,traffic,xgboost_ar,traffic_2,2024-01-10 14:00:00,30.19915561548945,31.455367945457173
synthetic_traffic,traffic,xgboost_ar,traffic_2,2024-01-10 15:00:00,28.46446609406727,29.639541171884552
synthetic_traffic,traffic,xgboost_ar,traffic_2,2024-01-10 16:00:00,27.11231498303725,27.18238059706038
synthetic_traffic,traffic,xgboost_ar,traffic_2,2024-01-10 17:00:00,26.229455623521815,25.735606868350736
synthetic_traffic,traffic,xgboost_ar,traffic_2,2024-01-10 18:00:00,25.870469405576202,24.018905196752534
synthetic_traffic,traffic,xgboost_ar,traffic_2,2024-01-10 19:00:00,26.054053946407954,22.962605595164973
synthetic_traffic,traffic,xgboost_ar,traffic_2,2024-01-10 20:00:00,26.761756943915355,21.64504280195056
synthetic_traffic,traffic,xgboost_ar,traffic_2,2024-01-10 21:00:00,27.939241980053595,21.53629951754482
synthetic_traffic,traffic,xgboost_ar,traffic_2,2024-01-10 22:00:00,29.499999999999968,21.704097729266273
synthetic_traffic,traffic,xgboost_ar,traffic_2,2024-01-10 23:00:00,31.33125352399899,22.687426599522674
synthetic_traffic,traffic,tabpfn_ts,traffic_0,2024-01-09 00:00:00,32.34549444740407,32.097747802734375
synthetic_traffic,traffic,tabpfn_ts,traffic_0,2024-01-09 01:00:00,34.484345700120166,34.141441345214844
synthetic_traffic,traffic,tabpfn_ts,traffic_0,2024-01-09 02:00:00,36.47871632294794,36.23728942871094
synthetic_traffic,traffic,tabpfn_ts,traffic_0,2024-01-09 03:00:00,38.197026847177206,38.033321380615234
synthetic_traffic,traffic,tabpfn_ts,traffic_0,2024-01-09 04:00:00,39.526279441628816,39.26764678955078
synthetic_traffic,traffic,tabpfn_ts,traffic_0,2024-01-09 05:00:00,40.37975279082636,39.991722106933594
synthetic_traffic,traffic,tabpfn_ts,traffic_0,2024-01-09 06:00:00,40.702906603707255,40.175411224365234
synthetic_traffic,traffic,tabpfn_ts,traffic_0,2024-01-09 07:00:00,40.47709337792247,40.007171630859375
synthetic_traffic,traffic,tabpfn_ts,traffic_0,2024-01-09 08:00:00,39.720824476208115,39.41610336303711
synthetic_traffic,traffic,tabpfn_ts,traffic_0,2024-01-09 09:00:00,38.4885042404175,38.1815071105957
synthetic_traffic,traffic,tabpfn_ts,traffic_0,2024-01-09 10:00:00,36.86671841735843,36.42029571533203
synthetic_traffic,traffic,tabpfn_ts,traffic_0,2024-01-09 11:00:00,34.96832983968737,34.191226959228516
synthetic_traffic,traffic,tabpfn_ts,traffic_0,2024-01-09 12:00:00,32.924783736545514,32.0302619934082
synthetic_traffic,traffic,tabpfn_ts,traffic_0,2024-01-09 13:00:00,30.87714705887973,30.00128936767578
synthetic_traffic,traffic,tabpfn_ts,traffic_0,2024-01-09 14:00:00,28.966492478675402,28.077383041381836
synthetic_traffic,traffic,tabpfn_ts,traffic_0,2024-01-09 15:00:00,27.324282380187395,26.378578186035156
synthetic_traffic,traffic,tabpfn_ts,traffic_0,2024-01-09 16:00:00,26.06340816126803,25.024930953979492
synthetic_traffic,traffic,tabpfn_ts,traffic_0,2024-01-09 17:00:00,25.270495504052647,24.50560760498047
synthetic_traffic,traffic,tabpfn_ts,traffic_0,2024-01-09 18:00:00,25.0,24.22369956970215
synthetic_traffic,traffic,tabpfn_ts,traffic_0,2024-01-09 19:00:00,25.270495504052647,24.412317276000977
synthetic_traffic,traffic,tabpfn_ts,traffic_0,2024-01-09 20:00:00,26.063408161268026,25.15484046936035
synthetic_traffic,traffic,tabpfn_ts,traffic_0,2024-01-09 21:00:00,27.324282380187352,26.898475646972656
synthetic_traffic,traffic,tabpfn_ts,traffic_0,2024-01-09 22:00:00,28.96649247867535,28.938562393188477
synthetic_traffic,traffic,tabpfn_ts,traffic_0,2024-01-09 23:00:00,30.87714705887967,31.116662979125977
synthetic_traffic,traffic,tabpfn_ts,traffic_0,2024-01-10 00:00:00,32.92478373654545,32.510719299316406
synthetic_traffic,traffic,tabpfn_ts,traffic_0,2024-01-10 01:00:00,34.96832983968731,34.79808807373047
synthetic_traffic,traffic,tabpfn_ts,traffic_0,2024-01-10 02:00:00,36.86671841735838,37.10944747924805
synthetic_traffic,traffic,tabpfn_ts,traffic_0,2024-01-10 03:00:00,38.48850424041749,38.63077163696289
synthetic_traffic,traffic,tabpfn_ts,traffic_0,2024-01-10 04:00:00,39.720824476208136,39.74763107299805
synthetic_traffic,traffic,tabpfn_ts,traffic_0,2024-01-10 05:00:00,40.47709337792247,40.27522659301758
synthetic_traffic,traffic,tabpfn_ts,traffic_0,2024-01-10 06:00:00,40.702906603707255,40.29120635986328
synthetic_traffic,traffic,tabpfn_ts,traffic_0,2024-01-10 07:00:00,40.37975279082637,40.41959762573242
synthetic_traffic,traffic,tabpfn_ts,traffic_0,2024-01-10 08:00:00,39.526279441628844,40.04374313354492
synthetic_traffic,traffic,tabpfn_ts,traffic_0,2024-01-10 09:00:00,38.197026847177256,38.965797424316406
synthetic_traffic,traffic,tabpfn_ts,traffic_0,2024-01-10 10:00:00,36.478716322947996,37.486351013183594
synthetic_traffic,traffic,tabpfn_ts,traffic_0,2024-01-10 11:00:00,34.48434570012023,35.452362060546875
synthetic_traffic,traffic,tabpfn_ts,traffic_0,2024-01-10 12:00:00,32.345494447404135,33.3170166015625
synthetic_traffic,traffic,tabpfn_ts,traffic_0,2024-01-10 13:00:00,30.20336280861623,31.385906219482422
synthetic_traffic,traffic,tabpfn_ts,traffic_0,2024-01-10 14:00:00,28.19915561548945,29.347938537597656
synthetic_traffic,traffic,tabpfn_ts,traffic_0,2024-01-10 15:00:00,26.46446609406727,27.26201629638672
synthetic_traffic,traffic,tabpfn_ts,traffic_0,2024-01-10 16:00:00,25.11231498303725,25.70761489868164
synthetic_traffic,traffic,tabpfn_ts,traffic_0,2024-01-10 17:00:00,24.229455623521815,24.822092056274414
synthetic_traffic,traffic,tabpfn_ts,traffic_0,2024-01-10 18:00:00,23.870469405576202,24.50316047668457
synthetic_traffic,traffic,tabpfn_ts,traffic_0,2024-01-10 19:00:00,24.054053946407954,24.864391326904297
synthetic_traffic,traffic,tabpfn_ts,traffic_0,2024-01-10 20:00:00,24.761756943915355,25.858949661254883
synthetic_traffic,traffic,tabpfn_ts,traffic_0,2024-01-10 21:00:00,25.939241980053595,27.87564468383789
synthetic_traffic,traffic,tabpfn_ts,traffic_0,2024-01-10 22:00:00,27.499999999999968,29.673046112060547
synthetic_traffic,traffic,tabpfn_ts,traffic_0,2024-01-10 23:00:00,29.33125352399899,31.515625
synthetic_traffic,traffic,tabpfn_ts,traffic_1,2024-01-09 00:00:00,33.34549444740407,33.097747802734375
synthetic_traffic,traffic,tabpfn_ts,traffic_1,2024-01-09 01:00:00,35.484345700120166,35.141441345214844
synthetic_traffic,traffic,tabpfn_ts,traffic_1,2024-01-09 02:00:00,37.47871632294794,37.23728942871094
synthetic_traffic,traffic,tabpfn_ts,traffic_1,2024-01-09 03:00:00,39.197026847177206,39.033321380615234
synthetic_traffic,traffic,tabpfn_ts,traffic_1,2024-01-09 04:00:00,40.526279441628816,40.26764678955078
synthetic_traffic,traffic,tabpfn_ts,traffic_1,2024-01-09 05:00:00,41.37975279082636,40.991722106933594
synthetic_traffic,traffic,tabpfn_ts,traffic_1,2024-01-09 06:00:00,41.702906603707255,41.175411224365234
synthetic_traffic,traffic,tabpfn_ts,traffic_1,2024-01-09 07:00:00,41.47709337792247,41.007171630859375
synthetic_traffic,traffic,tabpfn_ts,traffic_1,2024-01-09 08:00:00,40.720824476208115,40.41610336303711
synthetic_traffic,traffic,tabpfn_ts,traffic_1,2024-01-09 09:00:00,39.4885042404175,39.1815071105957
synthetic_traffic,traffic,tabpfn_ts,traffic_1,2024-01-09 10:00:00,37.86671841735843,37.42029571533203
synthetic_traffic,traffic,tabpfn_ts,traffic_1,2024-01-09 11:00:00,35.96832983968737,35.191226959228516
synthetic_traffic,traffic,tabpfn_ts,traffic_1,2024-01-09 12:00:00,33.924783736545514,33.0302619934082
synthetic_traffic,traffic,tabpfn_ts,traffic_1,2024-01-09 13:00:00,31.87714705887973,31.00128936767578
synthetic_traffic,traffic,tabpfn_ts,traffic_1,2024-01-09 14:00:00,29.966492478675402,29.077383041381836
synthetic_traffic,traffic,tabpfn_ts,traffic_1,2024-01-09 15:00:00,28.324282380187395,27.378578186035156
synthetic_traffic,traffic,tabpfn_ts,traffic_1,2024-01-09 16:00:00,27.06340816126803,26.024930953979492
synthetic_traffic,traffic,tabpfn_ts,traffic_1,2024-01-09 17:00:00,26.270495504052647,25.50560760498047
synthetic_traffic,traffic,tabpfn_ts,traffic_1,2024-01-09 18:00:00,26.0,25.22369956970215
synthetic_traffic,traffic,tabpfn_ts,traffic_1,2024-01-09 19:00:00,26.270495504052647,25.412317276000977
synthetic_traffic,traffic,tabpfn_ts,traffic_1,2024-01-09 20:00:00,27.063408161268026,26.15484046936035
synthetic_traffic,traffic,tabpfn_ts,traffic_1,2024-01-09 21:00:00,28.324282380187352,27.898475646972656
synthetic_traffic,traffic,tabpfn_ts,traffic_1,2024-01-09 22:00:00,29.96649247867535,29.938562393188477
synthetic_traffic,traffic,tabpfn_ts,traffic_1,2024-01-09 23:00:00,31.87714705887967,32.116661071777344
synthetic_traffic,traffic,tabpfn_ts,traffic_1,2024-01-10 00:00:00,33.92478373654545,33.510719299316406
synthetic_traffic,traffic,tabpfn_ts,traffic_1,2024-01-10 01:00:00,35.96832983968731,35.79808807373047
synthetic_traffic,traffic,tabpfn_ts,traffic_1,2024-01-10 02:00:00,37.86671841735838,38.10944747924805
synthetic_traffic,traffic,tabpfn_ts,traffic_1,2024-01-10 03:00:00,39.48850424041749,39.63077163696289
synthetic_traffic,traffic,tabpfn_ts,traffic_1,2024-01-10 04:00:00,40.720824476208136,40.74763107299805
synthetic_traffic,traffic,tabpfn_ts,traffic_1,2024-01-10 05:00:00,41.47709337792247,41.27522659301758
synthetic_traffic,traffic,tabpfn_ts,traffic_1,2024-01-10 06:00:00,41.702906603707255,41.29120635986328
synthetic_traffic,traffic,tabpfn_ts,traffic_1,2024-01-10 07:00:00,41.37975279082637,41.41959762573242
synthetic_traffic,traffic,tabpfn_ts,traffic_1,2024-01-10 08:00:00,40.526279441628844,41.04374313354492
synthetic_traffic,traffic,tabpfn_ts,traffic_1,2024-01-10 09:00:00,39.197026847177256,39.965797424316406
synthetic_traffic,traffic,tabpfn_ts,traffic_1,2024-01-10 10:00:00,37.478716322947996,38.486351013183594
synthetic_traffic,traffic,tabpfn_ts,traffic_1,2024-01-10 11:00:00,35.48434570012023,36.452362060546875
synthetic_traffic,traffic,tabpfn_ts,traffic_1,2024-01-10 12:00:00,33.345494447404135,34.3170166015625
synthetic_traffic,traffic,tabpfn_ts,traffic_1,2024-01-10 13:00:00,31.20336280861623,32.38590621948242
synthetic_traffic,traffic,tabpfn_ts,traffic_1,2024-01-10 14:00:00,29.19915561548945,30.347938537597656
synthetic_traffic,traffic,tabpfn_ts,traffic_1,2024-01-10 15:00:00,27.46446609406727,28.26201629638672
synthetic_traffic,traffic,tabpfn_ts,traffic_1,2024-01-10 16:00:00,26.11231498303725,26.70761489868164
synthetic_traffic,traffic,tabpfn_ts,traffic_1,2024-01-10 17:00:00,25.229455623521815,25.822092056274414
synthetic_traffic,traffic,tabpfn_ts,traffic_1,2024-01-10 18:00:00,24.870469405576202,25.50316047668457
synthetic_traffic,traffic,tabpfn_ts,traffic_1,2024-01-10 19:00:00,25.054053946407954,25.864391326904297
synthetic_traffic,traffic,tabpfn_ts,traffic_1,2024-01-10 20:00:00,25.761756943915355,26.858949661254883
synthetic_traffic,traffic,tabpfn_ts,traffic_1,2024-01-10 21:00:00,26.939241980053595,28.87564468383789
synthetic_traffic,traffic,tabpfn_ts,traffic_1,2024-01-10 22:00:00,28.499999999999968,30.673046112060547
synthetic_traffic,traffic,tabpfn_ts,traffic_1,2024-01-10 23:00:00,30.33125352399899,32.515625
synthetic_traffic,traffic,tabpfn_ts,traffic_2,2024-01-09 00:00:00,34.34549444740407,34.097747802734375
synthetic_traffic,traffic,tabpfn_ts,traffic_2,2024-01-09 01:00:00,36.484345700120166,36.141441345214844
synthetic_traffic,traffic,tabpfn_ts,traffic_2,2024-01-09 02:00:00,38.47871632294794,38.23728942871094
synthetic_traffic,traffic,tabpfn_ts,traffic_2,2024-01-09 03:00:00,40.197026847177206,40.033321380615234
synthetic_traffic,traffic,tabpfn_ts,traffic_2,2024-01-09 04:00:00,41.526279441628816,41.26764678955078
synthetic_traffic,traffic,tabpfn_ts,traffic_2,2024-01-09 05:00:00,42.37975279082636,41.991722106933594
synthetic_traffic,traffic,tabpfn_ts,traffic_2,2024-01-09 06:00:00,42.702906603707255,42.175411224365234
synthetic_traffic,traffic,tabpfn_ts,traffic_2,2024-01-09 07:00:00,42.47709337792247,42.007171630859375
synthetic_traffic,traffic,tabpfn_ts,traffic_2,2024-01-09 08:00:00,41.720824476208115,41.41610336303711
synthetic_traffic,traffic,tabpfn_ts,traffic_2,2024-01-09 09:00:00,40.4885042404175,40.1815071105957
synthetic_traffic,traffic,tabpfn_ts,traffic_2,2024-01-09 10:00:00,38.86671841735843,38.42029571533203
synthetic_traffic,traffic,tabpfn_ts,traffic_2,2024-01-09 11:00:00,36.96832983968737,36.191226959228516
synthetic_traffic,traffic,tabpfn_ts,traffic_2,2024-01-09 12:00:00,34.924783736545514,34.0302619934082
synthetic_traffic,traffic,tabpfn_ts,traffic_2,2024-01-09 13:00:00,32.87714705887973,32.00128936767578
synthetic_traffic,traffic,tabpfn_ts,traffic_2,2024-01-09 14:00:00,30.966492478675402,30.077383041381836
synthetic_traffic,traffic,tabpfn_ts,traffic_2,2024-01-09 15:00:00,29.324282380187395,28.378578186035156
synthetic_traffic,traffic,tabpfn_ts,traffic_2,2024-01-09 16:00:00,28.06340816126803,27.024930953979492
synthetic_traffic,traffic,tabpfn_ts,traffic_2,2024-01-09 17:00:00,27.270495504052647,26.50560760498047
synthetic_traffic,traffic,tabpfn_ts,traffic_2,2024-01-09 18:00:00,27.0,26.22369956970215
synthetic_traffic,traffic,tabpfn_ts,traffic_2,2024-01-09 19:00:00,27.270495504052647,26.412317276000977
synthetic_traffic,traffic,tabpfn_ts,traffic_2,2024-01-09 20:00:00,28.063408161268026,27.15484046936035
synthetic_traffic,traffic,tabpfn_ts,traffic_2,2024-01-09 21:00:00,29.324282380187352,28.898475646972656
synthetic_traffic,traffic,tabpfn_ts,traffic_2,2024-01-09 22:00:00,30.96649247867535,30.938562393188477
synthetic_traffic,traffic,tabpfn_ts,traffic_2,2024-01-09 23:00:00,32.87714705887967,33.116661071777344
synthetic_traffic,traffic,tabpfn_ts,traffic_2,2024-01-10 00:00:00,34.92478373654545,34.510719299316406
synthetic_traffic,traffic,tabpfn_ts,traffic_2,2024-01-10 01:00:00,36.96832983968731,36.79808807373047
synthetic_traffic,traffic,tabpfn_ts,traffic_2,2024-01-10 02:00:00,38.86671841735838,39.10944747924805
synthetic_traffic,traffic,tabpfn_ts,traffic_2,2024-01-10 03:00:00,40.48850424041749,40.63077163696289
synthetic_traffic,traffic,tabpfn_ts,traffic_2,2024-01-10 04:00:00,41.720824476208136,41.74763107299805
synthetic_traffic,traffic,tabpfn_ts,traffic_2,2024-01-10 05:00:00,42.47709337792247,42.27522659301758
synthetic_traffic,traffic,tabpfn_ts,traffic_2,2024-01-10 06:00:00,42.702906603707255,42.29120635986328
synthetic_traffic,traffic,tabpfn_ts,traffic_2,2024-01-10 07:00:00,42.37975279082637,42.41959762573242
synthetic_traffic,traffic,tabpfn_ts,traffic_2,2024-01-10 08:00:00,41.526279441628844,42.04374313354492
synthetic_traffic,traffic,tabpfn_ts,traffic_2,2024-01-10 09:00:00,40.197026847177256,40.965797424316406
synthetic_traffic,traffic,tabpfn_ts,traffic_2,2024-01-10 10:00:00,38.478716322947996,39.486351013183594
synthetic_traffic,traffic,tabpfn_ts,traffic_2,2024-01-10 11:00:00,36.48434570012023,37.452362060546875
synthetic_traffic,traffic,tabpfn_ts,traffic_2,2024-01-10 12:00:00,34.345494447404135,35.3170166015625
synthetic_traffic,traffic,tabpfn_ts,traffic_2,2024-01-10 13:00:00,32.203362808616234,33.38590621948242
synthetic_traffic,traffic,tabpfn_ts,traffic_2,2024-01-10 14:00:00,30.19915561548945,31.347938537597656
synthetic_traffic,traffic,tabpfn_ts,traffic_2,2024-01-10 15:00:00,28.46446609406727,29.26201629638672
synthetic_traffic,traffic,tabpfn_ts,traffic_2,2024-01-10 16:00:00,27.11231498303725,27.70761489868164
synthetic_traffic,traffic,tabpfn_ts,traffic_2,2024-01-10 17:00:00,26.229455623521815,26.822092056274414
synthetic_traffic,traffic,tabpfn_ts,traffic_2,2024-01-10 18:00:00,25.870469405576202,26.50316047668457
synthetic_traffic,traffic,tabpfn_ts,traffic_2,2024-01-10 19:00:00,26.054053946407954,26.864391326904297
synthetic_traffic,traffic,tabpfn_ts,traffic_2,2024-01-10 20:00:00,26.761756943915355,27.858949661254883
synthetic_traffic,traffic,tabpfn_ts,traffic_2,2024-01-10 21:00:00,27.939241980053595,29.87564468383789
synthetic_traffic,traffic,tabpfn_ts,traffic_2,2024-01-10 22:00:00,29.499999999999968,31.673046112060547
synthetic_traffic,traffic,tabpfn_ts,traffic_2,2024-01-10 23:00:00,31.33125352399899,33.515625
synthetic_weather,weather,dummy_mean,weather_0,2024-01-09 00:00:00,18.49999999999999,17.10455494011154
synthetic_weather,weather,dummy_mean,weather_0,2024-01-09 00:10:00,18.71050081333277,17.10455494011154
synthetic_weather,weather,dummy_mean,weather_0,2024-01-09 00:20:00,18.90562502413126,17.10455494011154
synthetic_weather,weather,dummy_mean,weather_0,2024-01-09 00:30:00,19.085643662992485,17.10455494011154
synthetic_weather,weather,dummy_mean,weather_0,2024-01-09 00:40:00,19.25126310989412,17.10455494011154
synthetic_weather,weather,dummy_mean,weather_0,2024-01-09 00:50:00,19.40359187453376,17.10455494011154
synthetic_weather,weather,dummy_mean,weather_0,2024-01-09 01:00:00,19.544095225512603,17.10455494011154
synthetic_weather,weather,dummy_mean,weather_0,2024-01-09 01:10:00,19.674539069184195,17.10455494011154
synthetic_weather,weather,dummy_mean,weather_0,2024-01-09 01:20:00,19.796924805461803,17.10455494011154
synthetic_weather,weather,dummy_mean,weather_0,2024-01-09 01:30:00,19.91341716182544,17.10455494011154
synthetic_weather,weather,dummy_mean,weather_0,2024-01-09 01:40:00,20.02626721987004,17.10455494011154
synthetic_weather,weather,dummy_mean,weather_0,2024-01-09 01:50:00,20.137732994512323,17.10455494011154
synthetic_weather,weather,dummy_mean,weather_0,2024-01-09 02:00:00,20.249999999999982,17.10455494011154
synthetic_weather,weather,dummy_mean,weather_0,2024-01-09 02:10:00,20.36510423689085,17.10455494011154
synthetic_weather,weather,dummy_mean,weather_0,2024-01-09 02:20:00,20.484859960195738,17.10455494011154
synthetic_weather,weather,dummy_mean,weather_0,2024-01-09 02:30:00,20.610794443151377,17.10455494011154
synthetic_weather,weather,dummy_mean,weather_0,2024-01-09 02:40:00,20.744091738039735,17.10455494011154
synthetic_weather,weather,dummy_mean,weather_0,2024-01-09 02:50:00,20.88554716157221,17.10455494011154
synthetic_weather,weather,dummy_mean,weather_0,2024-01-09 03:00:00,21.03553390593272,17.10455494011154
synthetic_weather,weather,dummy_mean,weather_0,2024-01-09 03:10:00,21.193982807544497,17.10455494011154
synthetic_weather,weather,dummy_mean,weather_0,2024-01-09 03:20:00,21.36037590520191,17.10455494011154
synthetic_weather,weather,dummy_mean,weather_0,2024-01-09 03:30:00,21.533753999563952,17.10455494011154
synthetic_weather,weather,dummy_mean,weather_0,2024-01-09 03:40:00,21.712737999885466,17.10455494011154
synthetic_weather,weather,dummy_mean,weather_0,2024-01-09 03:50:00,21.89556342422115,17.10455494011154
synthetic_weather,weather,dummy_mean,weather_0,2024-01-09 04:00:00,22.080127018922212,17.10455494011154
synthetic_weather,weather,dummy_mean,weather_0,2024-01-09 04:10:00,22.264044094228257,17.10455494011154
synthetic_weather,weather,dummy_mean,weather_0,2024-01-09 04:20:00,22.444714846349765,17.10455494011154
synthetic_weather,weather,dummy_mean,weather_0,2024-01-09 04:30:00,22.619397662556413,17.10455494011154
synthetic_weather,weather,dummy_mean,weather_0,2024-01-09 04:40:00,22.785287192763008,17.10455494011154
synthetic_weather,weather,dummy_mean,weather_0,2024-01-09 04:50:00,22.93959482540397,17.10455494011154
synthetic_weather,weather,dummy_mean,weather_0,2024-01-09 05:00:00,23.079629131445337,17.10455494011154
synthetic_weather,weather,dummy_mean,weather_0,2024-01-09 05:10:00,23.20287384044293,17.10455494011154
synthetic_weather,weather,dummy_mean,weather_0,2024-01-09 05:20:00,23.307060986620524,17.10455494011154
synthetic_weather,weather,dummy_mean,weather_0,2024-01-09 05:30:00,23.390237008761265,17.10455494011154
synthetic_weather,weather,dummy_mean,weather_0,2024-01-09 05:40:00,23.450819800851676,17.10455494011154
synthetic_weather,weather,dummy_mean,weather_0,2024-01-09 05:50:00,23.48764498441539,17.10455494011154
synthetic_weather,weather,dummy_mean,weather_0,2024-01-09 06:00:00,23.5,17.10455494011154
synthetic_weather,weather,dummy_mean,weather_0,2024-01-09 06:10:00,23.48764498441539,17.10455494011154
synthetic_weather,weather,dummy_mean,weather_0,2024-01-09 06:20:00,23.450819800851686,17.10455494011154
synthetic_weather,weather,dummy_mean,weather_0,2024-01-09 06:30:00,23.39023700876128,17.10455494011154
synthetic_weather,weather,dummy_mean,weather_0,2024-01-09 06:40:00,23.307060986620538,17.10455494011154
synthetic_weather,weather,dummy_mean,weather_0,2024-01-09 06:50:00,23.20287384044295,17.10455494011154
synthetic_weather,weather,dummy_mean,weather_0,2024-01-09 07:00:00,23.07962913144536,17.10455494011154
synthetic_weather,weather,dummy_mean,weather_0,2024-01-09 07:10:00,22.93959482540397,17.10455494011154
synthetic_weather,weather,dummy_mean,weather_0,2024-01-09 07:20:00,22.78528719276301,17.10455494011154
synthetic_weather,weather,dummy_mean,weather_0,2024-01-09 07:30:00,22.61939766255644,17.10455494011154
synthetic_weather,weather,dummy_mean,weather_0,2024-01-09 07:40:00,22.444714846349797,17.10455494011154
synthetic_weather,weather,dummy_mean,weather_0,2024-01-09 07:50:00,22.26404409422829,17.10455494011154
synthetic_weather,weather,dummy_mean,weather_1,2024-01-09 00:00:00,19.49999999999999,18.10455494011154
synthetic_weather,weather,dummy_mean,weather_1,2024-01-09 00:10:00,19.71050081333277,18.10455494011154
synthetic_weather,weather,dummy_mean,weather_1,2024-01-09 00:20:00,19.90562502413126,18.10455494011154
synthetic_weather,weather,dummy_mean,weather_1,2024-01-09 00:30:00,20.085643662992485,18.10455494011154
synthetic_weather,weather,dummy_mean,weather_1,2024-01-09 00:40:00,20.25126310989412,18.10455494011154
synthetic_weather,weather,dummy_mean,weather_1,2024-01-09 00:50:00,20.40359187453376,18.10455494011154
synthetic_weather,weather,dummy_mean,weather_1,2024-01-09 01:00:00,20.544095225512603,18.10455494011154
synthetic_weather,weather,dummy_mean,weather_1,2024-01-09 01:10:00,20.674539069184195,18.10455494011154
synthetic_weather,weather,dummy_mean,weather_1,2024-01-09 01:20:00,20.796924805461803,18.10455494011154
synthetic_weather,weather,dummy_mean,weather_1,2024-01-09 01:30:00,20.91341716182544,18.10455494011154
synthetic_weather,weather,dummy_mean,weather_1,2024-01-09 01:40:00,21.02626721987004,18.10455494011154
synthetic_weather,weather,dummy_mean,weather_1,2024-01-09 01:50:00,21.137732994512323,18.10455494011154
synthetic_weather,weather,dummy_mean,weather_1,2024-01-09 02:00:00,21.249999999999982,18.10455494011154
synthetic_weather,weather,dummy_mean,weather_1,2024-01-09 02:10:00,21.36510423689085,18.10455494011154
synthetic_weather,weather,dummy_mean,weather_1,2024-01-09 02:20:00,21.484859960195738,18.10455494011154
synthetic_weather,weather,dummy_mean,weather_1,2024-01-09 02:30:00,21.610794443151377,18.10455494011154
synthetic_weather,weather,dummy_mean,weather_1,2024-01-09 02:40:00,21.744091738039735,18.10455494011154
synthetic_weather,weather,dummy_mean,weather_1,2024-01-09 02:50:00,21.88554716157221,18.10455494011154
synthetic_weather,weather,dummy_mean,weather_1,2024-01-09 03:00:00,22.03553390593272,18.10455494011154
synthetic_weather,weather,dummy_mean,weather_1,2024-01-09 03:10:00,22.193982807544497,18.10455494011154
synthetic_weather,weather,dummy_mean,weather_1,2024-01-09 03:20:00,22.36037590520191,18.10455494011154
synthetic_weather,weather,dummy_mean,weather_1,2024-01-09 03:30:00,22.533753999563952,18.10455494011154
synthetic_weather,weather,dummy_mean,weather_1,2024-01-09 03:40:00,22.712737999885466,18.10455494011154
synthetic_weather,weather,dummy_mean,weather_1,2024-01-09 03:50:00,22.89556342422115,18.10455494011154
synthetic_weather,weather,dummy_mean,weather_1,2024-01-09 04:00:00,23.080127018922212,18.10455494011154
synthetic_weather,weather,dummy_mean,weather_1,2024-01-09 04:10:00,23.264044094228257,18.10455494011154
synthetic_weather,weather,dummy_mean,weather_1,2024-01-09 04:20:00,23.444714846349765,18.10455494011154
synthetic_weather,weather,dummy_mean,weather_1,2024-01-09 04:30:00,23.619397662556413,18.10455494011154
synthetic_weather,weather,dummy_mean,weather_1,2024-01-09 04:40:00,23.785287192763008,18.10455494011154
synthetic_weather,weather,dummy_mean,weather_1,2024-01-09 04:50:00,23.93959482540397,18.10455494011154
synthetic_weather,weather,dummy_mean,weather_1,2024-01-09 05:00:00,24.079629131445337,18.10455494011154
synthetic_weather,weather,dummy_mean,weather_1,2024-01-09 05:10:00,24.20287384044293,18.10455494011154
synthetic_weather,weather,dummy_mean,weather_1,2024-01-09 05:20:00,24.307060986620524,18.10455494011154
synthetic_weather,weather,dummy_mean,weather_1,2024-01-09 05:30:00,24.390237008761265,18.10455494011154
synthetic_weather,weather,dummy_mean,weather_1,2024-01-09 05:40:00,24.450819800851676,18.10455494011154
synthetic_weather,weather,dummy_mean,weather_1,2024-01-09 05:50:00,24.48764498441539,18.10455494011154
synthetic_weather,weather,dummy_mean,weather_1,2024-01-09 06:00:00,24.5,18.10455494011154
synthetic_weather,weather,dummy_mean,weather_1,2024-01-09 06:10:00,24.48764498441539,18.10455494011154
synthetic_weather,weather,dummy_mean,weather_1,2024-01-09 06:20:00,24.450819800851686,18.10455494011154
synthetic_weather,weather,dummy_mean,weather_1,2024-01-09 06:30:00,24.39023700876128,18.10455494011154
synthetic_weather,weather,dummy_mean,weather_1,2024-01-09 06:40:00,24.307060986620538,18.10455494011154
synthetic_weather,weather,dummy_mean,weather_1,2024-01-09 06:50:00,24.20287384044295,18.10455494011154
synthetic_weather,weather,dummy_mean,weather_1,2024-01-09 07:00:00,24.07962913144536,18.10455494011154
synthetic_weather,weather,dummy_mean,weather_1,2024-01-09 07:10:00,23.93959482540397,18.10455494011154
synthetic_weather,weather,dummy_mean,weather_1,2024-01-09 07:20:00,23.78528719276301,18.10455494011154
synthetic_weather,weather,dummy_mean,weather_1,2024-01-09 07:30:00,23.61939766255644,18.10455494011154
synthetic_weather,weather,dummy_mean,weather_1,2024-01-09 07:40:00,23.444714846349797,18.10455494011154
synthetic_weather,weather,dummy_mean,weather_1,2024-01-09 07:50:00,23.26404409422829,18.10455494011154
synthetic_weather,weather,seasonal_naive,weather_0,2024-01-09 00:00:00,18.49999999999999,13.419872981077802
synthetic_weather,weather,seasonal_naive,weather_0,2024-01-09 00:10:00,18.71050081333277,13.4616489660923
synthetic_weather,weather,seasonal_naive,weather_0,2024-01-09 00:20:00,18.90562502413126,13.521217556995548
synthetic_weather,weather,seasonal_naive,weather_0,2024-01-09 00:30:00,19.085643662992485,13.600220596651598
synthetic_weather,weather,seasonal_naive,weather_0,2024-01-09 00:40:00,19.25126310989412,13.699931474012162
synthetic_weather,weather,seasonal_naive,weather_0,2024-01-09 00:50:00,19.40359187453376,13.821209439443281
synthetic_weather,weather,seasonal_naive,weather_0,2024-01-09 01:00:00,19.544095225512603,13.964466094067266
synthetic_weather,weather,seasonal_naive,weather_0,2024-01-09 01:10:00,19.674539069184195,14.129645085415564
synthetic_weather,weather,seasonal_naive,weather_0,2024-01-09 01:20:00,19.796924805461803,14.316215641174344
synthetic_weather,weather,seasonal_naive,weather_0,2024-01-09 01:30:00,19.91341716182544,14.523180153064168
synthetic_weather,weather,seasonal_naive,weather_0,2024-01-09 01:40:00,20.02626721987004,14.749095596685263
synthetic_weather,weather,seasonal_naive,weather_0,2024-01-09 01:50:00,20.137732994512323,14.992108153422588
synthetic_weather,weather,seasonal_naive,weather_0,2024-01-09 02:00:00,20.249999999999982,15.250000000000012
synthetic_weather,weather,seasonal_naive,weather_0,2024-01-09 02:10:00,20.36510423689085,15.520246862162004
synthetic_weather,weather,seasonal_naive,weather_0,2024-01-09 02:20:00,20.484859960195738,15.800084602462993
synthetic_weather,weather,seasonal_naive,weather_0,2024-01-09 02:30:00,20.610794443151377,16.08658283817455
synthetic_weather,weather,seasonal_naive,weather_0,2024-01-09 02:40:00,20.744091738039735,16.376723372205113
synthetic_weather,weather,seasonal_naive,weather_0,2024-01-09 02:50:00,20.88554716157221,16.667481074141453
synthetic_weather,weather,seasonal_naive,weather_0,2024-01-09 03:00:00,21.03553390593272,16.955904774487372
synthetic_weather,weather,seasonal_naive,weather_0,2024-01-09 03:10:00,21.193982807544497,17.239195735152773
synthetic_weather,weather,seasonal_naive,weather_0,2024-01-09 03:20:00,21.36037590520191,17.51478133322485
synthetic_weather,weather,seasonal_naive,weather_0,2024-01-09 03:30:00,21.533753999563952,17.780381740791924
synthetic_weather,weather,seasonal_naive,weather_0,2024-01-09 03:40:00,21.712737999885466,18.034067596654623
synthetic_weather,weather,seasonal_naive,weather_0,2024-01-09 03:50:00,21.89556342422115,18.274306939679416
synthetic_weather,weather,seasonal_naive,weather_0,2024-01-09 04:00:00,22.080127018922212,13.419872981077802
synthetic_weather,weather,seasonal_naive,weather_0,2024-01-09 04:10:00,22.264044094228257,13.4616489660923
synthetic_weather,weather,seasonal_naive,weather_0,2024-01-09 04:20:00,22.444714846349765,13.521217556995548
synthetic_weather,weather,seasonal_naive,weather_0,2024-01-09 04:30:00,22.619397662556413,13.600220596651598
synthetic_weather,weather,seasonal_naive,weather_0,2024-01-09 04:40:00,22.785287192763008,13.699931474012162
synthetic_weather,weather,seasonal_naive,weather_0,2024-01-09 04:50:00,22.93959482540397,13.821209439443281
synthetic_weather,weather,seasonal_naive,weather_0,2024-01-09 05:00:00,23.079629131445337,13.964466094067266
synthetic_weather,weather,seasonal_naive,weather_0,2024-01-09 05:10:00,23.20287384044293,14.129645085415564
synthetic_weather,weather,seasonal_naive,weather_0,2024-01-09 05:20:00,23.307060986620524,14.316215641174344
synthetic_weather,weather,seasonal_naive,weather_0,2024-01-09 05:30:00,23.390237008761265,14.523180153064168
synthetic_weather,weather,seasonal_naive,weather_0,2024-01-09 05:40:00,23.450819800851676,14.749095596685263
synthetic_weather,weather,seasonal_naive,weather_0,2024-01-09 05:50:00,23.48764498441539,14.992108153422588
synthetic_weather,weather,seasonal_naive,weather_0,2024-01-09 06:00:00,23.5,15.250000000000012
synthetic_weather,weather,seasonal_naive,weather_0,2024-01-09 06:10:00,23.48764498441539,15.520246862162004
synthetic_weather,weather,seasonal_naive,weather_0,2024-01-09 06:20:00,23.450819800851686,15.800084602462993
synthetic_weather,weather,seasonal_naive,weather_0,2024-01-09 06:30:00,23.39023700876128,16.08658283817455
synthetic_weather,weather,seasonal_naive,weather_0,2024-01-09 06:40:00,23.307060986620538,16.376723372205113
synthetic_weather,weather,seasonal_naive,weather_0,2024-01-09 06:50:00,23.20287384044295,16.667481074141453
synthetic_weather,weather,seasonal_naive,weather_0,2024-01-09 07:00:00,23.07962913144536,16.955904774487372
synthetic_weather,weather,seasonal_naive,weather_0,2024-01-09 07:10:00,22.93959482540397,17.239195735152773
synthetic_weather,weather,seasonal_naive,weather_0,2024-01-09 07:20:00,22.78528719276301,17.51478133322485
synthetic_weather,weather,seasonal_naive,weather_0,2024-01-09 07:30:00,22.61939766255644,17.780381740791924
synthetic_weather,weather,seasonal_naive,weather_0,2024-01-09 07:40:00,22.444714846349797,18.034067596654623
synthetic_weather,weather,seasonal_naive,weather_0,2024-01-09 07:50:00,22.26404409422829,18.274306939679416
synthetic_weather,weather,seasonal_naive,weather_1,2024-01-09 00:00:00,19.49999999999999,14.419872981077802
synthetic_weather,weather,seasonal_naive,weather_1,2024-01-09 00:10:00,19.71050081333277,14.4616489660923
synthetic_weather,weather,seasonal_naive,weather_1,2024-01-09 00:20:00,19.90562502413126,14.521217556995548
synthetic_weather,weather,seasonal_naive,weather_1,2024-01-09 00:30:00,20.085643662992485,14.600220596651598
synthetic_weather,weather,seasonal_naive,weather_1,2024-01-09 00:40:00,20.25126310989412,14.699931474012162
synthetic_weather,weather,seasonal_naive,weather_1,2024-01-09 00:50:00,20.40359187453376,14.821209439443281
synthetic_weather,weather,seasonal_naive,weather_1,2024-01-09 01:00:00,20.544095225512603,14.964466094067266
synthetic_weather,weather,seasonal_naive,weather_1,2024-01-09 01:10:00,20.674539069184195,15.129645085415564
synthetic_weather,weather,seasonal_naive,weather_1,2024-01-09 01:20:00,20.796924805461803,15.316215641174344
synthetic_weather,weather,seasonal_naive,weather_1,2024-01-09 01:30:00,20.91341716182544,15.523180153064168
synthetic_weather,weather,seasonal_naive,weather_1,2024-01-09 01:40:00,21.02626721987004,15.749095596685263
synthetic_weather,weather,seasonal_naive,weather_1,2024-01-09 01:50:00,21.137732994512323,15.992108153422588
synthetic_weather,weather,seasonal_naive,weather_1,2024-01-09 02:00:00,21.249999999999982,16.250000000000014
synthetic_weather,weather,seasonal_naive,weather_1,2024-01-09 02:10:00,21.36510423689085,16.520246862162004
synthetic_weather,weather,seasonal_naive,weather_1,2024-01-09 02:20:00,21.484859960195738,16.800084602462995
synthetic_weather,weather,seasonal_naive,weather_1,2024-01-09 02:30:00,21.610794443151377,17.08658283817455
synthetic_weather,weather,seasonal_naive,weather_1,2024-01-09 02:40:00,21.744091738039735,17.376723372205113
synthetic_weather,weather,seasonal_naive,weather_1,2024-01-09 02:50:00,21.88554716157221,17.667481074141453
synthetic_weather,weather,seasonal_naive,weather_1,2024-01-09 03:00:00,22.03553390593272,17.955904774487372
synthetic_weather,weather,seasonal_naive,weather_1,2024-01-09 03:10:00,22.193982807544497,18.239195735152773
synthetic_weather,weather,seasonal_naive,weather_1,2024-01-09 03:20:00,22.36037590520191,18.51478133322485
synthetic_weather,weather,seasonal_naive,weather_1,2024-01-09 03:30:00,22.533753999563952,18.780381740791924
synthetic_weather,weather,seasonal_naive,weather_1,2024-01-09 03:40:00,22.712737999885466,19.034067596654623
synthetic_weather,weather,seasonal_naive,weather_1,2024-01-09 03:50:00,22.89556342422115,19.274306939679416
synthetic_weather,weather,seasonal_naive,weather_1,2024-01-09 04:00:00,23.080127018922212,14.419872981077802
synthetic_weather,weather,seasonal_naive,weather_1,2024-01-09 04:10:00,23.264044094228257,14.4616489660923
synthetic_weather,weather,seasonal_naive,weather_1,2024-01-09 04:20:00,23.444714846349765,14.521217556995548
synthetic_weather,weather,seasonal_naive,weather_1,2024-01-09 04:30:00,23.619397662556413,14.600220596651598
synthetic_weather,weather,seasonal_naive,weather_1,2024-01-09 04:40:00,23.785287192763008,14.699931474012162
synthetic_weather,weather,seasonal_naive,weather_1,2024-01-09 04:50:00,23.93959482540397,14.821209439443281
synthetic_weather,weather,seasonal_naive,weather_1,2024-01-09 05:00:00,24.079629131445337,14.964466094067266
synthetic_weather,weather,seasonal_naive,weather_1,2024-01-09 05:10:00,24.20287384044293,15.129645085415564
synthetic_weather,weather,seasonal_naive,weather_1,2024-01-09 05:20:00,24.307060986620524,15.316215641174344
synthetic_weather,weather,seasonal_naive,weather_1,2024-01-09 05:30:00,24.390237008761265,15.523180153064168
synthetic_weather,weather,seasonal_naive,weather_1,2024-01-09 05:40:00,24.450819800851676,15.749095596685263
synthetic_weather,weather,seasonal_naive,weather_1,2024-01-09 05:50:00,24.48764498441539,15.992108153422588
synthetic_weather,weather,seasonal_naive,weather_1,2024-01-09 06:00:00,24.5,16.250000000000014
synthetic_weather,weather,seasonal_naive,weather_1,2024-01-09 06:10:00,24.48764498441539,16.520246862162004
synthetic_weather,weather,seasonal_naive,weather_1,2024-01-09 06:20:00,24.450819800851686,16.800084602462995
synthetic_weather,weather,seasonal_naive,weather_1,2024-01-09 06:30:00,24.39023700876128,17.08658283817455
synthetic_weather,weather,seasonal_naive,weather_1,2024-01-09 06:40:00,24.307060986620538,17.376723372205113
synthetic_weather,weather,seasonal_naive,weather_1,2024-01-09 06:50:00,24.20287384044295,17.667481074141453
synthetic_weather,weather,seasonal_naive,weather_1,2024-01-09 07:00:00,24.07962913144536,17.955904774487372
synthetic_weather,weather,seasonal_naive,weather_1,2024-01-09 07:10:00,23.93959482540397,18.239195735152773
synthetic_weather,weather,seasonal_naive,weather_1,2024-01-09 07:20:00,23.78528719276301,18.51478133322485
synthetic_weather,weather,seasonal_naive,weather_1,2024-01-09 07:30:00,23.61939766255644,18.780381740791924
synthetic_weather,weather,seasonal_naive,weather_1,2024-01-09 07:40:00,23.444714846349797,19.034067596654623
synthetic_weather,weather,seasonal_naive,weather_1,2024-01-09 07:50:00,23.26404409422829,19.274306939679416
synthetic_weather,weather,moving_average,weather_0,2024-01-09 00:00:00,18.49999999999999,14.418219760446158
synthetic_weather,weather,moving_average,weather_0,2024-01-09 00:10:00,18.71050081333277,14.418219760446158
synthetic_weather,weather,moving_average,weather_0,2024-01-09 00:20:00,18.90562502413126,14.418219760446158
synthetic_weather,weather,moving_average,weather_0,2024-01-09 00:30:00,19.085643662992485,14.418219760446158
synthetic_weather,weather,moving_average,weather_0,2024-01-09 00:40:00,19.25126310989412,14.418219760446158
synthetic_weather,weather,moving_average,weather_0,2024-01-09 00:50:00,19.40359187453376,14.418219760446158
synthetic_weather,weather,moving_average,weather_0,2024-01-09 01:00:00,19.544095225512603,14.418219760446158
synthetic_weather,weather,moving_average,weather_0,2024-01-09 01:10:00,19.674539069184195,14.418219760446158
synthetic_weather,weather,moving_average,weather_0,2024-01-09 01:20:00,19.796924805461803,14.418219760446158
synthetic_weather,weather,moving_average,weather_0,2024-01-09 01:30:00,19.91341716182544,14.418219760446158
synthetic_weather,weather,moving_average,weather_0,2024-01-09 01:40:00,20.02626721987004,14.418219760446158
synthetic_weather,weather,moving_average,weather_0,2024-01-09 01:50:00,20.137732994512323,14.418219760446158
synthetic_weather,weather,moving_average,weather_0,2024-01-09 02:00:00,20.249999999999982,14.418219760446158
synthetic_weather,weather,moving_average,weather_0,2024-01-09 02:10:00,20.36510423689085,14.418219760446158
synthetic_weather,weather,moving_average,weather_0,2024-01-09 02:20:00,20.484859960195738,14.418219760446158
synthetic_weather,weather,moving_average,weather_0,2024-01-09 02:30:00,20.610794443151377,14.418219760446158
synthetic_weather,weather,moving_average,weather_0,2024-01-09 02:40:00,20.744091738039735,14.418219760446158
synthetic_weather,weather,moving_average,weather_0,2024-01-09 02:50:00,20.88554716157221,14.418219760446158
synthetic_weather,weather,moving_average,weather_0,2024-01-09 03:00:00,21.03553390593272,14.418219760446158
synthetic_weather,weather,moving_average,weather_0,2024-01-09 03:10:00,21.193982807544497,14.418219760446158
synthetic_weather,weather,moving_average,weather_0,2024-01-09 03:20:00,21.36037590520191,14.418219760446158
synthetic_weather,weather,moving_average,weather_0,2024-01-09 03:30:00,21.533753999563952,14.418219760446158
synthetic_weather,weather,moving_average,weather_0,2024-01-09 03:40:00,21.712737999885466,14.418219760446158
synthetic_weather,weather,moving_average,weather_0,2024-01-09 03:50:00,21.89556342422115,14.418219760446158
synthetic_weather,weather,moving_average,weather_0,2024-01-09 04:00:00,22.080127018922212,14.418219760446158
synthetic_weather,weather,moving_average,weather_0,2024-01-09 04:10:00,22.264044094228257,14.418219760446158
synthetic_weather,weather,moving_average,weather_0,2024-01-09 04:20:00,22.444714846349765,14.418219760446158
synthetic_weather,weather,moving_average,weather_0,2024-01-09 04:30:00,22.619397662556413,14.418219760446158
synthetic_weather,weather,moving_average,weather_0,2024-01-09 04:40:00,22.785287192763008,14.418219760446158
synthetic_weather,weather,moving_average,weather_0,2024-01-09 04:50:00,22.93959482540397,14.418219760446158
synthetic_weather,weather,moving_average,weather_0,2024-01-09 05:00:00,23.079629131445337,14.418219760446158
synthetic_weather,weather,moving_average,weather_0,2024-01-09 05:10:00,23.20287384044293,14.418219760446158
synthetic_weather,weather,moving_average,weather_0,2024-01-09 05:20:00,23.307060986620524,14.418219760446158
synthetic_weather,weather,moving_average,weather_0,2024-01-09 05:30:00,23.390237008761265,14.418219760446158
synthetic_weather,weather,moving_average,weather_0,2024-01-09 05:40:00,23.450819800851676,14.418219760446158
synthetic_weather,weather,moving_average,weather_0,2024-01-09 05:50:00,23.48764498441539,14.418219760446158
synthetic_weather,weather,moving_average,weather_0,2024-01-09 06:00:00,23.5,14.418219760446158
synthetic_weather,weather,moving_average,weather_0,2024-01-09 06:10:00,23.48764498441539,14.418219760446158
synthetic_weather,weather,moving_average,weather_0,2024-01-09 06:20:00,23.450819800851686,14.418219760446158
synthetic_weather,weather,moving_average,weather_0,2024-01-09 06:30:00,23.39023700876128,14.418219760446158
synthetic_weather,weather,moving_average,weather_0,2024-01-09 06:40:00,23.307060986620538,14.418219760446158
synthetic_weather,weather,moving_average,weather_0,2024-01-09 06:50:00,23.20287384044295,14.418219760446158
synthetic_weather,weather,moving_average,weather_0,2024-01-09 07:00:00,23.07962913144536,14.418219760446158
synthetic_weather,weather,moving_average,weather_0,2024-01-09 07:10:00,22.93959482540397,14.418219760446158
synthetic_weather,weather,moving_average,weather_0,2024-01-09 07:20:00,22.78528719276301,14.418219760446158
synthetic_weather,weather,moving_average,weather_0,2024-01-09 07:30:00,22.61939766255644,14.418219760446158
synthetic_weather,weather,moving_average,weather_0,2024-01-09 07:40:00,22.444714846349797,14.418219760446158
synthetic_weather,weather,moving_average,weather_0,2024-01-09 07:50:00,22.26404409422829,14.418219760446158
synthetic_weather,weather,moving_average,weather_1,2024-01-09 00:00:00,19.49999999999999,15.418219760446158
synthetic_weather,weather,moving_average,weather_1,2024-01-09 00:10:00,19.71050081333277,15.418219760446158
synthetic_weather,weather,moving_average,weather_1,2024-01-09 00:20:00,19.90562502413126,15.418219760446158
synthetic_weather,weather,moving_average,weather_1,2024-01-09 00:30:00,20.085643662992485,15.418219760446158
synthetic_weather,weather,moving_average,weather_1,2024-01-09 00:40:00,20.25126310989412,15.418219760446158
synthetic_weather,weather,moving_average,weather_1,2024-01-09 00:50:00,20.40359187453376,15.418219760446158
synthetic_weather,weather,moving_average,weather_1,2024-01-09 01:00:00,20.544095225512603,15.418219760446158
synthetic_weather,weather,moving_average,weather_1,2024-01-09 01:10:00,20.674539069184195,15.418219760446158
synthetic_weather,weather,moving_average,weather_1,2024-01-09 01:20:00,20.796924805461803,15.418219760446158
synthetic_weather,weather,moving_average,weather_1,2024-01-09 01:30:00,20.91341716182544,15.418219760446158
synthetic_weather,weather,moving_average,weather_1,2024-01-09 01:40:00,21.02626721987004,15.418219760446158
synthetic_weather,weather,moving_average,weather_1,2024-01-09 01:50:00,21.137732994512323,15.418219760446158
synthetic_weather,weather,moving_average,weather_1,2024-01-09 02:00:00,21.249999999999982,15.418219760446158
synthetic_weather,weather,moving_average,weather_1,2024-01-09 02:10:00,21.36510423689085,15.418219760446158
synthetic_weather,weather,moving_average,weather_1,2024-01-09 02:20:00,21.484859960195738,15.418219760446158
synthetic_weather,weather,moving_average,weather_1,2024-01-09 02:30:00,21.610794443151377,15.418219760446158
synthetic_weather,weather,moving_average,weather_1,2024-01-09 02:40:00,21.744091738039735,15.418219760446158
synthetic_weather,weather,moving_average,weather_1,2024-01-09 02:50:00,21.88554716157221,15.418219760446158
synthetic_weather,weather,moving_average,weather_1,2024-01-09 03:00:00,22.03553390593272,15.418219760446158
synthetic_weather,weather,moving_average,weather_1,2024-01-09 03:10:00,22.193982807544497,15.418219760446158
synthetic_weather,weather,moving_average,weather_1,2024-01-09 03:20:00,22.36037590520191,15.418219760446158
synthetic_weather,weather,moving_average,weather_1,2024-01-09 03:30:00,22.533753999563952,15.418219760446158
synthetic_weather,weather,moving_average,weather_1,2024-01-09 03:40:00,22.712737999885466,15.418219760446158
synthetic_weather,weather,moving_average,weather_1,2024-01-09 03:50:00,22.89556342422115,15.418219760446158
synthetic_weather,weather,moving_average,weather_1,2024-01-09 04:00:00,23.080127018922212,15.418219760446158
synthetic_weather,weather,moving_average,weather_1,2024-01-09 04:10:00,23.264044094228257,15.418219760446158
synthetic_weather,weather,moving_average,weather_1,2024-01-09 04:20:00,23.444714846349765,15.418219760446158
synthetic_weather,weather,moving_average,weather_1,2024-01-09 04:30:00,23.619397662556413,15.418219760446158
synthetic_weather,weather,moving_average,weather_1,2024-01-09 04:40:00,23.785287192763008,15.418219760446158
synthetic_weather,weather,moving_average,weather_1,2024-01-09 04:50:00,23.93959482540397,15.418219760446158
synthetic_weather,weather,moving_average,weather_1,2024-01-09 05:00:00,24.079629131445337,15.418219760446158
synthetic_weather,weather,moving_average,weather_1,2024-01-09 05:10:00,24.20287384044293,15.418219760446158
synthetic_weather,weather,moving_average,weather_1,2024-01-09 05:20:00,24.307060986620524,15.418219760446158
synthetic_weather,weather,moving_average,weather_1,2024-01-09 05:30:00,24.390237008761265,15.418219760446158
synthetic_weather,weather,moving_average,weather_1,2024-01-09 05:40:00,24.450819800851676,15.418219760446158
synthetic_weather,weather,moving_average,weather_1,2024-01-09 05:50:00,24.48764498441539,15.418219760446158
synthetic_weather,weather,moving_average,weather_1,2024-01-09 06:00:00,24.5,15.418219760446158
synthetic_weather,weather,moving_average,weather_1,2024-01-09 06:10:00,24.48764498441539,15.418219760446158
synthetic_weather,weather,moving_average,weather_1,2024-01-09 06:20:00,24.450819800851686,15.418219760446158
synthetic_weather,weather,moving_average,weather_1,2024-01-09 06:30:00,24.39023700876128,15.418219760446158
synthetic_weather,weather,moving_average,weather_1,2024-01-09 06:40:00,24.307060986620538,15.418219760446158
synthetic_weather,weather,moving_average,weather_1,2024-01-09 06:50:00,24.20287384044295,15.418219760446158
synthetic_weather,weather,moving_average,weather_1,2024-01-09 07:00:00,24.07962913144536,15.418219760446158
synthetic_weather,weather,moving_average,weather_1,2024-01-09 07:10:00,23.93959482540397,15.418219760446158
synthetic_weather,weather,moving_average,weather_1,2024-01-09 07:20:00,23.78528719276301,15.418219760446158
synthetic_weather,weather,moving_average,weather_1,2024-01-09 07:30:00,23.61939766255644,15.418219760446158
synthetic_weather,weather,moving_average,weather_1,2024-01-09 07:40:00,23.444714846349797,15.418219760446158
synthetic_weather,weather,moving_average,weather_1,2024-01-09 07:50:00,23.26404409422829,15.418219760446158
synthetic_weather,weather,linear_trend,weather_0,2024-01-09 00:00:00,18.49999999999999,16.56009020375979
synthetic_weather,weather,linear_trend,weather_0,2024-01-09 00:10:00,18.71050081333277,16.554448082139565
synthetic_weather,weather,linear_trend,weather_0,2024-01-09 00:20:00,18.90562502413126,16.54880596051934
synthetic_weather,weather,linear_trend,weather_0,2024-01-09 00:30:00,19.085643662992485,16.543163838899112
synthetic_weather,weather,linear_trend,weather_0,2024-01-09 00:40:00,19.25126310989412,16.53752171727889
synthetic_weather,weather,linear_trend,weather_0,2024-01-09 00:50:00,19.40359187453376,16.531879595658662
synthetic_weather,weather,linear_trend,weather_0,2024-01-09 01:00:00,19.544095225512603,16.52623747403844
synthetic_weather,weather,linear_trend,weather_0,2024-01-09 01:10:00,19.674539069184195,16.520595352418212
synthetic_weather,weather,linear_trend,weather_0,2024-01-09 01:20:00,19.796924805461803,16.514953230797985
synthetic_weather,weather,linear_trend,weather_0,2024-01-09 01:30:00,19.91341716182544,16.509311109177762
synthetic_weather,weather,linear_trend,weather_0,2024-01-09 01:40:00,20.02626721987004,16.503668987557536
synthetic_weather,weather,linear_trend,weather_0,2024-01-09 01:50:00,20.137732994512323,16.49802686593731
synthetic_weather,weather,linear_trend,weather_0,2024-01-09 02:00:00,20.249999999999982,16.492384744317086
synthetic_weather,weather,linear_trend,weather_0,2024-01-09 02:10:00,20.36510423689085,16.48674262269686
synthetic_weather,weather,linear_trend,weather_0,2024-01-09 02:20:00,20.484859960195738,16.481100501076636
synthetic_weather,weather,linear_trend,weather_0,2024-01-09 02:30:00,20.610794443151377,16.47545837945641
synthetic_weather,weather,linear_trend,weather_0,2024-01-09 02:40:00,20.744091738039735,16.469816257836182
synthetic_weather,weather,linear_trend,weather_0,2024-01-09 02:50:00,20.88554716157221,16.46417413621596
synthetic_weather,weather,linear_trend,weather_0,2024-01-09 03:00:00,21.03553390593272,16.458532014595733
synthetic_weather,weather,linear_trend,weather_0,2024-01-09 03:10:00,21.193982807544497,16.452889892975506
synthetic_weather,weather,linear_trend,weather_0,2024-01-09 03:20:00,21.36037590520191,16.447247771355283
synthetic_weather,weather,linear_trend,weather_0,2024-01-09 03:30:00,21.533753999563952,16.441605649735056
synthetic_weather,weather,linear_trend,weather_0,2024-01-09 03:40:00,21.712737999885466,16.435963528114833
synthetic_weather,weather,linear_trend,weather_0,2024-01-09 03:50:00,21.89556342422115,16.430321406494606
synthetic_weather,weather,linear_trend,weather_0,2024-01-09 04:00:00,22.080127018922212,16.42467928487438
synthetic_weather,weather,linear_trend,weather_0,2024-01-09 04:10:00,22.264044094228257,16.419037163254156
synthetic_weather,weather,linear_trend,weather_0,2024-01-09 04:20:00,22.444714846349765,16.41339504163393
synthetic_weather,weather,linear_trend,weather_0,2024-01-09 04:30:00,22.619397662556413,16.407752920013703
synthetic_weather,weather,linear_trend,weather_0,2024-01-09 04:40:00,22.785287192763008,16.40211079839348
synthetic_weather,weather,linear_trend,weather_0,2024-01-09 04:50:00,22.93959482540397,16.396468676773253
synthetic_weather,weather,linear_trend,weather_0,2024-01-09 05:00:00,23.079629131445337,16.39082655515303
synthetic_weather,weather,linear_trend,weather_0,2024-01-09 05:10:00,23.20287384044293,16.385184433532803
synthetic_weather,weather,linear_trend,weather_0,2024-01-09 05:20:00,23.307060986620524,16.379542311912576
synthetic_weather,weather,linear_trend,weather_0,2024-01-09 05:30:00,23.390237008761265,16.373900190292353
synthetic_weather,weather,linear_trend,weather_0,2024-01-09 05:40:00,23.450819800851676,16.368258068672127
synthetic_weather,weather,linear_trend,weather_0,2024-01-09 05:50:00,23.48764498441539,16.3626159470519
synthetic_weather,weather,linear_trend,weather_0,2024-01-09 06:00:00,23.5,16.356973825431677
synthetic_weather,weather,linear_trend,weather_0,2024-01-09 06:10:00,23.48764498441539,16.35133170381145
synthetic_weather,weather,linear_trend,weather_0,2024-01-09 06:20:00,23.450819800851686,16.345689582191227
synthetic_weather,weather,linear_trend,weather_0,2024-01-09 06:30:00,23.39023700876128,16.340047460571
synthetic_weather,weather,linear_trend,weather_0,2024-01-09 06:40:00,23.307060986620538,16.334405338950774
synthetic_weather,weather,linear_trend,weather_0,2024-01-09 06:50:00,23.20287384044295,16.32876321733055
synthetic_weather,weather,linear_trend,weather_0,2024-01-09 07:00:00,23.07962913144536,16.323121095710324
synthetic_weather,weather,linear_trend,weather_0,2024-01-09 07:10:00,22.93959482540397,16.3174789740901
synthetic_weather,weather,linear_trend,weather_0,2024-01-09 07:20:00,22.78528719276301,16.311836852469874
synthetic_weather,weather,linear_trend,weather_0,2024-01-09 07:30:00,22.61939766255644,16.306194730849647
synthetic_weather,weather,linear_trend,weather_0,2024-01-09 07:40:00,22.444714846349797,16.300552609229424
synthetic_weather,weather,linear_trend,weather_0,2024-01-09 07:50:00,22.26404409422829,16.294910487609197
synthetic_weather,weather,linear_trend,weather_1,2024-01-09 00:00:00,19.49999999999999,17.560090203759785
synthetic_weather,weather,linear_trend,weather_1,2024-01-09 00:10:00,19.71050081333277,17.554448082139558
synthetic_weather,weather,linear_trend,weather_1,2024-01-09 00:20:00,19.90562502413126,17.548805960519335
synthetic_weather,weather,linear_trend,weather_1,2024-01-09 00:30:00,20.085643662992485,17.54316383889911
synthetic_weather,weather,linear_trend,weather_1,2024-01-09 00:40:00,20.25126310989412,17.537521717278885
synthetic_weather,weather,linear_trend,weather_1,2024-01-09 00:50:00,20.40359187453376,17.53187959565866
synthetic_weather,weather,linear_trend,weather_1,2024-01-09 01:00:00,20.544095225512603,17.52623747403843
synthetic_weather,weather,linear_trend,weather_1,2024-01-09 01:10:00,20.674539069184195,17.52059535241821
synthetic_weather,weather,linear_trend,weather_1,2024-01-09 01:20:00,20.796924805461803,17.514953230797982
synthetic_weather,weather,linear_trend,weather_1,2024-01-09 01:30:00,20.91341716182544,17.509311109177755
synthetic_weather,weather,linear_trend,weather_1,2024-01-09 01:40:00,21.02626721987004,17.503668987557532
synthetic_weather,weather,linear_trend,weather_1,2024-01-09 01:50:00,21.137732994512323,17.498026865937305
synthetic_weather,weather,linear_trend,weather_1,2024-01-09 02:00:00,21.249999999999982,17.49238474431708
synthetic_weather,weather,linear_trend,weather_1,2024-01-09 02:10:00,21.36510423689085,17.486742622696855
synthetic_weather,weather,linear_trend,weather_1,2024-01-09 02:20:00,21.484859960195738,17.48110050107663
synthetic_weather,weather,linear_trend,weather_1,2024-01-09 02:30:00,21.610794443151377,17.475458379456406
synthetic_weather,weather,linear_trend,weather_1,2024-01-09 02:40:00,21.744091738039735,17.46981625783618
synthetic_weather,weather,linear_trend,weather_1,2024-01-09 02:50:00,21.88554716157221,17.464174136215952
synthetic_weather,weather,linear_trend,weather_1,2024-01-09 03:00:00,22.03553390593272,17.45853201459573
synthetic_weather,weather,linear_trend,weather_1,2024-01-09 03:10:00,22.193982807544497,17.452889892975502
synthetic_weather,weather,linear_trend,weather_1,2024-01-09 03:20:00,22.36037590520191,17.447247771355276
synthetic_weather,weather,linear_trend,weather_1,2024-01-09 03:30:00,22.533753999563952,17.441605649735052
synthetic_weather,weather,linear_trend,weather_1,2024-01-09 03:40:00,22.712737999885466,17.435963528114826
synthetic_weather,weather,linear_trend,weather_1,2024-01-09 03:50:00,22.89556342422115,17.4303214064946
synthetic_weather,weather,linear_trend,weather_1,2024-01-09 04:00:00,23.080127018922212,17.424679284874376
synthetic_weather,weather,linear_trend,weather_1,2024-01-09 04:10:00,23.264044094228257,17.41903716325415
synthetic_weather,weather,linear_trend,weather_1,2024-01-09 04:20:00,23.444714846349765,17.413395041633926
synthetic_weather,weather,linear_trend,weather_1,2024-01-09 04:30:00,23.619397662556413,17.4077529200137
synthetic_weather,weather,linear_trend,weather_1,2024-01-09 04:40:00,23.785287192763008,17.402110798393473
synthetic_weather,weather,linear_trend,weather_1,2024-01-09 04:50:00,23.93959482540397,17.39646867677325
synthetic_weather,weather,linear_trend,weather_1,2024-01-09 05:00:00,24.079629131445337,17.390826555153023
synthetic_weather,weather,linear_trend,weather_1,2024-01-09 05:10:00,24.20287384044293,17.385184433532796
synthetic_weather,weather,linear_trend,weather_1,2024-01-09 05:20:00,24.307060986620524,17.379542311912573
synthetic_weather,weather,linear_trend,weather_1,2024-01-09 05:30:00,24.390237008761265,17.373900190292346
synthetic_weather,weather,linear_trend,weather_1,2024-01-09 05:40:00,24.450819800851676,17.36825806867212
synthetic_weather,weather,linear_trend,weather_1,2024-01-09 05:50:00,24.48764498441539,17.362615947051896
synthetic_weather,weather,linear_trend,weather_1,2024-01-09 06:00:00,24.5,17.35697382543167
synthetic_weather,weather,linear_trend,weather_1,2024-01-09 06:10:00,24.48764498441539,17.351331703811443
synthetic_weather,weather,linear_trend,weather_1,2024-01-09 06:20:00,24.450819800851686,17.34568958219122
synthetic_weather,weather,linear_trend,weather_1,2024-01-09 06:30:00,24.39023700876128,17.340047460570993
synthetic_weather,weather,linear_trend,weather_1,2024-01-09 06:40:00,24.307060986620538,17.33440533895077
synthetic_weather,weather,linear_trend,weather_1,2024-01-09 06:50:00,24.20287384044295,17.328763217330543
synthetic_weather,weather,linear_trend,weather_1,2024-01-09 07:00:00,24.07962913144536,17.323121095710317
synthetic_weather,weather,linear_trend,weather_1,2024-01-09 07:10:00,23.93959482540397,17.317478974090093
synthetic_weather,weather,linear_trend,weather_1,2024-01-09 07:20:00,23.78528719276301,17.311836852469867
synthetic_weather,weather,linear_trend,weather_1,2024-01-09 07:30:00,23.61939766255644,17.30619473084964
synthetic_weather,weather,linear_trend,weather_1,2024-01-09 07:40:00,23.444714846349797,17.300552609229417
synthetic_weather,weather,linear_trend,weather_1,2024-01-09 07:50:00,23.26404409422829,17.29491048760919
synthetic_weather,weather,ridge_ar,weather_0,2024-01-09 00:00:00,18.49999999999999,18.438690809222518
synthetic_weather,weather,ridge_ar,weather_0,2024-01-09 00:10:00,18.71050081333277,18.635802125288187
synthetic_weather,weather,ridge_ar,weather_0,2024-01-09 00:20:00,18.90562502413126,18.817477692486978
synthetic_weather,weather,ridge_ar,weather_0,2024-01-09 00:30:00,19.085643662992485,18.984790362600755
synthetic_weather,weather,ridge_ar,weather_0,2024-01-09 00:40:00,19.25126310989412,19.150247422633143
synthetic_weather,weather,ridge_ar,weather_0,2024-01-09 00:50:00,19.40359187453376,19.307537734545203
synthetic_weather,weather,ridge_ar,weather_0,2024-01-09 01:00:00,19.544095225512603,19.458888214969342
synthetic_weather,weather,ridge_ar,weather_0,2024-01-09 01:10:00,19.674539069184195,19.606590899927074
synthetic_weather,weather,ridge_ar,weather_0,2024-01-09 01:20:00,19.796924805461803,19.75093690516022
synthetic_weather,weather,ridge_ar,weather_0,2024-01-09 01:30:00,19.91341716182544,19.89349652681466
synthetic_weather,weather,ridge_ar,weather_0,2024-01-09 01:40:00,20.02626721987004,20.035619700678996
synthetic_weather,weather,ridge_ar,weather_0,2024-01-09 01:50:00,20.137732994512323,20.1783877027369
synthetic_weather,weather,ridge_ar,weather_0,2024-01-09 02:00:00,20.249999999999982,20.322930670566876
synthetic_weather,weather,ridge_ar,weather_0,2024-01-09 02:10:00,20.36510423689085,20.47016613080536
synthetic_weather,weather,ridge_ar,weather_0,2024-01-09 02:20:00,20.484859960195738,20.62079343561779
synthetic_weather,weather,ridge_ar,weather_0,2024-01-09 02:30:00,20.610794443151377,20.775295791797635
synthetic_weather,weather,ridge_ar,weather_0,2024-01-09 02:40:00,20.744091738039735,20.933885508379944
synthetic_weather,weather,ridge_ar,weather_0,2024-01-09 02:50:00,20.88554716157221,21.0964952410198
synthetic_weather,weather,ridge_ar,weather_0,2024-01-09 03:00:00,21.03553390593272,21.262772391282837
synthetic_weather,weather,ridge_ar,weather_0,2024-01-09 03:10:00,21.193982807544497,21.4320764679696
synthetic_weather,weather,ridge_ar,weather_0,2024-01-09 03:20:00,21.36037590520191,21.603490694337612
synthetic_weather,weather,ridge_ar,weather_0,2024-01-09 03:30:00,21.533753999563952,21.77584102466224
synthetic_weather,weather,ridge_ar,weather_0,2024-01-09 03:40:00,21.712737999885466,21.94772297114535
synthetic_weather,weather,ridge_ar,weather_0,2024-01-09 03:50:00,21.89556342422115,22.117536516893857
synthetic_weather,weather,ridge_ar,weather_0,2024-01-09 04:00:00,22.080127018922212,22.28035000717542
synthetic_weather,weather,ridge_ar,weather_0,2024-01-09 04:10:00,22.264044094228257,22.438917818697803
synthetic_weather,weather,ridge_ar,weather_0,2024-01-09 04:20:00,22.444714846349765,22.58944094683563
synthetic_weather,weather,ridge_ar,weather_0,2024-01-09 04:30:00,22.619397662556413,22.72999056153233
synthetic_weather,weather,ridge_ar,weather_0,2024-01-09 04:40:00,22.785287192763008,22.859840060760323
synthetic_weather,weather,ridge_ar,weather_0,2024-01-09 04:50:00,22.93959482540397,22.976763706049304
synthetic_weather,weather,ridge_ar,weather_0,2024-01-09 05:00:00,23.079629131445337,23.079351042114958
synthetic_weather,weather,ridge_ar,weather_0,2024-01-09 05:10:00,23.20287384044293,23.166407067547873
synthetic_weather,weather,ridge_ar,weather_0,2024-01-09 05:20:00,23.307060986620524,23.236679276864127
synthetic_weather,weather,ridge_ar,weather_0,2024-01-09 05:30:00,23.390237008761265,23.28930691545515
synthetic_weather,weather,ridge_ar,weather_0,2024-01-09 05:40:00,23.450819800851676,23.323669798471673
synthetic_weather,weather,ridge_ar,weather_0,2024-01-09 05:50:00,23.48764498441539,23.339394591433503
synthetic_weather,weather,ridge_ar,weather_0,2024-01-09 06:00:00,23.5,23.336426817331308
synthetic_weather,weather,ridge_ar,weather_0,2024-01-09 06:10:00,23.48764498441539,23.314996930265753
synthetic_weather,weather,ridge_ar,weather_0,2024-01-09 06:20:00,23.450819800851686,23.275618448032823
synthetic_weather,weather,ridge_ar,weather_0,2024-01-09 06:30:00,23.39023700876128,23.21908064742165
synthetic_weather,weather,ridge_ar,weather_0,2024-01-09 06:40:00,23.307060986620538,23.14641983609672
synthetic_weather,weather,ridge_ar,weather_0,2024-01-09 06:50:00,23.20287384044295,23.05889126005777
synthetic_weather,weather,ridge_ar,weather_0,2024-01-09 07:00:00,23.07962913144536,22.957933837575695
synthetic_weather,weather,ridge_ar,weather_0,2024-01-09 07:10:00,22.93959482540397,22.84512817665483
synthetic_weather,weather,ridge_ar,weather_0,2024-01-09 07:20:00,22.78528719276301,22.72215200469769
synthetic_weather,weather,ridge_ar,weather_0,2024-01-09 07:30:00,22.61939766255644,22.59073276520295
synthetic_weather,weather,ridge_ar,weather_0,2024-01-09 07:40:00,22.444714846349797,22.45259901329239
synthetic_weather,weather,ridge_ar,weather_0,2024-01-09 07:50:00,22.26404409422829,22.30943241317377
synthetic_weather,weather,ridge_ar,weather_1,2024-01-09 00:00:00,19.49999999999999,19.438690809222518
synthetic_weather,weather,ridge_ar,weather_1,2024-01-09 00:10:00,19.71050081333277,19.635802125288187
synthetic_weather,weather,ridge_ar,weather_1,2024-01-09 00:20:00,19.90562502413126,19.817477692486978
synthetic_weather,weather,ridge_ar,weather_1,2024-01-09 00:30:00,20.085643662992485,19.984790362600755
synthetic_weather,weather,ridge_ar,weather_1,2024-01-09 00:40:00,20.25126310989412,20.150247422633143
synthetic_weather,weather,ridge_ar,weather_1,2024-01-09 00:50:00,20.40359187453376,20.307537734545203
synthetic_weather,weather,ridge_ar,weather_1,2024-01-09 01:00:00,20.544095225512603,20.458888214969342
synthetic_weather,weather,ridge_ar,weather_1,2024-01-09 01:10:00,20.674539069184195,20.606590899927074
synthetic_weather,weather,ridge_ar,weather_1,2024-01-09 01:20:00,20.796924805461803,20.75093690516022
synthetic_weather,weather,ridge_ar,weather_1,2024-01-09 01:30:00,20.91341716182544,20.89349652681466
synthetic_weather,weather,ridge_ar,weather_1,2024-01-09 01:40:00,21.02626721987004,21.035619700678996
synthetic_weather,weather,ridge_ar,weather_1,2024-01-09 01:50:00,21.137732994512323,21.1783877027369
synthetic_weather,weather,ridge_ar,weather_1,2024-01-09 02:00:00,21.249999999999982,21.322930670566876
synthetic_weather,weather,ridge_ar,weather_1,2024-01-09 02:10:00,21.36510423689085,21.47016613080536
synthetic_weather,weather,ridge_ar,weather_1,2024-01-09 02:20:00,21.484859960195738,21.62079343561779
synthetic_weather,weather,ridge_ar,weather_1,2024-01-09 02:30:00,21.610794443151377,21.775295791797635
synthetic_weather,weather,ridge_ar,weather_1,2024-01-09 02:40:00,21.744091738039735,21.933885508379944
synthetic_weather,weather,ridge_ar,weather_1,2024-01-09 02:50:00,21.88554716157221,22.0964952410198
synthetic_weather,weather,ridge_ar,weather_1,2024-01-09 03:00:00,22.03553390593272,22.262772391282837
synthetic_weather,weather,ridge_ar,weather_1,2024-01-09 03:10:00,22.193982807544497,22.4320764679696
synthetic_weather,weather,ridge_ar,weather_1,2024-01-09 03:20:00,22.36037590520191,22.603490694337612
synthetic_weather,weather,ridge_ar,weather_1,2024-01-09 03:30:00,22.533753999563952,22.77584102466224
synthetic_weather,weather,ridge_ar,weather_1,2024-01-09 03:40:00,22.712737999885466,22.94772297114535
synthetic_weather,weather,ridge_ar,weather_1,2024-01-09 03:50:00,22.89556342422115,23.117536516893857
synthetic_weather,weather,ridge_ar,weather_1,2024-01-09 04:00:00,23.080127018922212,23.28035000717542
synthetic_weather,weather,ridge_ar,weather_1,2024-01-09 04:10:00,23.264044094228257,23.438917818697803
synthetic_weather,weather,ridge_ar,weather_1,2024-01-09 04:20:00,23.444714846349765,23.58944094683563
synthetic_weather,weather,ridge_ar,weather_1,2024-01-09 04:30:00,23.619397662556413,23.72999056153233
synthetic_weather,weather,ridge_ar,weather_1,2024-01-09 04:40:00,23.785287192763008,23.859840060760323
synthetic_weather,weather,ridge_ar,weather_1,2024-01-09 04:50:00,23.93959482540397,23.976763706049304
synthetic_weather,weather,ridge_ar,weather_1,2024-01-09 05:00:00,24.079629131445337,24.079351042114958
synthetic_weather,weather,ridge_ar,weather_1,2024-01-09 05:10:00,24.20287384044293,24.166407067547873
synthetic_weather,weather,ridge_ar,weather_1,2024-01-09 05:20:00,24.307060986620524,24.236679276864127
synthetic_weather,weather,ridge_ar,weather_1,2024-01-09 05:30:00,24.390237008761265,24.28930691545515
synthetic_weather,weather,ridge_ar,weather_1,2024-01-09 05:40:00,24.450819800851676,24.323669798471673
synthetic_weather,weather,ridge_ar,weather_1,2024-01-09 05:50:00,24.48764498441539,24.339394591433503
synthetic_weather,weather,ridge_ar,weather_1,2024-01-09 06:00:00,24.5,24.336426817331308
synthetic_weather,weather,ridge_ar,weather_1,2024-01-09 06:10:00,24.48764498441539,24.314996930265753
synthetic_weather,weather,ridge_ar,weather_1,2024-01-09 06:20:00,24.450819800851686,24.275618448032823
synthetic_weather,weather,ridge_ar,weather_1,2024-01-09 06:30:00,24.39023700876128,24.21908064742165
synthetic_weather,weather,ridge_ar,weather_1,2024-01-09 06:40:00,24.307060986620538,24.14641983609672
synthetic_weather,weather,ridge_ar,weather_1,2024-01-09 06:50:00,24.20287384044295,24.05889126005777
synthetic_weather,weather,ridge_ar,weather_1,2024-01-09 07:00:00,24.07962913144536,23.957933837575695
synthetic_weather,weather,ridge_ar,weather_1,2024-01-09 07:10:00,23.93959482540397,23.84512817665483
synthetic_weather,weather,ridge_ar,weather_1,2024-01-09 07:20:00,23.78528719276301,23.72215200469769
synthetic_weather,weather,ridge_ar,weather_1,2024-01-09 07:30:00,23.61939766255644,23.59073276520295
synthetic_weather,weather,ridge_ar,weather_1,2024-01-09 07:40:00,23.444714846349797,23.45259901329239
synthetic_weather,weather,ridge_ar,weather_1,2024-01-09 07:50:00,23.26404409422829,23.30943241317377
synthetic_weather,weather,hist_gradient_boosting_ar,weather_0,2024-01-09 00:00:00,18.49999999999999,18.52257458435685
synthetic_weather,weather,hist_gradient_boosting_ar,weather_0,2024-01-09 00:10:00,18.71050081333277,18.735809083529723
synthetic_weather,weather,hist_gradient_boosting_ar,weather_0,2024-01-09 00:20:00,18.90562502413126,18.911345824276516
synthetic_weather,weather,hist_gradient_boosting_ar,weather_0,2024-01-09 00:30:00,19.085643662992485,19.13319646990801
synthetic_weather,weather,hist_gradient_boosting_ar,weather_0,2024-01-09 00:40:00,19.25126310989412,19.245403887272843
synthetic_weather,weather,hist_gradient_boosting_ar,weather_0,2024-01-09 00:50:00,19.40359187453376,19.427971268762807
synthetic_weather,weather,hist_gradient_boosting_ar,weather_0,2024-01-09 01:00:00,19.544095225512603,19.548537506233483
synthetic_weather,weather,hist_gradient_boosting_ar,weather_0,2024-01-09 01:10:00,19.674539069184195,19.678329299361252
synthetic_weather,weather,hist_gradient_boosting_ar,weather_0,2024-01-09 01:20:00,19.796924805461803,19.802913272078314
synthetic_weather,weather,hist_gradient_boosting_ar,weather_0,2024-01-09 01:30:00,19.91341716182544,19.935399703418085
synthetic_weather,weather,hist_gradient_boosting_ar,weather_0,2024-01-09 01:40:00,20.02626721987004,20.03554543396514
synthetic_weather,weather,hist_gradient_boosting_ar,weather_0,2024-01-09 01:50:00,20.137732994512323,20.170452019847584
synthetic_weather,weather,hist_gradient_boosting_ar,weather_0,2024-01-09 02:00:00,20.249999999999982,20.28795756210301
synthetic_weather,weather,hist_gradient_boosting_ar,weather_0,2024-01-09 02:10:00,20.36510423689085,20.399829768214456
synthetic_weather,weather,hist_gradient_boosting_ar,weather_0,2024-01-09 02:20:00,20.484859960195738,20.525315780902822
synthetic_weather,weather,hist_gradient_boosting_ar,weather_0,2024-01-09 02:30:00,20.610794443151377,20.620930683448456
synthetic_weather,weather,hist_gradient_boosting_ar,weather_0,2024-01-09 02:40:00,20.744091738039735,20.76372344757994
synthetic_weather,weather,hist_gradient_boosting_ar,weather_0,2024-01-09 02:50:00,20.88554716157221,20.885879252694966
synthetic_weather,weather,hist_gradient_boosting_ar,weather_0,2024-01-09 03:00:00,21.03553390593272,21.032362592011953
synthetic_weather,weather,hist_gradient_boosting_ar,weather_0,2024-01-09 03:10:00,21.193982807544497,21.199000544616595
synthetic_weather,weather,hist_gradient_boosting_ar,weather_0,2024-01-09 03:20:00,21.36037590520191,21.35628994891105
synthetic_weather,weather,hist_gradient_boosting_ar,weather_0,2024-01-09 03:30:00,21.533753999563952,21.5305126974609
synthetic_weather,weather,hist_gradient_boosting_ar,weather_0,2024-01-09 03:40:00,21.712737999885466,21.69162976000678
synthetic_weather,weather,hist_gradient_boosting_ar,weather_0,2024-01-09 03:50:00,21.89556342422115,21.88798753127435
synthetic_weather,weather,hist_gradient_boosting_ar,weather_0,2024-01-09 04:00:00,22.080127018922212,22.095380515807822
synthetic_weather,weather,hist_gradient_boosting_ar,weather_0,2024-01-09 04:10:00,22.264044094228257,22.258558191817055
synthetic_weather,weather,hist_gradient_boosting_ar,weather_0,2024-01-09 04:20:00,22.444714846349765,22.43439963763546
synthetic_weather,weather,hist_gradient_boosting_ar,weather_0,2024-01-09 04:30:00,22.619397662556413,22.612788997452206
synthetic_weather,weather,hist_gradient_boosting_ar,weather_0,2024-01-09 04:40:00,22.785287192763008,22.777365146907872
synthetic_weather,weather,hist_gradient_boosting_ar,weather_0,2024-01-09 04:50:00,22.93959482540397,22.930275366065153
synthetic_weather,weather,hist_gradient_boosting_ar,weather_0,2024-01-09 05:00:00,23.079629131445337,23.074680123939935
synthetic_weather,weather,hist_gradient_boosting_ar,weather_0,2024-01-09 05:10:00,23.20287384044293,23.18090700688998
synthetic_weather,weather,hist_gradient_boosting_ar,weather_0,2024-01-09 05:20:00,23.307060986620524,23.348426774287418
synthetic_weather,weather,hist_gradient_boosting_ar,weather_0,2024-01-09 05:30:00,23.390237008761265,23.40924674622164
synthetic_weather,weather,hist_gradient_boosting_ar,weather_0,2024-01-09 05:40:00,23.450819800851676,23.445281375246175
synthetic_weather,weather,hist_gradient_boosting_ar,weather_0,2024-01-09 05:50:00,23.48764498441539,23.446554671237656
synthetic_weather,weather,hist_gradient_boosting_ar,weather_0,2024-01-09 06:00:00,23.5,23.446554671237656
synthetic_weather,weather,hist_gradient_boosting_ar,weather_0,2024-01-09 06:10:00,23.48764498441539,23.446554671237656
synthetic_weather,weather,hist_gradient_boosting_ar,weather_0,2024-01-09 06:20:00,23.450819800851686,23.416465851818803
synthetic_weather,weather,hist_gradient_boosting_ar,weather_0,2024-01-09 06:30:00,23.39023700876128,23.35313592365862
synthetic_weather,weather,hist_gradient_boosting_ar,weather_0,2024-01-09 06:40:00,23.307060986620538,23.218983016954144
synthetic_weather,weather,hist_gradient_boosting_ar,weather_0,2024-01-09 06:50:00,23.20287384044295,23.218983016954144
synthetic_weather,weather,hist_gradient_boosting_ar,weather_0,2024-01-09 07:00:00,23.07962913144536,23.126629472207664
synthetic_weather,weather,hist_gradient_boosting_ar,weather_0,2024-01-09 07:10:00,22.93959482540397,22.92771714840946
synthetic_weather,weather,hist_gradient_boosting_ar,weather_0,2024-01-09 07:20:00,22.78528719276301,22.780263888698347
synthetic_weather,weather,hist_gradient_boosting_ar,weather_0,2024-01-09 07:30:00,22.61939766255644,22.614382838245753
synthetic_weather,weather,hist_gradient_boosting_ar,weather_0,2024-01-09 07:40:00,22.444714846349797,22.442392536749463
synthetic_weather,weather,hist_gradient_boosting_ar,weather_0,2024-01-09 07:50:00,22.26404409422829,22.26292758835831
synthetic_weather,weather,hist_gradient_boosting_ar,weather_1,2024-01-09 00:00:00,19.49999999999999,19.52257458435685
synthetic_weather,weather,hist_gradient_boosting_ar,weather_1,2024-01-09 00:10:00,19.71050081333277,19.735809083529723
synthetic_weather,weather,hist_gradient_boosting_ar,weather_1,2024-01-09 00:20:00,19.90562502413126,19.911345824276516
synthetic_weather,weather,hist_gradient_boosting_ar,weather_1,2024-01-09 00:30:00,20.085643662992485,20.13319646990801
synthetic_weather,weather,hist_gradient_boosting_ar,weather_1,2024-01-09 00:40:00,20.25126310989412,20.245403887272843
synthetic_weather,weather,hist_gradient_boosting_ar,weather_1,2024-01-09 00:50:00,20.40359187453376,20.427971268762807
synthetic_weather,weather,hist_gradient_boosting_ar,weather_1,2024-01-09 01:00:00,20.544095225512603,20.548537506233483
synthetic_weather,weather,hist_gradient_boosting_ar,weather_1,2024-01-09 01:10:00,20.674539069184195,20.678329299361252
synthetic_weather,weather,hist_gradient_boosting_ar,weather_1,2024-01-09 01:20:00,20.796924805461803,20.802913272078314
synthetic_weather,weather,hist_gradient_boosting_ar,weather_1,2024-01-09 01:30:00,20.91341716182544,20.935399703418085
synthetic_weather,weather,hist_gradient_boosting_ar,weather_1,2024-01-09 01:40:00,21.02626721987004,21.03554543396514
synthetic_weather,weather,hist_gradient_boosting_ar,weather_1,2024-01-09 01:50:00,21.137732994512323,21.170452019847584
synthetic_weather,weather,hist_gradient_boosting_ar,weather_1,2024-01-09 02:00:00,21.249999999999982,21.28795756210301
synthetic_weather,weather,hist_gradient_boosting_ar,weather_1,2024-01-09 02:10:00,21.36510423689085,21.399829768214456
synthetic_weather,weather,hist_gradient_boosting_ar,weather_1,2024-01-09 02:20:00,21.484859960195738,21.525315780902822
synthetic_weather,weather,hist_gradient_boosting_ar,weather_1,2024-01-09 02:30:00,21.610794443151377,21.620930683448456
synthetic_weather,weather,hist_gradient_boosting_ar,weather_1,2024-01-09 02:40:00,21.744091738039735,21.76372344757994
synthetic_weather,weather,hist_gradient_boosting_ar,weather_1,2024-01-09 02:50:00,21.88554716157221,21.885879252694966
synthetic_weather,weather,hist_gradient_boosting_ar,weather_1,2024-01-09 03:00:00,22.03553390593272,22.032362592011953
synthetic_weather,weather,hist_gradient_boosting_ar,weather_1,2024-01-09 03:10:00,22.193982807544497,22.199000544616595
synthetic_weather,weather,hist_gradient_boosting_ar,weather_1,2024-01-09 03:20:00,22.36037590520191,22.35628994891105
synthetic_weather,weather,hist_gradient_boosting_ar,weather_1,2024-01-09 03:30:00,22.533753999563952,22.5305126974609
synthetic_weather,weather,hist_gradient_boosting_ar,weather_1,2024-01-09 03:40:00,22.712737999885466,22.69162976000678
synthetic_weather,weather,hist_gradient_boosting_ar,weather_1,2024-01-09 03:50:00,22.89556342422115,22.88798753127435
synthetic_weather,weather,hist_gradient_boosting_ar,weather_1,2024-01-09 04:00:00,23.080127018922212,23.095380515807822
synthetic_weather,weather,hist_gradient_boosting_ar,weather_1,2024-01-09 04:10:00,23.264044094228257,23.258558191817055
synthetic_weather,weather,hist_gradient_boosting_ar,weather_1,2024-01-09 04:20:00,23.444714846349765,23.43439963763546
synthetic_weather,weather,hist_gradient_boosting_ar,weather_1,2024-01-09 04:30:00,23.619397662556413,23.612788997452206
synthetic_weather,weather,hist_gradient_boosting_ar,weather_1,2024-01-09 04:40:00,23.785287192763008,23.777365146907872
synthetic_weather,weather,hist_gradient_boosting_ar,weather_1,2024-01-09 04:50:00,23.93959482540397,23.930275366065153
synthetic_weather,weather,hist_gradient_boosting_ar,weather_1,2024-01-09 05:00:00,24.079629131445337,24.074680123939935
synthetic_weather,weather,hist_gradient_boosting_ar,weather_1,2024-01-09 05:10:00,24.20287384044293,24.18090700688998
synthetic_weather,weather,hist_gradient_boosting_ar,weather_1,2024-01-09 05:20:00,24.307060986620524,24.348426774287418
synthetic_weather,weather,hist_gradient_boosting_ar,weather_1,2024-01-09 05:30:00,24.390237008761265,24.40924674622164
synthetic_weather,weather,hist_gradient_boosting_ar,weather_1,2024-01-09 05:40:00,24.450819800851676,24.445281375246175
synthetic_weather,weather,hist_gradient_boosting_ar,weather_1,2024-01-09 05:50:00,24.48764498441539,24.446554671237656
synthetic_weather,weather,hist_gradient_boosting_ar,weather_1,2024-01-09 06:00:00,24.5,24.446554671237656
synthetic_weather,weather,hist_gradient_boosting_ar,weather_1,2024-01-09 06:10:00,24.48764498441539,24.446554671237656
synthetic_weather,weather,hist_gradient_boosting_ar,weather_1,2024-01-09 06:20:00,24.450819800851686,24.416465851818803
synthetic_weather,weather,hist_gradient_boosting_ar,weather_1,2024-01-09 06:30:00,24.39023700876128,24.35313592365862
synthetic_weather,weather,hist_gradient_boosting_ar,weather_1,2024-01-09 06:40:00,24.307060986620538,24.218983016954144
synthetic_weather,weather,hist_gradient_boosting_ar,weather_1,2024-01-09 06:50:00,24.20287384044295,24.218983016954144
synthetic_weather,weather,hist_gradient_boosting_ar,weather_1,2024-01-09 07:00:00,24.07962913144536,24.126629472207664
synthetic_weather,weather,hist_gradient_boosting_ar,weather_1,2024-01-09 07:10:00,23.93959482540397,23.92771714840946
synthetic_weather,weather,hist_gradient_boosting_ar,weather_1,2024-01-09 07:20:00,23.78528719276301,23.780263888698347
synthetic_weather,weather,hist_gradient_boosting_ar,weather_1,2024-01-09 07:30:00,23.61939766255644,23.614382838245753
synthetic_weather,weather,hist_gradient_boosting_ar,weather_1,2024-01-09 07:40:00,23.444714846349797,23.442392536749463
synthetic_weather,weather,hist_gradient_boosting_ar,weather_1,2024-01-09 07:50:00,23.26404409422829,23.26292758835831
synthetic_weather,weather,lightgbm_ar,weather_0,2024-01-09 00:00:00,18.49999999999999,18.50792705566909
synthetic_weather,weather,lightgbm_ar,weather_0,2024-01-09 00:10:00,18.71050081333277,18.71599334541999
synthetic_weather,weather,lightgbm_ar,weather_0,2024-01-09 00:20:00,18.90562502413126,18.902380552631318
synthetic_weather,weather,lightgbm_ar,weather_0,2024-01-09 00:30:00,19.085643662992485,19.076264474365676
synthetic_weather,weather,lightgbm_ar,weather_0,2024-01-09 00:40:00,19.25126310989412,19.255785479267043
synthetic_weather,weather,lightgbm_ar,weather_0,2024-01-09 00:50:00,19.40359187453376,19.40754978414175
synthetic_weather,weather,lightgbm_ar,weather_0,2024-01-09 01:00:00,19.544095225512603,19.534663838220208
synthetic_weather,weather,lightgbm_ar,weather_0,2024-01-09 01:10:00,19.674539069184195,19.678426981066448
synthetic_weather,weather,lightgbm_ar,weather_0,2024-01-09 01:20:00,19.796924805461803,19.796375423535807
synthetic_weather,weather,lightgbm_ar,weather_0,2024-01-09 01:30:00,19.91341716182544,19.913777633834435
synthetic_weather,weather,lightgbm_ar,weather_0,2024-01-09 01:40:00,20.02626721987004,20.02738209644061
synthetic_weather,weather,lightgbm_ar,weather_0,2024-01-09 01:50:00,20.137732994512323,20.13899510148737
synthetic_weather,weather,lightgbm_ar,weather_0,2024-01-09 02:00:00,20.249999999999982,20.248572744792096
synthetic_weather,weather,lightgbm_ar,weather_0,2024-01-09 02:10:00,20.36510423689085,20.360895101871836
synthetic_weather,weather,lightgbm_ar,weather_0,2024-01-09 02:20:00,20.484859960195738,20.48605393302813
synthetic_weather,weather,lightgbm_ar,weather_0,2024-01-09 02:30:00,20.610794443151377,20.609553904739787
synthetic_weather,weather,lightgbm_ar,weather_0,2024-01-09 02:40:00,20.744091738039735,20.747190189156683
synthetic_weather,weather,lightgbm_ar,weather_0,2024-01-09 02:50:00,20.88554716157221,20.884171458880218
synthetic_weather,weather,lightgbm_ar,weather_0,2024-01-09 03:00:00,21.03553390593272,21.03737177365117
synthetic_weather,weather,lightgbm_ar,weather_0,2024-01-09 03:10:00,21.193982807544497,21.190781988942152
synthetic_weather,weather,lightgbm_ar,weather_0,2024-01-09 03:20:00,21.36037590520191,21.357643404898717
synthetic_weather,weather,lightgbm_ar,weather_0,2024-01-09 03:30:00,21.533753999563952,21.528698942837995
synthetic_weather,weather,lightgbm_ar,weather_0,2024-01-09 03:40:00,21.712737999885466,21.719409017332126
synthetic_weather,weather,lightgbm_ar,weather_0,2024-01-09 03:50:00,21.89556342422115,21.89999970884599
synthetic_weather,weather,lightgbm_ar,weather_0,2024-01-09 04:00:00,22.080127018922212,22.07833847330278
synthetic_weather,weather,lightgbm_ar,weather_0,2024-01-09 04:10:00,22.264044094228257,22.261343742412734
synthetic_weather,weather,lightgbm_ar,weather_0,2024-01-09 04:20:00,22.444714846349765,22.440763467502325
synthetic_weather,weather,lightgbm_ar,weather_0,2024-01-09 04:30:00,22.619397662556413,22.619040933624806
synthetic_weather,weather,lightgbm_ar,weather_0,2024-01-09 04:40:00,22.785287192763008,22.7828879958279
synthetic_weather,weather,lightgbm_ar,weather_0,2024-01-09 04:50:00,22.93959482540397,22.940869544291655
synthetic_weather,weather,lightgbm_ar,weather_0,2024-01-09 05:00:00,23.079629131445337,23.083649138245182
synthetic_weather,weather,lightgbm_ar,weather_0,2024-01-09 05:10:00,23.20287384044293,23.199996838837443
synthetic_weather,weather,lightgbm_ar,weather_0,2024-01-09 05:20:00,23.307060986620524,23.310327789972398
synthetic_weather,weather,lightgbm_ar,weather_0,2024-01-09 05:30:00,23.390237008761265,23.38574348889325
synthetic_weather,weather,lightgbm_ar,weather_0,2024-01-09 05:40:00,23.450819800851676,23.459168401326536
synthetic_weather,weather,lightgbm_ar,weather_0,2024-01-09 05:50:00,23.48764498441539,23.48583720707665
synthetic_weather,weather,lightgbm_ar,weather_0,2024-01-09 06:00:00,23.5,23.485834532258757
synthetic_weather,weather,lightgbm_ar,weather_0,2024-01-09 06:10:00,23.48764498441539,23.484658038541433
synthetic_weather,weather,lightgbm_ar,weather_0,2024-01-09 06:20:00,23.450819800851686,23.45512124039575
synthetic_weather,weather,lightgbm_ar,weather_0,2024-01-09 06:30:00,23.39023700876128,23.389351018300307
synthetic_weather,weather,lightgbm_ar,weather_0,2024-01-09 06:40:00,23.307060986620538,23.308744672910446
synthetic_weather,weather,lightgbm_ar,weather_0,2024-01-09 06:50:00,23.20287384044295,23.20816771699743
synthetic_weather,weather,lightgbm_ar,weather_0,2024-01-09 07:00:00,23.07962913144536,23.084004921354303
synthetic_weather,weather,lightgbm_ar,weather_0,2024-01-09 07:10:00,22.93959482540397,22.93131504396002
synthetic_weather,weather,lightgbm_ar,weather_0,2024-01-09 07:20:00,22.78528719276301,22.776727004938024
synthetic_weather,weather,lightgbm_ar,weather_0,2024-01-09 07:30:00,22.61939766255644,22.62304464522314
synthetic_weather,weather,lightgbm_ar,weather_0,2024-01-09 07:40:00,22.444714846349797,22.447290351959456
synthetic_weather,weather,lightgbm_ar,weather_0,2024-01-09 07:50:00,22.26404409422829,22.262818846752545
synthetic_weather,weather,lightgbm_ar,weather_1,2024-01-09 00:00:00,19.49999999999999,19.50792705566909
synthetic_weather,weather,lightgbm_ar,weather_1,2024-01-09 00:10:00,19.71050081333277,19.71599334541999
synthetic_weather,weather,lightgbm_ar,weather_1,2024-01-09 00:20:00,19.90562502413126,19.902380552631318
synthetic_weather,weather,lightgbm_ar,weather_1,2024-01-09 00:30:00,20.085643662992485,20.076264474365676
synthetic_weather,weather,lightgbm_ar,weather_1,2024-01-09 00:40:00,20.25126310989412,20.255785479267043
synthetic_weather,weather,lightgbm_ar,weather_1,2024-01-09 00:50:00,20.40359187453376,20.40754978414175
synthetic_weather,weather,lightgbm_ar,weather_1,2024-01-09 01:00:00,20.544095225512603,20.534663838220208
synthetic_weather,weather,lightgbm_ar,weather_1,2024-01-09 01:10:00,20.674539069184195,20.678426981066448
synthetic_weather,weather,lightgbm_ar,weather_1,2024-01-09 01:20:00,20.796924805461803,20.796375423535807
synthetic_weather,weather,lightgbm_ar,weather_1,2024-01-09 01:30:00,20.91341716182544,20.913777633834435
synthetic_weather,weather,lightgbm_ar,weather_1,2024-01-09 01:40:00,21.02626721987004,21.02738209644061
synthetic_weather,weather,lightgbm_ar,weather_1,2024-01-09 01:50:00,21.137732994512323,21.13899510148737
synthetic_weather,weather,lightgbm_ar,weather_1,2024-01-09 02:00:00,21.249999999999982,21.248572744792096
synthetic_weather,weather,lightgbm_ar,weather_1,2024-01-09 02:10:00,21.36510423689085,21.360895101871836
synthetic_weather,weather,lightgbm_ar,weather_1,2024-01-09 02:20:00,21.484859960195738,21.48605393302813
synthetic_weather,weather,lightgbm_ar,weather_1,2024-01-09 02:30:00,21.610794443151377,21.609553904739787
synthetic_weather,weather,lightgbm_ar,weather_1,2024-01-09 02:40:00,21.744091738039735,21.747190189156683
synthetic_weather,weather,lightgbm_ar,weather_1,2024-01-09 02:50:00,21.88554716157221,21.884171458880218
synthetic_weather,weather,lightgbm_ar,weather_1,2024-01-09 03:00:00,22.03553390593272,22.03737177365117
synthetic_weather,weather,lightgbm_ar,weather_1,2024-01-09 03:10:00,22.193982807544497,22.190781988942152
synthetic_weather,weather,lightgbm_ar,weather_1,2024-01-09 03:20:00,22.36037590520191,22.357643404898717
synthetic_weather,weather,lightgbm_ar,weather_1,2024-01-09 03:30:00,22.533753999563952,22.528698942837995
synthetic_weather,weather,lightgbm_ar,weather_1,2024-01-09 03:40:00,22.712737999885466,22.719409017332126
synthetic_weather,weather,lightgbm_ar,weather_1,2024-01-09 03:50:00,22.89556342422115,22.89999970884599
synthetic_weather,weather,lightgbm_ar,weather_1,2024-01-09 04:00:00,23.080127018922212,23.07833847330278
synthetic_weather,weather,lightgbm_ar,weather_1,2024-01-09 04:10:00,23.264044094228257,23.261343742412734
synthetic_weather,weather,lightgbm_ar,weather_1,2024-01-09 04:20:00,23.444714846349765,23.440763467502325
synthetic_weather,weather,lightgbm_ar,weather_1,2024-01-09 04:30:00,23.619397662556413,23.619040933624806
synthetic_weather,weather,lightgbm_ar,weather_1,2024-01-09 04:40:00,23.785287192763008,23.7828879958279
synthetic_weather,weather,lightgbm_ar,weather_1,2024-01-09 04:50:00,23.93959482540397,23.940869544291655
synthetic_weather,weather,lightgbm_ar,weather_1,2024-01-09 05:00:00,24.079629131445337,24.083649138245182
synthetic_weather,weather,lightgbm_ar,weather_1,2024-01-09 05:10:00,24.20287384044293,24.199996838837443
synthetic_weather,weather,lightgbm_ar,weather_1,2024-01-09 05:20:00,24.307060986620524,24.310327789972398
synthetic_weather,weather,lightgbm_ar,weather_1,2024-01-09 05:30:00,24.390237008761265,24.38574348889325
synthetic_weather,weather,lightgbm_ar,weather_1,2024-01-09 05:40:00,24.450819800851676,24.459168401326536
synthetic_weather,weather,lightgbm_ar,weather_1,2024-01-09 05:50:00,24.48764498441539,24.48583720707665
synthetic_weather,weather,lightgbm_ar,weather_1,2024-01-09 06:00:00,24.5,24.485834532258757
synthetic_weather,weather,lightgbm_ar,weather_1,2024-01-09 06:10:00,24.48764498441539,24.484658038541433
synthetic_weather,weather,lightgbm_ar,weather_1,2024-01-09 06:20:00,24.450819800851686,24.45512124039575
synthetic_weather,weather,lightgbm_ar,weather_1,2024-01-09 06:30:00,24.39023700876128,24.389351018300307
synthetic_weather,weather,lightgbm_ar,weather_1,2024-01-09 06:40:00,24.307060986620538,24.308744672910446
synthetic_weather,weather,lightgbm_ar,weather_1,2024-01-09 06:50:00,24.20287384044295,24.20816771699743
synthetic_weather,weather,lightgbm_ar,weather_1,2024-01-09 07:00:00,24.07962913144536,24.084004921354303
synthetic_weather,weather,lightgbm_ar,weather_1,2024-01-09 07:10:00,23.93959482540397,23.93131504396002
synthetic_weather,weather,lightgbm_ar,weather_1,2024-01-09 07:20:00,23.78528719276301,23.776727004938024
synthetic_weather,weather,lightgbm_ar,weather_1,2024-01-09 07:30:00,23.61939766255644,23.62304464522314
synthetic_weather,weather,lightgbm_ar,weather_1,2024-01-09 07:40:00,23.444714846349797,23.447290351959456
synthetic_weather,weather,lightgbm_ar,weather_1,2024-01-09 07:50:00,23.26404409422829,23.262818846752545
synthetic_weather,weather,xgboost_ar,weather_0,2024-01-09 00:00:00,18.49999999999999,18.5061965124443
synthetic_weather,weather,xgboost_ar,weather_0,2024-01-09 00:10:00,18.71050081333277,18.710270555997113
synthetic_weather,weather,xgboost_ar,weather_0,2024-01-09 00:20:00,18.90562502413126,18.74597561945281
synthetic_weather,weather,xgboost_ar,weather_0,2024-01-09 00:30:00,19.085643662992485,18.909174853379096
synthetic_weather,weather,xgboost_ar,weather_0,2024-01-09 00:40:00,19.25126310989412,19.0963947342103
synthetic_weather,weather,xgboost_ar,weather_0,2024-01-09 00:50:00,19.40359187453376,19.252208811613315
synthetic_weather,weather,xgboost_ar,weather_0,2024-01-09 01:00:00,19.544095225512603,19.37202738329842
synthetic_weather,weather,xgboost_ar,weather_0,2024-01-09 01:10:00,19.674539069184195,19.42573923652861
synthetic_weather,weather,xgboost_ar,weather_0,2024-01-09 01:20:00,19.796924805461803,19.577953679295504
synthetic_weather,weather,xgboost_ar,weather_0,2024-01-09 01:30:00,19.91341716182544,19.690728290559143
synthetic_weather,weather,xgboost_ar,weather_0,2024-01-09 01:40:00,20.02626721987004,19.805823497668886
synthetic_weather,weather,xgboost_ar,weather_0,2024-01-09 01:50:00,20.137732994512323,19.921754514385583
synthetic_weather,weather,xgboost_ar,weather_0,2024-01-09 02:00:00,20.249999999999982,20.02479888954356
synthetic_weather,weather,xgboost_ar,weather_0,2024-01-09 02:10:00,20.36510423689085,20.032644613518087
synthetic_weather,weather,xgboost_ar,weather_0,2024-01-09 02:20:00,20.484859960195738,20.143924140662076
synthetic_weather,weather,xgboost_ar,weather_0,2024-01-09 02:30:00,20.610794443151377,20.28539032827979
synthetic_weather,weather,xgboost_ar,weather_0,2024-01-09 02:40:00,20.744091738039735,20.414671601338437
synthetic_weather,weather,xgboost_ar,weather_0,2024-01-09 02:50:00,20.88554716157221,20.566063684791274
synthetic_weather,weather,xgboost_ar,weather_0,2024-01-09 03:00:00,21.03553390593272,20.624870256777232
synthetic_weather,weather,xgboost_ar,weather_0,2024-01-09 03:10:00,21.193982807544497,20.730060373973675
synthetic_weather,weather,xgboost_ar,weather_0,2024-01-09 03:20:00,21.36037590520191,20.771467941295352
synthetic_weather,weather,xgboost_ar,weather_0,2024-01-09 03:30:00,21.533753999563952,20.87896898693988
synthetic_weather,weather,xgboost_ar,weather_0,2024-01-09 03:40:00,21.712737999885466,20.913930501391455
synthetic_weather,weather,xgboost_ar,weather_0,2024-01-09 03:50:00,21.89556342422115,21.011236225021296
synthetic_weather,weather,xgboost_ar,weather_0,2024-01-09 04:00:00,22.080127018922212,21.005323560328826
synthetic_weather,weather,xgboost_ar,weather_0,2024-01-09 04:10:00,22.264044094228257,20.997020526395858
synthetic_weather,weather,xgboost_ar,weather_0,2024-01-09 04:20:00,22.444714846349765,20.94166500534169
synthetic_weather,weather,xgboost_ar,weather_0,2024-01-09 04:30:00,22.619397662556413,20.941428364251063
synthetic_weather,weather,xgboost_ar,weather_0,2024-01-09 04:40:00,22.785287192763008,20.93078455903265
synthetic_weather,weather,xgboost_ar,weather_0,2024-01-09 04:50:00,22.93959482540397,20.93078455903265
synthetic_weather,weather,xgboost_ar,weather_0,2024-01-09 05:00:00,23.079629131445337,20.924763871675363
synthetic_weather,weather,xgboost_ar,weather_0,2024-01-09 05:10:00,23.20287384044293,20.92479875837256
synthetic_weather,weather,xgboost_ar,weather_0,2024-01-09 05:20:00,23.307060986620524,20.918539748638032
synthetic_weather,weather,xgboost_ar,weather_0,2024-01-09 05:30:00,23.390237008761265,20.918835655081732
synthetic_weather,weather,xgboost_ar,weather_0,2024-01-09 05:40:00,23.450819800851676,20.91848973036133
synthetic_weather,weather,xgboost_ar,weather_0,2024-01-09 05:50:00,23.48764498441539,20.91771129466001
synthetic_weather,weather,xgboost_ar,weather_0,2024-01-09 06:00:00,23.5,20.91717958776899
synthetic_weather,weather,xgboost_ar,weather_0,2024-01-09 06:10:00,23.48764498441539,20.91717958776899
synthetic_weather,weather,xgboost_ar,weather_0,2024-01-09 06:20:00,23.450819800851686,20.91717958776899
synthetic_weather,weather,xgboost_ar,weather_0,2024-01-09 06:30:00,23.39023700876128,20.91717958776899
synthetic_weather,weather,xgboost_ar,weather_0,2024-01-09 06:40:00,23.307060986620538,20.91717958776899
synthetic_weather,weather,xgboost_ar,weather_0,2024-01-09 06:50:00,23.20287384044295,20.916990863346804
synthetic_weather,weather,xgboost_ar,weather_0,2024-01-09 07:00:00,23.07962913144536,20.916990863346804
synthetic_weather,weather,xgboost_ar,weather_0,2024-01-09 07:10:00,22.93959482540397,20.916990863346804
synthetic_weather,weather,xgboost_ar,weather_0,2024-01-09 07:20:00,22.78528719276301,20.916990863346804
synthetic_weather,weather,xgboost_ar,weather_0,2024-01-09 07:30:00,22.61939766255644,20.916990863346804
synthetic_weather,weather,xgboost_ar,weather_0,2024-01-09 07:40:00,22.444714846349797,20.916990863346804
synthetic_weather,weather,xgboost_ar,weather_0,2024-01-09 07:50:00,22.26404409422829,20.91290029302
synthetic_weather,weather,xgboost_ar,weather_1,2024-01-09 00:00:00,19.49999999999999,19.5061965124443
synthetic_weather,weather,xgboost_ar,weather_1,2024-01-09 00:10:00,19.71050081333277,19.710270555997113
synthetic_weather,weather,xgboost_ar,weather_1,2024-01-09 00:20:00,19.90562502413126,19.74597561945281
synthetic_weather,weather,xgboost_ar,weather_1,2024-01-09 00:30:00,20.085643662992485,19.909174853379096
synthetic_weather,weather,xgboost_ar,weather_1,2024-01-09 00:40:00,20.25126310989412,20.0963947342103
synthetic_weather,weather,xgboost_ar,weather_1,2024-01-09 00:50:00,20.40359187453376,20.252208811613315
synthetic_weather,weather,xgboost_ar,weather_1,2024-01-09 01:00:00,20.544095225512603,20.37202738329842
synthetic_weather,weather,xgboost_ar,weather_1,2024-01-09 01:10:00,20.674539069184195,20.42573923652861
synthetic_weather,weather,xgboost_ar,weather_1,2024-01-09 01:20:00,20.796924805461803,20.577953679295504
synthetic_weather,weather,xgboost_ar,weather_1,2024-01-09 01:30:00,20.91341716182544,20.690728290559143
synthetic_weather,weather,xgboost_ar,weather_1,2024-01-09 01:40:00,21.02626721987004,20.805823497668886
synthetic_weather,weather,xgboost_ar,weather_1,2024-01-09 01:50:00,21.137732994512323,20.921754514385583
synthetic_weather,weather,xgboost_ar,weather_1,2024-01-09 02:00:00,21.249999999999982,21.02479888954356
synthetic_weather,weather,xgboost_ar,weather_1,2024-01-09 02:10:00,21.36510423689085,21.032644613518087
synthetic_weather,weather,xgboost_ar,weather_1,2024-01-09 02:20:00,21.484859960195738,21.143924140662076
synthetic_weather,weather,xgboost_ar,weather_1,2024-01-09 02:30:00,21.610794443151377,21.28539032827979
synthetic_weather,weather,xgboost_ar,weather_1,2024-01-09 02:40:00,21.744091738039735,21.414671601338437
synthetic_weather,weather,xgboost_ar,weather_1,2024-01-09 02:50:00,21.88554716157221,21.566063684791274
synthetic_weather,weather,xgboost_ar,weather_1,2024-01-09 03:00:00,22.03553390593272,21.624870256777232
synthetic_weather,weather,xgboost_ar,weather_1,2024-01-09 03:10:00,22.193982807544497,21.730060373973675
synthetic_weather,weather,xgboost_ar,weather_1,2024-01-09 03:20:00,22.36037590520191,21.771467941295352
synthetic_weather,weather,xgboost_ar,weather_1,2024-01-09 03:30:00,22.533753999563952,21.87896898693988
synthetic_weather,weather,xgboost_ar,weather_1,2024-01-09 03:40:00,22.712737999885466,21.913930501391455
synthetic_weather,weather,xgboost_ar,weather_1,2024-01-09 03:50:00,22.89556342422115,22.011236225021296
synthetic_weather,weather,xgboost_ar,weather_1,2024-01-09 04:00:00,23.080127018922212,22.005323560328826
synthetic_weather,weather,xgboost_ar,weather_1,2024-01-09 04:10:00,23.264044094228257,21.997020526395858
synthetic_weather,weather,xgboost_ar,weather_1,2024-01-09 04:20:00,23.444714846349765,21.94166500534169
synthetic_weather,weather,xgboost_ar,weather_1,2024-01-09 04:30:00,23.619397662556413,21.941428364251063
synthetic_weather,weather,xgboost_ar,weather_1,2024-01-09 04:40:00,23.785287192763008,21.93078455903265
synthetic_weather,weather,xgboost_ar,weather_1,2024-01-09 04:50:00,23.93959482540397,21.93078455903265
synthetic_weather,weather,xgboost_ar,weather_1,2024-01-09 05:00:00,24.079629131445337,21.924763871675363
synthetic_weather,weather,xgboost_ar,weather_1,2024-01-09 05:10:00,24.20287384044293,21.92479875837256
synthetic_weather,weather,xgboost_ar,weather_1,2024-01-09 05:20:00,24.307060986620524,21.918539748638032
synthetic_weather,weather,xgboost_ar,weather_1,2024-01-09 05:30:00,24.390237008761265,21.918835655081732
synthetic_weather,weather,xgboost_ar,weather_1,2024-01-09 05:40:00,24.450819800851676,21.91848973036133
synthetic_weather,weather,xgboost_ar,weather_1,2024-01-09 05:50:00,24.48764498441539,21.91771129466001
synthetic_weather,weather,xgboost_ar,weather_1,2024-01-09 06:00:00,24.5,21.91717958776899
synthetic_weather,weather,xgboost_ar,weather_1,2024-01-09 06:10:00,24.48764498441539,21.91717958776899
synthetic_weather,weather,xgboost_ar,weather_1,2024-01-09 06:20:00,24.450819800851686,21.91717958776899
synthetic_weather,weather,xgboost_ar,weather_1,2024-01-09 06:30:00,24.39023700876128,21.91717958776899
synthetic_weather,weather,xgboost_ar,weather_1,2024-01-09 06:40:00,24.307060986620538,21.91717958776899
synthetic_weather,weather,xgboost_ar,weather_1,2024-01-09 06:50:00,24.20287384044295,21.916990863346804
synthetic_weather,weather,xgboost_ar,weather_1,2024-01-09 07:00:00,24.07962913144536,21.916990863346804
synthetic_weather,weather,xgboost_ar,weather_1,2024-01-09 07:10:00,23.93959482540397,21.916990863346804
synthetic_weather,weather,xgboost_ar,weather_1,2024-01-09 07:20:00,23.78528719276301,21.916990863346804
synthetic_weather,weather,xgboost_ar,weather_1,2024-01-09 07:30:00,23.61939766255644,21.916990863346804
synthetic_weather,weather,xgboost_ar,weather_1,2024-01-09 07:40:00,23.444714846349797,21.916990863346804
synthetic_weather,weather,xgboost_ar,weather_1,2024-01-09 07:50:00,23.26404409422829,21.91290029302
synthetic_weather,weather,tabpfn_ts,weather_0,2024-01-09 00:00:00,18.49999999999999,18.685741424560547
synthetic_weather,weather,tabpfn_ts,weather_0,2024-01-09 00:10:00,18.71050081333277,18.751588821411133
synthetic_weather,weather,tabpfn_ts,weather_0,2024-01-09 00:20:00,18.90562502413126,18.81033706665039
synthetic_weather,weather,tabpfn_ts,weather_0,2024-01-09 00:30:00,19.085643662992485,18.870777130126953
synthetic_weather,weather,tabpfn_ts,weather_0,2024-01-09 00:40:00,19.25126310989412,18.931400299072266
synthetic_weather,weather,tabpfn_ts,weather_0,2024-01-09 00:50:00,19.40359187453376,18.967967987060547
synthetic_weather,weather,tabpfn_ts,weather_0,2024-01-09 01:00:00,19.544095225512603,19.236785888671875
synthetic_weather,weather,tabpfn_ts,weather_0,2024-01-09 01:10:00,19.674539069184195,19.265771865844727
synthetic_weather,weather,tabpfn_ts,weather_0,2024-01-09 01:20:00,19.796924805461803,19.298664093017578
synthetic_weather,weather,tabpfn_ts,weather_0,2024-01-09 01:30:00,19.91341716182544,19.308942794799805
synthetic_weather,weather,tabpfn_ts,weather_0,2024-01-09 01:40:00,20.02626721987004,19.34825325012207
synthetic_weather,weather,tabpfn_ts,weather_0,2024-01-09 01:50:00,20.137732994512323,19.36440658569336
synthetic_weather,weather,tabpfn_ts,weather_0,2024-01-09 02:00:00,20.249999999999982,19.506359100341797
synthetic_weather,weather,tabpfn_ts,weather_0,2024-01-09 02:10:00,20.36510423689085,19.55573844909668
synthetic_weather,weather,tabpfn_ts,weather_0,2024-01-09 02:20:00,20.484859960195738,19.59478187561035
synthetic_weather,weather,tabpfn_ts,weather_0,2024-01-09 02:30:00,20.610794443151377,19.61143684387207
synthetic_weather,weather,tabpfn_ts,weather_0,2024-01-09 02:40:00,20.744091738039735,19.644424438476562
synthetic_weather,weather,tabpfn_ts,weather_0,2024-01-09 02:50:00,20.88554716157221,19.64150047302246
synthetic_weather,weather,tabpfn_ts,weather_0,2024-01-09 03:00:00,21.03553390593272,20.020713806152344
synthetic_weather,weather,tabpfn_ts,weather_0,2024-01-09 03:10:00,21.193982807544497,20.112579345703125
synthetic_weather,weather,tabpfn_ts,weather_0,2024-01-09 03:20:00,21.36037590520191,20.191242218017578
synthetic_weather,weather,tabpfn_ts,weather_0,2024-01-09 03:30:00,21.533753999563952,20.263418197631836
synthetic_weather,weather,tabpfn_ts,weather_0,2024-01-09 03:40:00,21.712737999885466,20.35074234008789
synthetic_weather,weather,tabpfn_ts,weather_0,2024-01-09 03:50:00,21.89556342422115,20.393016815185547
synthetic_weather,weather,tabpfn_ts,weather_0,2024-01-09 04:00:00,22.080127018922212,20.966472625732422
synthetic_weather,weather,tabpfn_ts,weather_0,2024-01-09 04:10:00,22.264044094228257,21.069751739501953
synthetic_weather,weather,tabpfn_ts,weather_0,2024-01-09 04:20:00,22.444714846349765,21.10499382019043
synthetic_weather,weather,tabpfn_ts,weather_0,2024-01-09 04:30:00,22.619397662556413,21.151594161987305
synthetic_weather,weather,tabpfn_ts,weather_0,2024-01-09 04:40:00,22.785287192763008,21.140905380249023
synthetic_weather,weather,tabpfn_ts,weather_0,2024-01-09 04:50:00,22.93959482540397,21.10698127746582
synthetic_weather,weather,tabpfn_ts,weather_0,2024-01-09 05:00:00,23.079629131445337,21.447914123535156
synthetic_weather,weather,tabpfn_ts,weather_0,2024-01-09 05:10:00,23.20287384044293,21.44508934020996
synthetic_weather,weather,tabpfn_ts,weather_0,2024-01-09 05:20:00,23.307060986620524,21.445608139038086
synthetic_weather,weather,tabpfn_ts,weather_0,2024-01-09 05:30:00,23.390237008761265,21.40546989440918
synthetic_weather,weather,tabpfn_ts,weather_0,2024-01-09 05:40:00,23.450819800851676,21.376066207885742
synthetic_weather,weather,tabpfn_ts,weather_0,2024-01-09 05:50:00,23.48764498441539,21.298301696777344
synthetic_weather,weather,tabpfn_ts,weather_0,2024-01-09 06:00:00,23.5,21.374595642089844
synthetic_weather,weather,tabpfn_ts,weather_0,2024-01-09 06:10:00,23.48764498441539,21.298002243041992
synthetic_weather,weather,tabpfn_ts,weather_0,2024-01-09 06:20:00,23.450819800851686,21.209178924560547
synthetic_weather,weather,tabpfn_ts,weather_0,2024-01-09 06:30:00,23.39023700876128,21.100994110107422
synthetic_weather,weather,tabpfn_ts,weather_0,2024-01-09 06:40:00,23.307060986620538,20.99835777282715
synthetic_weather,weather,tabpfn_ts,weather_0,2024-01-09 06:50:00,23.20287384044295,20.89951515197754
synthetic_weather,weather,tabpfn_ts,weather_0,2024-01-09 07:00:00,23.07962913144536,20.377567291259766
synthetic_weather,weather,tabpfn_ts,weather_0,2024-01-09 07:10:00,22.93959482540397,20.29806900024414
synthetic_weather,weather,tabpfn_ts,weather_0,2024-01-09 07:20:00,22.78528719276301,20.198997497558594
synthetic_weather,weather,tabpfn_ts,weather_0,2024-01-09 07:30:00,22.61939766255644,20.15454864501953
synthetic_weather,weather,tabpfn_ts,weather_0,2024-01-09 07:40:00,22.444714846349797,20.101163864135742
synthetic_weather,weather,tabpfn_ts,weather_0,2024-01-09 07:50:00,22.26404409422829,20.069169998168945
synthetic_weather,weather,tabpfn_ts,weather_1,2024-01-09 00:00:00,19.49999999999999,19.685741424560547
synthetic_weather,weather,tabpfn_ts,weather_1,2024-01-09 00:10:00,19.71050081333277,19.751588821411133
synthetic_weather,weather,tabpfn_ts,weather_1,2024-01-09 00:20:00,19.90562502413126,19.81033706665039
synthetic_weather,weather,tabpfn_ts,weather_1,2024-01-09 00:30:00,20.085643662992485,19.870777130126953
synthetic_weather,weather,tabpfn_ts,weather_1,2024-01-09 00:40:00,20.25126310989412,19.931400299072266
synthetic_weather,weather,tabpfn_ts,weather_1,2024-01-09 00:50:00,20.40359187453376,19.967967987060547
synthetic_weather,weather,tabpfn_ts,weather_1,2024-01-09 01:00:00,20.544095225512603,20.236785888671875
synthetic_weather,weather,tabpfn_ts,weather_1,2024-01-09 01:10:00,20.674539069184195,20.265771865844727
synthetic_weather,weather,tabpfn_ts,weather_1,2024-01-09 01:20:00,20.796924805461803,20.298664093017578
synthetic_weather,weather,tabpfn_ts,weather_1,2024-01-09 01:30:00,20.91341716182544,20.308942794799805
synthetic_weather,weather,tabpfn_ts,weather_1,2024-01-09 01:40:00,21.02626721987004,20.34825325012207
synthetic_weather,weather,tabpfn_ts,weather_1,2024-01-09 01:50:00,21.137732994512323,20.36440658569336
synthetic_weather,weather,tabpfn_ts,weather_1,2024-01-09 02:00:00,21.249999999999982,20.506359100341797
synthetic_weather,weather,tabpfn_ts,weather_1,2024-01-09 02:10:00,21.36510423689085,20.55573844909668
synthetic_weather,weather,tabpfn_ts,weather_1,2024-01-09 02:20:00,21.484859960195738,20.59478187561035
synthetic_weather,weather,tabpfn_ts,weather_1,2024-01-09 02:30:00,21.610794443151377,20.61143684387207
synthetic_weather,weather,tabpfn_ts,weather_1,2024-01-09 02:40:00,21.744091738039735,20.644424438476562
synthetic_weather,weather,tabpfn_ts,weather_1,2024-01-09 02:50:00,21.88554716157221,20.64150047302246
synthetic_weather,weather,tabpfn_ts,weather_1,2024-01-09 03:00:00,22.03553390593272,21.020713806152344
synthetic_weather,weather,tabpfn_ts,weather_1,2024-01-09 03:10:00,22.193982807544497,21.112579345703125
synthetic_weather,weather,tabpfn_ts,weather_1,2024-01-09 03:20:00,22.36037590520191,21.191242218017578
synthetic_weather,weather,tabpfn_ts,weather_1,2024-01-09 03:30:00,22.533753999563952,21.263418197631836
synthetic_weather,weather,tabpfn_ts,weather_1,2024-01-09 03:40:00,22.712737999885466,21.35074234008789
synthetic_weather,weather,tabpfn_ts,weather_1,2024-01-09 03:50:00,22.89556342422115,21.393016815185547
synthetic_weather,weather,tabpfn_ts,weather_1,2024-01-09 04:00:00,23.080127018922212,21.966472625732422
synthetic_weather,weather,tabpfn_ts,weather_1,2024-01-09 04:10:00,23.264044094228257,22.069751739501953
synthetic_weather,weather,tabpfn_ts,weather_1,2024-01-09 04:20:00,23.444714846349765,22.10499382019043
synthetic_weather,weather,tabpfn_ts,weather_1,2024-01-09 04:30:00,23.619397662556413,22.151594161987305
synthetic_weather,weather,tabpfn_ts,weather_1,2024-01-09 04:40:00,23.785287192763008,22.140905380249023
synthetic_weather,weather,tabpfn_ts,weather_1,2024-01-09 04:50:00,23.93959482540397,22.10698127746582
synthetic_weather,weather,tabpfn_ts,weather_1,2024-01-09 05:00:00,24.079629131445337,22.447914123535156
synthetic_weather,weather,tabpfn_ts,weather_1,2024-01-09 05:10:00,24.20287384044293,22.44508934020996
synthetic_weather,weather,tabpfn_ts,weather_1,2024-01-09 05:20:00,24.307060986620524,22.445608139038086
synthetic_weather,weather,tabpfn_ts,weather_1,2024-01-09 05:30:00,24.390237008761265,22.40546989440918
synthetic_weather,weather,tabpfn_ts,weather_1,2024-01-09 05:40:00,24.450819800851676,22.376066207885742
synthetic_weather,weather,tabpfn_ts,weather_1,2024-01-09 05:50:00,24.48764498441539,22.298301696777344
synthetic_weather,weather,tabpfn_ts,weather_1,2024-01-09 06:00:00,24.5,22.374595642089844
synthetic_weather,weather,tabpfn_ts,weather_1,2024-01-09 06:10:00,24.48764498441539,22.298002243041992
synthetic_weather,weather,tabpfn_ts,weather_1,2024-01-09 06:20:00,24.450819800851686,22.209178924560547
synthetic_weather,weather,tabpfn_ts,weather_1,2024-01-09 06:30:00,24.39023700876128,22.100994110107422
synthetic_weather,weather,tabpfn_ts,weather_1,2024-01-09 06:40:00,24.307060986620538,21.99835777282715
synthetic_weather,weather,tabpfn_ts,weather_1,2024-01-09 06:50:00,24.20287384044295,21.89951515197754
synthetic_weather,weather,tabpfn_ts,weather_1,2024-01-09 07:00:00,24.07962913144536,21.377567291259766
synthetic_weather,weather,tabpfn_ts,weather_1,2024-01-09 07:10:00,23.93959482540397,21.29806900024414
synthetic_weather,weather,tabpfn_ts,weather_1,2024-01-09 07:20:00,23.78528719276301,21.198997497558594
synthetic_weather,weather,tabpfn_ts,weather_1,2024-01-09 07:30:00,23.61939766255644,21.15454864501953
synthetic_weather,weather,tabpfn_ts,weather_1,2024-01-09 07:40:00,23.444714846349797,21.101163864135742
synthetic_weather,weather,tabpfn_ts,weather_1,2024-01-09 07:50:00,23.26404409422829,21.069169998168945
synthetic_exchange,economics,dummy_mean,exchange_0,2025-01-07 00:00:00,4.7825465185974405,3.7542680169188962
synthetic_exchange,economics,dummy_mean,exchange_0,2025-01-08 00:00:00,4.807994232974547,3.7542680169188962
synthetic_exchange,economics,dummy_mean,exchange_0,2025-01-09 00:00:00,4.774710699129405,3.7542680169188962
synthetic_exchange,economics,dummy_mean,exchange_0,2025-01-10 00:00:00,4.715289300870598,3.7542680169188962
synthetic_exchange,economics,dummy_mean,exchange_0,2025-01-11 00:00:00,4.682005767025454,3.7542680169188962
synthetic_exchange,economics,dummy_mean,exchange_0,2025-01-12 00:00:00,4.707453481402554,3.7542680169188962
synthetic_exchange,economics,dummy_mean,exchange_0,2025-01-13 00:00:00,4.780000000000003,3.7542680169188962
synthetic_exchange,economics,dummy_mean,exchange_0,2025-01-14 00:00:00,4.852546518597442,3.7542680169188962
synthetic_exchange,economics,dummy_mean,exchange_0,2025-01-15 00:00:00,4.8779942329745465,3.7542680169188962
synthetic_exchange,economics,dummy_mean,exchange_0,2025-01-16 00:00:00,4.844710699129407,3.7542680169188962
synthetic_exchange,economics,dummy_mean,exchange_0,2025-01-17 00:00:00,4.785289300870596,3.7542680169188962
synthetic_exchange,economics,dummy_mean,exchange_0,2025-01-18 00:00:00,4.752005767025455,3.7542680169188962
synthetic_exchange,economics,dummy_mean,exchange_0,2025-01-19 00:00:00,4.777453481402556,3.7542680169188962
synthetic_exchange,economics,dummy_mean,exchange_0,2025-01-20 00:00:00,4.8500000000000005,3.7542680169188962
synthetic_exchange,economics,dummy_mean,exchange_0,2025-01-21 00:00:00,4.92254651859744,3.7542680169188962
synthetic_exchange,economics,dummy_mean,exchange_0,2025-01-22 00:00:00,4.947994232974546,3.7542680169188962
synthetic_exchange,economics,dummy_mean,exchange_0,2025-01-23 00:00:00,4.914710699129407,3.7542680169188962
synthetic_exchange,economics,dummy_mean,exchange_0,2025-01-24 00:00:00,4.855289300870598,3.7542680169188962
synthetic_exchange,economics,dummy_mean,exchange_0,2025-01-25 00:00:00,4.8220057670254555,3.7542680169188962
synthetic_exchange,economics,dummy_mean,exchange_0,2025-01-26 00:00:00,4.8474534814025585,3.7542680169188962
synthetic_exchange,economics,dummy_mean,exchange_0,2025-01-27 00:00:00,4.919999999999999,3.7542680169188962
synthetic_exchange,economics,dummy_mean,exchange_0,2025-01-28 00:00:00,4.992546518597442,3.7542680169188962
synthetic_exchange,economics,dummy_mean,exchange_0,2025-01-29 00:00:00,5.017994232974546,3.7542680169188962
synthetic_exchange,economics,dummy_mean,exchange_0,2025-01-30 00:00:00,4.984710699129406,3.7542680169188962
synthetic_exchange,economics,dummy_mean,exchange_0,2025-01-31 00:00:00,4.9252893008705945,3.7542680169188962
synthetic_exchange,economics,dummy_mean,exchange_0,2025-02-01 00:00:00,4.892005767025455,3.7542680169188962
synthetic_exchange,economics,dummy_mean,exchange_0,2025-02-02 00:00:00,4.917453481402558,3.7542680169188962
synthetic_exchange,economics,dummy_mean,exchange_0,2025-02-03 00:00:00,4.9899999999999975,3.7542680169188962
synthetic_exchange,economics,dummy_mean,exchange_0,2025-02-04 00:00:00,5.062546518597442,3.7542680169188962
synthetic_exchange,economics,dummy_mean,exchange_0,2025-02-05 00:00:00,5.0879942329745464,3.7542680169188962
synthetic_exchange,economics,dummy_mean,exchange_0,2025-02-06 00:00:00,5.054710699129407,3.7542680169188962
synthetic_exchange,economics,dummy_mean,exchange_0,2025-02-07 00:00:00,4.9952893008706,3.7542680169188962
synthetic_exchange,economics,dummy_mean,exchange_0,2025-02-08 00:00:00,4.962005767025454,3.7542680169188962
synthetic_exchange,economics,dummy_mean,exchange_0,2025-02-09 00:00:00,4.987453481402556,3.7542680169188962
synthetic_exchange,economics,dummy_mean,exchange_0,2025-02-10 00:00:00,5.0600000000000005,3.7542680169188962
synthetic_exchange,economics,dummy_mean,exchange_0,2025-02-11 00:00:00,5.132546518597444,3.7542680169188962
synthetic_exchange,economics,dummy_mean,exchange_0,2025-02-12 00:00:00,5.157994232974546,3.7542680169188962
synthetic_exchange,economics,dummy_mean,exchange_0,2025-02-13 00:00:00,5.124710699129404,3.7542680169188962
synthetic_exchange,economics,dummy_mean,exchange_0,2025-02-14 00:00:00,5.065289300870597,3.7542680169188962
synthetic_exchange,economics,dummy_mean,exchange_0,2025-02-15 00:00:00,5.0320057670254545,3.7542680169188962
synthetic_exchange,economics,dummy_mean,exchange_0,2025-02-16 00:00:00,5.057453481402556,3.7542680169188962
synthetic_exchange,economics,dummy_mean,exchange_0,2025-02-17 00:00:00,5.129999999999998,3.7542680169188962
synthetic_exchange,economics,dummy_mean,exchange_0,2025-02-18 00:00:00,5.2025465185974396,3.7542680169188962
synthetic_exchange,economics,dummy_mean,exchange_0,2025-02-19 00:00:00,5.227994232974547,3.7542680169188962
synthetic_exchange,economics,dummy_mean,exchange_0,2025-02-20 00:00:00,5.194710699129402,3.7542680169188962
synthetic_exchange,economics,dummy_mean,exchange_0,2025-02-21 00:00:00,5.135289300870594,3.7542680169188962
synthetic_exchange,economics,dummy_mean,exchange_0,2025-02-22 00:00:00,5.102005767025453,3.7542680169188962
synthetic_exchange,economics,dummy_mean,exchange_0,2025-02-23 00:00:00,5.127453481402558,3.7542680169188962
synthetic_exchange,economics,dummy_mean,exchange_1,2025-01-07 00:00:00,4.812546518597441,3.784268016918896
synthetic_exchange,economics,dummy_mean,exchange_1,2025-01-08 00:00:00,4.837994232974547,3.784268016918896
synthetic_exchange,economics,dummy_mean,exchange_1,2025-01-09 00:00:00,4.804710699129405,3.784268016918896
synthetic_exchange,economics,dummy_mean,exchange_1,2025-01-10 00:00:00,4.745289300870598,3.784268016918896
synthetic_exchange,economics,dummy_mean,exchange_1,2025-01-11 00:00:00,4.712005767025454,3.784268016918896
synthetic_exchange,economics,dummy_mean,exchange_1,2025-01-12 00:00:00,4.737453481402555,3.784268016918896
synthetic_exchange,economics,dummy_mean,exchange_1,2025-01-13 00:00:00,4.810000000000003,3.784268016918896
synthetic_exchange,economics,dummy_mean,exchange_1,2025-01-14 00:00:00,4.882546518597442,3.784268016918896
synthetic_exchange,economics,dummy_mean,exchange_1,2025-01-15 00:00:00,4.907994232974547,3.784268016918896
synthetic_exchange,economics,dummy_mean,exchange_1,2025-01-16 00:00:00,4.874710699129407,3.784268016918896
synthetic_exchange,economics,dummy_mean,exchange_1,2025-01-17 00:00:00,4.815289300870596,3.784268016918896
synthetic_exchange,economics,dummy_mean,exchange_1,2025-01-18 00:00:00,4.782005767025455,3.784268016918896
synthetic_exchange,economics,dummy_mean,exchange_1,2025-01-19 00:00:00,4.807453481402557,3.784268016918896
synthetic_exchange,economics,dummy_mean,exchange_1,2025-01-20 00:00:00,4.880000000000001,3.784268016918896
synthetic_exchange,economics,dummy_mean,exchange_1,2025-01-21 00:00:00,4.95254651859744,3.784268016918896
synthetic_exchange,economics,dummy_mean,exchange_1,2025-01-22 00:00:00,4.977994232974546,3.784268016918896
synthetic_exchange,economics,dummy_mean,exchange_1,2025-01-23 00:00:00,4.944710699129407,3.784268016918896
synthetic_exchange,economics,dummy_mean,exchange_1,2025-01-24 00:00:00,4.885289300870598,3.784268016918896
synthetic_exchange,economics,dummy_mean,exchange_1,2025-01-25 00:00:00,4.852005767025456,3.784268016918896
synthetic_exchange,economics,dummy_mean,exchange_1,2025-01-26 00:00:00,4.877453481402559,3.784268016918896
synthetic_exchange,economics,dummy_mean,exchange_1,2025-01-27 00:00:00,4.949999999999999,3.784268016918896
synthetic_exchange,economics,dummy_mean,exchange_1,2025-01-28 00:00:00,5.0225465185974425,3.784268016918896
synthetic_exchange,economics,dummy_mean,exchange_1,2025-01-29 00:00:00,5.047994232974546,3.784268016918896
synthetic_exchange,economics,dummy_mean,exchange_1,2025-01-30 00:00:00,5.014710699129406,3.784268016918896
synthetic_exchange,economics,dummy_mean,exchange_1,2025-01-31 00:00:00,4.955289300870595,3.784268016918896
synthetic_exchange,economics,dummy_mean,exchange_1,2025-02-01 00:00:00,4.922005767025455,3.784268016918896
synthetic_exchange,economics,dummy_mean,exchange_1,2025-02-02 00:00:00,4.947453481402558,3.784268016918896
synthetic_exchange,economics,dummy_mean,exchange_1,2025-02-03 00:00:00,5.019999999999998,3.784268016918896
synthetic_exchange,economics,dummy_mean,exchange_1,2025-02-04 00:00:00,5.092546518597442,3.784268016918896
synthetic_exchange,economics,dummy_mean,exchange_1,2025-02-05 00:00:00,5.117994232974547,3.784268016918896
synthetic_exchange,economics,dummy_mean,exchange_1,2025-02-06 00:00:00,5.084710699129407,3.784268016918896
synthetic_exchange,economics,dummy_mean,exchange_1,2025-02-07 00:00:00,5.0252893008706,3.784268016918896
synthetic_exchange,economics,dummy_mean,exchange_1,2025-02-08 00:00:00,4.9920057670254545,3.784268016918896
synthetic_exchange,economics,dummy_mean,exchange_1,2025-02-09 00:00:00,5.017453481402557,3.784268016918896
synthetic_exchange,economics,dummy_mean,exchange_1,2025-02-10 00:00:00,5.090000000000001,3.784268016918896
synthetic_exchange,economics,dummy_mean,exchange_1,2025-02-11 00:00:00,5.162546518597444,3.784268016918896
synthetic_exchange,economics,dummy_mean,exchange_1,2025-02-12 00:00:00,5.187994232974546,3.784268016918896
synthetic_exchange,economics,dummy_mean,exchange_1,2025-02-13 00:00:00,5.154710699129404,3.784268016918896
synthetic_exchange,economics,dummy_mean,exchange_1,2025-02-14 00:00:00,5.095289300870597,3.784268016918896
synthetic_exchange,economics,dummy_mean,exchange_1,2025-02-15 00:00:00,5.062005767025455,3.784268016918896
synthetic_exchange,economics,dummy_mean,exchange_1,2025-02-16 00:00:00,5.087453481402556,3.784268016918896
synthetic_exchange,economics,dummy_mean,exchange_1,2025-02-17 00:00:00,5.159999999999998,3.784268016918896
synthetic_exchange,economics,dummy_mean,exchange_1,2025-02-18 00:00:00,5.23254651859744,3.784268016918896
synthetic_exchange,economics,dummy_mean,exchange_1,2025-02-19 00:00:00,5.257994232974547,3.784268016918896
synthetic_exchange,economics,dummy_mean,exchange_1,2025-02-20 00:00:00,5.224710699129402,3.784268016918896
synthetic_exchange,economics,dummy_mean,exchange_1,2025-02-21 00:00:00,5.165289300870595,3.784268016918896
synthetic_exchange,economics,dummy_mean,exchange_1,2025-02-22 00:00:00,5.132005767025453,3.784268016918896
synthetic_exchange,economics,dummy_mean,exchange_1,2025-02-23 00:00:00,5.157453481402558,3.784268016918896
synthetic_exchange,economics,dummy_mean,exchange_2,2025-01-07 00:00:00,4.84254651859744,3.8142680169188963
synthetic_exchange,economics,dummy_mean,exchange_2,2025-01-08 00:00:00,4.867994232974547,3.8142680169188963
synthetic_exchange,economics,dummy_mean,exchange_2,2025-01-09 00:00:00,4.834710699129404,3.8142680169188963
synthetic_exchange,economics,dummy_mean,exchange_2,2025-01-10 00:00:00,4.775289300870598,3.8142680169188963
synthetic_exchange,economics,dummy_mean,exchange_2,2025-01-11 00:00:00,4.742005767025454,3.8142680169188963
synthetic_exchange,economics,dummy_mean,exchange_2,2025-01-12 00:00:00,4.767453481402554,3.8142680169188963
synthetic_exchange,economics,dummy_mean,exchange_2,2025-01-13 00:00:00,4.8400000000000025,3.8142680169188963
synthetic_exchange,economics,dummy_mean,exchange_2,2025-01-14 00:00:00,4.912546518597441,3.8142680169188963
synthetic_exchange,economics,dummy_mean,exchange_2,2025-01-15 00:00:00,4.937994232974546,3.8142680169188963
synthetic_exchange,economics,dummy_mean,exchange_2,2025-01-16 00:00:00,4.9047106991294065,3.8142680169188963
synthetic_exchange,economics,dummy_mean,exchange_2,2025-01-17 00:00:00,4.845289300870595,3.8142680169188963
synthetic_exchange,economics,dummy_mean,exchange_2,2025-01-18 00:00:00,4.812005767025455,3.8142680169188963
synthetic_exchange,economics,dummy_mean,exchange_2,2025-01-19 00:00:00,4.837453481402556,3.8142680169188963
synthetic_exchange,economics,dummy_mean,exchange_2,2025-01-20 00:00:00,4.91,3.8142680169188963
synthetic_exchange,economics,dummy_mean,exchange_2,2025-01-21 00:00:00,4.98254651859744,3.8142680169188963
synthetic_exchange,economics,dummy_mean,exchange_2,2025-01-22 00:00:00,5.0079942329745455,3.8142680169188963
synthetic_exchange,economics,dummy_mean,exchange_2,2025-01-23 00:00:00,4.974710699129407,3.8142680169188963
synthetic_exchange,economics,dummy_mean,exchange_2,2025-01-24 00:00:00,4.915289300870597,3.8142680169188963
synthetic_exchange,economics,dummy_mean,exchange_2,2025-01-25 00:00:00,4.882005767025455,3.8142680169188963
synthetic_exchange,economics,dummy_mean,exchange_2,2025-01-26 00:00:00,4.907453481402558,3.8142680169188963
synthetic_exchange,economics,dummy_mean,exchange_2,2025-01-27 00:00:00,4.979999999999999,3.8142680169188963
synthetic_exchange,economics,dummy_mean,exchange_2,2025-01-28 00:00:00,5.052546518597442,3.8142680169188963
synthetic_exchange,economics,dummy_mean,exchange_2,2025-01-29 00:00:00,5.077994232974546,3.8142680169188963
synthetic_exchange,economics,dummy_mean,exchange_2,2025-01-30 00:00:00,5.044710699129405,3.8142680169188963
synthetic_exchange,economics,dummy_mean,exchange_2,2025-01-31 00:00:00,4.985289300870594,3.8142680169188963
synthetic_exchange,economics,dummy_mean,exchange_2,2025-02-01 00:00:00,4.9520057670254545,3.8142680169188963
synthetic_exchange,economics,dummy_mean,exchange_2,2025-02-02 00:00:00,4.9774534814025575,3.8142680169188963
synthetic_exchange,economics,dummy_mean,exchange_2,2025-02-03 00:00:00,5.049999999999997,3.8142680169188963
synthetic_exchange,economics,dummy_mean,exchange_2,2025-02-04 00:00:00,5.122546518597441,3.8142680169188963
synthetic_exchange,economics,dummy_mean,exchange_2,2025-02-05 00:00:00,5.147994232974546,3.8142680169188963
synthetic_exchange,economics,dummy_mean,exchange_2,2025-02-06 00:00:00,5.1147106991294065,3.8142680169188963
synthetic_exchange,economics,dummy_mean,exchange_2,2025-02-07 00:00:00,5.0552893008706,3.8142680169188963
synthetic_exchange,economics,dummy_mean,exchange_2,2025-02-08 00:00:00,5.022005767025454,3.8142680169188963
synthetic_exchange,economics,dummy_mean,exchange_2,2025-02-09 00:00:00,5.047453481402556,3.8142680169188963
synthetic_exchange,economics,dummy_mean,exchange_2,2025-02-10 00:00:00,5.12,3.8142680169188963
synthetic_exchange,economics,dummy_mean,exchange_2,2025-02-11 00:00:00,5.192546518597443,3.8142680169188963
synthetic_exchange,economics,dummy_mean,exchange_2,2025-02-12 00:00:00,5.2179942329745455,3.8142680169188963
synthetic_exchange,economics,dummy_mean,exchange_2,2025-02-13 00:00:00,5.184710699129403,3.8142680169188963
synthetic_exchange,economics,dummy_mean,exchange_2,2025-02-14 00:00:00,5.125289300870596,3.8142680169188963
synthetic_exchange,economics,dummy_mean,exchange_2,2025-02-15 00:00:00,5.092005767025454,3.8142680169188963
synthetic_exchange,economics,dummy_mean,exchange_2,2025-02-16 00:00:00,5.117453481402555,3.8142680169188963
synthetic_exchange,economics,dummy_mean,exchange_2,2025-02-17 00:00:00,5.189999999999998,3.8142680169188963
synthetic_exchange,economics,dummy_mean,exchange_2,2025-02-18 00:00:00,5.262546518597439,3.8142680169188963
synthetic_exchange,economics,dummy_mean,exchange_2,2025-02-19 00:00:00,5.287994232974547,3.8142680169188963
synthetic_exchange,economics,dummy_mean,exchange_2,2025-02-20 00:00:00,5.254710699129402,3.8142680169188963
synthetic_exchange,economics,dummy_mean,exchange_2,2025-02-21 00:00:00,5.195289300870594,3.8142680169188963
synthetic_exchange,economics,dummy_mean,exchange_2,2025-02-22 00:00:00,5.162005767025453,3.8142680169188963
synthetic_exchange,economics,dummy_mean,exchange_2,2025-02-23 00:00:00,5.1874534814025575,3.8142680169188963
synthetic_exchange,economics,seasonal_naive,exchange_0,2025-01-07 00:00:00,4.7825465185974405,4.4020057670254555
synthetic_exchange,economics,seasonal_naive,exchange_0,2025-01-08 00:00:00,4.807994232974547,4.427453481402557
synthetic_exchange,economics,seasonal_naive,exchange_0,2025-01-09 00:00:00,4.774710699129405,4.499999999999996
synthetic_exchange,economics,seasonal_naive,exchange_0,2025-01-10 00:00:00,4.715289300870598,4.5725465185974405
synthetic_exchange,economics,seasonal_naive,exchange_0,2025-01-11 00:00:00,4.682005767025454,4.597994232974547
synthetic_exchange,economics,seasonal_naive,exchange_0,2025-01-12 00:00:00,4.707453481402554,4.564710699129404
synthetic_exchange,economics,seasonal_naive,exchange_0,2025-01-13 00:00:00,4.780000000000003,4.505289300870594
synthetic_exchange,economics,seasonal_naive,exchange_0,2025-01-14 00:00:00,4.852546518597442,4.472005767025455
synthetic_exchange,economics,seasonal_naive,exchange_0,2025-01-15 00:00:00,4.8779942329745465,4.497453481402559
synthetic_exchange,economics,seasonal_naive,exchange_0,2025-01-16 00:00:00,4.844710699129407,4.5699999999999985
synthetic_exchange,economics,seasonal_naive,exchange_0,2025-01-17 00:00:00,4.785289300870596,4.642546518597443
synthetic_exchange,economics,seasonal_naive,exchange_0,2025-01-18 00:00:00,4.752005767025455,4.6679942329745465
synthetic_exchange,economics,seasonal_naive,exchange_0,2025-01-19 00:00:00,4.777453481402556,4.634710699129405
synthetic_exchange,economics,seasonal_naive,exchange_0,2025-01-20 00:00:00,4.8500000000000005,4.575289300870598
synthetic_exchange,economics,seasonal_naive,exchange_0,2025-01-21 00:00:00,4.92254651859744,4.542005767025454
synthetic_exchange,economics,seasonal_naive,exchange_0,2025-01-22 00:00:00,4.947994232974546,4.567453481402557
synthetic_exchange,economics,seasonal_naive,exchange_0,2025-01-23 00:00:00,4.914710699129407,4.639999999999997
synthetic_exchange,economics,seasonal_naive,exchange_0,2025-01-24 00:00:00,4.855289300870598,4.712546518597445
synthetic_exchange,economics,seasonal_naive,exchange_0,2025-01-25 00:00:00,4.8220057670254555,4.737994232974546
synthetic_exchange,economics,seasonal_naive,exchange_0,2025-01-26 00:00:00,4.8474534814025585,4.704710699129403
synthetic_exchange,economics,seasonal_naive,exchange_0,2025-01-27 00:00:00,4.919999999999999,4.645289300870596
synthetic_exchange,economics,seasonal_naive,exchange_0,2025-01-28 00:00:00,4.992546518597442,4.612005767025454
synthetic_exchange,economics,seasonal_naive,exchange_0,2025-01-29 00:00:00,5.017994232974546,4.637453481402557
synthetic_exchange,economics,seasonal_naive,exchange_0,2025-01-30 00:00:00,4.984710699129406,4.709999999999999
synthetic_exchange,economics,seasonal_naive,exchange_0,2025-01-31 00:00:00,4.9252893008705945,4.4020057670254555
synthetic_exchange,economics,seasonal_naive,exchange_0,2025-02-01 00:00:00,4.892005767025455,4.427453481402557
synthetic_exchange,economics,seasonal_naive,exchange_0,2025-02-02 00:00:00,4.917453481402558,4.499999999999996
synthetic_exchange,economics,seasonal_naive,exchange_0,2025-02-03 00:00:00,4.9899999999999975,4.5725465185974405
synthetic_exchange,economics,seasonal_naive,exchange_0,2025-02-04 00:00:00,5.062546518597442,4.597994232974547
synthetic_exchange,economics,seasonal_naive,exchange_0,2025-02-05 00:00:00,5.0879942329745464,4.564710699129404
synthetic_exchange,economics,seasonal_naive,exchange_0,2025-02-06 00:00:00,5.054710699129407,4.505289300870594
synthetic_exchange,economics,seasonal_naive,exchange_0,2025-02-07 00:00:00,4.9952893008706,4.472005767025455
synthetic_exchange,economics,seasonal_naive,exchange_0,2025-02-08 00:00:00,4.962005767025454,4.497453481402559
synthetic_exchange,economics,seasonal_naive,exchange_0,2025-02-09 00:00:00,4.987453481402556,4.5699999999999985
synthetic_exchange,economics,seasonal_naive,exchange_0,2025-02-10 00:00:00,5.0600000000000005,4.642546518597443
synthetic_exchange,economics,seasonal_naive,exchange_0,2025-02-11 00:00:00,5.132546518597444,4.6679942329745465
synthetic_exchange,economics,seasonal_naive,exchange_0,2025-02-12 00:00:00,5.157994232974546,4.634710699129405
synthetic_exchange,economics,seasonal_naive,exchange_0,2025-02-13 00:00:00,5.124710699129404,4.575289300870598
synthetic_exchange,economics,seasonal_naive,exchange_0,2025-02-14 00:00:00,5.065289300870597,4.542005767025454
synthetic_exchange,economics,seasonal_naive,exchange_0,2025-02-15 00:00:00,5.0320057670254545,4.567453481402557
synthetic_exchange,economics,seasonal_naive,exchange_0,2025-02-16 00:00:00,5.057453481402556,4.639999999999997
synthetic_exchange,economics,seasonal_naive,exchange_0,2025-02-17 00:00:00,5.129999999999998,4.712546518597445
synthetic_exchange,economics,seasonal_naive,exchange_0,2025-02-18 00:00:00,5.2025465185974396,4.737994232974546
synthetic_exchange,economics,seasonal_naive,exchange_0,2025-02-19 00:00:00,5.227994232974547,4.704710699129403
synthetic_exchange,economics,seasonal_naive,exchange_0,2025-02-20 00:00:00,5.194710699129402,4.645289300870596
synthetic_exchange,economics,seasonal_naive,exchange_0,2025-02-21 00:00:00,5.135289300870594,4.612005767025454
synthetic_exchange,economics,seasonal_naive,exchange_0,2025-02-22 00:00:00,5.102005767025453,4.637453481402557
synthetic_exchange,economics,seasonal_naive,exchange_0,2025-02-23 00:00:00,5.127453481402558,4.709999999999999
synthetic_exchange,economics,seasonal_naive,exchange_1,2025-01-07 00:00:00,4.812546518597441,4.432005767025456
synthetic_exchange,economics,seasonal_naive,exchange_1,2025-01-08 00:00:00,4.837994232974547,4.457453481402557
synthetic_exchange,economics,seasonal_naive,exchange_1,2025-01-09 00:00:00,4.804710699129405,4.529999999999996
synthetic_exchange,economics,seasonal_naive,exchange_1,2025-01-10 00:00:00,4.745289300870598,4.602546518597441
synthetic_exchange,economics,seasonal_naive,exchange_1,2025-01-11 00:00:00,4.712005767025454,4.627994232974547
synthetic_exchange,economics,seasonal_naive,exchange_1,2025-01-12 00:00:00,4.737453481402555,4.594710699129404
synthetic_exchange,economics,seasonal_naive,exchange_1,2025-01-13 00:00:00,4.810000000000003,4.535289300870594
synthetic_exchange,economics,seasonal_naive,exchange_1,2025-01-14 00:00:00,4.882546518597442,4.502005767025455
synthetic_exchange,economics,seasonal_naive,exchange_1,2025-01-15 00:00:00,4.907994232974547,4.527453481402559
synthetic_exchange,economics,seasonal_naive,exchange_1,2025-01-16 00:00:00,4.874710699129407,4.599999999999999
synthetic_exchange,economics,seasonal_naive,exchange_1,2025-01-17 00:00:00,4.815289300870596,4.672546518597443
synthetic_exchange,economics,seasonal_naive,exchange_1,2025-01-18 00:00:00,4.782005767025455,4.697994232974547
synthetic_exchange,economics,seasonal_naive,exchange_1,2025-01-19 00:00:00,4.807453481402557,4.664710699129405
synthetic_exchange,economics,seasonal_naive,exchange_1,2025-01-20 00:00:00,4.880000000000001,4.605289300870599
synthetic_exchange,economics,seasonal_naive,exchange_1,2025-01-21 00:00:00,4.95254651859744,4.572005767025455
synthetic_exchange,economics,seasonal_naive,exchange_1,2025-01-22 00:00:00,4.977994232974546,4.597453481402558
synthetic_exchange,economics,seasonal_naive,exchange_1,2025-01-23 00:00:00,4.944710699129407,4.669999999999997
synthetic_exchange,economics,seasonal_naive,exchange_1,2025-01-24 00:00:00,4.885289300870598,4.742546518597445
synthetic_exchange,economics,seasonal_naive,exchange_1,2025-01-25 00:00:00,4.852005767025456,4.767994232974546
synthetic_exchange,economics,seasonal_naive,exchange_1,2025-01-26 00:00:00,4.877453481402559,4.734710699129403
synthetic_exchange,economics,seasonal_naive,exchange_1,2025-01-27 00:00:00,4.949999999999999,4.675289300870596
synthetic_exchange,economics,seasonal_naive,exchange_1,2025-01-28 00:00:00,5.0225465185974425,4.642005767025454
synthetic_exchange,economics,seasonal_naive,exchange_1,2025-01-29 00:00:00,5.047994232974546,4.667453481402557
synthetic_exchange,economics,seasonal_naive,exchange_1,2025-01-30 00:00:00,5.014710699129406,4.739999999999999
synthetic_exchange,economics,seasonal_naive,exchange_1,2025-01-31 00:00:00,4.955289300870595,4.432005767025456
synthetic_exchange,economics,seasonal_naive,exchange_1,2025-02-01 00:00:00,4.922005767025455,4.457453481402557
synthetic_exchange,economics,seasonal_naive,exchange_1,2025-02-02 00:00:00,4.947453481402558,4.529999999999996
synthetic_exchange,economics,seasonal_naive,exchange_1,2025-02-03 00:00:00,5.019999999999998,4.602546518597441
synthetic_exchange,economics,seasonal_naive,exchange_1,2025-02-04 00:00:00,5.092546518597442,4.627994232974547
synthetic_exchange,economics,seasonal_naive,exchange_1,2025-02-05 00:00:00,5.117994232974547,4.594710699129404
synthetic_exchange,economics,seasonal_naive,exchange_1,2025-02-06 00:00:00,5.084710699129407,4.535289300870594
synthetic_exchange,economics,seasonal_naive,exchange_1,2025-02-07 00:00:00,5.0252893008706,4.502005767025455
synthetic_exchange,economics,seasonal_naive,exchange_1,2025-02-08 00:00:00,4.9920057670254545,4.527453481402559
synthetic_exchange,economics,seasonal_naive,exchange_1,2025-02-09 00:00:00,5.017453481402557,4.599999999999999
synthetic_exchange,economics,seasonal_naive,exchange_1,2025-02-10 00:00:00,5.090000000000001,4.672546518597443
synthetic_exchange,economics,seasonal_naive,exchange_1,2025-02-11 00:00:00,5.162546518597444,4.697994232974547
synthetic_exchange,economics,seasonal_naive,exchange_1,2025-02-12 00:00:00,5.187994232974546,4.664710699129405
synthetic_exchange,economics,seasonal_naive,exchange_1,2025-02-13 00:00:00,5.154710699129404,4.605289300870599
synthetic_exchange,economics,seasonal_naive,exchange_1,2025-02-14 00:00:00,5.095289300870597,4.572005767025455
synthetic_exchange,economics,seasonal_naive,exchange_1,2025-02-15 00:00:00,5.062005767025455,4.597453481402558
synthetic_exchange,economics,seasonal_naive,exchange_1,2025-02-16 00:00:00,5.087453481402556,4.669999999999997
synthetic_exchange,economics,seasonal_naive,exchange_1,2025-02-17 00:00:00,5.159999999999998,4.742546518597445
synthetic_exchange,economics,seasonal_naive,exchange_1,2025-02-18 00:00:00,5.23254651859744,4.767994232974546
synthetic_exchange,economics,seasonal_naive,exchange_1,2025-02-19 00:00:00,5.257994232974547,4.734710699129403
synthetic_exchange,economics,seasonal_naive,exchange_1,2025-02-20 00:00:00,5.224710699129402,4.675289300870596
synthetic_exchange,economics,seasonal_naive,exchange_1,2025-02-21 00:00:00,5.165289300870595,4.642005767025454
synthetic_exchange,economics,seasonal_naive,exchange_1,2025-02-22 00:00:00,5.132005767025453,4.667453481402557
synthetic_exchange,economics,seasonal_naive,exchange_1,2025-02-23 00:00:00,5.157453481402558,4.739999999999999
synthetic_exchange,economics,seasonal_naive,exchange_2,2025-01-07 00:00:00,4.84254651859744,4.462005767025455
synthetic_exchange,economics,seasonal_naive,exchange_2,2025-01-08 00:00:00,4.867994232974547,4.487453481402556
synthetic_exchange,economics,seasonal_naive,exchange_2,2025-01-09 00:00:00,4.834710699129404,4.559999999999995
synthetic_exchange,economics,seasonal_naive,exchange_2,2025-01-10 00:00:00,4.775289300870598,4.63254651859744
synthetic_exchange,economics,seasonal_naive,exchange_2,2025-01-11 00:00:00,4.742005767025454,4.657994232974547
synthetic_exchange,economics,seasonal_naive,exchange_2,2025-01-12 00:00:00,4.767453481402554,4.624710699129404
synthetic_exchange,economics,seasonal_naive,exchange_2,2025-01-13 00:00:00,4.8400000000000025,4.565289300870593
synthetic_exchange,economics,seasonal_naive,exchange_2,2025-01-14 00:00:00,4.912546518597441,4.5320057670254545
synthetic_exchange,economics,seasonal_naive,exchange_2,2025-01-15 00:00:00,4.937994232974546,4.5574534814025585
synthetic_exchange,economics,seasonal_naive,exchange_2,2025-01-16 00:00:00,4.9047106991294065,4.629999999999998
synthetic_exchange,economics,seasonal_naive,exchange_2,2025-01-17 00:00:00,4.845289300870595,4.702546518597442
synthetic_exchange,economics,seasonal_naive,exchange_2,2025-01-18 00:00:00,4.812005767025455,4.727994232974546
synthetic_exchange,economics,seasonal_naive,exchange_2,2025-01-19 00:00:00,4.837453481402556,4.694710699129405
synthetic_exchange,economics,seasonal_naive,exchange_2,2025-01-20 00:00:00,4.91,4.635289300870598
synthetic_exchange,economics,seasonal_naive,exchange_2,2025-01-21 00:00:00,4.98254651859744,4.602005767025454
synthetic_exchange,economics,seasonal_naive,exchange_2,2025-01-22 00:00:00,5.0079942329745455,4.627453481402557
synthetic_exchange,economics,seasonal_naive,exchange_2,2025-01-23 00:00:00,4.974710699129407,4.699999999999997
synthetic_exchange,economics,seasonal_naive,exchange_2,2025-01-24 00:00:00,4.915289300870597,4.772546518597444
synthetic_exchange,economics,seasonal_naive,exchange_2,2025-01-25 00:00:00,4.882005767025455,4.7979942329745455
synthetic_exchange,economics,seasonal_naive,exchange_2,2025-01-26 00:00:00,4.907453481402558,4.764710699129402
synthetic_exchange,economics,seasonal_naive,exchange_2,2025-01-27 00:00:00,4.979999999999999,4.705289300870596
synthetic_exchange,economics,seasonal_naive,exchange_2,2025-01-28 00:00:00,5.052546518597442,4.672005767025453
synthetic_exchange,economics,seasonal_naive,exchange_2,2025-01-29 00:00:00,5.077994232974546,4.697453481402556
synthetic_exchange,economics,seasonal_naive,exchange_2,2025-01-30 00:00:00,5.044710699129405,4.769999999999999
synthetic_exchange,economics,seasonal_naive,exchange_2,2025-01-31 00:00:00,4.985289300870594,4.462005767025455
synthetic_exchange,economics,seasonal_naive,exchange_2,2025-02-01 00:00:00,4.9520057670254545,4.487453481402556
synthetic_exchange,economics,seasonal_naive,exchange_2,2025-02-02 00:00:00,4.9774534814025575,4.559999999999995
synthetic_exchange,economics,seasonal_naive,exchange_2,2025-02-03 00:00:00,5.049999999999997,4.63254651859744
synthetic_exchange,economics,seasonal_naive,exchange_2,2025-02-04 00:00:00,5.122546518597441,4.657994232974547
synthetic_exchange,economics,seasonal_naive,exchange_2,2025-02-05 00:00:00,5.147994232974546,4.624710699129404
synthetic_exchange,economics,seasonal_naive,exchange_2,2025-02-06 00:00:00,5.1147106991294065,4.565289300870593
synthetic_exchange,economics,seasonal_naive,exchange_2,2025-02-07 00:00:00,5.0552893008706,4.5320057670254545
synthetic_exchange,economics,seasonal_naive,exchange_2,2025-02-08 00:00:00,5.022005767025454,4.5574534814025585
synthetic_exchange,economics,seasonal_naive,exchange_2,2025-02-09 00:00:00,5.047453481402556,4.629999999999998
synthetic_exchange,economics,seasonal_naive,exchange_2,2025-02-10 00:00:00,5.12,4.702546518597442
synthetic_exchange,economics,seasonal_naive,exchange_2,2025-02-11 00:00:00,5.192546518597443,4.727994232974546
synthetic_exchange,economics,seasonal_naive,exchange_2,2025-02-12 00:00:00,5.2179942329745455,4.694710699129405
synthetic_exchange,economics,seasonal_naive,exchange_2,2025-02-13 00:00:00,5.184710699129403,4.635289300870598
synthetic_exchange,economics,seasonal_naive,exchange_2,2025-02-14 00:00:00,5.125289300870596,4.602005767025454
synthetic_exchange,economics,seasonal_naive,exchange_2,2025-02-15 00:00:00,5.092005767025454,4.627453481402557
synthetic_exchange,economics,seasonal_naive,exchange_2,2025-02-16 00:00:00,5.117453481402555,4.699999999999997
synthetic_exchange,economics,seasonal_naive,exchange_2,2025-02-17 00:00:00,5.189999999999998,4.772546518597444
synthetic_exchange,economics,seasonal_naive,exchange_2,2025-02-18 00:00:00,5.262546518597439,4.7979942329745455
synthetic_exchange,economics,seasonal_naive,exchange_2,2025-02-19 00:00:00,5.287994232974547,4.764710699129402
synthetic_exchange,economics,seasonal_naive,exchange_2,2025-02-20 00:00:00,5.254710699129402,4.705289300870596
synthetic_exchange,economics,seasonal_naive,exchange_2,2025-02-21 00:00:00,5.195289300870594,4.672005767025453
synthetic_exchange,economics,seasonal_naive,exchange_2,2025-02-22 00:00:00,5.162005767025453,4.697453481402556
synthetic_exchange,economics,seasonal_naive,exchange_2,2025-02-23 00:00:00,5.1874534814025575,4.769999999999999
synthetic_exchange,economics,moving_average,exchange_0,2025-01-07 00:00:00,4.7825465185974405,4.47369694752922
synthetic_exchange,economics,moving_average,exchange_0,2025-01-08 00:00:00,4.807994232974547,4.47369694752922
synthetic_exchange,economics,moving_average,exchange_0,2025-01-09 00:00:00,4.774710699129405,4.47369694752922
synthetic_exchange,economics,moving_average,exchange_0,2025-01-10 00:00:00,4.715289300870598,4.47369694752922
synthetic_exchange,economics,moving_average,exchange_0,2025-01-11 00:00:00,4.682005767025454,4.47369694752922
synthetic_exchange,economics,moving_average,exchange_0,2025-01-12 00:00:00,4.707453481402554,4.47369694752922
synthetic_exchange,economics,moving_average,exchange_0,2025-01-13 00:00:00,4.780000000000003,4.47369694752922
synthetic_exchange,economics,moving_average,exchange_0,2025-01-14 00:00:00,4.852546518597442,4.47369694752922
synthetic_exchange,economics,moving_average,exchange_0,2025-01-15 00:00:00,4.8779942329745465,4.47369694752922
synthetic_exchange,economics,moving_average,exchange_0,2025-01-16 00:00:00,4.844710699129407,4.47369694752922
synthetic_exchange,economics,moving_average,exchange_0,2025-01-17 00:00:00,4.785289300870596,4.47369694752922
synthetic_exchange,economics,moving_average,exchange_0,2025-01-18 00:00:00,4.752005767025455,4.47369694752922
synthetic_exchange,economics,moving_average,exchange_0,2025-01-19 00:00:00,4.777453481402556,4.47369694752922
synthetic_exchange,economics,moving_average,exchange_0,2025-01-20 00:00:00,4.8500000000000005,4.47369694752922
synthetic_exchange,economics,moving_average,exchange_0,2025-01-21 00:00:00,4.92254651859744,4.47369694752922
synthetic_exchange,economics,moving_average,exchange_0,2025-01-22 00:00:00,4.947994232974546,4.47369694752922
synthetic_exchange,economics,moving_average,exchange_0,2025-01-23 00:00:00,4.914710699129407,4.47369694752922
synthetic_exchange,economics,moving_average,exchange_0,2025-01-24 00:00:00,4.855289300870598,4.47369694752922
synthetic_exchange,economics,moving_average,exchange_0,2025-01-25 00:00:00,4.8220057670254555,4.47369694752922
synthetic_exchange,economics,moving_average,exchange_0,2025-01-26 00:00:00,4.8474534814025585,4.47369694752922
synthetic_exchange,economics,moving_average,exchange_0,2025-01-27 00:00:00,4.919999999999999,4.47369694752922
synthetic_exchange,economics,moving_average,exchange_0,2025-01-28 00:00:00,4.992546518597442,4.47369694752922
synthetic_exchange,economics,moving_average,exchange_0,2025-01-29 00:00:00,5.017994232974546,4.47369694752922
synthetic_exchange,economics,moving_average,exchange_0,2025-01-30 00:00:00,4.984710699129406,4.47369694752922
synthetic_exchange,economics,moving_average,exchange_0,2025-01-31 00:00:00,4.9252893008705945,4.47369694752922
synthetic_exchange,economics,moving_average,exchange_0,2025-02-01 00:00:00,4.892005767025455,4.47369694752922
synthetic_exchange,economics,moving_average,exchange_0,2025-02-02 00:00:00,4.917453481402558,4.47369694752922
synthetic_exchange,economics,moving_average,exchange_0,2025-02-03 00:00:00,4.9899999999999975,4.47369694752922
synthetic_exchange,economics,moving_average,exchange_0,2025-02-04 00:00:00,5.062546518597442,4.47369694752922
synthetic_exchange,economics,moving_average,exchange_0,2025-02-05 00:00:00,5.0879942329745464,4.47369694752922
synthetic_exchange,economics,moving_average,exchange_0,2025-02-06 00:00:00,5.054710699129407,4.47369694752922
synthetic_exchange,economics,moving_average,exchange_0,2025-02-07 00:00:00,4.9952893008706,4.47369694752922
synthetic_exchange,economics,moving_average,exchange_0,2025-02-08 00:00:00,4.962005767025454,4.47369694752922
synthetic_exchange,economics,moving_average,exchange_0,2025-02-09 00:00:00,4.987453481402556,4.47369694752922
synthetic_exchange,economics,moving_average,exchange_0,2025-02-10 00:00:00,5.0600000000000005,4.47369694752922
synthetic_exchange,economics,moving_average,exchange_0,2025-02-11 00:00:00,5.132546518597444,4.47369694752922
synthetic_exchange,economics,moving_average,exchange_0,2025-02-12 00:00:00,5.157994232974546,4.47369694752922
synthetic_exchange,economics,moving_average,exchange_0,2025-02-13 00:00:00,5.124710699129404,4.47369694752922
synthetic_exchange,economics,moving_average,exchange_0,2025-02-14 00:00:00,5.065289300870597,4.47369694752922
synthetic_exchange,economics,moving_average,exchange_0,2025-02-15 00:00:00,5.0320057670254545,4.47369694752922
synthetic_exchange,economics,moving_average,exchange_0,2025-02-16 00:00:00,5.057453481402556,4.47369694752922
synthetic_exchange,economics,moving_average,exchange_0,2025-02-17 00:00:00,5.129999999999998,4.47369694752922
synthetic_exchange,economics,moving_average,exchange_0,2025-02-18 00:00:00,5.2025465185974396,4.47369694752922
synthetic_exchange,economics,moving_average,exchange_0,2025-02-19 00:00:00,5.227994232974547,4.47369694752922
synthetic_exchange,economics,moving_average,exchange_0,2025-02-20 00:00:00,5.194710699129402,4.47369694752922
synthetic_exchange,economics,moving_average,exchange_0,2025-02-21 00:00:00,5.135289300870594,4.47369694752922
synthetic_exchange,economics,moving_average,exchange_0,2025-02-22 00:00:00,5.102005767025453,4.47369694752922
synthetic_exchange,economics,moving_average,exchange_0,2025-02-23 00:00:00,5.127453481402558,4.47369694752922
synthetic_exchange,economics,moving_average,exchange_1,2025-01-07 00:00:00,4.812546518597441,4.50369694752922
synthetic_exchange,economics,moving_average,exchange_1,2025-01-08 00:00:00,4.837994232974547,4.50369694752922
synthetic_exchange,economics,moving_average,exchange_1,2025-01-09 00:00:00,4.804710699129405,4.50369694752922
synthetic_exchange,economics,moving_average,exchange_1,2025-01-10 00:00:00,4.745289300870598,4.50369694752922
synthetic_exchange,economics,moving_average,exchange_1,2025-01-11 00:00:00,4.712005767025454,4.50369694752922
synthetic_exchange,economics,moving_average,exchange_1,2025-01-12 00:00:00,4.737453481402555,4.50369694752922
synthetic_exchange,economics,moving_average,exchange_1,2025-01-13 00:00:00,4.810000000000003,4.50369694752922
synthetic_exchange,economics,moving_average,exchange_1,2025-01-14 00:00:00,4.882546518597442,4.50369694752922
synthetic_exchange,economics,moving_average,exchange_1,2025-01-15 00:00:00,4.907994232974547,4.50369694752922
synthetic_exchange,economics,moving_average,exchange_1,2025-01-16 00:00:00,4.874710699129407,4.50369694752922
synthetic_exchange,economics,moving_average,exchange_1,2025-01-17 00:00:00,4.815289300870596,4.50369694752922
synthetic_exchange,economics,moving_average,exchange_1,2025-01-18 00:00:00,4.782005767025455,4.50369694752922
synthetic_exchange,economics,moving_average,exchange_1,2025-01-19 00:00:00,4.807453481402557,4.50369694752922
synthetic_exchange,economics,moving_average,exchange_1,2025-01-20 00:00:00,4.880000000000001,4.50369694752922
synthetic_exchange,economics,moving_average,exchange_1,2025-01-21 00:00:00,4.95254651859744,4.50369694752922
synthetic_exchange,economics,moving_average,exchange_1,2025-01-22 00:00:00,4.977994232974546,4.50369694752922
synthetic_exchange,economics,moving_average,exchange_1,2025-01-23 00:00:00,4.944710699129407,4.50369694752922
synthetic_exchange,economics,moving_average,exchange_1,2025-01-24 00:00:00,4.885289300870598,4.50369694752922
synthetic_exchange,economics,moving_average,exchange_1,2025-01-25 00:00:00,4.852005767025456,4.50369694752922
synthetic_exchange,economics,moving_average,exchange_1,2025-01-26 00:00:00,4.877453481402559,4.50369694752922
synthetic_exchange,economics,moving_average,exchange_1,2025-01-27 00:00:00,4.949999999999999,4.50369694752922
synthetic_exchange,economics,moving_average,exchange_1,2025-01-28 00:00:00,5.0225465185974425,4.50369694752922
synthetic_exchange,economics,moving_average,exchange_1,2025-01-29 00:00:00,5.047994232974546,4.50369694752922
synthetic_exchange,economics,moving_average,exchange_1,2025-01-30 00:00:00,5.014710699129406,4.50369694752922
synthetic_exchange,economics,moving_average,exchange_1,2025-01-31 00:00:00,4.955289300870595,4.50369694752922
synthetic_exchange,economics,moving_average,exchange_1,2025-02-01 00:00:00,4.922005767025455,4.50369694752922
synthetic_exchange,economics,moving_average,exchange_1,2025-02-02 00:00:00,4.947453481402558,4.50369694752922
synthetic_exchange,economics,moving_average,exchange_1,2025-02-03 00:00:00,5.019999999999998,4.50369694752922
synthetic_exchange,economics,moving_average,exchange_1,2025-02-04 00:00:00,5.092546518597442,4.50369694752922
synthetic_exchange,economics,moving_average,exchange_1,2025-02-05 00:00:00,5.117994232974547,4.50369694752922
synthetic_exchange,economics,moving_average,exchange_1,2025-02-06 00:00:00,5.084710699129407,4.50369694752922
synthetic_exchange,economics,moving_average,exchange_1,2025-02-07 00:00:00,5.0252893008706,4.50369694752922
synthetic_exchange,economics,moving_average,exchange_1,2025-02-08 00:00:00,4.9920057670254545,4.50369694752922
synthetic_exchange,economics,moving_average,exchange_1,2025-02-09 00:00:00,5.017453481402557,4.50369694752922
synthetic_exchange,economics,moving_average,exchange_1,2025-02-10 00:00:00,5.090000000000001,4.50369694752922
synthetic_exchange,economics,moving_average,exchange_1,2025-02-11 00:00:00,5.162546518597444,4.50369694752922
synthetic_exchange,economics,moving_average,exchange_1,2025-02-12 00:00:00,5.187994232974546,4.50369694752922
synthetic_exchange,economics,moving_average,exchange_1,2025-02-13 00:00:00,5.154710699129404,4.50369694752922
synthetic_exchange,economics,moving_average,exchange_1,2025-02-14 00:00:00,5.095289300870597,4.50369694752922
synthetic_exchange,economics,moving_average,exchange_1,2025-02-15 00:00:00,5.062005767025455,4.50369694752922
synthetic_exchange,economics,moving_average,exchange_1,2025-02-16 00:00:00,5.087453481402556,4.50369694752922
synthetic_exchange,economics,moving_average,exchange_1,2025-02-17 00:00:00,5.159999999999998,4.50369694752922
synthetic_exchange,economics,moving_average,exchange_1,2025-02-18 00:00:00,5.23254651859744,4.50369694752922
synthetic_exchange,economics,moving_average,exchange_1,2025-02-19 00:00:00,5.257994232974547,4.50369694752922
synthetic_exchange,economics,moving_average,exchange_1,2025-02-20 00:00:00,5.224710699129402,4.50369694752922
synthetic_exchange,economics,moving_average,exchange_1,2025-02-21 00:00:00,5.165289300870595,4.50369694752922
synthetic_exchange,economics,moving_average,exchange_1,2025-02-22 00:00:00,5.132005767025453,4.50369694752922
synthetic_exchange,economics,moving_average,exchange_1,2025-02-23 00:00:00,5.157453481402558,4.50369694752922
synthetic_exchange,economics,moving_average,exchange_2,2025-01-07 00:00:00,4.84254651859744,4.5336969475292195
synthetic_exchange,economics,moving_average,exchange_2,2025-01-08 00:00:00,4.867994232974547,4.5336969475292195
synthetic_exchange,economics,moving_average,exchange_2,2025-01-09 00:00:00,4.834710699129404,4.5336969475292195
synthetic_exchange,economics,moving_average,exchange_2,2025-01-10 00:00:00,4.775289300870598,4.5336969475292195
synthetic_exchange,economics,moving_average,exchange_2,2025-01-11 00:00:00,4.742005767025454,4.5336969475292195
synthetic_exchange,economics,moving_average,exchange_2,2025-01-12 00:00:00,4.767453481402554,4.5336969475292195
synthetic_exchange,economics,moving_average,exchange_2,2025-01-13 00:00:00,4.8400000000000025,4.5336969475292195
synthetic_exchange,economics,moving_average,exchange_2,2025-01-14 00:00:00,4.912546518597441,4.5336969475292195
synthetic_exchange,economics,moving_average,exchange_2,2025-01-15 00:00:00,4.937994232974546,4.5336969475292195
synthetic_exchange,economics,moving_average,exchange_2,2025-01-16 00:00:00,4.9047106991294065,4.5336969475292195
synthetic_exchange,economics,moving_average,exchange_2,2025-01-17 00:00:00,4.845289300870595,4.5336969475292195
synthetic_exchange,economics,moving_average,exchange_2,2025-01-18 00:00:00,4.812005767025455,4.5336969475292195
synthetic_exchange,economics,moving_average,exchange_2,2025-01-19 00:00:00,4.837453481402556,4.5336969475292195
synthetic_exchange,economics,moving_average,exchange_2,2025-01-20 00:00:00,4.91,4.5336969475292195
synthetic_exchange,economics,moving_average,exchange_2,2025-01-21 00:00:00,4.98254651859744,4.5336969475292195
synthetic_exchange,economics,moving_average,exchange_2,2025-01-22 00:00:00,5.0079942329745455,4.5336969475292195
synthetic_exchange,economics,moving_average,exchange_2,2025-01-23 00:00:00,4.974710699129407,4.5336969475292195
synthetic_exchange,economics,moving_average,exchange_2,2025-01-24 00:00:00,4.915289300870597,4.5336969475292195
synthetic_exchange,economics,moving_average,exchange_2,2025-01-25 00:00:00,4.882005767025455,4.5336969475292195
synthetic_exchange,economics,moving_average,exchange_2,2025-01-26 00:00:00,4.907453481402558,4.5336969475292195
synthetic_exchange,economics,moving_average,exchange_2,2025-01-27 00:00:00,4.979999999999999,4.5336969475292195
synthetic_exchange,economics,moving_average,exchange_2,2025-01-28 00:00:00,5.052546518597442,4.5336969475292195
synthetic_exchange,economics,moving_average,exchange_2,2025-01-29 00:00:00,5.077994232974546,4.5336969475292195
synthetic_exchange,economics,moving_average,exchange_2,2025-01-30 00:00:00,5.044710699129405,4.5336969475292195
synthetic_exchange,economics,moving_average,exchange_2,2025-01-31 00:00:00,4.985289300870594,4.5336969475292195
synthetic_exchange,economics,moving_average,exchange_2,2025-02-01 00:00:00,4.9520057670254545,4.5336969475292195
synthetic_exchange,economics,moving_average,exchange_2,2025-02-02 00:00:00,4.9774534814025575,4.5336969475292195
synthetic_exchange,economics,moving_average,exchange_2,2025-02-03 00:00:00,5.049999999999997,4.5336969475292195
synthetic_exchange,economics,moving_average,exchange_2,2025-02-04 00:00:00,5.122546518597441,4.5336969475292195
synthetic_exchange,economics,moving_average,exchange_2,2025-02-05 00:00:00,5.147994232974546,4.5336969475292195
synthetic_exchange,economics,moving_average,exchange_2,2025-02-06 00:00:00,5.1147106991294065,4.5336969475292195
synthetic_exchange,economics,moving_average,exchange_2,2025-02-07 00:00:00,5.0552893008706,4.5336969475292195
synthetic_exchange,economics,moving_average,exchange_2,2025-02-08 00:00:00,5.022005767025454,4.5336969475292195
synthetic_exchange,economics,moving_average,exchange_2,2025-02-09 00:00:00,5.047453481402556,4.5336969475292195
synthetic_exchange,economics,moving_average,exchange_2,2025-02-10 00:00:00,5.12,4.5336969475292195
synthetic_exchange,economics,moving_average,exchange_2,2025-02-11 00:00:00,5.192546518597443,4.5336969475292195
synthetic_exchange,economics,moving_average,exchange_2,2025-02-12 00:00:00,5.2179942329745455,4.5336969475292195
synthetic_exchange,economics,moving_average,exchange_2,2025-02-13 00:00:00,5.184710699129403,4.5336969475292195
synthetic_exchange,economics,moving_average,exchange_2,2025-02-14 00:00:00,5.125289300870596,4.5336969475292195
synthetic_exchange,economics,moving_average,exchange_2,2025-02-15 00:00:00,5.092005767025454,4.5336969475292195
synthetic_exchange,economics,moving_average,exchange_2,2025-02-16 00:00:00,5.117453481402555,4.5336969475292195
synthetic_exchange,economics,moving_average,exchange_2,2025-02-17 00:00:00,5.189999999999998,4.5336969475292195
synthetic_exchange,economics,moving_average,exchange_2,2025-02-18 00:00:00,5.262546518597439,4.5336969475292195
synthetic_exchange,economics,moving_average,exchange_2,2025-02-19 00:00:00,5.287994232974547,4.5336969475292195
synthetic_exchange,economics,moving_average,exchange_2,2025-02-20 00:00:00,5.254710699129402,4.5336969475292195
synthetic_exchange,economics,moving_average,exchange_2,2025-02-21 00:00:00,5.195289300870594,4.5336969475292195
synthetic_exchange,economics,moving_average,exchange_2,2025-02-22 00:00:00,5.162005767025453,4.5336969475292195
synthetic_exchange,economics,moving_average,exchange_2,2025-02-23 00:00:00,5.1874534814025575,4.5336969475292195
synthetic_exchange,economics,linear_trend,exchange_0,2025-01-07 00:00:00,4.7825465185974405,4.718885260619557
synthetic_exchange,economics,linear_trend,exchange_0,2025-01-08 00:00:00,4.807994232974547,4.728881294233036
synthetic_exchange,economics,linear_trend,exchange_0,2025-01-09 00:00:00,4.774710699129405,4.738877327846514
synthetic_exchange,economics,linear_trend,exchange_0,2025-01-10 00:00:00,4.715289300870598,4.748873361459992
synthetic_exchange,economics,linear_trend,exchange_0,2025-01-11 00:00:00,4.682005767025454,4.758869395073471
synthetic_exchange,economics,linear_trend,exchange_0,2025-01-12 00:00:00,4.707453481402554,4.768865428686949
synthetic_exchange,economics,linear_trend,exchange_0,2025-01-13 00:00:00,4.780000000000003,4.778861462300427
synthetic_exchange,economics,linear_trend,exchange_0,2025-01-14 00:00:00,4.852546518597442,4.788857495913906
synthetic_exchange,economics,linear_trend,exchange_0,2025-01-15 00:00:00,4.8779942329745465,4.798853529527384
synthetic_exchange,economics,linear_trend,exchange_0,2025-01-16 00:00:00,4.844710699129407,4.808849563140862
synthetic_exchange,economics,linear_trend,exchange_0,2025-01-17 00:00:00,4.785289300870596,4.8188455967543415
synthetic_exchange,economics,linear_trend,exchange_0,2025-01-18 00:00:00,4.752005767025455,4.828841630367819
synthetic_exchange,economics,linear_trend,exchange_0,2025-01-19 00:00:00,4.777453481402556,4.838837663981298
synthetic_exchange,economics,linear_trend,exchange_0,2025-01-20 00:00:00,4.8500000000000005,4.848833697594776
synthetic_exchange,economics,linear_trend,exchange_0,2025-01-21 00:00:00,4.92254651859744,4.858829731208255
synthetic_exchange,economics,linear_trend,exchange_0,2025-01-22 00:00:00,4.947994232974546,4.868825764821732
synthetic_exchange,economics,linear_trend,exchange_0,2025-01-23 00:00:00,4.914710699129407,4.878821798435212
synthetic_exchange,economics,linear_trend,exchange_0,2025-01-24 00:00:00,4.855289300870598,4.888817832048689
synthetic_exchange,economics,linear_trend,exchange_0,2025-01-25 00:00:00,4.8220057670254555,4.898813865662168
synthetic_exchange,economics,linear_trend,exchange_0,2025-01-26 00:00:00,4.8474534814025585,4.908809899275646
synthetic_exchange,economics,linear_trend,exchange_0,2025-01-27 00:00:00,4.919999999999999,4.918805932889125
synthetic_exchange,economics,linear_trend,exchange_0,2025-01-28 00:00:00,4.992546518597442,4.928801966502602
synthetic_exchange,economics,linear_trend,exchange_0,2025-01-29 00:00:00,5.017994232974546,4.938798000116082
synthetic_exchange,economics,linear_trend,exchange_0,2025-01-30 00:00:00,4.984710699129406,4.948794033729559
synthetic_exchange,economics,linear_trend,exchange_0,2025-01-31 00:00:00,4.9252893008705945,4.958790067343038
synthetic_exchange,economics,linear_trend,exchange_0,2025-02-01 00:00:00,4.892005767025455,4.968786100956516
synthetic_exchange,economics,linear_trend,exchange_0,2025-02-02 00:00:00,4.917453481402558,4.978782134569995
synthetic_exchange,economics,linear_trend,exchange_0,2025-02-03 00:00:00,4.9899999999999975,4.988778168183472
synthetic_exchange,economics,linear_trend,exchange_0,2025-02-04 00:00:00,5.062546518597442,4.998774201796952
synthetic_exchange,economics,linear_trend,exchange_0,2025-02-05 00:00:00,5.0879942329745464,5.008770235410429
synthetic_exchange,economics,linear_trend,exchange_0,2025-02-06 00:00:00,5.054710699129407,5.018766269023908
synthetic_exchange,economics,linear_trend,exchange_0,2025-02-07 00:00:00,4.9952893008706,5.028762302637387
synthetic_exchange,economics,linear_trend,exchange_0,2025-02-08 00:00:00,4.962005767025454,5.038758336250865
synthetic_exchange,economics,linear_trend,exchange_0,2025-02-09 00:00:00,4.987453481402556,5.048754369864343
synthetic_exchange,economics,linear_trend,exchange_0,2025-02-10 00:00:00,5.0600000000000005,5.058750403477822
synthetic_exchange,economics,linear_trend,exchange_0,2025-02-11 00:00:00,5.132546518597444,5.0687464370913
synthetic_exchange,economics,linear_trend,exchange_0,2025-02-12 00:00:00,5.157994232974546,5.078742470704778
synthetic_exchange,economics,linear_trend,exchange_0,2025-02-13 00:00:00,5.124710699129404,5.088738504318257
synthetic_exchange,economics,linear_trend,exchange_0,2025-02-14 00:00:00,5.065289300870597,5.098734537931735
synthetic_exchange,economics,linear_trend,exchange_0,2025-02-15 00:00:00,5.0320057670254545,5.108730571545213
synthetic_exchange,economics,linear_trend,exchange_0,2025-02-16 00:00:00,5.057453481402556,5.118726605158692
synthetic_exchange,economics,linear_trend,exchange_0,2025-02-17 00:00:00,5.129999999999998,5.12872263877217
synthetic_exchange,economics,linear_trend,exchange_0,2025-02-18 00:00:00,5.2025465185974396,5.138718672385648
synthetic_exchange,economics,linear_trend,exchange_0,2025-02-19 00:00:00,5.227994232974547,5.148714705999127
synthetic_exchange,economics,linear_trend,exchange_0,2025-02-20 00:00:00,5.194710699129402,5.158710739612605
synthetic_exchange,economics,linear_trend,exchange_0,2025-02-21 00:00:00,5.135289300870594,5.168706773226083
synthetic_exchange,economics,linear_trend,exchange_0,2025-02-22 00:00:00,5.102005767025453,5.178702806839562
synthetic_exchange,economics,linear_trend,exchange_0,2025-02-23 00:00:00,5.127453481402558,5.18869884045304
synthetic_exchange,economics,linear_trend,exchange_1,2025-01-07 00:00:00,4.812546518597441,4.748885260619559
synthetic_exchange,economics,linear_trend,exchange_1,2025-01-08 00:00:00,4.837994232974547,4.758881294233038
synthetic_exchange,economics,linear_trend,exchange_1,2025-01-09 00:00:00,4.804710699129405,4.768877327846516
synthetic_exchange,economics,linear_trend,exchange_1,2025-01-10 00:00:00,4.745289300870598,4.778873361459994
synthetic_exchange,economics,linear_trend,exchange_1,2025-01-11 00:00:00,4.712005767025454,4.788869395073473
synthetic_exchange,economics,linear_trend,exchange_1,2025-01-12 00:00:00,4.737453481402555,4.798865428686951
synthetic_exchange,economics,linear_trend,exchange_1,2025-01-13 00:00:00,4.810000000000003,4.808861462300429
synthetic_exchange,economics,linear_trend,exchange_1,2025-01-14 00:00:00,4.882546518597442,4.818857495913908
synthetic_exchange,economics,linear_trend,exchange_1,2025-01-15 00:00:00,4.907994232974547,4.828853529527386
synthetic_exchange,economics,linear_trend,exchange_1,2025-01-16 00:00:00,4.874710699129407,4.838849563140864
synthetic_exchange,economics,linear_trend,exchange_1,2025-01-17 00:00:00,4.815289300870596,4.848845596754343
synthetic_exchange,economics,linear_trend,exchange_1,2025-01-18 00:00:00,4.782005767025455,4.858841630367821
synthetic_exchange,economics,linear_trend,exchange_1,2025-01-19 00:00:00,4.807453481402557,4.868837663981299
synthetic_exchange,economics,linear_trend,exchange_1,2025-01-20 00:00:00,4.880000000000001,4.878833697594778
synthetic_exchange,economics,linear_trend,exchange_1,2025-01-21 00:00:00,4.95254651859744,4.888829731208256
synthetic_exchange,economics,linear_trend,exchange_1,2025-01-22 00:00:00,4.977994232974546,4.898825764821734
synthetic_exchange,economics,linear_trend,exchange_1,2025-01-23 00:00:00,4.944710699129407,4.908821798435213
synthetic_exchange,economics,linear_trend,exchange_1,2025-01-24 00:00:00,4.885289300870598,4.918817832048691
synthetic_exchange,economics,linear_trend,exchange_1,2025-01-25 00:00:00,4.852005767025456,4.928813865662169
synthetic_exchange,economics,linear_trend,exchange_1,2025-01-26 00:00:00,4.877453481402559,4.938809899275648
synthetic_exchange,economics,linear_trend,exchange_1,2025-01-27 00:00:00,4.949999999999999,4.948805932889126
synthetic_exchange,economics,linear_trend,exchange_1,2025-01-28 00:00:00,5.0225465185974425,4.958801966502604
synthetic_exchange,economics,linear_trend,exchange_1,2025-01-29 00:00:00,5.047994232974546,4.968798000116083
synthetic_exchange,economics,linear_trend,exchange_1,2025-01-30 00:00:00,5.014710699129406,4.978794033729562
synthetic_exchange,economics,linear_trend,exchange_1,2025-01-31 00:00:00,4.955289300870595,4.988790067343039
synthetic_exchange,economics,linear_trend,exchange_1,2025-02-01 00:00:00,4.922005767025455,4.998786100956519
synthetic_exchange,economics,linear_trend,exchange_1,2025-02-02 00:00:00,4.947453481402558,5.008782134569996
synthetic_exchange,economics,linear_trend,exchange_1,2025-02-03 00:00:00,5.019999999999998,5.018778168183475
synthetic_exchange,economics,linear_trend,exchange_1,2025-02-04 00:00:00,5.092546518597442,5.028774201796953
synthetic_exchange,economics,linear_trend,exchange_1,2025-02-05 00:00:00,5.117994232974547,5.038770235410432
synthetic_exchange,economics,linear_trend,exchange_1,2025-02-06 00:00:00,5.084710699129407,5.0487662690239095
synthetic_exchange,economics,linear_trend,exchange_1,2025-02-07 00:00:00,5.0252893008706,5.058762302637389
synthetic_exchange,economics,linear_trend,exchange_1,2025-02-08 00:00:00,4.9920057670254545,5.068758336250866
synthetic_exchange,economics,linear_trend,exchange_1,2025-02-09 00:00:00,5.017453481402557,5.078754369864345
synthetic_exchange,economics,linear_trend,exchange_1,2025-02-10 00:00:00,5.090000000000001,5.088750403477823
synthetic_exchange,economics,linear_trend,exchange_1,2025-02-11 00:00:00,5.162546518597444,5.098746437091302
synthetic_exchange,economics,linear_trend,exchange_1,2025-02-12 00:00:00,5.187994232974546,5.1087424707047795
synthetic_exchange,economics,linear_trend,exchange_1,2025-02-13 00:00:00,5.154710699129404,5.118738504318259
synthetic_exchange,economics,linear_trend,exchange_1,2025-02-14 00:00:00,5.095289300870597,5.128734537931736
synthetic_exchange,economics,linear_trend,exchange_1,2025-02-15 00:00:00,5.062005767025455,5.138730571545215
synthetic_exchange,economics,linear_trend,exchange_1,2025-02-16 00:00:00,5.087453481402556,5.148726605158694
synthetic_exchange,economics,linear_trend,exchange_1,2025-02-17 00:00:00,5.159999999999998,5.158722638772172
synthetic_exchange,economics,linear_trend,exchange_1,2025-02-18 00:00:00,5.23254651859744,5.16871867238565
synthetic_exchange,economics,linear_trend,exchange_1,2025-02-19 00:00:00,5.257994232974547,5.178714705999129
synthetic_exchange,economics,linear_trend,exchange_1,2025-02-20 00:00:00,5.224710699129402,5.188710739612607
synthetic_exchange,economics,linear_trend,exchange_1,2025-02-21 00:00:00,5.165289300870595,5.198706773226085
synthetic_exchange,economics,linear_trend,exchange_1,2025-02-22 00:00:00,5.132005767025453,5.208702806839564
synthetic_exchange,economics,linear_trend,exchange_1,2025-02-23 00:00:00,5.157453481402558,5.218698840453042
synthetic_exchange,economics,linear_trend,exchange_2,2025-01-07 00:00:00,4.84254651859744,4.778885260619557
synthetic_exchange,economics,linear_trend,exchange_2,2025-01-08 00:00:00,4.867994232974547,4.788881294233035
synthetic_exchange,economics,linear_trend,exchange_2,2025-01-09 00:00:00,4.834710699129404,4.7988773278465136
synthetic_exchange,economics,linear_trend,exchange_2,2025-01-10 00:00:00,4.775289300870598,4.808873361459992
synthetic_exchange,economics,linear_trend,exchange_2,2025-01-11 00:00:00,4.742005767025454,4.81886939507347
synthetic_exchange,economics,linear_trend,exchange_2,2025-01-12 00:00:00,4.767453481402554,4.828865428686949
synthetic_exchange,economics,linear_trend,exchange_2,2025-01-13 00:00:00,4.8400000000000025,4.838861462300427
synthetic_exchange,economics,linear_trend,exchange_2,2025-01-14 00:00:00,4.912546518597441,4.848857495913905
synthetic_exchange,economics,linear_trend,exchange_2,2025-01-15 00:00:00,4.937994232974546,4.858853529527384
synthetic_exchange,economics,linear_trend,exchange_2,2025-01-16 00:00:00,4.9047106991294065,4.868849563140862
synthetic_exchange,economics,linear_trend,exchange_2,2025-01-17 00:00:00,4.845289300870595,4.87884559675434
synthetic_exchange,economics,linear_trend,exchange_2,2025-01-18 00:00:00,4.812005767025455,4.888841630367819
synthetic_exchange,economics,linear_trend,exchange_2,2025-01-19 00:00:00,4.837453481402556,4.898837663981297
synthetic_exchange,economics,linear_trend,exchange_2,2025-01-20 00:00:00,4.91,4.908833697594775
synthetic_exchange,economics,linear_trend,exchange_2,2025-01-21 00:00:00,4.98254651859744,4.918829731208254
synthetic_exchange,economics,linear_trend,exchange_2,2025-01-22 00:00:00,5.0079942329745455,4.928825764821732
synthetic_exchange,economics,linear_trend,exchange_2,2025-01-23 00:00:00,4.974710699129407,4.93882179843521
synthetic_exchange,economics,linear_trend,exchange_2,2025-01-24 00:00:00,4.915289300870597,4.948817832048689
synthetic_exchange,economics,linear_trend,exchange_2,2025-01-25 00:00:00,4.882005767025455,4.958813865662167
synthetic_exchange,economics,linear_trend,exchange_2,2025-01-26 00:00:00,4.907453481402558,4.968809899275645
synthetic_exchange,economics,linear_trend,exchange_2,2025-01-27 00:00:00,4.979999999999999,4.978805932889124
synthetic_exchange,economics,linear_trend,exchange_2,2025-01-28 00:00:00,5.052546518597442,4.988801966502602
synthetic_exchange,economics,linear_trend,exchange_2,2025-01-29 00:00:00,5.077994232974546,4.99879800011608
synthetic_exchange,economics,linear_trend,exchange_2,2025-01-30 00:00:00,5.044710699129405,5.00879403372956
synthetic_exchange,economics,linear_trend,exchange_2,2025-01-31 00:00:00,4.985289300870594,5.018790067343037
synthetic_exchange,economics,linear_trend,exchange_2,2025-02-01 00:00:00,4.9520057670254545,5.028786100956516
synthetic_exchange,economics,linear_trend,exchange_2,2025-02-02 00:00:00,4.9774534814025575,5.038782134569994
synthetic_exchange,economics,linear_trend,exchange_2,2025-02-03 00:00:00,5.049999999999997,5.048778168183473
synthetic_exchange,economics,linear_trend,exchange_2,2025-02-04 00:00:00,5.122546518597441,5.05877420179695
synthetic_exchange,economics,linear_trend,exchange_2,2025-02-05 00:00:00,5.147994232974546,5.06877023541043
synthetic_exchange,economics,linear_trend,exchange_2,2025-02-06 00:00:00,5.1147106991294065,5.078766269023907
synthetic_exchange,economics,linear_trend,exchange_2,2025-02-07 00:00:00,5.0552893008706,5.088762302637386
synthetic_exchange,economics,linear_trend,exchange_2,2025-02-08 00:00:00,5.022005767025454,5.098758336250864
synthetic_exchange,economics,linear_trend,exchange_2,2025-02-09 00:00:00,5.047453481402556,5.108754369864343
synthetic_exchange,economics,linear_trend,exchange_2,2025-02-10 00:00:00,5.12,5.11875040347782
synthetic_exchange,economics,linear_trend,exchange_2,2025-02-11 00:00:00,5.192546518597443,5.1287464370913
synthetic_exchange,economics,linear_trend,exchange_2,2025-02-12 00:00:00,5.2179942329745455,5.138742470704777
synthetic_exchange,economics,linear_trend,exchange_2,2025-02-13 00:00:00,5.184710699129403,5.148738504318256
synthetic_exchange,economics,linear_trend,exchange_2,2025-02-14 00:00:00,5.125289300870596,5.158734537931734
synthetic_exchange,economics,linear_trend,exchange_2,2025-02-15 00:00:00,5.092005767025454,5.168730571545213
synthetic_exchange,economics,linear_trend,exchange_2,2025-02-16 00:00:00,5.117453481402555,5.17872660515869
synthetic_exchange,economics,linear_trend,exchange_2,2025-02-17 00:00:00,5.189999999999998,5.18872263877217
synthetic_exchange,economics,linear_trend,exchange_2,2025-02-18 00:00:00,5.262546518597439,5.198718672385647
synthetic_exchange,economics,linear_trend,exchange_2,2025-02-19 00:00:00,5.287994232974547,5.208714705999126
synthetic_exchange,economics,linear_trend,exchange_2,2025-02-20 00:00:00,5.254710699129402,5.218710739612604
synthetic_exchange,economics,linear_trend,exchange_2,2025-02-21 00:00:00,5.195289300870594,5.228706773226083
synthetic_exchange,economics,linear_trend,exchange_2,2025-02-22 00:00:00,5.162005767025453,5.2387028068395605
synthetic_exchange,economics,linear_trend,exchange_2,2025-02-23 00:00:00,5.1874534814025575,5.24869884045304
synthetic_exchange,economics,ridge_ar,exchange_0,2025-01-07 00:00:00,4.7825465185974405,4.778474832026629
synthetic_exchange,economics,ridge_ar,exchange_0,2025-01-08 00:00:00,4.807994232974547,4.800866761397041
synthetic_exchange,economics,ridge_ar,exchange_0,2025-01-09 00:00:00,4.774710699129405,4.767858084565782
synthetic_exchange,economics,ridge_ar,exchange_0,2025-01-10 00:00:00,4.715289300870598,4.712903029236324
synthetic_exchange,economics,ridge_ar,exchange_0,2025-01-11 00:00:00,4.682005767025454,4.685158959778443
synthetic_exchange,economics,ridge_ar,exchange_0,2025-01-12 00:00:00,4.707453481402554,4.713250166681747
synthetic_exchange,economics,ridge_ar,exchange_0,2025-01-13 00:00:00,4.780000000000003,4.783552896720754
synthetic_exchange,economics,ridge_ar,exchange_0,2025-01-14 00:00:00,4.852546518597442,4.850718407534128
synthetic_exchange,economics,ridge_ar,exchange_0,2025-01-15 00:00:00,4.8779942329745465,4.871627138884391
synthetic_exchange,economics,ridge_ar,exchange_0,2025-01-16 00:00:00,4.844710699129407,4.837996367900078
synthetic_exchange,economics,ridge_ar,exchange_0,2025-01-17 00:00:00,4.785289300870596,4.782705247619704
synthetic_exchange,economics,ridge_ar,exchange_0,2025-01-18 00:00:00,4.752005767025455,4.75493534014821
synthetic_exchange,economics,ridge_ar,exchange_0,2025-01-19 00:00:00,4.777453481402556,4.783066419376221
synthetic_exchange,economics,ridge_ar,exchange_0,2025-01-20 00:00:00,4.8500000000000005,4.853441710669063
synthetic_exchange,economics,ridge_ar,exchange_0,2025-01-21 00:00:00,4.92254651859744,4.9206545350758635
synthetic_exchange,economics,ridge_ar,exchange_0,2025-01-22 00:00:00,4.947994232974546,4.941590104630183
synthetic_exchange,economics,ridge_ar,exchange_0,2025-01-23 00:00:00,4.914710699129407,4.907966096740166
synthetic_exchange,economics,ridge_ar,exchange_0,2025-01-24 00:00:00,4.855289300870598,4.852673017618802
synthetic_exchange,economics,ridge_ar,exchange_0,2025-01-25 00:00:00,4.8220057670254555,4.824897815880536
synthetic_exchange,economics,ridge_ar,exchange_0,2025-01-26 00:00:00,4.8474534814025585,4.853024072907172
synthetic_exchange,economics,ridge_ar,exchange_0,2025-01-27 00:00:00,4.919999999999999,4.923395235906171
synthetic_exchange,economics,ridge_ar,exchange_0,2025-01-28 00:00:00,4.992546518597442,4.990604147775496
synthetic_exchange,economics,ridge_ar,exchange_0,2025-01-29 00:00:00,5.017994232974546,5.01153541499414
synthetic_exchange,economics,ridge_ar,exchange_0,2025-01-30 00:00:00,4.984710699129406,4.977906908247225
synthetic_exchange,economics,ridge_ar,exchange_0,2025-01-31 00:00:00,4.9252893008705945,4.923460247115507
synthetic_exchange,economics,ridge_ar,exchange_0,2025-02-01 00:00:00,4.892005767025455,4.896774496868419
synthetic_exchange,economics,ridge_ar,exchange_0,2025-02-02 00:00:00,4.917453481402558,4.9255496836686135
synthetic_exchange,economics,ridge_ar,exchange_0,2025-02-03 00:00:00,4.9899999999999975,4.995350828870452
synthetic_exchange,economics,ridge_ar,exchange_0,2025-02-04 00:00:00,5.062546518597442,5.061005399290513
synthetic_exchange,economics,ridge_ar,exchange_0,2025-02-05 00:00:00,5.0879942329745464,5.080359496215454
synthetic_exchange,economics,ridge_ar,exchange_0,2025-02-06 00:00:00,5.054710699129407,5.046227566659147
synthetic_exchange,economics,ridge_ar,exchange_0,2025-02-07 00:00:00,4.9952893008706,4.9918166700072755
synthetic_exchange,economics,ridge_ar,exchange_0,2025-02-08 00:00:00,4.962005767025454,4.9656496754564206
synthetic_exchange,economics,ridge_ar,exchange_0,2025-02-09 00:00:00,4.987453481402556,4.994921790012659
synthetic_exchange,economics,ridge_ar,exchange_0,2025-02-10 00:00:00,5.0600000000000005,5.0651295771623746
synthetic_exchange,economics,ridge_ar,exchange_0,2025-02-11 00:00:00,5.132546518597444,5.130993625497146
synthetic_exchange,economics,ridge_ar,exchange_0,2025-02-12 00:00:00,5.157994232974546,5.1504270592112915
synthetic_exchange,economics,ridge_ar,exchange_0,2025-02-13 00:00:00,5.124710699129404,5.11628360274137
synthetic_exchange,economics,ridge_ar,exchange_0,2025-02-14 00:00:00,5.065289300870597,5.061831843478997
synthetic_exchange,economics,ridge_ar,exchange_0,2025-02-15 00:00:00,5.0320057670254545,5.035621300030897
synthetic_exchange,economics,ridge_ar,exchange_0,2025-02-16 00:00:00,5.057453481402556,5.064863529343568
synthetic_exchange,economics,ridge_ar,exchange_0,2025-02-17 00:00:00,5.129999999999998,5.135054976389516
synthetic_exchange,economics,ridge_ar,exchange_0,2025-02-18 00:00:00,5.2025465185974396,5.200912994695694
synthetic_exchange,economics,ridge_ar,exchange_0,2025-02-19 00:00:00,5.227994232974547,5.220345454309138
synthetic_exchange,economics,ridge_ar,exchange_0,2025-02-20 00:00:00,5.194710699129402,5.186202794776919
synthetic_exchange,economics,ridge_ar,exchange_0,2025-02-21 00:00:00,5.135289300870594,5.131751758009914
synthetic_exchange,economics,ridge_ar,exchange_0,2025-02-22 00:00:00,5.102005767025453,5.105541399137351
synthetic_exchange,economics,ridge_ar,exchange_0,2025-02-23 00:00:00,5.127453481402558,5.134783269590338
synthetic_exchange,economics,ridge_ar,exchange_1,2025-01-07 00:00:00,4.812546518597441,4.808474832026629
synthetic_exchange,economics,ridge_ar,exchange_1,2025-01-08 00:00:00,4.837994232974547,4.830866761397041
synthetic_exchange,economics,ridge_ar,exchange_1,2025-01-09 00:00:00,4.804710699129405,4.797858084565783
synthetic_exchange,economics,ridge_ar,exchange_1,2025-01-10 00:00:00,4.745289300870598,4.742903029236325
synthetic_exchange,economics,ridge_ar,exchange_1,2025-01-11 00:00:00,4.712005767025454,4.715158959778444
synthetic_exchange,economics,ridge_ar,exchange_1,2025-01-12 00:00:00,4.737453481402555,4.743250166681747
synthetic_exchange,economics,ridge_ar,exchange_1,2025-01-13 00:00:00,4.810000000000003,4.813552896720754
synthetic_exchange,economics,ridge_ar,exchange_1,2025-01-14 00:00:00,4.882546518597442,4.880718407534129
synthetic_exchange,economics,ridge_ar,exchange_1,2025-01-15 00:00:00,4.907994232974547,4.9016271388843915
synthetic_exchange,economics,ridge_ar,exchange_1,2025-01-16 00:00:00,4.874710699129407,4.867996367900078
synthetic_exchange,economics,ridge_ar,exchange_1,2025-01-17 00:00:00,4.815289300870596,4.8127052476197045
synthetic_exchange,economics,ridge_ar,exchange_1,2025-01-18 00:00:00,4.782005767025455,4.78493534014821
synthetic_exchange,economics,ridge_ar,exchange_1,2025-01-19 00:00:00,4.807453481402557,4.813066419376221
synthetic_exchange,economics,ridge_ar,exchange_1,2025-01-20 00:00:00,4.880000000000001,4.883441710669064
synthetic_exchange,economics,ridge_ar,exchange_1,2025-01-21 00:00:00,4.95254651859744,4.950654535075865
synthetic_exchange,economics,ridge_ar,exchange_1,2025-01-22 00:00:00,4.977994232974546,4.971590104630183
synthetic_exchange,economics,ridge_ar,exchange_1,2025-01-23 00:00:00,4.944710699129407,4.9379660967401655
synthetic_exchange,economics,ridge_ar,exchange_1,2025-01-24 00:00:00,4.885289300870598,4.882673017618801
synthetic_exchange,economics,ridge_ar,exchange_1,2025-01-25 00:00:00,4.852005767025456,4.854897815880536
synthetic_exchange,economics,ridge_ar,exchange_1,2025-01-26 00:00:00,4.877453481402559,4.8830240729071726
synthetic_exchange,economics,ridge_ar,exchange_1,2025-01-27 00:00:00,4.949999999999999,4.9533952359061715
synthetic_exchange,economics,ridge_ar,exchange_1,2025-01-28 00:00:00,5.0225465185974425,5.020604147775497
synthetic_exchange,economics,ridge_ar,exchange_1,2025-01-29 00:00:00,5.047994232974546,5.04153541499414
synthetic_exchange,economics,ridge_ar,exchange_1,2025-01-30 00:00:00,5.014710699129406,5.007906908247225
synthetic_exchange,economics,ridge_ar,exchange_1,2025-01-31 00:00:00,4.955289300870595,4.953460247115508
synthetic_exchange,economics,ridge_ar,exchange_1,2025-02-01 00:00:00,4.922005767025455,4.926774496868418
synthetic_exchange,economics,ridge_ar,exchange_1,2025-02-02 00:00:00,4.947453481402558,4.955549683668614
synthetic_exchange,economics,ridge_ar,exchange_1,2025-02-03 00:00:00,5.019999999999998,5.025350828870452
synthetic_exchange,economics,ridge_ar,exchange_1,2025-02-04 00:00:00,5.092546518597442,5.091005399290514
synthetic_exchange,economics,ridge_ar,exchange_1,2025-02-05 00:00:00,5.117994232974547,5.110359496215454
synthetic_exchange,economics,ridge_ar,exchange_1,2025-02-06 00:00:00,5.084710699129407,5.076227566659147
synthetic_exchange,economics,ridge_ar,exchange_1,2025-02-07 00:00:00,5.0252893008706,5.021816670007276
synthetic_exchange,economics,ridge_ar,exchange_1,2025-02-08 00:00:00,4.9920057670254545,4.995649675456421
synthetic_exchange,economics,ridge_ar,exchange_1,2025-02-09 00:00:00,5.017453481402557,5.024921790012659
synthetic_exchange,economics,ridge_ar,exchange_1,2025-02-10 00:00:00,5.090000000000001,5.095129577162375
synthetic_exchange,economics,ridge_ar,exchange_1,2025-02-11 00:00:00,5.162546518597444,5.160993625497146
synthetic_exchange,economics,ridge_ar,exchange_1,2025-02-12 00:00:00,5.187994232974546,5.180427059211292
synthetic_exchange,economics,ridge_ar,exchange_1,2025-02-13 00:00:00,5.154710699129404,5.14628360274137
synthetic_exchange,economics,ridge_ar,exchange_1,2025-02-14 00:00:00,5.095289300870597,5.091831843478997
synthetic_exchange,economics,ridge_ar,exchange_1,2025-02-15 00:00:00,5.062005767025455,5.065621300030897
synthetic_exchange,economics,ridge_ar,exchange_1,2025-02-16 00:00:00,5.087453481402556,5.094863529343568
synthetic_exchange,economics,ridge_ar,exchange_1,2025-02-17 00:00:00,5.159999999999998,5.165054976389516
synthetic_exchange,economics,ridge_ar,exchange_1,2025-02-18 00:00:00,5.23254651859744,5.230912994695694
synthetic_exchange,economics,ridge_ar,exchange_1,2025-02-19 00:00:00,5.257994232974547,5.250345454309139
synthetic_exchange,economics,ridge_ar,exchange_1,2025-02-20 00:00:00,5.224710699129402,5.216202794776919
synthetic_exchange,economics,ridge_ar,exchange_1,2025-02-21 00:00:00,5.165289300870595,5.161751758009913
synthetic_exchange,economics,ridge_ar,exchange_1,2025-02-22 00:00:00,5.132005767025453,5.1355413991373515
synthetic_exchange,economics,ridge_ar,exchange_1,2025-02-23 00:00:00,5.157453481402558,5.164783269590338
synthetic_exchange,economics,ridge_ar,exchange_2,2025-01-07 00:00:00,4.84254651859744,4.838474832026629
synthetic_exchange,economics,ridge_ar,exchange_2,2025-01-08 00:00:00,4.867994232974547,4.86086676139704
synthetic_exchange,economics,ridge_ar,exchange_2,2025-01-09 00:00:00,4.834710699129404,4.827858084565782
synthetic_exchange,economics,ridge_ar,exchange_2,2025-01-10 00:00:00,4.775289300870598,4.772903029236324
synthetic_exchange,economics,ridge_ar,exchange_2,2025-01-11 00:00:00,4.742005767025454,4.7451589597784425
synthetic_exchange,economics,ridge_ar,exchange_2,2025-01-12 00:00:00,4.767453481402554,4.773250166681747
synthetic_exchange,economics,ridge_ar,exchange_2,2025-01-13 00:00:00,4.8400000000000025,4.8435528967207535
synthetic_exchange,economics,ridge_ar,exchange_2,2025-01-14 00:00:00,4.912546518597441,4.910718407534128
synthetic_exchange,economics,ridge_ar,exchange_2,2025-01-15 00:00:00,4.937994232974546,4.931627138884391
synthetic_exchange,economics,ridge_ar,exchange_2,2025-01-16 00:00:00,4.9047106991294065,4.8979963679000775
synthetic_exchange,economics,ridge_ar,exchange_2,2025-01-17 00:00:00,4.845289300870595,4.842705247619704
synthetic_exchange,economics,ridge_ar,exchange_2,2025-01-18 00:00:00,4.812005767025455,4.814935340148209
synthetic_exchange,economics,ridge_ar,exchange_2,2025-01-19 00:00:00,4.837453481402556,4.84306641937622
synthetic_exchange,economics,ridge_ar,exchange_2,2025-01-20 00:00:00,4.91,4.913441710669063
synthetic_exchange,economics,ridge_ar,exchange_2,2025-01-21 00:00:00,4.98254651859744,4.980654535075863
synthetic_exchange,economics,ridge_ar,exchange_2,2025-01-22 00:00:00,5.0079942329745455,5.001590104630182
synthetic_exchange,economics,ridge_ar,exchange_2,2025-01-23 00:00:00,4.974710699129407,4.967966096740165
synthetic_exchange,economics,ridge_ar,exchange_2,2025-01-24 00:00:00,4.915289300870597,4.9126730176188005
synthetic_exchange,economics,ridge_ar,exchange_2,2025-01-25 00:00:00,4.882005767025455,4.884897815880534
synthetic_exchange,economics,ridge_ar,exchange_2,2025-01-26 00:00:00,4.907453481402558,4.913024072907172
synthetic_exchange,economics,ridge_ar,exchange_2,2025-01-27 00:00:00,4.979999999999999,4.983395235906171
synthetic_exchange,economics,ridge_ar,exchange_2,2025-01-28 00:00:00,5.052546518597442,5.050604147775496
synthetic_exchange,economics,ridge_ar,exchange_2,2025-01-29 00:00:00,5.077994232974546,5.071535414994139
synthetic_exchange,economics,ridge_ar,exchange_2,2025-01-30 00:00:00,5.044710699129405,5.037906908247224
synthetic_exchange,economics,ridge_ar,exchange_2,2025-01-31 00:00:00,4.985289300870594,4.983460247115507
synthetic_exchange,economics,ridge_ar,exchange_2,2025-02-01 00:00:00,4.9520057670254545,4.956774496868418
synthetic_exchange,economics,ridge_ar,exchange_2,2025-02-02 00:00:00,4.9774534814025575,4.985549683668613
synthetic_exchange,economics,ridge_ar,exchange_2,2025-02-03 00:00:00,5.049999999999997,5.055350828870451
synthetic_exchange,economics,ridge_ar,exchange_2,2025-02-04 00:00:00,5.122546518597441,5.121005399290514
synthetic_exchange,economics,ridge_ar,exchange_2,2025-02-05 00:00:00,5.147994232974546,5.140359496215454
synthetic_exchange,economics,ridge_ar,exchange_2,2025-02-06 00:00:00,5.1147106991294065,5.106227566659147
synthetic_exchange,economics,ridge_ar,exchange_2,2025-02-07 00:00:00,5.0552893008706,5.051816670007274
synthetic_exchange,economics,ridge_ar,exchange_2,2025-02-08 00:00:00,5.022005767025454,5.025649675456419
synthetic_exchange,economics,ridge_ar,exchange_2,2025-02-09 00:00:00,5.047453481402556,5.054921790012658
synthetic_exchange,economics,ridge_ar,exchange_2,2025-02-10 00:00:00,5.12,5.125129577162374
synthetic_exchange,economics,ridge_ar,exchange_2,2025-02-11 00:00:00,5.192546518597443,5.190993625497145
synthetic_exchange,economics,ridge_ar,exchange_2,2025-02-12 00:00:00,5.2179942329745455,5.210427059211291
synthetic_exchange,economics,ridge_ar,exchange_2,2025-02-13 00:00:00,5.184710699129403,5.1762836027413694
synthetic_exchange,economics,ridge_ar,exchange_2,2025-02-14 00:00:00,5.125289300870596,5.121831843478996
synthetic_exchange,economics,ridge_ar,exchange_2,2025-02-15 00:00:00,5.092005767025454,5.0956213000308965
synthetic_exchange,economics,ridge_ar,exchange_2,2025-02-16 00:00:00,5.117453481402555,5.124863529343568
synthetic_exchange,economics,ridge_ar,exchange_2,2025-02-17 00:00:00,5.189999999999998,5.195054976389516
synthetic_exchange,economics,ridge_ar,exchange_2,2025-02-18 00:00:00,5.262546518597439,5.260912994695693
synthetic_exchange,economics,ridge_ar,exchange_2,2025-02-19 00:00:00,5.287994232974547,5.280345454309138
synthetic_exchange,economics,ridge_ar,exchange_2,2025-02-20 00:00:00,5.254710699129402,5.246202794776918
synthetic_exchange,economics,ridge_ar,exchange_2,2025-02-21 00:00:00,5.195289300870594,5.191751758009913
synthetic_exchange,economics,ridge_ar,exchange_2,2025-02-22 00:00:00,5.162005767025453,5.165541399137351
synthetic_exchange,economics,ridge_ar,exchange_2,2025-02-23 00:00:00,5.1874534814025575,5.194783269590338
synthetic_exchange,economics,hist_gradient_boosting_ar,exchange_0,2025-01-07 00:00:00,4.7825465185974405,4.704894920104822
synthetic_exchange,economics,hist_gradient_boosting_ar,exchange_0,2025-01-08 00:00:00,4.807994232974547,4.703942326328534
synthetic_exchange,economics,hist_gradient_boosting_ar,exchange_0,2025-01-09 00:00:00,4.774710699129405,4.703942326328534
synthetic_exchange,economics,hist_gradient_boosting_ar,exchange_0,2025-01-10 00:00:00,4.715289300870598,4.703942326328534
synthetic_exchange,economics,hist_gradient_boosting_ar,exchange_0,2025-01-11 00:00:00,4.682005767025454,4.704858630087983
synthetic_exchange,economics,hist_gradient_boosting_ar,exchange_0,2025-01-12 00:00:00,4.707453481402554,4.704858630087983
synthetic_exchange,economics,hist_gradient_boosting_ar,exchange_0,2025-01-13 00:00:00,4.780000000000003,4.704858630087983
synthetic_exchange,economics,hist_gradient_boosting_ar,exchange_0,2025-01-14 00:00:00,4.852546518597442,4.704858630087983
synthetic_exchange,economics,hist_gradient_boosting_ar,exchange_0,2025-01-15 00:00:00,4.8779942329745465,4.704858630087983
synthetic_exchange,economics,hist_gradient_boosting_ar,exchange_0,2025-01-16 00:00:00,4.844710699129407,4.704858630087983
synthetic_exchange,economics,hist_gradient_boosting_ar,exchange_0,2025-01-17 00:00:00,4.785289300870596,4.704858630087983
synthetic_exchange,economics,hist_gradient_boosting_ar,exchange_0,2025-01-18 00:00:00,4.752005767025455,4.704858630087983
synthetic_exchange,economics,hist_gradient_boosting_ar,exchange_0,2025-01-19 00:00:00,4.777453481402556,4.704858630087983
synthetic_exchange,economics,hist_gradient_boosting_ar,exchange_0,2025-01-20 00:00:00,4.8500000000000005,4.704858630087983
synthetic_exchange,economics,hist_gradient_boosting_ar,exchange_0,2025-01-21 00:00:00,4.92254651859744,4.704858630087983
synthetic_exchange,economics,hist_gradient_boosting_ar,exchange_0,2025-01-22 00:00:00,4.947994232974546,4.704858630087983
synthetic_exchange,economics,hist_gradient_boosting_ar,exchange_0,2025-01-23 00:00:00,4.914710699129407,4.704858630087983
synthetic_exchange,economics,hist_gradient_boosting_ar,exchange_0,2025-01-24 00:00:00,4.855289300870598,4.704858630087983
synthetic_exchange,economics,hist_gradient_boosting_ar,exchange_0,2025-01-25 00:00:00,4.8220057670254555,4.704858630087983
synthetic_exchange,economics,hist_gradient_boosting_ar,exchange_0,2025-01-26 00:00:00,4.8474534814025585,4.704858630087983
synthetic_exchange,economics,hist_gradient_boosting_ar,exchange_0,2025-01-27 00:00:00,4.919999999999999,4.704858630087983
synthetic_exchange,economics,hist_gradient_boosting_ar,exchange_0,2025-01-28 00:00:00,4.992546518597442,4.704858630087983
synthetic_exchange,economics,hist_gradient_boosting_ar,exchange_0,2025-01-29 00:00:00,5.017994232974546,4.704858630087983
synthetic_exchange,economics,hist_gradient_boosting_ar,exchange_0,2025-01-30 00:00:00,4.984710699129406,4.704858630087983
synthetic_exchange,economics,hist_gradient_boosting_ar,exchange_0,2025-01-31 00:00:00,4.9252893008705945,4.704858630087983
synthetic_exchange,economics,hist_gradient_boosting_ar,exchange_0,2025-02-01 00:00:00,4.892005767025455,4.704858630087983
synthetic_exchange,economics,hist_gradient_boosting_ar,exchange_0,2025-02-02 00:00:00,4.917453481402558,4.704858630087983
synthetic_exchange,economics,hist_gradient_boosting_ar,exchange_0,2025-02-03 00:00:00,4.9899999999999975,4.704858630087983
synthetic_exchange,economics,hist_gradient_boosting_ar,exchange_0,2025-02-04 00:00:00,5.062546518597442,4.704858630087983
synthetic_exchange,economics,hist_gradient_boosting_ar,exchange_0,2025-02-05 00:00:00,5.0879942329745464,4.704858630087983
synthetic_exchange,economics,hist_gradient_boosting_ar,exchange_0,2025-02-06 00:00:00,5.054710699129407,4.704858630087983
synthetic_exchange,economics,hist_gradient_boosting_ar,exchange_0,2025-02-07 00:00:00,4.9952893008706,4.704858630087983
synthetic_exchange,economics,hist_gradient_boosting_ar,exchange_0,2025-02-08 00:00:00,4.962005767025454,4.704858630087983
synthetic_exchange,economics,hist_gradient_boosting_ar,exchange_0,2025-02-09 00:00:00,4.987453481402556,4.704858630087983
synthetic_exchange,economics,hist_gradient_boosting_ar,exchange_0,2025-02-10 00:00:00,5.0600000000000005,4.704858630087983
synthetic_exchange,economics,hist_gradient_boosting_ar,exchange_0,2025-02-11 00:00:00,5.132546518597444,4.704858630087983
synthetic_exchange,economics,hist_gradient_boosting_ar,exchange_0,2025-02-12 00:00:00,5.157994232974546,4.704858630087983
synthetic_exchange,economics,hist_gradient_boosting_ar,exchange_0,2025-02-13 00:00:00,5.124710699129404,4.704858630087983
synthetic_exchange,economics,hist_gradient_boosting_ar,exchange_0,2025-02-14 00:00:00,5.065289300870597,4.704858630087983
synthetic_exchange,economics,hist_gradient_boosting_ar,exchange_0,2025-02-15 00:00:00,5.0320057670254545,4.704858630087983
synthetic_exchange,economics,hist_gradient_boosting_ar,exchange_0,2025-02-16 00:00:00,5.057453481402556,4.704858630087983
synthetic_exchange,economics,hist_gradient_boosting_ar,exchange_0,2025-02-17 00:00:00,5.129999999999998,4.704858630087983
synthetic_exchange,economics,hist_gradient_boosting_ar,exchange_0,2025-02-18 00:00:00,5.2025465185974396,4.704858630087983
synthetic_exchange,economics,hist_gradient_boosting_ar,exchange_0,2025-02-19 00:00:00,5.227994232974547,4.704858630087983
synthetic_exchange,economics,hist_gradient_boosting_ar,exchange_0,2025-02-20 00:00:00,5.194710699129402,4.704858630087983
synthetic_exchange,economics,hist_gradient_boosting_ar,exchange_0,2025-02-21 00:00:00,5.135289300870594,4.704858630087983
synthetic_exchange,economics,hist_gradient_boosting_ar,exchange_0,2025-02-22 00:00:00,5.102005767025453,4.704858630087983
synthetic_exchange,economics,hist_gradient_boosting_ar,exchange_0,2025-02-23 00:00:00,5.127453481402558,4.704858630087983
synthetic_exchange,economics,hist_gradient_boosting_ar,exchange_1,2025-01-07 00:00:00,4.812546518597441,4.734894920104822
synthetic_exchange,economics,hist_gradient_boosting_ar,exchange_1,2025-01-08 00:00:00,4.837994232974547,4.733942326328534
synthetic_exchange,economics,hist_gradient_boosting_ar,exchange_1,2025-01-09 00:00:00,4.804710699129405,4.733942326328534
synthetic_exchange,economics,hist_gradient_boosting_ar,exchange_1,2025-01-10 00:00:00,4.745289300870598,4.733942326328534
synthetic_exchange,economics,hist_gradient_boosting_ar,exchange_1,2025-01-11 00:00:00,4.712005767025454,4.734858630087984
synthetic_exchange,economics,hist_gradient_boosting_ar,exchange_1,2025-01-12 00:00:00,4.737453481402555,4.734858630087984
synthetic_exchange,economics,hist_gradient_boosting_ar,exchange_1,2025-01-13 00:00:00,4.810000000000003,4.734858630087984
synthetic_exchange,economics,hist_gradient_boosting_ar,exchange_1,2025-01-14 00:00:00,4.882546518597442,4.734858630087984
synthetic_exchange,economics,hist_gradient_boosting_ar,exchange_1,2025-01-15 00:00:00,4.907994232974547,4.734858630087984
synthetic_exchange,economics,hist_gradient_boosting_ar,exchange_1,2025-01-16 00:00:00,4.874710699129407,4.734858630087984
synthetic_exchange,economics,hist_gradient_boosting_ar,exchange_1,2025-01-17 00:00:00,4.815289300870596,4.734858630087984
synthetic_exchange,economics,hist_gradient_boosting_ar,exchange_1,2025-01-18 00:00:00,4.782005767025455,4.734858630087984
synthetic_exchange,economics,hist_gradient_boosting_ar,exchange_1,2025-01-19 00:00:00,4.807453481402557,4.734858630087984
synthetic_exchange,economics,hist_gradient_boosting_ar,exchange_1,2025-01-20 00:00:00,4.880000000000001,4.734858630087984
synthetic_exchange,economics,hist_gradient_boosting_ar,exchange_1,2025-01-21 00:00:00,4.95254651859744,4.734858630087984
synthetic_exchange,economics,hist_gradient_boosting_ar,exchange_1,2025-01-22 00:00:00,4.977994232974546,4.734858630087984
synthetic_exchange,economics,hist_gradient_boosting_ar,exchange_1,2025-01-23 00:00:00,4.944710699129407,4.734858630087984
synthetic_exchange,economics,hist_gradient_boosting_ar,exchange_1,2025-01-24 00:00:00,4.885289300870598,4.734858630087984
synthetic_exchange,economics,hist_gradient_boosting_ar,exchange_1,2025-01-25 00:00:00,4.852005767025456,4.734858630087984
synthetic_exchange,economics,hist_gradient_boosting_ar,exchange_1,2025-01-26 00:00:00,4.877453481402559,4.734858630087984
synthetic_exchange,economics,hist_gradient_boosting_ar,exchange_1,2025-01-27 00:00:00,4.949999999999999,4.734858630087984
synthetic_exchange,economics,hist_gradient_boosting_ar,exchange_1,2025-01-28 00:00:00,5.0225465185974425,4.734858630087984
synthetic_exchange,economics,hist_gradient_boosting_ar,exchange_1,2025-01-29 00:00:00,5.047994232974546,4.734858630087984
synthetic_exchange,economics,hist_gradient_boosting_ar,exchange_1,2025-01-30 00:00:00,5.014710699129406,4.734858630087984
synthetic_exchange,economics,hist_gradient_boosting_ar,exchange_1,2025-01-31 00:00:00,4.955289300870595,4.734858630087984
synthetic_exchange,economics,hist_gradient_boosting_ar,exchange_1,2025-02-01 00:00:00,4.922005767025455,4.734858630087984
synthetic_exchange,economics,hist_gradient_boosting_ar,exchange_1,2025-02-02 00:00:00,4.947453481402558,4.734858630087984
synthetic_exchange,economics,hist_gradient_boosting_ar,exchange_1,2025-02-03 00:00:00,5.019999999999998,4.734858630087984
synthetic_exchange,economics,hist_gradient_boosting_ar,exchange_1,2025-02-04 00:00:00,5.092546518597442,4.734858630087984
synthetic_exchange,economics,hist_gradient_boosting_ar,exchange_1,2025-02-05 00:00:00,5.117994232974547,4.734858630087984
synthetic_exchange,economics,hist_gradient_boosting_ar,exchange_1,2025-02-06 00:00:00,5.084710699129407,4.734858630087984
synthetic_exchange,economics,hist_gradient_boosting_ar,exchange_1,2025-02-07 00:00:00,5.0252893008706,4.734858630087984
synthetic_exchange,economics,hist_gradient_boosting_ar,exchange_1,2025-02-08 00:00:00,4.9920057670254545,4.734858630087984
synthetic_exchange,economics,hist_gradient_boosting_ar,exchange_1,2025-02-09 00:00:00,5.017453481402557,4.734858630087984
synthetic_exchange,economics,hist_gradient_boosting_ar,exchange_1,2025-02-10 00:00:00,5.090000000000001,4.734858630087984
synthetic_exchange,economics,hist_gradient_boosting_ar,exchange_1,2025-02-11 00:00:00,5.162546518597444,4.734858630087984
synthetic_exchange,economics,hist_gradient_boosting_ar,exchange_1,2025-02-12 00:00:00,5.187994232974546,4.734858630087984
synthetic_exchange,economics,hist_gradient_boosting_ar,exchange_1,2025-02-13 00:00:00,5.154710699129404,4.734858630087984
synthetic_exchange,economics,hist_gradient_boosting_ar,exchange_1,2025-02-14 00:00:00,5.095289300870597,4.734858630087984
synthetic_exchange,economics,hist_gradient_boosting_ar,exchange_1,2025-02-15 00:00:00,5.062005767025455,4.734858630087984
synthetic_exchange,economics,hist_gradient_boosting_ar,exchange_1,2025-02-16 00:00:00,5.087453481402556,4.734858630087984
synthetic_exchange,economics,hist_gradient_boosting_ar,exchange_1,2025-02-17 00:00:00,5.159999999999998,4.734858630087984
synthetic_exchange,economics,hist_gradient_boosting_ar,exchange_1,2025-02-18 00:00:00,5.23254651859744,4.734858630087984
synthetic_exchange,economics,hist_gradient_boosting_ar,exchange_1,2025-02-19 00:00:00,5.257994232974547,4.734858630087984
synthetic_exchange,economics,hist_gradient_boosting_ar,exchange_1,2025-02-20 00:00:00,5.224710699129402,4.734858630087984
synthetic_exchange,economics,hist_gradient_boosting_ar,exchange_1,2025-02-21 00:00:00,5.165289300870595,4.734858630087984
synthetic_exchange,economics,hist_gradient_boosting_ar,exchange_1,2025-02-22 00:00:00,5.132005767025453,4.734858630087984
synthetic_exchange,economics,hist_gradient_boosting_ar,exchange_1,2025-02-23 00:00:00,5.157453481402558,4.734858630087984
synthetic_exchange,economics,hist_gradient_boosting_ar,exchange_2,2025-01-07 00:00:00,4.84254651859744,4.764894920104821
synthetic_exchange,economics,hist_gradient_boosting_ar,exchange_2,2025-01-08 00:00:00,4.867994232974547,4.763942326328532
synthetic_exchange,economics,hist_gradient_boosting_ar,exchange_2,2025-01-09 00:00:00,4.834710699129404,4.763942326328532
synthetic_exchange,economics,hist_gradient_boosting_ar,exchange_2,2025-01-10 00:00:00,4.775289300870598,4.763942326328532
synthetic_exchange,economics,hist_gradient_boosting_ar,exchange_2,2025-01-11 00:00:00,4.742005767025454,4.764858630087982
synthetic_exchange,economics,hist_gradient_boosting_ar,exchange_2,2025-01-12 00:00:00,4.767453481402554,4.764858630087982
synthetic_exchange,economics,hist_gradient_boosting_ar,exchange_2,2025-01-13 00:00:00,4.8400000000000025,4.764858630087982
synthetic_exchange,economics,hist_gradient_boosting_ar,exchange_2,2025-01-14 00:00:00,4.912546518597441,4.764858630087982
synthetic_exchange,economics,hist_gradient_boosting_ar,exchange_2,2025-01-15 00:00:00,4.937994232974546,4.764858630087982
synthetic_exchange,economics,hist_gradient_boosting_ar,exchange_2,2025-01-16 00:00:00,4.9047106991294065,4.764858630087982
synthetic_exchange,economics,hist_gradient_boosting_ar,exchange_2,2025-01-17 00:00:00,4.845289300870595,4.764858630087982
synthetic_exchange,economics,hist_gradient_boosting_ar,exchange_2,2025-01-18 00:00:00,4.812005767025455,4.764858630087982
synthetic_exchange,economics,hist_gradient_boosting_ar,exchange_2,2025-01-19 00:00:00,4.837453481402556,4.764858630087982
synthetic_exchange,economics,hist_gradient_boosting_ar,exchange_2,2025-01-20 00:00:00,4.91,4.764858630087982
synthetic_exchange,economics,hist_gradient_boosting_ar,exchange_2,2025-01-21 00:00:00,4.98254651859744,4.764858630087982
synthetic_exchange,economics,hist_gradient_boosting_ar,exchange_2,2025-01-22 00:00:00,5.0079942329745455,4.764858630087982
synthetic_exchange,economics,hist_gradient_boosting_ar,exchange_2,2025-01-23 00:00:00,4.974710699129407,4.764858630087982
synthetic_exchange,economics,hist_gradient_boosting_ar,exchange_2,2025-01-24 00:00:00,4.915289300870597,4.764858630087982
synthetic_exchange,economics,hist_gradient_boosting_ar,exchange_2,2025-01-25 00:00:00,4.882005767025455,4.764858630087982
synthetic_exchange,economics,hist_gradient_boosting_ar,exchange_2,2025-01-26 00:00:00,4.907453481402558,4.764858630087982
synthetic_exchange,economics,hist_gradient_boosting_ar,exchange_2,2025-01-27 00:00:00,4.979999999999999,4.764858630087982
synthetic_exchange,economics,hist_gradient_boosting_ar,exchange_2,2025-01-28 00:00:00,5.052546518597442,4.764858630087982
synthetic_exchange,economics,hist_gradient_boosting_ar,exchange_2,2025-01-29 00:00:00,5.077994232974546,4.764858630087982
synthetic_exchange,economics,hist_gradient_boosting_ar,exchange_2,2025-01-30 00:00:00,5.044710699129405,4.764858630087982
synthetic_exchange,economics,hist_gradient_boosting_ar,exchange_2,2025-01-31 00:00:00,4.985289300870594,4.764858630087982
synthetic_exchange,economics,hist_gradient_boosting_ar,exchange_2,2025-02-01 00:00:00,4.9520057670254545,4.764858630087982
synthetic_exchange,economics,hist_gradient_boosting_ar,exchange_2,2025-02-02 00:00:00,4.9774534814025575,4.764858630087982
synthetic_exchange,economics,hist_gradient_boosting_ar,exchange_2,2025-02-03 00:00:00,5.049999999999997,4.764858630087982
synthetic_exchange,economics,hist_gradient_boosting_ar,exchange_2,2025-02-04 00:00:00,5.122546518597441,4.764858630087982
synthetic_exchange,economics,hist_gradient_boosting_ar,exchange_2,2025-02-05 00:00:00,5.147994232974546,4.764858630087982
synthetic_exchange,economics,hist_gradient_boosting_ar,exchange_2,2025-02-06 00:00:00,5.1147106991294065,4.764858630087982
synthetic_exchange,economics,hist_gradient_boosting_ar,exchange_2,2025-02-07 00:00:00,5.0552893008706,4.764858630087982
synthetic_exchange,economics,hist_gradient_boosting_ar,exchange_2,2025-02-08 00:00:00,5.022005767025454,4.764858630087982
synthetic_exchange,economics,hist_gradient_boosting_ar,exchange_2,2025-02-09 00:00:00,5.047453481402556,4.764858630087982
synthetic_exchange,economics,hist_gradient_boosting_ar,exchange_2,2025-02-10 00:00:00,5.12,4.764858630087982
synthetic_exchange,economics,hist_gradient_boosting_ar,exchange_2,2025-02-11 00:00:00,5.192546518597443,4.764858630087982
synthetic_exchange,economics,hist_gradient_boosting_ar,exchange_2,2025-02-12 00:00:00,5.2179942329745455,4.764858630087982
synthetic_exchange,economics,hist_gradient_boosting_ar,exchange_2,2025-02-13 00:00:00,5.184710699129403,4.764858630087982
synthetic_exchange,economics,hist_gradient_boosting_ar,exchange_2,2025-02-14 00:00:00,5.125289300870596,4.764858630087982
synthetic_exchange,economics,hist_gradient_boosting_ar,exchange_2,2025-02-15 00:00:00,5.092005767025454,4.764858630087982
synthetic_exchange,economics,hist_gradient_boosting_ar,exchange_2,2025-02-16 00:00:00,5.117453481402555,4.764858630087982
synthetic_exchange,economics,hist_gradient_boosting_ar,exchange_2,2025-02-17 00:00:00,5.189999999999998,4.764858630087982
synthetic_exchange,economics,hist_gradient_boosting_ar,exchange_2,2025-02-18 00:00:00,5.262546518597439,4.764858630087982
synthetic_exchange,economics,hist_gradient_boosting_ar,exchange_2,2025-02-19 00:00:00,5.287994232974547,4.764858630087982
synthetic_exchange,economics,hist_gradient_boosting_ar,exchange_2,2025-02-20 00:00:00,5.254710699129402,4.764858630087982
synthetic_exchange,economics,hist_gradient_boosting_ar,exchange_2,2025-02-21 00:00:00,5.195289300870594,4.764858630087982
synthetic_exchange,economics,hist_gradient_boosting_ar,exchange_2,2025-02-22 00:00:00,5.162005767025453,4.764858630087982
synthetic_exchange,economics,hist_gradient_boosting_ar,exchange_2,2025-02-23 00:00:00,5.1874534814025575,4.764858630087982
synthetic_exchange,economics,lightgbm_ar,exchange_0,2025-01-07 00:00:00,4.7825465185974405,4.72816023084255
synthetic_exchange,economics,lightgbm_ar,exchange_0,2025-01-08 00:00:00,4.807994232974547,4.713593369048447
synthetic_exchange,economics,lightgbm_ar,exchange_0,2025-01-09 00:00:00,4.774710699129405,4.70121690074803
synthetic_exchange,economics,lightgbm_ar,exchange_0,2025-01-10 00:00:00,4.715289300870598,4.6910590121213245
synthetic_exchange,economics,lightgbm_ar,exchange_0,2025-01-11 00:00:00,4.682005767025454,4.70121690074803
synthetic_exchange,economics,lightgbm_ar,exchange_0,2025-01-12 00:00:00,4.707453481402554,4.70121690074803
synthetic_exchange,economics,lightgbm_ar,exchange_0,2025-01-13 00:00:00,4.780000000000003,4.70121690074803
synthetic_exchange,economics,lightgbm_ar,exchange_0,2025-01-14 00:00:00,4.852546518597442,4.70121690074803
synthetic_exchange,economics,lightgbm_ar,exchange_0,2025-01-15 00:00:00,4.8779942329745465,4.70121690074803
synthetic_exchange,economics,lightgbm_ar,exchange_0,2025-01-16 00:00:00,4.844710699129407,4.70121690074803
synthetic_exchange,economics,lightgbm_ar,exchange_0,2025-01-17 00:00:00,4.785289300870596,4.70121690074803
synthetic_exchange,economics,lightgbm_ar,exchange_0,2025-01-18 00:00:00,4.752005767025455,4.70121690074803
synthetic_exchange,economics,lightgbm_ar,exchange_0,2025-01-19 00:00:00,4.777453481402556,4.70121690074803
synthetic_exchange,economics,lightgbm_ar,exchange_0,2025-01-20 00:00:00,4.8500000000000005,4.70121690074803
synthetic_exchange,economics,lightgbm_ar,exchange_0,2025-01-21 00:00:00,4.92254651859744,4.70121690074803
synthetic_exchange,economics,lightgbm_ar,exchange_0,2025-01-22 00:00:00,4.947994232974546,4.70121690074803
synthetic_exchange,economics,lightgbm_ar,exchange_0,2025-01-23 00:00:00,4.914710699129407,4.70121690074803
synthetic_exchange,economics,lightgbm_ar,exchange_0,2025-01-24 00:00:00,4.855289300870598,4.70121690074803
synthetic_exchange,economics,lightgbm_ar,exchange_0,2025-01-25 00:00:00,4.8220057670254555,4.70121690074803
synthetic_exchange,economics,lightgbm_ar,exchange_0,2025-01-26 00:00:00,4.8474534814025585,4.70121690074803
synthetic_exchange,economics,lightgbm_ar,exchange_0,2025-01-27 00:00:00,4.919999999999999,4.70121690074803
synthetic_exchange,economics,lightgbm_ar,exchange_0,2025-01-28 00:00:00,4.992546518597442,4.70121690074803
synthetic_exchange,economics,lightgbm_ar,exchange_0,2025-01-29 00:00:00,5.017994232974546,4.70121690074803
synthetic_exchange,economics,lightgbm_ar,exchange_0,2025-01-30 00:00:00,4.984710699129406,4.70121690074803
synthetic_exchange,economics,lightgbm_ar,exchange_0,2025-01-31 00:00:00,4.9252893008705945,4.70121690074803
synthetic_exchange,economics,lightgbm_ar,exchange_0,2025-02-01 00:00:00,4.892005767025455,4.70121690074803
synthetic_exchange,economics,lightgbm_ar,exchange_0,2025-02-02 00:00:00,4.917453481402558,4.70121690074803
synthetic_exchange,economics,lightgbm_ar,exchange_0,2025-02-03 00:00:00,4.9899999999999975,4.70121690074803
synthetic_exchange,economics,lightgbm_ar,exchange_0,2025-02-04 00:00:00,5.062546518597442,4.70121690074803
synthetic_exchange,economics,lightgbm_ar,exchange_0,2025-02-05 00:00:00,5.0879942329745464,4.70121690074803
synthetic_exchange,economics,lightgbm_ar,exchange_0,2025-02-06 00:00:00,5.054710699129407,4.70121690074803
synthetic_exchange,economics,lightgbm_ar,exchange_0,2025-02-07 00:00:00,4.9952893008706,4.70121690074803
synthetic_exchange,economics,lightgbm_ar,exchange_0,2025-02-08 00:00:00,4.962005767025454,4.70121690074803
synthetic_exchange,economics,lightgbm_ar,exchange_0,2025-02-09 00:00:00,4.987453481402556,4.70121690074803
synthetic_exchange,economics,lightgbm_ar,exchange_0,2025-02-10 00:00:00,5.0600000000000005,4.70121690074803
synthetic_exchange,economics,lightgbm_ar,exchange_0,2025-02-11 00:00:00,5.132546518597444,4.70121690074803
synthetic_exchange,economics,lightgbm_ar,exchange_0,2025-02-12 00:00:00,5.157994232974546,4.70121690074803
synthetic_exchange,economics,lightgbm_ar,exchange_0,2025-02-13 00:00:00,5.124710699129404,4.70121690074803
synthetic_exchange,economics,lightgbm_ar,exchange_0,2025-02-14 00:00:00,5.065289300870597,4.70121690074803
synthetic_exchange,economics,lightgbm_ar,exchange_0,2025-02-15 00:00:00,5.0320057670254545,4.70121690074803
synthetic_exchange,economics,lightgbm_ar,exchange_0,2025-02-16 00:00:00,5.057453481402556,4.70121690074803
synthetic_exchange,economics,lightgbm_ar,exchange_0,2025-02-17 00:00:00,5.129999999999998,4.70121690074803
synthetic_exchange,economics,lightgbm_ar,exchange_0,2025-02-18 00:00:00,5.2025465185974396,4.70121690074803
synthetic_exchange,economics,lightgbm_ar,exchange_0,2025-02-19 00:00:00,5.227994232974547,4.70121690074803
synthetic_exchange,economics,lightgbm_ar,exchange_0,2025-02-20 00:00:00,5.194710699129402,4.70121690074803
synthetic_exchange,economics,lightgbm_ar,exchange_0,2025-02-21 00:00:00,5.135289300870594,4.70121690074803
synthetic_exchange,economics,lightgbm_ar,exchange_0,2025-02-22 00:00:00,5.102005767025453,4.70121690074803
synthetic_exchange,economics,lightgbm_ar,exchange_0,2025-02-23 00:00:00,5.127453481402558,4.70121690074803
synthetic_exchange,economics,lightgbm_ar,exchange_1,2025-01-07 00:00:00,4.812546518597441,4.758160230842551
synthetic_exchange,economics,lightgbm_ar,exchange_1,2025-01-08 00:00:00,4.837994232974547,4.7435933690484475
synthetic_exchange,economics,lightgbm_ar,exchange_1,2025-01-09 00:00:00,4.804710699129405,4.731216900748029
synthetic_exchange,economics,lightgbm_ar,exchange_1,2025-01-10 00:00:00,4.745289300870598,4.721059012121324
synthetic_exchange,economics,lightgbm_ar,exchange_1,2025-01-11 00:00:00,4.712005767025454,4.731216900748029
synthetic_exchange,economics,lightgbm_ar,exchange_1,2025-01-12 00:00:00,4.737453481402555,4.731216900748029
synthetic_exchange,economics,lightgbm_ar,exchange_1,2025-01-13 00:00:00,4.810000000000003,4.731216900748029
synthetic_exchange,economics,lightgbm_ar,exchange_1,2025-01-14 00:00:00,4.882546518597442,4.731216900748029
synthetic_exchange,economics,lightgbm_ar,exchange_1,2025-01-15 00:00:00,4.907994232974547,4.731216900748029
synthetic_exchange,economics,lightgbm_ar,exchange_1,2025-01-16 00:00:00,4.874710699129407,4.731216900748029
synthetic_exchange,economics,lightgbm_ar,exchange_1,2025-01-17 00:00:00,4.815289300870596,4.731216900748029
synthetic_exchange,economics,lightgbm_ar,exchange_1,2025-01-18 00:00:00,4.782005767025455,4.731216900748029
synthetic_exchange,economics,lightgbm_ar,exchange_1,2025-01-19 00:00:00,4.807453481402557,4.731216900748029
synthetic_exchange,economics,lightgbm_ar,exchange_1,2025-01-20 00:00:00,4.880000000000001,4.731216900748029
synthetic_exchange,economics,lightgbm_ar,exchange_1,2025-01-21 00:00:00,4.95254651859744,4.731216900748029
synthetic_exchange,economics,lightgbm_ar,exchange_1,2025-01-22 00:00:00,4.977994232974546,4.731216900748029
synthetic_exchange,economics,lightgbm_ar,exchange_1,2025-01-23 00:00:00,4.944710699129407,4.731216900748029
synthetic_exchange,economics,lightgbm_ar,exchange_1,2025-01-24 00:00:00,4.885289300870598,4.731216900748029
synthetic_exchange,economics,lightgbm_ar,exchange_1,2025-01-25 00:00:00,4.852005767025456,4.731216900748029
synthetic_exchange,economics,lightgbm_ar,exchange_1,2025-01-26 00:00:00,4.877453481402559,4.731216900748029
synthetic_exchange,economics,lightgbm_ar,exchange_1,2025-01-27 00:00:00,4.949999999999999,4.731216900748029
synthetic_exchange,economics,lightgbm_ar,exchange_1,2025-01-28 00:00:00,5.0225465185974425,4.731216900748029
synthetic_exchange,economics,lightgbm_ar,exchange_1,2025-01-29 00:00:00,5.047994232974546,4.731216900748029
synthetic_exchange,economics,lightgbm_ar,exchange_1,2025-01-30 00:00:00,5.014710699129406,4.731216900748029
synthetic_exchange,economics,lightgbm_ar,exchange_1,2025-01-31 00:00:00,4.955289300870595,4.731216900748029
synthetic_exchange,economics,lightgbm_ar,exchange_1,2025-02-01 00:00:00,4.922005767025455,4.731216900748029
synthetic_exchange,economics,lightgbm_ar,exchange_1,2025-02-02 00:00:00,4.947453481402558,4.731216900748029
synthetic_exchange,economics,lightgbm_ar,exchange_1,2025-02-03 00:00:00,5.019999999999998,4.731216900748029
synthetic_exchange,economics,lightgbm_ar,exchange_1,2025-02-04 00:00:00,5.092546518597442,4.731216900748029
synthetic_exchange,economics,lightgbm_ar,exchange_1,2025-02-05 00:00:00,5.117994232974547,4.731216900748029
synthetic_exchange,economics,lightgbm_ar,exchange_1,2025-02-06 00:00:00,5.084710699129407,4.731216900748029
synthetic_exchange,economics,lightgbm_ar,exchange_1,2025-02-07 00:00:00,5.0252893008706,4.731216900748029
synthetic_exchange,economics,lightgbm_ar,exchange_1,2025-02-08 00:00:00,4.9920057670254545,4.731216900748029
synthetic_exchange,economics,lightgbm_ar,exchange_1,2025-02-09 00:00:00,5.017453481402557,4.731216900748029
synthetic_exchange,economics,lightgbm_ar,exchange_1,2025-02-10 00:00:00,5.090000000000001,4.731216900748029
synthetic_exchange,economics,lightgbm_ar,exchange_1,2025-02-11 00:00:00,5.162546518597444,4.731216900748029
synthetic_exchange,economics,lightgbm_ar,exchange_1,2025-02-12 00:00:00,5.187994232974546,4.731216900748029
synthetic_exchange,economics,lightgbm_ar,exchange_1,2025-02-13 00:00:00,5.154710699129404,4.731216900748029
synthetic_exchange,economics,lightgbm_ar,exchange_1,2025-02-14 00:00:00,5.095289300870597,4.731216900748029
synthetic_exchange,economics,lightgbm_ar,exchange_1,2025-02-15 00:00:00,5.062005767025455,4.731216900748029
synthetic_exchange,economics,lightgbm_ar,exchange_1,2025-02-16 00:00:00,5.087453481402556,4.731216900748029
synthetic_exchange,economics,lightgbm_ar,exchange_1,2025-02-17 00:00:00,5.159999999999998,4.731216900748029
synthetic_exchange,economics,lightgbm_ar,exchange_1,2025-02-18 00:00:00,5.23254651859744,4.731216900748029
synthetic_exchange,economics,lightgbm_ar,exchange_1,2025-02-19 00:00:00,5.257994232974547,4.731216900748029
synthetic_exchange,economics,lightgbm_ar,exchange_1,2025-02-20 00:00:00,5.224710699129402,4.731216900748029
synthetic_exchange,economics,lightgbm_ar,exchange_1,2025-02-21 00:00:00,5.165289300870595,4.731216900748029
synthetic_exchange,economics,lightgbm_ar,exchange_1,2025-02-22 00:00:00,5.132005767025453,4.731216900748029
synthetic_exchange,economics,lightgbm_ar,exchange_1,2025-02-23 00:00:00,5.157453481402558,4.731216900748029
synthetic_exchange,economics,lightgbm_ar,exchange_2,2025-01-07 00:00:00,4.84254651859744,4.788160230842549
synthetic_exchange,economics,lightgbm_ar,exchange_2,2025-01-08 00:00:00,4.867994232974547,4.773593369048446
synthetic_exchange,economics,lightgbm_ar,exchange_2,2025-01-09 00:00:00,4.834710699129404,4.761216900748028
synthetic_exchange,economics,lightgbm_ar,exchange_2,2025-01-10 00:00:00,4.775289300870598,4.751059012121323
synthetic_exchange,economics,lightgbm_ar,exchange_2,2025-01-11 00:00:00,4.742005767025454,4.761216900748028
synthetic_exchange,economics,lightgbm_ar,exchange_2,2025-01-12 00:00:00,4.767453481402554,4.761216900748028
synthetic_exchange,economics,lightgbm_ar,exchange_2,2025-01-13 00:00:00,4.8400000000000025,4.761216900748028
synthetic_exchange,economics,lightgbm_ar,exchange_2,2025-01-14 00:00:00,4.912546518597441,4.761216900748028
synthetic_exchange,economics,lightgbm_ar,exchange_2,2025-01-15 00:00:00,4.937994232974546,4.761216900748028
synthetic_exchange,economics,lightgbm_ar,exchange_2,2025-01-16 00:00:00,4.9047106991294065,4.761216900748028
synthetic_exchange,economics,lightgbm_ar,exchange_2,2025-01-17 00:00:00,4.845289300870595,4.761216900748028
synthetic_exchange,economics,lightgbm_ar,exchange_2,2025-01-18 00:00:00,4.812005767025455,4.761216900748028
synthetic_exchange,economics,lightgbm_ar,exchange_2,2025-01-19 00:00:00,4.837453481402556,4.761216900748028
synthetic_exchange,economics,lightgbm_ar,exchange_2,2025-01-20 00:00:00,4.91,4.761216900748028
synthetic_exchange,economics,lightgbm_ar,exchange_2,2025-01-21 00:00:00,4.98254651859744,4.761216900748028
synthetic_exchange,economics,lightgbm_ar,exchange_2,2025-01-22 00:00:00,5.0079942329745455,4.761216900748028
synthetic_exchange,economics,lightgbm_ar,exchange_2,2025-01-23 00:00:00,4.974710699129407,4.761216900748028
synthetic_exchange,economics,lightgbm_ar,exchange_2,2025-01-24 00:00:00,4.915289300870597,4.761216900748028
synthetic_exchange,economics,lightgbm_ar,exchange_2,2025-01-25 00:00:00,4.882005767025455,4.761216900748028
synthetic_exchange,economics,lightgbm_ar,exchange_2,2025-01-26 00:00:00,4.907453481402558,4.761216900748028
synthetic_exchange,economics,lightgbm_ar,exchange_2,2025-01-27 00:00:00,4.979999999999999,4.761216900748028
synthetic_exchange,economics,lightgbm_ar,exchange_2,2025-01-28 00:00:00,5.052546518597442,4.761216900748028
synthetic_exchange,economics,lightgbm_ar,exchange_2,2025-01-29 00:00:00,5.077994232974546,4.761216900748028
synthetic_exchange,economics,lightgbm_ar,exchange_2,2025-01-30 00:00:00,5.044710699129405,4.761216900748028
synthetic_exchange,economics,lightgbm_ar,exchange_2,2025-01-31 00:00:00,4.985289300870594,4.761216900748028
synthetic_exchange,economics,lightgbm_ar,exchange_2,2025-02-01 00:00:00,4.9520057670254545,4.761216900748028
synthetic_exchange,economics,lightgbm_ar,exchange_2,2025-02-02 00:00:00,4.9774534814025575,4.761216900748028
synthetic_exchange,economics,lightgbm_ar,exchange_2,2025-02-03 00:00:00,5.049999999999997,4.761216900748028
synthetic_exchange,economics,lightgbm_ar,exchange_2,2025-02-04 00:00:00,5.122546518597441,4.761216900748028
synthetic_exchange,economics,lightgbm_ar,exchange_2,2025-02-05 00:00:00,5.147994232974546,4.761216900748028
synthetic_exchange,economics,lightgbm_ar,exchange_2,2025-02-06 00:00:00,5.1147106991294065,4.761216900748028
synthetic_exchange,economics,lightgbm_ar,exchange_2,2025-02-07 00:00:00,5.0552893008706,4.761216900748028
synthetic_exchange,economics,lightgbm_ar,exchange_2,2025-02-08 00:00:00,5.022005767025454,4.761216900748028
synthetic_exchange,economics,lightgbm_ar,exchange_2,2025-02-09 00:00:00,5.047453481402556,4.761216900748028
synthetic_exchange,economics,lightgbm_ar,exchange_2,2025-02-10 00:00:00,5.12,4.761216900748028
synthetic_exchange,economics,lightgbm_ar,exchange_2,2025-02-11 00:00:00,5.192546518597443,4.761216900748028
synthetic_exchange,economics,lightgbm_ar,exchange_2,2025-02-12 00:00:00,5.2179942329745455,4.761216900748028
synthetic_exchange,economics,lightgbm_ar,exchange_2,2025-02-13 00:00:00,5.184710699129403,4.761216900748028
synthetic_exchange,economics,lightgbm_ar,exchange_2,2025-02-14 00:00:00,5.125289300870596,4.761216900748028
synthetic_exchange,economics,lightgbm_ar,exchange_2,2025-02-15 00:00:00,5.092005767025454,4.761216900748028
synthetic_exchange,economics,lightgbm_ar,exchange_2,2025-02-16 00:00:00,5.117453481402555,4.761216900748028
synthetic_exchange,economics,lightgbm_ar,exchange_2,2025-02-17 00:00:00,5.189999999999998,4.761216900748028
synthetic_exchange,economics,lightgbm_ar,exchange_2,2025-02-18 00:00:00,5.262546518597439,4.761216900748028
synthetic_exchange,economics,lightgbm_ar,exchange_2,2025-02-19 00:00:00,5.287994232974547,4.761216900748028
synthetic_exchange,economics,lightgbm_ar,exchange_2,2025-02-20 00:00:00,5.254710699129402,4.761216900748028
synthetic_exchange,economics,lightgbm_ar,exchange_2,2025-02-21 00:00:00,5.195289300870594,4.761216900748028
synthetic_exchange,economics,lightgbm_ar,exchange_2,2025-02-22 00:00:00,5.162005767025453,4.761216900748028
synthetic_exchange,economics,lightgbm_ar,exchange_2,2025-02-23 00:00:00,5.1874534814025575,4.761216900748028
synthetic_exchange,economics,xgboost_ar,exchange_0,2025-01-07 00:00:00,4.7825465185974405,4.712507252421772
synthetic_exchange,economics,xgboost_ar,exchange_0,2025-01-08 00:00:00,4.807994232974547,4.70035847729569
synthetic_exchange,economics,xgboost_ar,exchange_0,2025-01-09 00:00:00,4.774710699129405,4.6949323775951255
synthetic_exchange,economics,xgboost_ar,exchange_0,2025-01-10 00:00:00,4.715289300870598,4.688304704722726
synthetic_exchange,economics,xgboost_ar,exchange_0,2025-01-11 00:00:00,4.682005767025454,4.692584201282189
synthetic_exchange,economics,xgboost_ar,exchange_0,2025-01-12 00:00:00,4.707453481402554,4.690733875525393
synthetic_exchange,economics,xgboost_ar,exchange_0,2025-01-13 00:00:00,4.780000000000003,4.6949323775951255
synthetic_exchange,economics,xgboost_ar,exchange_0,2025-01-14 00:00:00,4.852546518597442,4.6949323775951255
synthetic_exchange,economics,xgboost_ar,exchange_0,2025-01-15 00:00:00,4.8779942329745465,4.6949323775951255
synthetic_exchange,economics,xgboost_ar,exchange_0,2025-01-16 00:00:00,4.844710699129407,4.690733875525393
synthetic_exchange,economics,xgboost_ar,exchange_0,2025-01-17 00:00:00,4.785289300870596,4.690733875525393
synthetic_exchange,economics,xgboost_ar,exchange_0,2025-01-18 00:00:00,4.752005767025455,4.690733875525393
synthetic_exchange,economics,xgboost_ar,exchange_0,2025-01-19 00:00:00,4.777453481402556,4.690733875525393
synthetic_exchange,economics,xgboost_ar,exchange_0,2025-01-20 00:00:00,4.8500000000000005,4.690733875525393
synthetic_exchange,economics,xgboost_ar,exchange_0,2025-01-21 00:00:00,4.92254651859744,4.690733875525393
synthetic_exchange,economics,xgboost_ar,exchange_0,2025-01-22 00:00:00,4.947994232974546,4.690733875525393
synthetic_exchange,economics,xgboost_ar,exchange_0,2025-01-23 00:00:00,4.914710699129407,4.690733875525393
synthetic_exchange,economics,xgboost_ar,exchange_0,2025-01-24 00:00:00,4.855289300870598,4.690733875525393
synthetic_exchange,economics,xgboost_ar,exchange_0,2025-01-25 00:00:00,4.8220057670254555,4.690733875525393
synthetic_exchange,economics,xgboost_ar,exchange_0,2025-01-26 00:00:00,4.8474534814025585,4.690733875525393
synthetic_exchange,economics,xgboost_ar,exchange_0,2025-01-27 00:00:00,4.919999999999999,4.690733875525393
synthetic_exchange,economics,xgboost_ar,exchange_0,2025-01-28 00:00:00,4.992546518597442,4.690733875525393
synthetic_exchange,economics,xgboost_ar,exchange_0,2025-01-29 00:00:00,5.017994232974546,4.690733875525393
synthetic_exchange,economics,xgboost_ar,exchange_0,2025-01-30 00:00:00,4.984710699129406,4.690733875525393
synthetic_exchange,economics,xgboost_ar,exchange_0,2025-01-31 00:00:00,4.9252893008705945,4.690733875525393
synthetic_exchange,economics,xgboost_ar,exchange_0,2025-02-01 00:00:00,4.892005767025455,4.690733875525393
synthetic_exchange,economics,xgboost_ar,exchange_0,2025-02-02 00:00:00,4.917453481402558,4.690733875525393
synthetic_exchange,economics,xgboost_ar,exchange_0,2025-02-03 00:00:00,4.9899999999999975,4.690733875525393
synthetic_exchange,economics,xgboost_ar,exchange_0,2025-02-04 00:00:00,5.062546518597442,4.690733875525393
synthetic_exchange,economics,xgboost_ar,exchange_0,2025-02-05 00:00:00,5.0879942329745464,4.690733875525393
synthetic_exchange,economics,xgboost_ar,exchange_0,2025-02-06 00:00:00,5.054710699129407,4.690733875525393
synthetic_exchange,economics,xgboost_ar,exchange_0,2025-02-07 00:00:00,4.9952893008706,4.690733875525393
synthetic_exchange,economics,xgboost_ar,exchange_0,2025-02-08 00:00:00,4.962005767025454,4.690733875525393
synthetic_exchange,economics,xgboost_ar,exchange_0,2025-02-09 00:00:00,4.987453481402556,4.690733875525393
synthetic_exchange,economics,xgboost_ar,exchange_0,2025-02-10 00:00:00,5.0600000000000005,4.690733875525393
synthetic_exchange,economics,xgboost_ar,exchange_0,2025-02-11 00:00:00,5.132546518597444,4.690733875525393
synthetic_exchange,economics,xgboost_ar,exchange_0,2025-02-12 00:00:00,5.157994232974546,4.690733875525393
synthetic_exchange,economics,xgboost_ar,exchange_0,2025-02-13 00:00:00,5.124710699129404,4.690733875525393
synthetic_exchange,economics,xgboost_ar,exchange_0,2025-02-14 00:00:00,5.065289300870597,4.690733875525393
synthetic_exchange,economics,xgboost_ar,exchange_0,2025-02-15 00:00:00,5.0320057670254545,4.690733875525393
synthetic_exchange,economics,xgboost_ar,exchange_0,2025-02-16 00:00:00,5.057453481402556,4.690733875525393
synthetic_exchange,economics,xgboost_ar,exchange_0,2025-02-17 00:00:00,5.129999999999998,4.690733875525393
synthetic_exchange,economics,xgboost_ar,exchange_0,2025-02-18 00:00:00,5.2025465185974396,4.690733875525393
synthetic_exchange,economics,xgboost_ar,exchange_0,2025-02-19 00:00:00,5.227994232974547,4.690733875525393
synthetic_exchange,economics,xgboost_ar,exchange_0,2025-02-20 00:00:00,5.194710699129402,4.690733875525393
synthetic_exchange,economics,xgboost_ar,exchange_0,2025-02-21 00:00:00,5.135289300870594,4.690733875525393
synthetic_exchange,economics,xgboost_ar,exchange_0,2025-02-22 00:00:00,5.102005767025453,4.690733875525393
synthetic_exchange,economics,xgboost_ar,exchange_0,2025-02-23 00:00:00,5.127453481402558,4.690733875525393
synthetic_exchange,economics,xgboost_ar,exchange_1,2025-01-07 00:00:00,4.812546518597441,4.742507252421772
synthetic_exchange,economics,xgboost_ar,exchange_1,2025-01-08 00:00:00,4.837994232974547,4.73035847729569
synthetic_exchange,economics,xgboost_ar,exchange_1,2025-01-09 00:00:00,4.804710699129405,4.724932377595126
synthetic_exchange,economics,xgboost_ar,exchange_1,2025-01-10 00:00:00,4.745289300870598,4.718304704722726
synthetic_exchange,economics,xgboost_ar,exchange_1,2025-01-11 00:00:00,4.712005767025454,4.722584201282189
synthetic_exchange,economics,xgboost_ar,exchange_1,2025-01-12 00:00:00,4.737453481402555,4.720733875525394
synthetic_exchange,economics,xgboost_ar,exchange_1,2025-01-13 00:00:00,4.810000000000003,4.724932377595126
synthetic_exchange,economics,xgboost_ar,exchange_1,2025-01-14 00:00:00,4.882546518597442,4.724932377595126
synthetic_exchange,economics,xgboost_ar,exchange_1,2025-01-15 00:00:00,4.907994232974547,4.724932377595126
synthetic_exchange,economics,xgboost_ar,exchange_1,2025-01-16 00:00:00,4.874710699129407,4.720733875525394
synthetic_exchange,economics,xgboost_ar,exchange_1,2025-01-17 00:00:00,4.815289300870596,4.720733875525394
synthetic_exchange,economics,xgboost_ar,exchange_1,2025-01-18 00:00:00,4.782005767025455,4.720733875525394
synthetic_exchange,economics,xgboost_ar,exchange_1,2025-01-19 00:00:00,4.807453481402557,4.720733875525394
synthetic_exchange,economics,xgboost_ar,exchange_1,2025-01-20 00:00:00,4.880000000000001,4.720733875525394
synthetic_exchange,economics,xgboost_ar,exchange_1,2025-01-21 00:00:00,4.95254651859744,4.720733875525394
synthetic_exchange,economics,xgboost_ar,exchange_1,2025-01-22 00:00:00,4.977994232974546,4.720733875525394
synthetic_exchange,economics,xgboost_ar,exchange_1,2025-01-23 00:00:00,4.944710699129407,4.720733875525394
synthetic_exchange,economics,xgboost_ar,exchange_1,2025-01-24 00:00:00,4.885289300870598,4.720733875525394
synthetic_exchange,economics,xgboost_ar,exchange_1,2025-01-25 00:00:00,4.852005767025456,4.720733875525394
synthetic_exchange,economics,xgboost_ar,exchange_1,2025-01-26 00:00:00,4.877453481402559,4.720733875525394
synthetic_exchange,economics,xgboost_ar,exchange_1,2025-01-27 00:00:00,4.949999999999999,4.720733875525394
synthetic_exchange,economics,xgboost_ar,exchange_1,2025-01-28 00:00:00,5.0225465185974425,4.720733875525394
synthetic_exchange,economics,xgboost_ar,exchange_1,2025-01-29 00:00:00,5.047994232974546,4.720733875525394
synthetic_exchange,economics,xgboost_ar,exchange_1,2025-01-30 00:00:00,5.014710699129406,4.720733875525394
synthetic_exchange,economics,xgboost_ar,exchange_1,2025-01-31 00:00:00,4.955289300870595,4.720733875525394
synthetic_exchange,economics,xgboost_ar,exchange_1,2025-02-01 00:00:00,4.922005767025455,4.720733875525394
synthetic_exchange,economics,xgboost_ar,exchange_1,2025-02-02 00:00:00,4.947453481402558,4.720733875525394
synthetic_exchange,economics,xgboost_ar,exchange_1,2025-02-03 00:00:00,5.019999999999998,4.720733875525394
synthetic_exchange,economics,xgboost_ar,exchange_1,2025-02-04 00:00:00,5.092546518597442,4.720733875525394
synthetic_exchange,economics,xgboost_ar,exchange_1,2025-02-05 00:00:00,5.117994232974547,4.720733875525394
synthetic_exchange,economics,xgboost_ar,exchange_1,2025-02-06 00:00:00,5.084710699129407,4.720733875525394
synthetic_exchange,economics,xgboost_ar,exchange_1,2025-02-07 00:00:00,5.0252893008706,4.720733875525394
synthetic_exchange,economics,xgboost_ar,exchange_1,2025-02-08 00:00:00,4.9920057670254545,4.720733875525394
synthetic_exchange,economics,xgboost_ar,exchange_1,2025-02-09 00:00:00,5.017453481402557,4.720733875525394
synthetic_exchange,economics,xgboost_ar,exchange_1,2025-02-10 00:00:00,5.090000000000001,4.720733875525394
synthetic_exchange,economics,xgboost_ar,exchange_1,2025-02-11 00:00:00,5.162546518597444,4.720733875525394
synthetic_exchange,economics,xgboost_ar,exchange_1,2025-02-12 00:00:00,5.187994232974546,4.720733875525394
synthetic_exchange,economics,xgboost_ar,exchange_1,2025-02-13 00:00:00,5.154710699129404,4.720733875525394
synthetic_exchange,economics,xgboost_ar,exchange_1,2025-02-14 00:00:00,5.095289300870597,4.720733875525394
synthetic_exchange,economics,xgboost_ar,exchange_1,2025-02-15 00:00:00,5.062005767025455,4.720733875525394
synthetic_exchange,economics,xgboost_ar,exchange_1,2025-02-16 00:00:00,5.087453481402556,4.720733875525394
synthetic_exchange,economics,xgboost_ar,exchange_1,2025-02-17 00:00:00,5.159999999999998,4.720733875525394
synthetic_exchange,economics,xgboost_ar,exchange_1,2025-02-18 00:00:00,5.23254651859744,4.720733875525394
synthetic_exchange,economics,xgboost_ar,exchange_1,2025-02-19 00:00:00,5.257994232974547,4.720733875525394
synthetic_exchange,economics,xgboost_ar,exchange_1,2025-02-20 00:00:00,5.224710699129402,4.720733875525394
synthetic_exchange,economics,xgboost_ar,exchange_1,2025-02-21 00:00:00,5.165289300870595,4.720733875525394
synthetic_exchange,economics,xgboost_ar,exchange_1,2025-02-22 00:00:00,5.132005767025453,4.720733875525394
synthetic_exchange,economics,xgboost_ar,exchange_1,2025-02-23 00:00:00,5.157453481402558,4.720733875525394
synthetic_exchange,economics,xgboost_ar,exchange_2,2025-01-07 00:00:00,4.84254651859744,4.772507252421771
synthetic_exchange,economics,xgboost_ar,exchange_2,2025-01-08 00:00:00,4.867994232974547,4.760358477295688
synthetic_exchange,economics,xgboost_ar,exchange_2,2025-01-09 00:00:00,4.834710699129404,4.754932377595124
synthetic_exchange,economics,xgboost_ar,exchange_2,2025-01-10 00:00:00,4.775289300870598,4.748304704722725
synthetic_exchange,economics,xgboost_ar,exchange_2,2025-01-11 00:00:00,4.742005767025454,4.752584201282188
synthetic_exchange,economics,xgboost_ar,exchange_2,2025-01-12 00:00:00,4.767453481402554,4.750733875525392
synthetic_exchange,economics,xgboost_ar,exchange_2,2025-01-13 00:00:00,4.8400000000000025,4.754932377595124
synthetic_exchange,economics,xgboost_ar,exchange_2,2025-01-14 00:00:00,4.912546518597441,4.754932377595124
synthetic_exchange,economics,xgboost_ar,exchange_2,2025-01-15 00:00:00,4.937994232974546,4.754932377595124
synthetic_exchange,economics,xgboost_ar,exchange_2,2025-01-16 00:00:00,4.9047106991294065,4.750733875525392
synthetic_exchange,economics,xgboost_ar,exchange_2,2025-01-17 00:00:00,4.845289300870595,4.750733875525392
synthetic_exchange,economics,xgboost_ar,exchange_2,2025-01-18 00:00:00,4.812005767025455,4.750733875525392
synthetic_exchange,economics,xgboost_ar,exchange_2,2025-01-19 00:00:00,4.837453481402556,4.750733875525392
synthetic_exchange,economics,xgboost_ar,exchange_2,2025-01-20 00:00:00,4.91,4.750733875525392
synthetic_exchange,economics,xgboost_ar,exchange_2,2025-01-21 00:00:00,4.98254651859744,4.750733875525392
synthetic_exchange,economics,xgboost_ar,exchange_2,2025-01-22 00:00:00,5.0079942329745455,4.750733875525392
synthetic_exchange,economics,xgboost_ar,exchange_2,2025-01-23 00:00:00,4.974710699129407,4.750733875525392
synthetic_exchange,economics,xgboost_ar,exchange_2,2025-01-24 00:00:00,4.915289300870597,4.750733875525392
synthetic_exchange,economics,xgboost_ar,exchange_2,2025-01-25 00:00:00,4.882005767025455,4.750733875525392
synthetic_exchange,economics,xgboost_ar,exchange_2,2025-01-26 00:00:00,4.907453481402558,4.750733875525392
synthetic_exchange,economics,xgboost_ar,exchange_2,2025-01-27 00:00:00,4.979999999999999,4.750733875525392
synthetic_exchange,economics,xgboost_ar,exchange_2,2025-01-28 00:00:00,5.052546518597442,4.750733875525392
synthetic_exchange,economics,xgboost_ar,exchange_2,2025-01-29 00:00:00,5.077994232974546,4.750733875525392
synthetic_exchange,economics,xgboost_ar,exchange_2,2025-01-30 00:00:00,5.044710699129405,4.750733875525392
synthetic_exchange,economics,xgboost_ar,exchange_2,2025-01-31 00:00:00,4.985289300870594,4.750733875525392
synthetic_exchange,economics,xgboost_ar,exchange_2,2025-02-01 00:00:00,4.9520057670254545,4.750733875525392
synthetic_exchange,economics,xgboost_ar,exchange_2,2025-02-02 00:00:00,4.9774534814025575,4.750733875525392
synthetic_exchange,economics,xgboost_ar,exchange_2,2025-02-03 00:00:00,5.049999999999997,4.750733875525392
synthetic_exchange,economics,xgboost_ar,exchange_2,2025-02-04 00:00:00,5.122546518597441,4.750733875525392
synthetic_exchange,economics,xgboost_ar,exchange_2,2025-02-05 00:00:00,5.147994232974546,4.750733875525392
synthetic_exchange,economics,xgboost_ar,exchange_2,2025-02-06 00:00:00,5.1147106991294065,4.750733875525392
synthetic_exchange,economics,xgboost_ar,exchange_2,2025-02-07 00:00:00,5.0552893008706,4.750733875525392
synthetic_exchange,economics,xgboost_ar,exchange_2,2025-02-08 00:00:00,5.022005767025454,4.750733875525392
synthetic_exchange,economics,xgboost_ar,exchange_2,2025-02-09 00:00:00,5.047453481402556,4.750733875525392
synthetic_exchange,economics,xgboost_ar,exchange_2,2025-02-10 00:00:00,5.12,4.750733875525392
synthetic_exchange,economics,xgboost_ar,exchange_2,2025-02-11 00:00:00,5.192546518597443,4.750733875525392
synthetic_exchange,economics,xgboost_ar,exchange_2,2025-02-12 00:00:00,5.2179942329745455,4.750733875525392
synthetic_exchange,economics,xgboost_ar,exchange_2,2025-02-13 00:00:00,5.184710699129403,4.750733875525392
synthetic_exchange,economics,xgboost_ar,exchange_2,2025-02-14 00:00:00,5.125289300870596,4.750733875525392
synthetic_exchange,economics,xgboost_ar,exchange_2,2025-02-15 00:00:00,5.092005767025454,4.750733875525392
synthetic_exchange,economics,xgboost_ar,exchange_2,2025-02-16 00:00:00,5.117453481402555,4.750733875525392
synthetic_exchange,economics,xgboost_ar,exchange_2,2025-02-17 00:00:00,5.189999999999998,4.750733875525392
synthetic_exchange,economics,xgboost_ar,exchange_2,2025-02-18 00:00:00,5.262546518597439,4.750733875525392
synthetic_exchange,economics,xgboost_ar,exchange_2,2025-02-19 00:00:00,5.287994232974547,4.750733875525392
synthetic_exchange,economics,xgboost_ar,exchange_2,2025-02-20 00:00:00,5.254710699129402,4.750733875525392
synthetic_exchange,economics,xgboost_ar,exchange_2,2025-02-21 00:00:00,5.195289300870594,4.750733875525392
synthetic_exchange,economics,xgboost_ar,exchange_2,2025-02-22 00:00:00,5.162005767025453,4.750733875525392
synthetic_exchange,economics,xgboost_ar,exchange_2,2025-02-23 00:00:00,5.1874534814025575,4.750733875525392
synthetic_exchange,economics,tabpfn_ts,exchange_0,2025-01-07 00:00:00,4.7825465185974405,4.751452445983887
synthetic_exchange,economics,tabpfn_ts,exchange_0,2025-01-08 00:00:00,4.807994232974547,4.760072231292725
synthetic_exchange,economics,tabpfn_ts,exchange_0,2025-01-09 00:00:00,4.774710699129405,4.73095703125
synthetic_exchange,economics,tabpfn_ts,exchange_0,2025-01-10 00:00:00,4.715289300870598,4.712286472320557
synthetic_exchange,economics,tabpfn_ts,exchange_0,2025-01-11 00:00:00,4.682005767025454,4.667709827423096
synthetic_exchange,economics,tabpfn_ts,exchange_0,2025-01-12 00:00:00,4.707453481402554,4.70159912109375
synthetic_exchange,economics,tabpfn_ts,exchange_0,2025-01-13 00:00:00,4.780000000000003,4.740735054016113
synthetic_exchange,economics,tabpfn_ts,exchange_0,2025-01-14 00:00:00,4.852546518597442,4.796273231506348
synthetic_exchange,economics,tabpfn_ts,exchange_0,2025-01-15 00:00:00,4.8779942329745465,4.8066253662109375
synthetic_exchange,economics,tabpfn_ts,exchange_0,2025-01-16 00:00:00,4.844710699129407,4.775084018707275
synthetic_exchange,economics,tabpfn_ts,exchange_0,2025-01-17 00:00:00,4.785289300870596,4.762301921844482
synthetic_exchange,economics,tabpfn_ts,exchange_0,2025-01-18 00:00:00,4.752005767025455,4.720808982849121
synthetic_exchange,economics,tabpfn_ts,exchange_0,2025-01-19 00:00:00,4.777453481402556,4.749973773956299
synthetic_exchange,economics,tabpfn_ts,exchange_0,2025-01-20 00:00:00,4.8500000000000005,4.787329196929932
synthetic_exchange,economics,tabpfn_ts,exchange_0,2025-01-21 00:00:00,4.92254651859744,4.836827754974365
synthetic_exchange,economics,tabpfn_ts,exchange_0,2025-01-22 00:00:00,4.947994232974546,4.846850395202637
synthetic_exchange,economics,tabpfn_ts,exchange_0,2025-01-23 00:00:00,4.914710699129407,4.823235988616943
synthetic_exchange,economics,tabpfn_ts,exchange_0,2025-01-24 00:00:00,4.855289300870598,4.806421279907227
synthetic_exchange,economics,tabpfn_ts,exchange_0,2025-01-25 00:00:00,4.8220057670254555,4.766532897949219
synthetic_exchange,economics,tabpfn_ts,exchange_0,2025-01-26 00:00:00,4.8474534814025585,4.790717601776123
synthetic_exchange,economics,tabpfn_ts,exchange_0,2025-01-27 00:00:00,4.919999999999999,4.820489883422852
synthetic_exchange,economics,tabpfn_ts,exchange_0,2025-01-28 00:00:00,4.992546518597442,4.878322124481201
synthetic_exchange,economics,tabpfn_ts,exchange_0,2025-01-29 00:00:00,5.017994232974546,4.885455131530762
synthetic_exchange,economics,tabpfn_ts,exchange_0,2025-01-30 00:00:00,4.984710699129406,4.852921485900879
synthetic_exchange,economics,tabpfn_ts,exchange_0,2025-01-31 00:00:00,4.9252893008705945,4.83430290222168
synthetic_exchange,economics,tabpfn_ts,exchange_0,2025-02-01 00:00:00,4.892005767025455,4.705618858337402
synthetic_exchange,economics,tabpfn_ts,exchange_0,2025-02-02 00:00:00,4.917453481402558,4.724771976470947
synthetic_exchange,economics,tabpfn_ts,exchange_0,2025-02-03 00:00:00,4.9899999999999975,4.755274772644043
synthetic_exchange,economics,tabpfn_ts,exchange_0,2025-02-04 00:00:00,5.062546518597442,4.820070266723633
synthetic_exchange,economics,tabpfn_ts,exchange_0,2025-02-05 00:00:00,5.0879942329745464,4.828550338745117
synthetic_exchange,economics,tabpfn_ts,exchange_0,2025-02-06 00:00:00,5.054710699129407,4.787728786468506
synthetic_exchange,economics,tabpfn_ts,exchange_0,2025-02-07 00:00:00,4.9952893008706,4.76273775100708
synthetic_exchange,economics,tabpfn_ts,exchange_0,2025-02-08 00:00:00,4.962005767025454,4.717835426330566
synthetic_exchange,economics,tabpfn_ts,exchange_0,2025-02-09 00:00:00,4.987453481402556,4.739827632904053
synthetic_exchange,economics,tabpfn_ts,exchange_0,2025-02-10 00:00:00,5.0600000000000005,4.77075719833374
synthetic_exchange,economics,tabpfn_ts,exchange_0,2025-02-11 00:00:00,5.132546518597444,4.8323073387146
synthetic_exchange,economics,tabpfn_ts,exchange_0,2025-02-12 00:00:00,5.157994232974546,4.846105575561523
synthetic_exchange,economics,tabpfn_ts,exchange_0,2025-02-13 00:00:00,5.124710699129404,4.8039727210998535
synthetic_exchange,economics,tabpfn_ts,exchange_0,2025-02-14 00:00:00,5.065289300870597,4.786827087402344
synthetic_exchange,economics,tabpfn_ts,exchange_0,2025-02-15 00:00:00,5.0320057670254545,4.737427711486816
synthetic_exchange,economics,tabpfn_ts,exchange_0,2025-02-16 00:00:00,5.057453481402556,4.759185314178467
synthetic_exchange,economics,tabpfn_ts,exchange_0,2025-02-17 00:00:00,5.129999999999998,4.789928913116455
synthetic_exchange,economics,tabpfn_ts,exchange_0,2025-02-18 00:00:00,5.2025465185974396,4.854835510253906
synthetic_exchange,economics,tabpfn_ts,exchange_0,2025-02-19 00:00:00,5.227994232974547,4.870498180389404
synthetic_exchange,economics,tabpfn_ts,exchange_0,2025-02-20 00:00:00,5.194710699129402,4.827738285064697
synthetic_exchange,economics,tabpfn_ts,exchange_0,2025-02-21 00:00:00,5.135289300870594,4.812701225280762
synthetic_exchange,economics,tabpfn_ts,exchange_0,2025-02-22 00:00:00,5.102005767025453,4.772215366363525
synthetic_exchange,economics,tabpfn_ts,exchange_0,2025-02-23 00:00:00,5.127453481402558,4.797261714935303
synthetic_exchange,economics,tabpfn_ts,exchange_1,2025-01-07 00:00:00,4.812546518597441,4.781452655792236
synthetic_exchange,economics,tabpfn_ts,exchange_1,2025-01-08 00:00:00,4.837994232974547,4.790071964263916
synthetic_exchange,economics,tabpfn_ts,exchange_1,2025-01-09 00:00:00,4.804710699129405,4.76095724105835
synthetic_exchange,economics,tabpfn_ts,exchange_1,2025-01-10 00:00:00,4.745289300870598,4.742286682128906
synthetic_exchange,economics,tabpfn_ts,exchange_1,2025-01-11 00:00:00,4.712005767025454,4.697710037231445
synthetic_exchange,economics,tabpfn_ts,exchange_1,2025-01-12 00:00:00,4.737453481402555,4.7315993309021
synthetic_exchange,economics,tabpfn_ts,exchange_1,2025-01-13 00:00:00,4.810000000000003,4.770735263824463
synthetic_exchange,economics,tabpfn_ts,exchange_1,2025-01-14 00:00:00,4.882546518597442,4.826272964477539
synthetic_exchange,economics,tabpfn_ts,exchange_1,2025-01-15 00:00:00,4.907994232974547,4.836625576019287
synthetic_exchange,economics,tabpfn_ts,exchange_1,2025-01-16 00:00:00,4.874710699129407,4.805084228515625
synthetic_exchange,economics,tabpfn_ts,exchange_1,2025-01-17 00:00:00,4.815289300870596,4.792301654815674
synthetic_exchange,economics,tabpfn_ts,exchange_1,2025-01-18 00:00:00,4.782005767025455,4.7508087158203125
synthetic_exchange,economics,tabpfn_ts,exchange_1,2025-01-19 00:00:00,4.807453481402557,4.779973983764648
synthetic_exchange,economics,tabpfn_ts,exchange_1,2025-01-20 00:00:00,4.880000000000001,4.817329406738281
synthetic_exchange,economics,tabpfn_ts,exchange_1,2025-01-21 00:00:00,4.95254651859744,4.866827487945557
synthetic_exchange,economics,tabpfn_ts,exchange_1,2025-01-22 00:00:00,4.977994232974546,4.876850605010986
synthetic_exchange,economics,tabpfn_ts,exchange_1,2025-01-23 00:00:00,4.944710699129407,4.853236198425293
synthetic_exchange,economics,tabpfn_ts,exchange_1,2025-01-24 00:00:00,4.885289300870598,4.836421489715576
synthetic_exchange,economics,tabpfn_ts,exchange_1,2025-01-25 00:00:00,4.852005767025456,4.796533107757568
synthetic_exchange,economics,tabpfn_ts,exchange_1,2025-01-26 00:00:00,4.877453481402559,4.8207173347473145
synthetic_exchange,economics,tabpfn_ts,exchange_1,2025-01-27 00:00:00,4.949999999999999,4.850490093231201
synthetic_exchange,economics,tabpfn_ts,exchange_1,2025-01-28 00:00:00,5.0225465185974425,4.908321857452393
synthetic_exchange,economics,tabpfn_ts,exchange_1,2025-01-29 00:00:00,5.047994232974546,4.915455341339111
synthetic_exchange,economics,tabpfn_ts,exchange_1,2025-01-30 00:00:00,5.014710699129406,4.8829216957092285
synthetic_exchange,economics,tabpfn_ts,exchange_1,2025-01-31 00:00:00,4.955289300870595,4.864302635192871
synthetic_exchange,economics,tabpfn_ts,exchange_1,2025-02-01 00:00:00,4.922005767025455,4.735619068145752
synthetic_exchange,economics,tabpfn_ts,exchange_1,2025-02-02 00:00:00,4.947453481402558,4.754771709442139
synthetic_exchange,economics,tabpfn_ts,exchange_1,2025-02-03 00:00:00,5.019999999999998,4.785274505615234
synthetic_exchange,economics,tabpfn_ts,exchange_1,2025-02-04 00:00:00,5.092546518597442,4.850070476531982
synthetic_exchange,economics,tabpfn_ts,exchange_1,2025-02-05 00:00:00,5.117994232974547,4.858550548553467
synthetic_exchange,economics,tabpfn_ts,exchange_1,2025-02-06 00:00:00,5.084710699129407,4.8177289962768555
synthetic_exchange,economics,tabpfn_ts,exchange_1,2025-02-07 00:00:00,5.0252893008706,4.7927374839782715
synthetic_exchange,economics,tabpfn_ts,exchange_1,2025-02-08 00:00:00,4.9920057670254545,4.747835159301758
synthetic_exchange,economics,tabpfn_ts,exchange_1,2025-02-09 00:00:00,5.017453481402557,4.769827365875244
synthetic_exchange,economics,tabpfn_ts,exchange_1,2025-02-10 00:00:00,5.090000000000001,4.80075740814209
synthetic_exchange,economics,tabpfn_ts,exchange_1,2025-02-11 00:00:00,5.162546518597444,4.862307071685791
synthetic_exchange,economics,tabpfn_ts,exchange_1,2025-02-12 00:00:00,5.187994232974546,4.876105785369873
synthetic_exchange,economics,tabpfn_ts,exchange_1,2025-02-13 00:00:00,5.154710699129404,4.833972454071045
synthetic_exchange,economics,tabpfn_ts,exchange_1,2025-02-14 00:00:00,5.095289300870597,4.816827297210693
synthetic_exchange,economics,tabpfn_ts,exchange_1,2025-02-15 00:00:00,5.062005767025455,4.767427444458008
synthetic_exchange,economics,tabpfn_ts,exchange_1,2025-02-16 00:00:00,5.087453481402556,4.789185047149658
synthetic_exchange,economics,tabpfn_ts,exchange_1,2025-02-17 00:00:00,5.159999999999998,4.8199286460876465
synthetic_exchange,economics,tabpfn_ts,exchange_1,2025-02-18 00:00:00,5.23254651859744,4.884835243225098
synthetic_exchange,economics,tabpfn_ts,exchange_1,2025-02-19 00:00:00,5.257994232974547,4.900497913360596
synthetic_exchange,economics,tabpfn_ts,exchange_1,2025-02-20 00:00:00,5.224710699129402,4.857738494873047
synthetic_exchange,economics,tabpfn_ts,exchange_1,2025-02-21 00:00:00,5.165289300870595,4.842701435089111
synthetic_exchange,economics,tabpfn_ts,exchange_1,2025-02-22 00:00:00,5.132005767025453,4.802215576171875
synthetic_exchange,economics,tabpfn_ts,exchange_1,2025-02-23 00:00:00,5.157453481402558,4.827261447906494
synthetic_exchange,economics,tabpfn_ts,exchange_2,2025-01-07 00:00:00,4.84254651859744,4.811452865600586
synthetic_exchange,economics,tabpfn_ts,exchange_2,2025-01-08 00:00:00,4.867994232974547,4.820072174072266
synthetic_exchange,economics,tabpfn_ts,exchange_2,2025-01-09 00:00:00,4.834710699129404,4.790957450866699
synthetic_exchange,economics,tabpfn_ts,exchange_2,2025-01-10 00:00:00,4.775289300870598,4.772286891937256
synthetic_exchange,economics,tabpfn_ts,exchange_2,2025-01-11 00:00:00,4.742005767025454,4.727710247039795
synthetic_exchange,economics,tabpfn_ts,exchange_2,2025-01-12 00:00:00,4.767453481402554,4.761599540710449
synthetic_exchange,economics,tabpfn_ts,exchange_2,2025-01-13 00:00:00,4.8400000000000025,4.8007354736328125
synthetic_exchange,economics,tabpfn_ts,exchange_2,2025-01-14 00:00:00,4.912546518597441,4.856273174285889
synthetic_exchange,economics,tabpfn_ts,exchange_2,2025-01-15 00:00:00,4.937994232974546,4.866625785827637
synthetic_exchange,economics,tabpfn_ts,exchange_2,2025-01-16 00:00:00,4.9047106991294065,4.835083961486816
synthetic_exchange,economics,tabpfn_ts,exchange_2,2025-01-17 00:00:00,4.845289300870595,4.822301864624023
synthetic_exchange,economics,tabpfn_ts,exchange_2,2025-01-18 00:00:00,4.812005767025455,4.780808925628662
synthetic_exchange,economics,tabpfn_ts,exchange_2,2025-01-19 00:00:00,4.837453481402556,4.809974193572998
synthetic_exchange,economics,tabpfn_ts,exchange_2,2025-01-20 00:00:00,4.91,4.847329616546631
synthetic_exchange,economics,tabpfn_ts,exchange_2,2025-01-21 00:00:00,4.98254651859744,4.896827697753906
synthetic_exchange,economics,tabpfn_ts,exchange_2,2025-01-22 00:00:00,5.0079942329745455,4.906850814819336
synthetic_exchange,economics,tabpfn_ts,exchange_2,2025-01-23 00:00:00,4.974710699129407,4.883236408233643
synthetic_exchange,economics,tabpfn_ts,exchange_2,2025-01-24 00:00:00,4.915289300870597,4.866421699523926
synthetic_exchange,economics,tabpfn_ts,exchange_2,2025-01-25 00:00:00,4.882005767025455,4.826533317565918
synthetic_exchange,economics,tabpfn_ts,exchange_2,2025-01-26 00:00:00,4.907453481402558,4.850718021392822
synthetic_exchange,economics,tabpfn_ts,exchange_2,2025-01-27 00:00:00,4.979999999999999,4.880490303039551
synthetic_exchange,economics,tabpfn_ts,exchange_2,2025-01-28 00:00:00,5.052546518597442,4.938322067260742
synthetic_exchange,economics,tabpfn_ts,exchange_2,2025-01-29 00:00:00,5.077994232974546,4.945455551147461
synthetic_exchange,economics,tabpfn_ts,exchange_2,2025-01-30 00:00:00,5.044710699129405,4.91292142868042
synthetic_exchange,economics,tabpfn_ts,exchange_2,2025-01-31 00:00:00,4.985289300870594,4.894303321838379
synthetic_exchange,economics,tabpfn_ts,exchange_2,2025-02-01 00:00:00,4.9520057670254545,4.765619277954102
synthetic_exchange,economics,tabpfn_ts,exchange_2,2025-02-02 00:00:00,4.9774534814025575,4.784771919250488
synthetic_exchange,economics,tabpfn_ts,exchange_2,2025-02-03 00:00:00,5.049999999999997,4.815275192260742
synthetic_exchange,economics,tabpfn_ts,exchange_2,2025-02-04 00:00:00,5.122546518597441,4.880070686340332
synthetic_exchange,economics,tabpfn_ts,exchange_2,2025-02-05 00:00:00,5.147994232974546,4.888550758361816
synthetic_exchange,economics,tabpfn_ts,exchange_2,2025-02-06 00:00:00,5.1147106991294065,4.847729206085205
synthetic_exchange,economics,tabpfn_ts,exchange_2,2025-02-07 00:00:00,5.0552893008706,4.822737693786621
synthetic_exchange,economics,tabpfn_ts,exchange_2,2025-02-08 00:00:00,5.022005767025454,4.777835369110107
synthetic_exchange,economics,tabpfn_ts,exchange_2,2025-02-09 00:00:00,5.047453481402556,4.799827575683594
synthetic_exchange,economics,tabpfn_ts,exchange_2,2025-02-10 00:00:00,5.12,4.830757141113281
synthetic_exchange,economics,tabpfn_ts,exchange_2,2025-02-11 00:00:00,5.192546518597443,4.892307758331299
synthetic_exchange,economics,tabpfn_ts,exchange_2,2025-02-12 00:00:00,5.2179942329745455,4.906105995178223
synthetic_exchange,economics,tabpfn_ts,exchange_2,2025-02-13 00:00:00,5.184710699129403,4.8639726638793945
synthetic_exchange,economics,tabpfn_ts,exchange_2,2025-02-14 00:00:00,5.125289300870596,4.846827507019043
synthetic_exchange,economics,tabpfn_ts,exchange_2,2025-02-15 00:00:00,5.092005767025454,4.797427654266357
synthetic_exchange,economics,tabpfn_ts,exchange_2,2025-02-16 00:00:00,5.117453481402555,4.819185256958008
synthetic_exchange,economics,tabpfn_ts,exchange_2,2025-02-17 00:00:00,5.189999999999998,4.849929332733154
synthetic_exchange,economics,tabpfn_ts,exchange_2,2025-02-18 00:00:00,5.262546518597439,4.914835453033447
synthetic_exchange,economics,tabpfn_ts,exchange_2,2025-02-19 00:00:00,5.287994232974547,4.9304986000061035
synthetic_exchange,economics,tabpfn_ts,exchange_2,2025-02-20 00:00:00,5.254710699129402,4.8877387046813965
synthetic_exchange,economics,tabpfn_ts,exchange_2,2025-02-21 00:00:00,5.195289300870594,4.872701168060303
synthetic_exchange,economics,tabpfn_ts,exchange_2,2025-02-22 00:00:00,5.162005767025453,4.832215309143066
synthetic_exchange,economics,tabpfn_ts,exchange_2,2025-02-23 00:00:00,5.1874534814025575,4.857261657714844
stock_provided,finance,dummy_mean,0002.HK_1h,2026-03-12 10:30:00,72.94999694824219,75.0223959684372
stock_provided,finance,dummy_mean,0002.HK_1h,2026-03-12 11:30:00,72.8499984741211,75.0223959684372
stock_provided,finance,dummy_mean,0002.HK_1h,2026-03-12 12:30:00,73.0,75.0223959684372
stock_provided,finance,dummy_mean,0002.HK_1h,2026-03-12 13:30:00,73.0,75.0223959684372
stock_provided,finance,dummy_mean,0002.HK_1h,2026-03-12 14:30:00,73.0,75.0223959684372
stock_provided,finance,dummy_mean,0002.HK_1h,2026-03-12 15:30:00,73.1500015258789,75.0223959684372
stock_provided,finance,dummy_mean,0002.HK_1h,2026-03-13 09:30:00,73.9000015258789,75.0223959684372
stock_provided,finance,dummy_mean,0002.HK_1h,2026-03-13 10:30:00,73.94999694824219,75.0223959684372
stock_provided,finance,dummy_mean,0002.HK_1h,2026-03-13 11:30:00,74.0,75.0223959684372
stock_provided,finance,dummy_mean,0002.HK_1h,2026-03-13 12:30:00,73.94999694824219,75.0223959684372
stock_provided,finance,dummy_mean,0002.HK_1h,2026-03-13 13:30:00,73.94999694824219,75.0223959684372
stock_provided,finance,dummy_mean,0002.HK_1h,2026-03-13 14:30:00,73.6500015258789,75.0223959684372
stock_provided,finance,dummy_mean,0002.HK_1h,2026-03-13 15:30:00,73.5999984741211,75.0223959684372
stock_provided,finance,dummy_mean,0002.HK_1h,2026-03-16 09:30:00,73.19999694824219,75.0223959684372
stock_provided,finance,dummy_mean,0002.HK_1h,2026-03-16 10:30:00,73.19999694824219,75.0223959684372
stock_provided,finance,dummy_mean,0002.HK_1h,2026-03-16 11:30:00,73.1500015258789,75.0223959684372
stock_provided,finance,dummy_mean,0002.HK_1h,2026-03-16 12:30:00,72.80000305175781,75.0223959684372
stock_provided,finance,dummy_mean,0002.HK_1h,2026-03-16 13:30:00,73.0999984741211,75.0223959684372
stock_provided,finance,dummy_mean,0002.HK_1h,2026-03-16 14:30:00,73.05000305175781,75.0223959684372
stock_provided,finance,dummy_mean,0002.HK_1h,2026-03-16 15:30:00,73.0999984741211,75.0223959684372
stock_provided,finance,dummy_mean,0002.HK_1h,2026-03-17 09:30:00,73.30000305175781,75.0223959684372
stock_provided,finance,dummy_mean,0002.HK_1h,2026-03-17 10:30:00,73.0999984741211,75.0223959684372
stock_provided,finance,dummy_mean,0002.HK_1h,2026-03-17 11:30:00,73.19999694824219,75.0223959684372
stock_provided,finance,dummy_mean,0002.HK_1h,2026-03-17 12:30:00,73.19999694824219,75.0223959684372
stock_provided,finance,dummy_mean,0002.HK_1h,2026-03-17 13:30:00,73.25,75.0223959684372
stock_provided,finance,dummy_mean,0002.HK_1h,2026-03-17 14:30:00,73.25,75.0223959684372
stock_provided,finance,dummy_mean,0002.HK_1h,2026-03-17 15:30:00,73.44999694824219,75.0223959684372
stock_provided,finance,dummy_mean,0002.HK_1h,2026-03-18 09:30:00,73.75,75.0223959684372
stock_provided,finance,dummy_mean,0002.HK_1h,2026-03-18 10:30:00,73.80000305175781,75.0223959684372
stock_provided,finance,dummy_mean,0002.HK_1h,2026-03-18 11:30:00,73.8499984741211,75.0223959684372
stock_provided,finance,dummy_mean,0002.HK_1h,2026-03-18 12:30:00,74.0999984741211,75.0223959684372
stock_provided,finance,dummy_mean,0002.HK_1h,2026-03-18 13:30:00,74.30000305175781,75.0223959684372
stock_provided,finance,dummy_mean,0002.HK_1h,2026-03-18 14:30:00,74.0999984741211,75.0223959684372
stock_provided,finance,dummy_mean,0002.HK_1h,2026-03-18 15:30:00,74.30000305175781,75.0223959684372
stock_provided,finance,dummy_mean,0002.HK_1h,2026-03-19 09:30:00,73.94999694824219,75.0223959684372
stock_provided,finance,dummy_mean,0002.HK_1h,2026-03-19 10:30:00,73.6500015258789,75.0223959684372
stock_provided,finance,dummy_mean,0002.HK_1h,2026-03-19 11:30:00,73.75,75.0223959684372
stock_provided,finance,dummy_mean,0002.HK_1h,2026-03-19 12:30:00,73.5999984741211,75.0223959684372
stock_provided,finance,dummy_mean,0002.HK_1h,2026-03-19 13:30:00,73.55000305175781,75.0223959684372
stock_provided,finance,dummy_mean,0002.HK_1h,2026-03-19 14:30:00,73.75,75.0223959684372
stock_provided,finance,dummy_mean,0002.HK_1h,2026-03-19 15:30:00,73.75,75.0223959684372
stock_provided,finance,dummy_mean,0002.HK_1h,2026-03-20 09:30:00,73.5999984741211,75.0223959684372
stock_provided,finance,dummy_mean,0002.HK_1h,2026-03-20 10:30:00,73.55000305175781,75.0223959684372
stock_provided,finance,dummy_mean,0002.HK_1h,2026-03-20 11:30:00,73.6500015258789,75.0223959684372
stock_provided,finance,dummy_mean,0002.HK_1h,2026-03-20 12:30:00,73.55000305175781,75.0223959684372
stock_provided,finance,dummy_mean,0002.HK_1h,2026-03-20 13:30:00,73.5,75.0223959684372
stock_provided,finance,dummy_mean,0002.HK_1h,2026-03-20 14:30:00,73.6500015258789,75.0223959684372
stock_provided,finance,dummy_mean,0002.HK_1h,2026-03-20 15:30:00,73.5999984741211,75.0223959684372
stock_provided,finance,dummy_mean,0003.HK_1h,2026-03-12 10:30:00,7.440000057220459,7.543281272053719
stock_provided,finance,dummy_mean,0003.HK_1h,2026-03-12 11:30:00,7.480000019073486,7.543281272053719
stock_provided,finance,dummy_mean,0003.HK_1h,2026-03-12 12:30:00,7.460000038146973,7.543281272053719
stock_provided,finance,dummy_mean,0003.HK_1h,2026-03-12 13:30:00,7.46999979019165,7.543281272053719
stock_provided,finance,dummy_mean,0003.HK_1h,2026-03-12 14:30:00,7.489999771118164,7.543281272053719
stock_provided,finance,dummy_mean,0003.HK_1h,2026-03-12 15:30:00,7.489999771118164,7.543281272053719
stock_provided,finance,dummy_mean,0003.HK_1h,2026-03-13 09:30:00,7.510000228881836,7.543281272053719
stock_provided,finance,dummy_mean,0003.HK_1h,2026-03-13 10:30:00,7.510000228881836,7.543281272053719
stock_provided,finance,dummy_mean,0003.HK_1h,2026-03-13 11:30:00,7.489999771118164,7.543281272053719
stock_provided,finance,dummy_mean,0003.HK_1h,2026-03-13 12:30:00,7.489999771118164,7.543281272053719
stock_provided,finance,dummy_mean,0003.HK_1h,2026-03-13 13:30:00,7.489999771118164,7.543281272053719
stock_provided,finance,dummy_mean,0003.HK_1h,2026-03-13 14:30:00,7.460000038146973,7.543281272053719
stock_provided,finance,dummy_mean,0003.HK_1h,2026-03-13 15:30:00,7.460000038146973,7.543281272053719
stock_provided,finance,dummy_mean,0003.HK_1h,2026-03-16 09:30:00,7.369999885559082,7.543281272053719
stock_provided,finance,dummy_mean,0003.HK_1h,2026-03-16 10:30:00,7.309999942779541,7.543281272053719
stock_provided,finance,dummy_mean,0003.HK_1h,2026-03-16 11:30:00,7.340000152587891,7.543281272053719
stock_provided,finance,dummy_mean,0003.HK_1h,2026-03-16 12:30:00,7.309999942779541,7.543281272053719
stock_provided,finance,dummy_mean,0003.HK_1h,2026-03-16 13:30:00,7.329999923706055,7.543281272053719
stock_provided,finance,dummy_mean,0003.HK_1h,2026-03-16 14:30:00,7.329999923706055,7.543281272053719
stock_provided,finance,dummy_mean,0003.HK_1h,2026-03-16 15:30:00,7.340000152587891,7.543281272053719
stock_provided,finance,dummy_mean,0003.HK_1h,2026-03-17 09:30:00,7.309999942779541,7.543281272053719
stock_provided,finance,dummy_mean,0003.HK_1h,2026-03-17 10:30:00,7.269999980926514,7.543281272053719
stock_provided,finance,dummy_mean,0003.HK_1h,2026-03-17 11:30:00,7.289999961853027,7.543281272053719
stock_provided,finance,dummy_mean,0003.HK_1h,2026-03-17 12:30:00,7.289999961853027,7.543281272053719
stock_provided,finance,dummy_mean,0003.HK_1h,2026-03-17 13:30:00,7.260000228881836,7.543281272053719
stock_provided,finance,dummy_mean,0003.HK_1h,2026-03-17 14:30:00,7.269999980926514,7.543281272053719
stock_provided,finance,dummy_mean,0003.HK_1h,2026-03-17 15:30:00,7.260000228881836,7.543281272053719
stock_provided,finance,dummy_mean,0003.HK_1h,2026-03-18 09:30:00,7.25,7.543281272053719
stock_provided,finance,dummy_mean,0003.HK_1h,2026-03-18 10:30:00,7.239999771118164,7.543281272053719
stock_provided,finance,dummy_mean,0003.HK_1h,2026-03-18 11:30:00,7.239999771118164,7.543281272053719
stock_provided,finance,dummy_mean,0003.HK_1h,2026-03-18 12:30:00,7.269999980926514,7.543281272053719
stock_provided,finance,dummy_mean,0003.HK_1h,2026-03-18 13:30:00,7.289999961853027,7.543281272053719
stock_provided,finance,dummy_mean,0003.HK_1h,2026-03-18 14:30:00,7.300000190734863,7.543281272053719
stock_provided,finance,dummy_mean,0003.HK_1h,2026-03-18 15:30:00,7.289999961853027,7.543281272053719
stock_provided,finance,dummy_mean,0003.HK_1h,2026-03-19 09:30:00,7.340000152587891,7.543281272053719
stock_provided,finance,dummy_mean,0003.HK_1h,2026-03-19 10:30:00,7.340000152587891,7.543281272053719
stock_provided,finance,dummy_mean,0003.HK_1h,2026-03-19 11:30:00,7.360000133514404,7.543281272053719
stock_provided,finance,dummy_mean,0003.HK_1h,2026-03-19 12:30:00,7.380000114440918,7.543281272053719
stock_provided,finance,dummy_mean,0003.HK_1h,2026-03-19 13:30:00,7.389999866485596,7.543281272053719
stock_provided,finance,dummy_mean,0003.HK_1h,2026-03-19 14:30:00,7.389999866485596,7.543281272053719
stock_provided,finance,dummy_mean,0003.HK_1h,2026-03-19 15:30:00,7.420000076293945,7.543281272053719
stock_provided,finance,dummy_mean,0003.HK_1h,2026-03-20 09:30:00,7.389999866485596,7.543281272053719
stock_provided,finance,dummy_mean,0003.HK_1h,2026-03-20 10:30:00,7.349999904632568,7.543281272053719
stock_provided,finance,dummy_mean,0003.HK_1h,2026-03-20 11:30:00,7.340000152587891,7.543281272053719
stock_provided,finance,dummy_mean,0003.HK_1h,2026-03-20 12:30:00,7.349999904632568,7.543281272053719
stock_provided,finance,dummy_mean,0003.HK_1h,2026-03-20 13:30:00,7.320000171661377,7.543281272053719
stock_provided,finance,dummy_mean,0003.HK_1h,2026-03-20 14:30:00,7.329999923706055,7.543281272053719
stock_provided,finance,dummy_mean,0003.HK_1h,2026-03-20 15:30:00,7.340000152587891,7.543281272053719
stock_provided,finance,dummy_mean,0006.HK_1h,2026-03-12 10:30:00,61.20000076293945,61.90286457538605
stock_provided,finance,dummy_mean,0006.HK_1h,2026-03-12 11:30:00,61.09999847412109,61.90286457538605
stock_provided,finance,dummy_mean,0006.HK_1h,2026-03-12 12:30:00,61.09999847412109,61.90286457538605
stock_provided,finance,dummy_mean,0006.HK_1h,2026-03-12 13:30:00,61.34999847412109,61.90286457538605
stock_provided,finance,dummy_mean,0006.HK_1h,2026-03-12 14:30:00,61.59999847412109,61.90286457538605
stock_provided,finance,dummy_mean,0006.HK_1h,2026-03-12 15:30:00,61.70000076293945,61.90286457538605
stock_provided,finance,dummy_mean,0006.HK_1h,2026-03-13 09:30:00,61.900001525878906,61.90286457538605
stock_provided,finance,dummy_mean,0006.HK_1h,2026-03-13 10:30:00,61.75,61.90286457538605
stock_provided,finance,dummy_mean,0006.HK_1h,2026-03-13 11:30:00,61.79999923706055,61.90286457538605
stock_provided,finance,dummy_mean,0006.HK_1h,2026-03-13 12:30:00,61.54999923706055,61.90286457538605
stock_provided,finance,dummy_mean,0006.HK_1h,2026-03-13 13:30:00,61.75,61.90286457538605
stock_provided,finance,dummy_mean,0006.HK_1h,2026-03-13 14:30:00,61.650001525878906,61.90286457538605
stock_provided,finance,dummy_mean,0006.HK_1h,2026-03-13 15:30:00,61.70000076293945,61.90286457538605
stock_provided,finance,dummy_mean,0006.HK_1h,2026-03-16 09:30:00,60.95000076293945,61.90286457538605
stock_provided,finance,dummy_mean,0006.HK_1h,2026-03-16 10:30:00,61.150001525878906,61.90286457538605
stock_provided,finance,dummy_mean,0006.HK_1h,2026-03-16 11:30:00,61.25,61.90286457538605
stock_provided,finance,dummy_mean,0006.HK_1h,2026-03-16 12:30:00,60.79999923706055,61.90286457538605
stock_provided,finance,dummy_mean,0006.HK_1h,2026-03-16 13:30:00,61.20000076293945,61.90286457538605
stock_provided,finance,dummy_mean,0006.HK_1h,2026-03-16 14:30:00,61.09999847412109,61.90286457538605
stock_provided,finance,dummy_mean,0006.HK_1h,2026-03-16 15:30:00,61.20000076293945,61.90286457538605
stock_provided,finance,dummy_mean,0006.HK_1h,2026-03-17 09:30:00,61.59999847412109,61.90286457538605
stock_provided,finance,dummy_mean,0006.HK_1h,2026-03-17 10:30:00,61.5,61.90286457538605
stock_provided,finance,dummy_mean,0006.HK_1h,2026-03-17 11:30:00,61.59999847412109,61.90286457538605
stock_provided,finance,dummy_mean,0006.HK_1h,2026-03-17 12:30:00,61.54999923706055,61.90286457538605
stock_provided,finance,dummy_mean,0006.HK_1h,2026-03-17 13:30:00,61.5,61.90286457538605
stock_provided,finance,dummy_mean,0006.HK_1h,2026-03-17 14:30:00,61.34999847412109,61.90286457538605
stock_provided,finance,dummy_mean,0006.HK_1h,2026-03-17 15:30:00,61.45000076293945,61.90286457538605
stock_provided,finance,dummy_mean,0006.HK_1h,2026-03-18 09:30:00,61.900001525878906,61.90286457538605
stock_provided,finance,dummy_mean,0006.HK_1h,2026-03-18 10:30:00,61.84999847412109,61.90286457538605
stock_provided,finance,dummy_mean,0006.HK_1h,2026-03-18 11:30:00,61.900001525878906,61.90286457538605
stock_provided,finance,dummy_mean,0006.HK_1h,2026-03-18 12:30:00,62.20000076293945,61.90286457538605
stock_provided,finance,dummy_mean,0006.HK_1h,2026-03-18 13:30:00,62.54999923706055,61.90286457538605
stock_provided,finance,dummy_mean,0006.HK_1h,2026-03-18 14:30:00,62.25,61.90286457538605
stock_provided,finance,dummy_mean,0006.HK_1h,2026-03-18 15:30:00,62.25,61.90286457538605
stock_provided,finance,dummy_mean,0006.HK_1h,2026-03-19 09:30:00,62.45000076293945,61.90286457538605
stock_provided,finance,dummy_mean,0006.HK_1h,2026-03-19 10:30:00,61.95000076293945,61.90286457538605
stock_provided,finance,dummy_mean,0006.HK_1h,2026-03-19 11:30:00,62.04999923706055,61.90286457538605
stock_provided,finance,dummy_mean,0006.HK_1h,2026-03-19 12:30:00,62.400001525878906,61.90286457538605
stock_provided,finance,dummy_mean,0006.HK_1h,2026-03-19 13:30:00,62.20000076293945,61.90286457538605
stock_provided,finance,dummy_mean,0006.HK_1h,2026-03-19 14:30:00,62.25,61.90286457538605
stock_provided,finance,dummy_mean,0006.HK_1h,2026-03-19 15:30:00,62.0,61.90286457538605
stock_provided,finance,dummy_mean,0006.HK_1h,2026-03-20 09:30:00,61.900001525878906,61.90286457538605
stock_provided,finance,dummy_mean,0006.HK_1h,2026-03-20 10:30:00,62.0,61.90286457538605
stock_provided,finance,dummy_mean,0006.HK_1h,2026-03-20 11:30:00,62.09999847412109,61.90286457538605
stock_provided,finance,dummy_mean,0006.HK_1h,2026-03-20 12:30:00,61.95000076293945,61.90286457538605
stock_provided,finance,dummy_mean,0006.HK_1h,2026-03-20 13:30:00,61.900001525878906,61.90286457538605
stock_provided,finance,dummy_mean,0006.HK_1h,2026-03-20 14:30:00,61.900001525878906,61.90286457538605
stock_provided,finance,dummy_mean,0006.HK_1h,2026-03-20 15:30:00,61.79999923706055,61.90286457538605
stock_provided,finance,seasonal_naive,0002.HK_1h,2026-03-12 10:30:00,72.94999694824219,74.8499984741211
stock_provided,finance,seasonal_naive,0002.HK_1h,2026-03-12 11:30:00,72.8499984741211,75.0999984741211
stock_provided,finance,seasonal_naive,0002.HK_1h,2026-03-12 12:30:00,73.0,73.9000015258789
stock_provided,finance,seasonal_naive,0002.HK_1h,2026-03-12 13:30:00,73.0,73.8499984741211
stock_provided,finance,seasonal_naive,0002.HK_1h,2026-03-12 14:30:00,73.0,73.80000305175781
stock_provided,finance,seasonal_naive,0002.HK_1h,2026-03-12 15:30:00,73.1500015258789,74.05000305175781
stock_provided,finance,seasonal_naive,0002.HK_1h,2026-03-13 09:30:00,73.9000015258789,74.0999984741211
stock_provided,finance,seasonal_naive,0002.HK_1h,2026-03-13 10:30:00,73.94999694824219,73.8499984741211
stock_provided,finance,seasonal_naive,0002.HK_1h,2026-03-13 11:30:00,74.0,74.0
stock_provided,finance,seasonal_naive,0002.HK_1h,2026-03-13 12:30:00,73.94999694824219,74.6500015258789
stock_provided,finance,seasonal_naive,0002.HK_1h,2026-03-13 13:30:00,73.94999694824219,74.5
stock_provided,finance,seasonal_naive,0002.HK_1h,2026-03-13 14:30:00,73.6500015258789,74.55000305175781
stock_provided,finance,seasonal_naive,0002.HK_1h,2026-03-13 15:30:00,73.5999984741211,74.80000305175781
stock_provided,finance,seasonal_naive,0002.HK_1h,2026-03-16 09:30:00,73.19999694824219,74.8499984741211
stock_provided,finance,seasonal_naive,0002.HK_1h,2026-03-16 10:30:00,73.19999694824219,74.69999694824219
stock_provided,finance,seasonal_naive,0002.HK_1h,2026-03-16 11:30:00,73.1500015258789,74.75
stock_provided,finance,seasonal_naive,0002.HK_1h,2026-03-16 12:30:00,72.80000305175781,73.44999694824219
stock_provided,finance,seasonal_naive,0002.HK_1h,2026-03-16 13:30:00,73.0999984741211,73.25
stock_provided,finance,seasonal_naive,0002.HK_1h,2026-03-16 14:30:00,73.05000305175781,73.0999984741211
stock_provided,finance,seasonal_naive,0002.HK_1h,2026-03-16 15:30:00,73.0999984741211,72.94999694824219
stock_provided,finance,seasonal_naive,0002.HK_1h,2026-03-17 09:30:00,73.30000305175781,73.1500015258789
stock_provided,finance,seasonal_naive,0002.HK_1h,2026-03-17 10:30:00,73.0999984741211,73.0999984741211
stock_provided,finance,seasonal_naive,0002.HK_1h,2026-03-17 11:30:00,73.19999694824219,73.3499984741211
stock_provided,finance,seasonal_naive,0002.HK_1h,2026-03-17 12:30:00,73.19999694824219,73.1500015258789
stock_provided,finance,seasonal_naive,0002.HK_1h,2026-03-17 13:30:00,73.25,74.8499984741211
stock_provided,finance,seasonal_naive,0002.HK_1h,2026-03-17 14:30:00,73.25,75.0999984741211
stock_provided,finance,seasonal_naive,0002.HK_1h,2026-03-17 15:30:00,73.44999694824219,73.9000015258789
stock_provided,finance,seasonal_naive,0002.HK_1h,2026-03-18 09:30:00,73.75,73.8499984741211
stock_provided,finance,seasonal_naive,0002.HK_1h,2026-03-18 10:30:00,73.80000305175781,73.80000305175781
stock_provided,finance,seasonal_naive,0002.HK_1h,2026-03-18 11:30:00,73.8499984741211,74.05000305175781
stock_provided,finance,seasonal_naive,0002.HK_1h,2026-03-18 12:30:00,74.0999984741211,74.0999984741211
stock_provided,finance,seasonal_naive,0002.HK_1h,2026-03-18 13:30:00,74.30000305175781,73.8499984741211
stock_provided,finance,seasonal_naive,0002.HK_1h,2026-03-18 14:30:00,74.0999984741211,74.0
stock_provided,finance,seasonal_naive,0002.HK_1h,2026-03-18 15:30:00,74.30000305175781,74.6500015258789
stock_provided,finance,seasonal_naive,0002.HK_1h,2026-03-19 09:30:00,73.94999694824219,74.5
stock_provided,finance,seasonal_naive,0002.HK_1h,2026-03-19 10:30:00,73.6500015258789,74.55000305175781
stock_provided,finance,seasonal_naive,0002.HK_1h,2026-03-19 11:30:00,73.75,74.80000305175781
stock_provided,finance,seasonal_naive,0002.HK_1h,2026-03-19 12:30:00,73.5999984741211,74.8499984741211
stock_provided,finance,seasonal_naive,0002.HK_1h,2026-03-19 13:30:00,73.55000305175781,74.69999694824219
stock_provided,finance,seasonal_naive,0002.HK_1h,2026-03-19 14:30:00,73.75,74.75
stock_provided,finance,seasonal_naive,0002.HK_1h,2026-03-19 15:30:00,73.75,73.44999694824219
stock_provided,finance,seasonal_naive,0002.HK_1h,2026-03-20 09:30:00,73.5999984741211,73.25
stock_provided,finance,seasonal_naive,0002.HK_1h,2026-03-20 10:30:00,73.55000305175781,73.0999984741211
stock_provided,finance,seasonal_naive,0002.HK_1h,2026-03-20 11:30:00,73.6500015258789,72.94999694824219
stock_provided,finance,seasonal_naive,0002.HK_1h,2026-03-20 12:30:00,73.55000305175781,73.1500015258789
stock_provided,finance,seasonal_naive,0002.HK_1h,2026-03-20 13:30:00,73.5,73.0999984741211
stock_provided,finance,seasonal_naive,0002.HK_1h,2026-03-20 14:30:00,73.6500015258789,73.3499984741211
stock_provided,finance,seasonal_naive,0002.HK_1h,2026-03-20 15:30:00,73.5999984741211,73.1500015258789
stock_provided,finance,seasonal_naive,0003.HK_1h,2026-03-12 10:30:00,7.440000057220459,7.539999961853027
stock_provided,finance,seasonal_naive,0003.HK_1h,2026-03-12 11:30:00,7.480000019073486,7.510000228881836
stock_provided,finance,seasonal_naive,0003.HK_1h,2026-03-12 12:30:00,7.460000038146973,7.340000152587891
stock_provided,finance,seasonal_naive,0003.HK_1h,2026-03-12 13:30:00,7.46999979019165,7.320000171661377
stock_provided,finance,seasonal_naive,0003.HK_1h,2026-03-12 14:30:00,7.489999771118164,7.340000152587891
stock_provided,finance,seasonal_naive,0003.HK_1h,2026-03-12 15:30:00,7.489999771118164,7.369999885559082
stock_provided,finance,seasonal_naive,0003.HK_1h,2026-03-13 09:30:00,7.510000228881836,7.360000133514404
stock_provided,finance,seasonal_naive,0003.HK_1h,2026-03-13 10:30:00,7.510000228881836,7.349999904632568
stock_provided,finance,seasonal_naive,0003.HK_1h,2026-03-13 11:30:00,7.489999771118164,7.340000152587891
stock_provided,finance,seasonal_naive,0003.HK_1h,2026-03-13 12:30:00,7.489999771118164,7.369999885559082
stock_provided,finance,seasonal_naive,0003.HK_1h,2026-03-13 13:30:00,7.489999771118164,7.380000114440918
stock_provided,finance,seasonal_naive,0003.HK_1h,2026-03-13 14:30:00,7.460000038146973,7.369999885559082
stock_provided,finance,seasonal_naive,0003.HK_1h,2026-03-13 15:30:00,7.460000038146973,7.409999847412109
stock_provided,finance,seasonal_naive,0003.HK_1h,2026-03-16 09:30:00,7.369999885559082,7.420000076293945
stock_provided,finance,seasonal_naive,0003.HK_1h,2026-03-16 10:30:00,7.309999942779541,7.449999809265137
stock_provided,finance,seasonal_naive,0003.HK_1h,2026-03-16 11:30:00,7.340000152587891,7.460000038146973
stock_provided,finance,seasonal_naive,0003.HK_1h,2026-03-16 12:30:00,7.309999942779541,7.539999961853027
stock_provided,finance,seasonal_naive,0003.HK_1h,2026-03-16 13:30:00,7.329999923706055,7.519999980926514
stock_provided,finance,seasonal_naive,0003.HK_1h,2026-03-16 14:30:00,7.329999923706055,7.489999771118164
stock_provided,finance,seasonal_naive,0003.HK_1h,2026-03-16 15:30:00,7.340000152587891,7.489999771118164
stock_provided,finance,seasonal_naive,0003.HK_1h,2026-03-17 09:30:00,7.309999942779541,7.519999980926514
stock_provided,finance,seasonal_naive,0003.HK_1h,2026-03-17 10:30:00,7.269999980926514,7.519999980926514
stock_provided,finance,seasonal_naive,0003.HK_1h,2026-03-17 11:30:00,7.289999961853027,7.539999961853027
stock_provided,finance,seasonal_naive,0003.HK_1h,2026-03-17 12:30:00,7.289999961853027,7.449999809265137
stock_provided,finance,seasonal_naive,0003.HK_1h,2026-03-17 13:30:00,7.260000228881836,7.539999961853027
stock_provided,finance,seasonal_naive,0003.HK_1h,2026-03-17 14:30:00,7.269999980926514,7.510000228881836
stock_provided,finance,seasonal_naive,0003.HK_1h,2026-03-17 15:30:00,7.260000228881836,7.340000152587891
stock_provided,finance,seasonal_naive,0003.HK_1h,2026-03-18 09:30:00,7.25,7.320000171661377
stock_provided,finance,seasonal_naive,0003.HK_1h,2026-03-18 10:30:00,7.239999771118164,7.340000152587891
stock_provided,finance,seasonal_naive,0003.HK_1h,2026-03-18 11:30:00,7.239999771118164,7.369999885559082
stock_provided,finance,seasonal_naive,0003.HK_1h,2026-03-18 12:30:00,7.269999980926514,7.360000133514404
stock_provided,finance,seasonal_naive,0003.HK_1h,2026-03-18 13:30:00,7.289999961853027,7.349999904632568
stock_provided,finance,seasonal_naive,0003.HK_1h,2026-03-18 14:30:00,7.300000190734863,7.340000152587891
stock_provided,finance,seasonal_naive,0003.HK_1h,2026-03-18 15:30:00,7.289999961853027,7.369999885559082
stock_provided,finance,seasonal_naive,0003.HK_1h,2026-03-19 09:30:00,7.340000152587891,7.380000114440918
stock_provided,finance,seasonal_naive,0003.HK_1h,2026-03-19 10:30:00,7.340000152587891,7.369999885559082
stock_provided,finance,seasonal_naive,0003.HK_1h,2026-03-19 11:30:00,7.360000133514404,7.409999847412109
stock_provided,finance,seasonal_naive,0003.HK_1h,2026-03-19 12:30:00,7.380000114440918,7.420000076293945
stock_provided,finance,seasonal_naive,0003.HK_1h,2026-03-19 13:30:00,7.389999866485596,7.449999809265137
stock_provided,finance,seasonal_naive,0003.HK_1h,2026-03-19 14:30:00,7.389999866485596,7.460000038146973
stock_provided,finance,seasonal_naive,0003.HK_1h,2026-03-19 15:30:00,7.420000076293945,7.539999961853027
stock_provided,finance,seasonal_naive,0003.HK_1h,2026-03-20 09:30:00,7.389999866485596,7.519999980926514
stock_provided,finance,seasonal_naive,0003.HK_1h,2026-03-20 10:30:00,7.349999904632568,7.489999771118164
stock_provided,finance,seasonal_naive,0003.HK_1h,2026-03-20 11:30:00,7.340000152587891,7.489999771118164
stock_provided,finance,seasonal_naive,0003.HK_1h,2026-03-20 12:30:00,7.349999904632568,7.519999980926514
stock_provided,finance,seasonal_naive,0003.HK_1h,2026-03-20 13:30:00,7.320000171661377,7.519999980926514
stock_provided,finance,seasonal_naive,0003.HK_1h,2026-03-20 14:30:00,7.329999923706055,7.539999961853027
stock_provided,finance,seasonal_naive,0003.HK_1h,2026-03-20 15:30:00,7.340000152587891,7.449999809265137
stock_provided,finance,seasonal_naive,0006.HK_1h,2026-03-12 10:30:00,61.20000076293945,62.25
stock_provided,finance,seasonal_naive,0006.HK_1h,2026-03-12 11:30:00,61.09999847412109,62.54999923706055
stock_provided,finance,seasonal_naive,0006.HK_1h,2026-03-12 12:30:00,61.09999847412109,61.150001525878906
stock_provided,finance,seasonal_naive,0006.HK_1h,2026-03-12 13:30:00,61.34999847412109,61.0
stock_provided,finance,seasonal_naive,0006.HK_1h,2026-03-12 14:30:00,61.59999847412109,61.25
stock_provided,finance,seasonal_naive,0006.HK_1h,2026-03-12 15:30:00,61.70000076293945,61.59999847412109
stock_provided,finance,seasonal_naive,0006.HK_1h,2026-03-13 09:30:00,61.900001525878906,61.75
stock_provided,finance,seasonal_naive,0006.HK_1h,2026-03-13 10:30:00,61.75,61.5
stock_provided,finance,seasonal_naive,0006.HK_1h,2026-03-13 11:30:00,61.79999923706055,61.5
stock_provided,finance,seasonal_naive,0006.HK_1h,2026-03-13 12:30:00,61.54999923706055,62.150001525878906
stock_provided,finance,seasonal_naive,0006.HK_1h,2026-03-13 13:30:00,61.75,62.29999923706055
stock_provided,finance,seasonal_naive,0006.HK_1h,2026-03-13 14:30:00,61.650001525878906,62.29999923706055
stock_provided,finance,seasonal_naive,0006.HK_1h,2026-03-13 15:30:00,61.70000076293945,62.59999847412109
stock_provided,finance,seasonal_naive,0006.HK_1h,2026-03-16 09:30:00,60.95000076293945,62.75
stock_provided,finance,seasonal_naive,0006.HK_1h,2026-03-16 10:30:00,61.150001525878906,62.650001525878906
stock_provided,finance,seasonal_naive,0006.HK_1h,2026-03-16 11:30:00,61.25,62.75
stock_provided,finance,seasonal_naive,0006.HK_1h,2026-03-16 12:30:00,60.79999923706055,62.400001525878906
stock_provided,finance,seasonal_naive,0006.HK_1h,2026-03-16 13:30:00,61.20000076293945,62.5
stock_provided,finance,seasonal_naive,0006.HK_1h,2026-03-16 14:30:00,61.09999847412109,62.70000076293945
stock_provided,finance,seasonal_naive,0006.HK_1h,2026-03-16 15:30:00,61.20000076293945,62.75
stock_provided,finance,seasonal_naive,0006.HK_1h,2026-03-17 09:30:00,61.59999847412109,62.75
stock_provided,finance,seasonal_naive,0006.HK_1h,2026-03-17 10:30:00,61.5,62.79999923706055
stock_provided,finance,seasonal_naive,0006.HK_1h,2026-03-17 11:30:00,61.59999847412109,63.0
stock_provided,finance,seasonal_naive,0006.HK_1h,2026-03-17 12:30:00,61.54999923706055,61.84999847412109
stock_provided,finance,seasonal_naive,0006.HK_1h,2026-03-17 13:30:00,61.5,62.25
stock_provided,finance,seasonal_naive,0006.HK_1h,2026-03-17 14:30:00,61.34999847412109,62.54999923706055
stock_provided,finance,seasonal_naive,0006.HK_1h,2026-03-17 15:30:00,61.45000076293945,61.150001525878906
stock_provided,finance,seasonal_naive,0006.HK_1h,2026-03-18 09:30:00,61.900001525878906,61.0
stock_provided,finance,seasonal_naive,0006.HK_1h,2026-03-18 10:30:00,61.84999847412109,61.25
stock_provided,finance,seasonal_naive,0006.HK_1h,2026-03-18 11:30:00,61.900001525878906,61.59999847412109
stock_provided,finance,seasonal_naive,0006.HK_1h,2026-03-18 12:30:00,62.20000076293945,61.75
stock_provided,finance,seasonal_naive,0006.HK_1h,2026-03-18 13:30:00,62.54999923706055,61.5
stock_provided,finance,seasonal_naive,0006.HK_1h,2026-03-18 14:30:00,62.25,61.5
stock_provided,finance,seasonal_naive,0006.HK_1h,2026-03-18 15:30:00,62.25,62.150001525878906
stock_provided,finance,seasonal_naive,0006.HK_1h,2026-03-19 09:30:00,62.45000076293945,62.29999923706055
stock_provided,finance,seasonal_naive,0006.HK_1h,2026-03-19 10:30:00,61.95000076293945,62.29999923706055
stock_provided,finance,seasonal_naive,0006.HK_1h,2026-03-19 11:30:00,62.04999923706055,62.59999847412109
stock_provided,finance,seasonal_naive,0006.HK_1h,2026-03-19 12:30:00,62.400001525878906,62.75
stock_provided,finance,seasonal_naive,0006.HK_1h,2026-03-19 13:30:00,62.20000076293945,62.650001525878906
stock_provided,finance,seasonal_naive,0006.HK_1h,2026-03-19 14:30:00,62.25,62.75
stock_provided,finance,seasonal_naive,0006.HK_1h,2026-03-19 15:30:00,62.0,62.400001525878906
stock_provided,finance,seasonal_naive,0006.HK_1h,2026-03-20 09:30:00,61.900001525878906,62.5
stock_provided,finance,seasonal_naive,0006.HK_1h,2026-03-20 10:30:00,62.0,62.70000076293945
stock_provided,finance,seasonal_naive,0006.HK_1h,2026-03-20 11:30:00,62.09999847412109,62.75
stock_provided,finance,seasonal_naive,0006.HK_1h,2026-03-20 12:30:00,61.95000076293945,62.75
stock_provided,finance,seasonal_naive,0006.HK_1h,2026-03-20 13:30:00,61.900001525878906,62.79999923706055
stock_provided,finance,seasonal_naive,0006.HK_1h,2026-03-20 14:30:00,61.900001525878906,63.0
stock_provided,finance,seasonal_naive,0006.HK_1h,2026-03-20 15:30:00,61.79999923706055,61.84999847412109
stock_provided,finance,moving_average,0002.HK_1h,2026-03-12 10:30:00,72.94999694824219,74.17083342870076
stock_provided,finance,moving_average,0002.HK_1h,2026-03-12 11:30:00,72.8499984741211,74.17083342870076
stock_provided,finance,moving_average,0002.HK_1h,2026-03-12 12:30:00,73.0,74.17083342870076
stock_provided,finance,moving_average,0002.HK_1h,2026-03-12 13:30:00,73.0,74.17083342870076
stock_provided,finance,moving_average,0002.HK_1h,2026-03-12 14:30:00,73.0,74.17083342870076
stock_provided,finance,moving_average,0002.HK_1h,2026-03-12 15:30:00,73.1500015258789,74.17083342870076
stock_provided,finance,moving_average,0002.HK_1h,2026-03-13 09:30:00,73.9000015258789,74.17083342870076
stock_provided,finance,moving_average,0002.HK_1h,2026-03-13 10:30:00,73.94999694824219,74.17083342870076
stock_provided,finance,moving_average,0002.HK_1h,2026-03-13 11:30:00,74.0,74.17083342870076
stock_provided,finance,moving_average,0002.HK_1h,2026-03-13 12:30:00,73.94999694824219,74.17083342870076
stock_provided,finance,moving_average,0002.HK_1h,2026-03-13 13:30:00,73.94999694824219,74.17083342870076
stock_provided,finance,moving_average,0002.HK_1h,2026-03-13 14:30:00,73.6500015258789,74.17083342870076
stock_provided,finance,moving_average,0002.HK_1h,2026-03-13 15:30:00,73.5999984741211,74.17083342870076
stock_provided,finance,moving_average,0002.HK_1h,2026-03-16 09:30:00,73.19999694824219,74.17083342870076
stock_provided,finance,moving_average,0002.HK_1h,2026-03-16 10:30:00,73.19999694824219,74.17083342870076
stock_provided,finance,moving_average,0002.HK_1h,2026-03-16 11:30:00,73.1500015258789,74.17083342870076
stock_provided,finance,moving_average,0002.HK_1h,2026-03-16 12:30:00,72.80000305175781,74.17083342870076
stock_provided,finance,moving_average,0002.HK_1h,2026-03-16 13:30:00,73.0999984741211,74.17083342870076
stock_provided,finance,moving_average,0002.HK_1h,2026-03-16 14:30:00,73.05000305175781,74.17083342870076
stock_provided,finance,moving_average,0002.HK_1h,2026-03-16 15:30:00,73.0999984741211,74.17083342870076
stock_provided,finance,moving_average,0002.HK_1h,2026-03-17 09:30:00,73.30000305175781,74.17083342870076
stock_provided,finance,moving_average,0002.HK_1h,2026-03-17 10:30:00,73.0999984741211,74.17083342870076
stock_provided,finance,moving_average,0002.HK_1h,2026-03-17 11:30:00,73.19999694824219,74.17083342870076
stock_provided,finance,moving_average,0002.HK_1h,2026-03-17 12:30:00,73.19999694824219,74.17083342870076
stock_provided,finance,moving_average,0002.HK_1h,2026-03-17 13:30:00,73.25,74.17083342870076
stock_provided,finance,moving_average,0002.HK_1h,2026-03-17 14:30:00,73.25,74.17083342870076
stock_provided,finance,moving_average,0002.HK_1h,2026-03-17 15:30:00,73.44999694824219,74.17083342870076
stock_provided,finance,moving_average,0002.HK_1h,2026-03-18 09:30:00,73.75,74.17083342870076
stock_provided,finance,moving_average,0002.HK_1h,2026-03-18 10:30:00,73.80000305175781,74.17083342870076
stock_provided,finance,moving_average,0002.HK_1h,2026-03-18 11:30:00,73.8499984741211,74.17083342870076
stock_provided,finance,moving_average,0002.HK_1h,2026-03-18 12:30:00,74.0999984741211,74.17083342870076
stock_provided,finance,moving_average,0002.HK_1h,2026-03-18 13:30:00,74.30000305175781,74.17083342870076
stock_provided,finance,moving_average,0002.HK_1h,2026-03-18 14:30:00,74.0999984741211,74.17083342870076
stock_provided,finance,moving_average,0002.HK_1h,2026-03-18 15:30:00,74.30000305175781,74.17083342870076
stock_provided,finance,moving_average,0002.HK_1h,2026-03-19 09:30:00,73.94999694824219,74.17083342870076
stock_provided,finance,moving_average,0002.HK_1h,2026-03-19 10:30:00,73.6500015258789,74.17083342870076
stock_provided,finance,moving_average,0002.HK_1h,2026-03-19 11:30:00,73.75,74.17083342870076
stock_provided,finance,moving_average,0002.HK_1h,2026-03-19 12:30:00,73.5999984741211,74.17083342870076
stock_provided,finance,moving_average,0002.HK_1h,2026-03-19 13:30:00,73.55000305175781,74.17083342870076
stock_provided,finance,moving_average,0002.HK_1h,2026-03-19 14:30:00,73.75,74.17083342870076
stock_provided,finance,moving_average,0002.HK_1h,2026-03-19 15:30:00,73.75,74.17083342870076
stock_provided,finance,moving_average,0002.HK_1h,2026-03-20 09:30:00,73.5999984741211,74.17083342870076
stock_provided,finance,moving_average,0002.HK_1h,2026-03-20 10:30:00,73.55000305175781,74.17083342870076
stock_provided,finance,moving_average,0002.HK_1h,2026-03-20 11:30:00,73.6500015258789,74.17083342870076
stock_provided,finance,moving_average,0002.HK_1h,2026-03-20 12:30:00,73.55000305175781,74.17083342870076
stock_provided,finance,moving_average,0002.HK_1h,2026-03-20 13:30:00,73.5,74.17083342870076
stock_provided,finance,moving_average,0002.HK_1h,2026-03-20 14:30:00,73.6500015258789,74.17083342870076
stock_provided,finance,moving_average,0002.HK_1h,2026-03-20 15:30:00,73.5999984741211,74.17083342870076
stock_provided,finance,moving_average,0003.HK_1h,2026-03-12 10:30:00,7.440000057220459,7.503125011920929
stock_provided,finance,moving_average,0003.HK_1h,2026-03-12 11:30:00,7.480000019073486,7.503125011920929
stock_provided,finance,moving_average,0003.HK_1h,2026-03-12 12:30:00,7.460000038146973,7.503125011920929
stock_provided,finance,moving_average,0003.HK_1h,2026-03-12 13:30:00,7.46999979019165,7.503125011920929
stock_provided,finance,moving_average,0003.HK_1h,2026-03-12 14:30:00,7.489999771118164,7.503125011920929
stock_provided,finance,moving_average,0003.HK_1h,2026-03-12 15:30:00,7.489999771118164,7.503125011920929
stock_provided,finance,moving_average,0003.HK_1h,2026-03-13 09:30:00,7.510000228881836,7.503125011920929
stock_provided,finance,moving_average,0003.HK_1h,2026-03-13 10:30:00,7.510000228881836,7.503125011920929
stock_provided,finance,moving_average,0003.HK_1h,2026-03-13 11:30:00,7.489999771118164,7.503125011920929
stock_provided,finance,moving_average,0003.HK_1h,2026-03-13 12:30:00,7.489999771118164,7.503125011920929
stock_provided,finance,moving_average,0003.HK_1h,2026-03-13 13:30:00,7.489999771118164,7.503125011920929
stock_provided,finance,moving_average,0003.HK_1h,2026-03-13 14:30:00,7.460000038146973,7.503125011920929
stock_provided,finance,moving_average,0003.HK_1h,2026-03-13 15:30:00,7.460000038146973,7.503125011920929
stock_provided,finance,moving_average,0003.HK_1h,2026-03-16 09:30:00,7.369999885559082,7.503125011920929
stock_provided,finance,moving_average,0003.HK_1h,2026-03-16 10:30:00,7.309999942779541,7.503125011920929
stock_provided,finance,moving_average,0003.HK_1h,2026-03-16 11:30:00,7.340000152587891,7.503125011920929
stock_provided,finance,moving_average,0003.HK_1h,2026-03-16 12:30:00,7.309999942779541,7.503125011920929
stock_provided,finance,moving_average,0003.HK_1h,2026-03-16 13:30:00,7.329999923706055,7.503125011920929
stock_provided,finance,moving_average,0003.HK_1h,2026-03-16 14:30:00,7.329999923706055,7.503125011920929
stock_provided,finance,moving_average,0003.HK_1h,2026-03-16 15:30:00,7.340000152587891,7.503125011920929
stock_provided,finance,moving_average,0003.HK_1h,2026-03-17 09:30:00,7.309999942779541,7.503125011920929
stock_provided,finance,moving_average,0003.HK_1h,2026-03-17 10:30:00,7.269999980926514,7.503125011920929
stock_provided,finance,moving_average,0003.HK_1h,2026-03-17 11:30:00,7.289999961853027,7.503125011920929
stock_provided,finance,moving_average,0003.HK_1h,2026-03-17 12:30:00,7.289999961853027,7.503125011920929
stock_provided,finance,moving_average,0003.HK_1h,2026-03-17 13:30:00,7.260000228881836,7.503125011920929
stock_provided,finance,moving_average,0003.HK_1h,2026-03-17 14:30:00,7.269999980926514,7.503125011920929
stock_provided,finance,moving_average,0003.HK_1h,2026-03-17 15:30:00,7.260000228881836,7.503125011920929
stock_provided,finance,moving_average,0003.HK_1h,2026-03-18 09:30:00,7.25,7.503125011920929
stock_provided,finance,moving_average,0003.HK_1h,2026-03-18 10:30:00,7.239999771118164,7.503125011920929
stock_provided,finance,moving_average,0003.HK_1h,2026-03-18 11:30:00,7.239999771118164,7.503125011920929
stock_provided,finance,moving_average,0003.HK_1h,2026-03-18 12:30:00,7.269999980926514,7.503125011920929
stock_provided,finance,moving_average,0003.HK_1h,2026-03-18 13:30:00,7.289999961853027,7.503125011920929
stock_provided,finance,moving_average,0003.HK_1h,2026-03-18 14:30:00,7.300000190734863,7.503125011920929
stock_provided,finance,moving_average,0003.HK_1h,2026-03-18 15:30:00,7.289999961853027,7.503125011920929
stock_provided,finance,moving_average,0003.HK_1h,2026-03-19 09:30:00,7.340000152587891,7.503125011920929
stock_provided,finance,moving_average,0003.HK_1h,2026-03-19 10:30:00,7.340000152587891,7.503125011920929
stock_provided,finance,moving_average,0003.HK_1h,2026-03-19 11:30:00,7.360000133514404,7.503125011920929
stock_provided,finance,moving_average,0003.HK_1h,2026-03-19 12:30:00,7.380000114440918,7.503125011920929
stock_provided,finance,moving_average,0003.HK_1h,2026-03-19 13:30:00,7.389999866485596,7.503125011920929
stock_provided,finance,moving_average,0003.HK_1h,2026-03-19 14:30:00,7.389999866485596,7.503125011920929
stock_provided,finance,moving_average,0003.HK_1h,2026-03-19 15:30:00,7.420000076293945,7.503125011920929
stock_provided,finance,moving_average,0003.HK_1h,2026-03-20 09:30:00,7.389999866485596,7.503125011920929
stock_provided,finance,moving_average,0003.HK_1h,2026-03-20 10:30:00,7.349999904632568,7.503125011920929
stock_provided,finance,moving_average,0003.HK_1h,2026-03-20 11:30:00,7.340000152587891,7.503125011920929
stock_provided,finance,moving_average,0003.HK_1h,2026-03-20 12:30:00,7.349999904632568,7.503125011920929
stock_provided,finance,moving_average,0003.HK_1h,2026-03-20 13:30:00,7.320000171661377,7.503125011920929
stock_provided,finance,moving_average,0003.HK_1h,2026-03-20 14:30:00,7.329999923706055,7.503125011920929
stock_provided,finance,moving_average,0003.HK_1h,2026-03-20 15:30:00,7.340000152587891,7.503125011920929
stock_provided,finance,moving_average,0006.HK_1h,2026-03-12 10:30:00,61.20000076293945,62.43958322207133
stock_provided,finance,moving_average,0006.HK_1h,2026-03-12 11:30:00,61.09999847412109,62.43958322207133
stock_provided,finance,moving_average,0006.HK_1h,2026-03-12 12:30:00,61.09999847412109,62.43958322207133
stock_provided,finance,moving_average,0006.HK_1h,2026-03-12 13:30:00,61.34999847412109,62.43958322207133
stock_provided,finance,moving_average,0006.HK_1h,2026-03-12 14:30:00,61.59999847412109,62.43958322207133
stock_provided,finance,moving_average,0006.HK_1h,2026-03-12 15:30:00,61.70000076293945,62.43958322207133
stock_provided,finance,moving_average,0006.HK_1h,2026-03-13 09:30:00,61.900001525878906,62.43958322207133
stock_provided,finance,moving_average,0006.HK_1h,2026-03-13 10:30:00,61.75,62.43958322207133
stock_provided,finance,moving_average,0006.HK_1h,2026-03-13 11:30:00,61.79999923706055,62.43958322207133
stock_provided,finance,moving_average,0006.HK_1h,2026-03-13 12:30:00,61.54999923706055,62.43958322207133
stock_provided,finance,moving_average,0006.HK_1h,2026-03-13 13:30:00,61.75,62.43958322207133
stock_provided,finance,moving_average,0006.HK_1h,2026-03-13 14:30:00,61.650001525878906,62.43958322207133
stock_provided,finance,moving_average,0006.HK_1h,2026-03-13 15:30:00,61.70000076293945,62.43958322207133
stock_provided,finance,moving_average,0006.HK_1h,2026-03-16 09:30:00,60.95000076293945,62.43958322207133
stock_provided,finance,moving_average,0006.HK_1h,2026-03-16 10:30:00,61.150001525878906,62.43958322207133
stock_provided,finance,moving_average,0006.HK_1h,2026-03-16 11:30:00,61.25,62.43958322207133
stock_provided,finance,moving_average,0006.HK_1h,2026-03-16 12:30:00,60.79999923706055,62.43958322207133
stock_provided,finance,moving_average,0006.HK_1h,2026-03-16 13:30:00,61.20000076293945,62.43958322207133
stock_provided,finance,moving_average,0006.HK_1h,2026-03-16 14:30:00,61.09999847412109,62.43958322207133
stock_provided,finance,moving_average,0006.HK_1h,2026-03-16 15:30:00,61.20000076293945,62.43958322207133
stock_provided,finance,moving_average,0006.HK_1h,2026-03-17 09:30:00,61.59999847412109,62.43958322207133
stock_provided,finance,moving_average,0006.HK_1h,2026-03-17 10:30:00,61.5,62.43958322207133
stock_provided,finance,moving_average,0006.HK_1h,2026-03-17 11:30:00,61.59999847412109,62.43958322207133
stock_provided,finance,moving_average,0006.HK_1h,2026-03-17 12:30:00,61.54999923706055,62.43958322207133
stock_provided,finance,moving_average,0006.HK_1h,2026-03-17 13:30:00,61.5,62.43958322207133
stock_provided,finance,moving_average,0006.HK_1h,2026-03-17 14:30:00,61.34999847412109,62.43958322207133
stock_provided,finance,moving_average,0006.HK_1h,2026-03-17 15:30:00,61.45000076293945,62.43958322207133
stock_provided,finance,moving_average,0006.HK_1h,2026-03-18 09:30:00,61.900001525878906,62.43958322207133
stock_provided,finance,moving_average,0006.HK_1h,2026-03-18 10:30:00,61.84999847412109,62.43958322207133
stock_provided,finance,moving_average,0006.HK_1h,2026-03-18 11:30:00,61.900001525878906,62.43958322207133
stock_provided,finance,moving_average,0006.HK_1h,2026-03-18 12:30:00,62.20000076293945,62.43958322207133
stock_provided,finance,moving_average,0006.HK_1h,2026-03-18 13:30:00,62.54999923706055,62.43958322207133
stock_provided,finance,moving_average,0006.HK_1h,2026-03-18 14:30:00,62.25,62.43958322207133
stock_provided,finance,moving_average,0006.HK_1h,2026-03-18 15:30:00,62.25,62.43958322207133
stock_provided,finance,moving_average,0006.HK_1h,2026-03-19 09:30:00,62.45000076293945,62.43958322207133
stock_provided,finance,moving_average,0006.HK_1h,2026-03-19 10:30:00,61.95000076293945,62.43958322207133
stock_provided,finance,moving_average,0006.HK_1h,2026-03-19 11:30:00,62.04999923706055,62.43958322207133
stock_provided,finance,moving_average,0006.HK_1h,2026-03-19 12:30:00,62.400001525878906,62.43958322207133
stock_provided,finance,moving_average,0006.HK_1h,2026-03-19 13:30:00,62.20000076293945,62.43958322207133
stock_provided,finance,moving_average,0006.HK_1h,2026-03-19 14:30:00,62.25,62.43958322207133
stock_provided,finance,moving_average,0006.HK_1h,2026-03-19 15:30:00,62.0,62.43958322207133
stock_provided,finance,moving_average,0006.HK_1h,2026-03-20 09:30:00,61.900001525878906,62.43958322207133
stock_provided,finance,moving_average,0006.HK_1h,2026-03-20 10:30:00,62.0,62.43958322207133
stock_provided,finance,moving_average,0006.HK_1h,2026-03-20 11:30:00,62.09999847412109,62.43958322207133
stock_provided,finance,moving_average,0006.HK_1h,2026-03-20 12:30:00,61.95000076293945,62.43958322207133
stock_provided,finance,moving_average,0006.HK_1h,2026-03-20 13:30:00,61.900001525878906,62.43958322207133
stock_provided,finance,moving_average,0006.HK_1h,2026-03-20 14:30:00,61.900001525878906,62.43958322207133
stock_provided,finance,moving_average,0006.HK_1h,2026-03-20 15:30:00,61.79999923706055,62.43958322207133
stock_provided,finance,linear_trend,0002.HK_1h,2026-03-12 10:30:00,72.94999694824219,74.6279175980553
stock_provided,finance,linear_trend,0002.HK_1h,2026-03-12 11:30:00,72.8499984741211,74.62382973929486
stock_provided,finance,linear_trend,0002.HK_1h,2026-03-12 12:30:00,73.0,74.61974188053443
stock_provided,finance,linear_trend,0002.HK_1h,2026-03-12 13:30:00,73.0,74.61565402177399
stock_provided,finance,linear_trend,0002.HK_1h,2026-03-12 14:30:00,73.0,74.61156616301356
stock_provided,finance,linear_trend,0002.HK_1h,2026-03-12 15:30:00,73.1500015258789,74.60747830425314
stock_provided,finance,linear_trend,0002.HK_1h,2026-03-13 09:30:00,73.9000015258789,74.60339044549269
stock_provided,finance,linear_trend,0002.HK_1h,2026-03-13 10:30:00,73.94999694824219,74.59930258673226
stock_provided,finance,linear_trend,0002.HK_1h,2026-03-13 11:30:00,74.0,74.59521472797182
stock_provided,finance,linear_trend,0002.HK_1h,2026-03-13 12:30:00,73.94999694824219,74.5911268692114
stock_provided,finance,linear_trend,0002.HK_1h,2026-03-13 13:30:00,73.94999694824219,74.58703901045095
stock_provided,finance,linear_trend,0002.HK_1h,2026-03-13 14:30:00,73.6500015258789,74.58295115169052
stock_provided,finance,linear_trend,0002.HK_1h,2026-03-13 15:30:00,73.5999984741211,74.5788632929301
stock_provided,finance,linear_trend,0002.HK_1h,2026-03-16 09:30:00,73.19999694824219,74.57477543416965
stock_provided,finance,linear_trend,0002.HK_1h,2026-03-16 10:30:00,73.19999694824219,74.57068757540922
stock_provided,finance,linear_trend,0002.HK_1h,2026-03-16 11:30:00,73.1500015258789,74.56659971664878
stock_provided,finance,linear_trend,0002.HK_1h,2026-03-16 12:30:00,72.80000305175781,74.56251185788835
stock_provided,finance,linear_trend,0002.HK_1h,2026-03-16 13:30:00,73.0999984741211,74.55842399912792
stock_provided,finance,linear_trend,0002.HK_1h,2026-03-16 14:30:00,73.05000305175781,74.55433614036748
stock_provided,finance,linear_trend,0002.HK_1h,2026-03-16 15:30:00,73.0999984741211,74.55024828160705
stock_provided,finance,linear_trend,0002.HK_1h,2026-03-17 09:30:00,73.30000305175781,74.54616042284661
stock_provided,finance,linear_trend,0002.HK_1h,2026-03-17 10:30:00,73.0999984741211,74.54207256408618
stock_provided,finance,linear_trend,0002.HK_1h,2026-03-17 11:30:00,73.19999694824219,74.53798470532575
stock_provided,finance,linear_trend,0002.HK_1h,2026-03-17 12:30:00,73.19999694824219,74.53389684656531
stock_provided,finance,linear_trend,0002.HK_1h,2026-03-17 13:30:00,73.25,74.52980898780488
stock_provided,finance,linear_trend,0002.HK_1h,2026-03-17 14:30:00,73.25,74.52572112904444
stock_provided,finance,linear_trend,0002.HK_1h,2026-03-17 15:30:00,73.44999694824219,74.52163327028401
stock_provided,finance,linear_trend,0002.HK_1h,2026-03-18 09:30:00,73.75,74.51754541152359
stock_provided,finance,linear_trend,0002.HK_1h,2026-03-18 10:30:00,73.80000305175781,74.51345755276314
stock_provided,finance,linear_trend,0002.HK_1h,2026-03-18 11:30:00,73.8499984741211,74.50936969400271
stock_provided,finance,linear_trend,0002.HK_1h,2026-03-18 12:30:00,74.0999984741211,74.50528183524227
stock_provided,finance,linear_trend,0002.HK_1h,2026-03-18 13:30:00,74.30000305175781,74.50119397648184
stock_provided,finance,linear_trend,0002.HK_1h,2026-03-18 14:30:00,74.0999984741211,74.49710611772142
stock_provided,finance,linear_trend,0002.HK_1h,2026-03-18 15:30:00,74.30000305175781,74.49301825896097
stock_provided,finance,linear_trend,0002.HK_1h,2026-03-19 09:30:00,73.94999694824219,74.48893040020054
stock_provided,finance,linear_trend,0002.HK_1h,2026-03-19 10:30:00,73.6500015258789,74.4848425414401
stock_provided,finance,linear_trend,0002.HK_1h,2026-03-19 11:30:00,73.75,74.48075468267967
stock_provided,finance,linear_trend,0002.HK_1h,2026-03-19 12:30:00,73.5999984741211,74.47666682391925
stock_provided,finance,linear_trend,0002.HK_1h,2026-03-19 13:30:00,73.55000305175781,74.4725789651588
stock_provided,finance,linear_trend,0002.HK_1h,2026-03-19 14:30:00,73.75,74.46849110639837
stock_provided,finance,linear_trend,0002.HK_1h,2026-03-19 15:30:00,73.75,74.46440324763793
stock_provided,finance,linear_trend,0002.HK_1h,2026-03-20 09:30:00,73.5999984741211,74.4603153888775
stock_provided,finance,linear_trend,0002.HK_1h,2026-03-20 10:30:00,73.55000305175781,74.45622753011708
stock_provided,finance,linear_trend,0002.HK_1h,2026-03-20 11:30:00,73.6500015258789,74.45213967135663
stock_provided,finance,linear_trend,0002.HK_1h,2026-03-20 12:30:00,73.55000305175781,74.4480518125962
stock_provided,finance,linear_trend,0002.HK_1h,2026-03-20 13:30:00,73.5,74.44396395383576
stock_provided,finance,linear_trend,0002.HK_1h,2026-03-20 14:30:00,73.6500015258789,74.43987609507533
stock_provided,finance,linear_trend,0002.HK_1h,2026-03-20 15:30:00,73.5999984741211,74.4357882363149
stock_provided,finance,linear_trend,0003.HK_1h,2026-03-12 10:30:00,7.440000057220459,7.581732674809024
stock_provided,finance,linear_trend,0003.HK_1h,2026-03-12 11:30:00,7.480000019073486,7.5821311349412035
stock_provided,finance,linear_trend,0003.HK_1h,2026-03-12 12:30:00,7.460000038146973,7.582529595073383
stock_provided,finance,linear_trend,0003.HK_1h,2026-03-12 13:30:00,7.46999979019165,7.582928055205563
stock_provided,finance,linear_trend,0003.HK_1h,2026-03-12 14:30:00,7.489999771118164,7.583326515337742
stock_provided,finance,linear_trend,0003.HK_1h,2026-03-12 15:30:00,7.489999771118164,7.583724975469921
stock_provided,finance,linear_trend,0003.HK_1h,2026-03-13 09:30:00,7.510000228881836,7.5841234356021
stock_provided,finance,linear_trend,0003.HK_1h,2026-03-13 10:30:00,7.510000228881836,7.58452189573428
stock_provided,finance,linear_trend,0003.HK_1h,2026-03-13 11:30:00,7.489999771118164,7.584920355866459
stock_provided,finance,linear_trend,0003.HK_1h,2026-03-13 12:30:00,7.489999771118164,7.585318815998638
stock_provided,finance,linear_trend,0003.HK_1h,2026-03-13 13:30:00,7.489999771118164,7.585717276130818
stock_provided,finance,linear_trend,0003.HK_1h,2026-03-13 14:30:00,7.460000038146973,7.586115736262997
stock_provided,finance,linear_trend,0003.HK_1h,2026-03-13 15:30:00,7.460000038146973,7.586514196395177
stock_provided,finance,linear_trend,0003.HK_1h,2026-03-16 09:30:00,7.369999885559082,7.586912656527356
stock_provided,finance,linear_trend,0003.HK_1h,2026-03-16 10:30:00,7.309999942779541,7.587311116659535
stock_provided,finance,linear_trend,0003.HK_1h,2026-03-16 11:30:00,7.340000152587891,7.587709576791714
stock_provided,finance,linear_trend,0003.HK_1h,2026-03-16 12:30:00,7.309999942779541,7.588108036923894
stock_provided,finance,linear_trend,0003.HK_1h,2026-03-16 13:30:00,7.329999923706055,7.588506497056073
stock_provided,finance,linear_trend,0003.HK_1h,2026-03-16 14:30:00,7.329999923706055,7.5889049571882525
stock_provided,finance,linear_trend,0003.HK_1h,2026-03-16 15:30:00,7.340000152587891,7.589303417320432
stock_provided,finance,linear_trend,0003.HK_1h,2026-03-17 09:30:00,7.309999942779541,7.589701877452612
stock_provided,finance,linear_trend,0003.HK_1h,2026-03-17 10:30:00,7.269999980926514,7.590100337584791
stock_provided,finance,linear_trend,0003.HK_1h,2026-03-17 11:30:00,7.289999961853027,7.59049879771697
stock_provided,finance,linear_trend,0003.HK_1h,2026-03-17 12:30:00,7.289999961853027,7.590897257849149
stock_provided,finance,linear_trend,0003.HK_1h,2026-03-17 13:30:00,7.260000228881836,7.591295717981328
stock_provided,finance,linear_trend,0003.HK_1h,2026-03-17 14:30:00,7.269999980926514,7.591694178113508
stock_provided,finance,linear_trend,0003.HK_1h,2026-03-17 15:30:00,7.260000228881836,7.5920926382456875
stock_provided,finance,linear_trend,0003.HK_1h,2026-03-18 09:30:00,7.25,7.592491098377867
stock_provided,finance,linear_trend,0003.HK_1h,2026-03-18 10:30:00,7.239999771118164,7.592889558510046
stock_provided,finance,linear_trend,0003.HK_1h,2026-03-18 11:30:00,7.239999771118164,7.593288018642226
stock_provided,finance,linear_trend,0003.HK_1h,2026-03-18 12:30:00,7.269999980926514,7.593686478774405
stock_provided,finance,linear_trend,0003.HK_1h,2026-03-18 13:30:00,7.289999961853027,7.594084938906584
stock_provided,finance,linear_trend,0003.HK_1h,2026-03-18 14:30:00,7.300000190734863,7.594483399038763
stock_provided,finance,linear_trend,0003.HK_1h,2026-03-18 15:30:00,7.289999961853027,7.594881859170943
stock_provided,finance,linear_trend,0003.HK_1h,2026-03-19 09:30:00,7.340000152587891,7.595280319303122
stock_provided,finance,linear_trend,0003.HK_1h,2026-03-19 10:30:00,7.340000152587891,7.595678779435302
stock_provided,finance,linear_trend,0003.HK_1h,2026-03-19 11:30:00,7.360000133514404,7.596077239567481
stock_provided,finance,linear_trend,0003.HK_1h,2026-03-19 12:30:00,7.380000114440918,7.596475699699661
stock_provided,finance,linear_trend,0003.HK_1h,2026-03-19 13:30:00,7.389999866485596,7.59687415983184
stock_provided,finance,linear_trend,0003.HK_1h,2026-03-19 14:30:00,7.389999866485596,7.597272619964019
stock_provided,finance,linear_trend,0003.HK_1h,2026-03-19 15:30:00,7.420000076293945,7.597671080096198
stock_provided,finance,linear_trend,0003.HK_1h,2026-03-20 09:30:00,7.389999866485596,7.598069540228377
stock_provided,finance,linear_trend,0003.HK_1h,2026-03-20 10:30:00,7.349999904632568,7.598468000360557
stock_provided,finance,linear_trend,0003.HK_1h,2026-03-20 11:30:00,7.340000152587891,7.5988664604927365
stock_provided,finance,linear_trend,0003.HK_1h,2026-03-20 12:30:00,7.349999904632568,7.599264920624916
stock_provided,finance,linear_trend,0003.HK_1h,2026-03-20 13:30:00,7.320000171661377,7.599663380757095
stock_provided,finance,linear_trend,0003.HK_1h,2026-03-20 14:30:00,7.329999923706055,7.600061840889275
stock_provided,finance,linear_trend,0003.HK_1h,2026-03-20 15:30:00,7.340000152587891,7.600460301021454
stock_provided,finance,linear_trend,0006.HK_1h,2026-03-12 10:30:00,61.20000076293945,62.882678724708384
stock_provided,finance,linear_trend,0006.HK_1h,2026-03-12 11:30:00,61.09999847412109,62.892832239209135
stock_provided,finance,linear_trend,0006.HK_1h,2026-03-12 12:30:00,61.09999847412109,62.902985753709885
stock_provided,finance,linear_trend,0006.HK_1h,2026-03-12 13:30:00,61.34999847412109,62.913139268210635
stock_provided,finance,linear_trend,0006.HK_1h,2026-03-12 14:30:00,61.59999847412109,62.923292782711385
stock_provided,finance,linear_trend,0006.HK_1h,2026-03-12 15:30:00,61.70000076293945,62.933446297212136
stock_provided,finance,linear_trend,0006.HK_1h,2026-03-13 09:30:00,61.900001525878906,62.943599811712886
stock_provided,finance,linear_trend,0006.HK_1h,2026-03-13 10:30:00,61.75,62.95375332621363
stock_provided,finance,linear_trend,0006.HK_1h,2026-03-13 11:30:00,61.79999923706055,62.96390684071438
stock_provided,finance,linear_trend,0006.HK_1h,2026-03-13 12:30:00,61.54999923706055,62.97406035521513
stock_provided,finance,linear_trend,0006.HK_1h,2026-03-13 13:30:00,61.75,62.98421386971588
stock_provided,finance,linear_trend,0006.HK_1h,2026-03-13 14:30:00,61.650001525878906,62.99436738421663
stock_provided,finance,linear_trend,0006.HK_1h,2026-03-13 15:30:00,61.70000076293945,63.00452089871738
stock_provided,finance,linear_trend,0006.HK_1h,2026-03-16 09:30:00,60.95000076293945,63.01467441321813
stock_provided,finance,linear_trend,0006.HK_1h,2026-03-16 10:30:00,61.150001525878906,63.02482792771888
stock_provided,finance,linear_trend,0006.HK_1h,2026-03-16 11:30:00,61.25,63.03498144221963
stock_provided,finance,linear_trend,0006.HK_1h,2026-03-16 12:30:00,60.79999923706055,63.045134956720375
stock_provided,finance,linear_trend,0006.HK_1h,2026-03-16 13:30:00,61.20000076293945,63.055288471221125
stock_provided,finance,linear_trend,0006.HK_1h,2026-03-16 14:30:00,61.09999847412109,63.065441985721876
stock_provided,finance,linear_trend,0006.HK_1h,2026-03-16 15:30:00,61.20000076293945,63.075595500222626
stock_provided,finance,linear_trend,0006.HK_1h,2026-03-17 09:30:00,61.59999847412109,63.085749014723376
stock_provided,finance,linear_trend,0006.HK_1h,2026-03-17 10:30:00,61.5,63.09590252922413
stock_provided,finance,linear_trend,0006.HK_1h,2026-03-17 11:30:00,61.59999847412109,63.10605604372488
stock_provided,finance,linear_trend,0006.HK_1h,2026-03-17 12:30:00,61.54999923706055,63.11620955822563
stock_provided,finance,linear_trend,0006.HK_1h,2026-03-17 13:30:00,61.5,63.12636307272638
stock_provided,finance,linear_trend,0006.HK_1h,2026-03-17 14:30:00,61.34999847412109,63.13651658722712
stock_provided,finance,linear_trend,0006.HK_1h,2026-03-17 15:30:00,61.45000076293945,63.14667010172787
stock_provided,finance,linear_trend,0006.HK_1h,2026-03-18 09:30:00,61.900001525878906,63.15682361622862
stock_provided,finance,linear_trend,0006.HK_1h,2026-03-18 10:30:00,61.84999847412109,63.16697713072937
stock_provided,finance,linear_trend,0006.HK_1h,2026-03-18 11:30:00,61.900001525878906,63.17713064523012
stock_provided,finance,linear_trend,0006.HK_1h,2026-03-18 12:30:00,62.20000076293945,63.18728415973087
stock_provided,finance,linear_trend,0006.HK_1h,2026-03-18 13:30:00,62.54999923706055,63.19743767423162
stock_provided,finance,linear_trend,0006.HK_1h,2026-03-18 14:30:00,62.25,63.20759118873237
stock_provided,finance,linear_trend,0006.HK_1h,2026-03-18 15:30:00,62.25,63.21774470323312
stock_provided,finance,linear_trend,0006.HK_1h,2026-03-19 09:30:00,62.45000076293945,63.227898217733866
stock_provided,finance,linear_trend,0006.HK_1h,2026-03-19 10:30:00,61.95000076293945,63.23805173223462
stock_provided,finance,linear_trend,0006.HK_1h,2026-03-19 11:30:00,62.04999923706055,63.24820524673537
stock_provided,finance,linear_trend,0006.HK_1h,2026-03-19 12:30:00,62.400001525878906,63.25835876123612
stock_provided,finance,linear_trend,0006.HK_1h,2026-03-19 13:30:00,62.20000076293945,63.26851227573687
stock_provided,finance,linear_trend,0006.HK_1h,2026-03-19 14:30:00,62.25,63.27866579023762
stock_provided,finance,linear_trend,0006.HK_1h,2026-03-19 15:30:00,62.0,63.28881930473837
stock_provided,finance,linear_trend,0006.HK_1h,2026-03-20 09:30:00,61.900001525878906,63.29897281923912
stock_provided,finance,linear_trend,0006.HK_1h,2026-03-20 10:30:00,62.0,63.30912633373987
stock_provided,finance,linear_trend,0006.HK_1h,2026-03-20 11:30:00,62.09999847412109,63.31927984824061
stock_provided,finance,linear_trend,0006.HK_1h,2026-03-20 12:30:00,61.95000076293945,63.32943336274136
stock_provided,finance,linear_trend,0006.HK_1h,2026-03-20 13:30:00,61.900001525878906,63.33958687724211
stock_provided,finance,linear_trend,0006.HK_1h,2026-03-20 14:30:00,61.900001525878906,63.34974039174286
stock_provided,finance,linear_trend,0006.HK_1h,2026-03-20 15:30:00,61.79999923706055,63.35989390624361
stock_provided,finance,ridge_ar,0002.HK_1h,2026-03-12 10:30:00,72.94999694824219,73.25917719642342
stock_provided,finance,ridge_ar,0002.HK_1h,2026-03-12 11:30:00,72.8499984741211,73.3547443323793
stock_provided,finance,ridge_ar,0002.HK_1h,2026-03-12 12:30:00,73.0,73.4898113582705
stock_provided,finance,ridge_ar,0002.HK_1h,2026-03-12 13:30:00,73.0,73.62239663350017
stock_provided,finance,ridge_ar,0002.HK_1h,2026-03-12 14:30:00,73.0,73.7309357612168
stock_provided,finance,ridge_ar,0002.HK_1h,2026-03-12 15:30:00,73.1500015258789,73.85100874817422
stock_provided,finance,ridge_ar,0002.HK_1h,2026-03-13 09:30:00,73.9000015258789,73.96526570684637
stock_provided,finance,ridge_ar,0002.HK_1h,2026-03-13 10:30:00,73.94999694824219,74.07994358755818
stock_provided,finance,ridge_ar,0002.HK_1h,2026-03-13 11:30:00,74.0,74.18572341713417
stock_provided,finance,ridge_ar,0002.HK_1h,2026-03-13 12:30:00,73.94999694824219,74.24939107941941
stock_provided,finance,ridge_ar,0002.HK_1h,2026-03-13 13:30:00,73.94999694824219,74.32080622120566
stock_provided,finance,ridge_ar,0002.HK_1h,2026-03-13 14:30:00,73.6500015258789,74.38451607992305
stock_provided,finance,ridge_ar,0002.HK_1h,2026-03-13 15:30:00,73.5999984741211,74.38982695225286
stock_provided,finance,ridge_ar,0002.HK_1h,2026-03-16 09:30:00,73.19999694824219,74.38667547097609
stock_provided,finance,ridge_ar,0002.HK_1h,2026-03-16 10:30:00,73.19999694824219,74.39018329886282
stock_provided,finance,ridge_ar,0002.HK_1h,2026-03-16 11:30:00,73.1500015258789,74.38267991388392
stock_provided,finance,ridge_ar,0002.HK_1h,2026-03-16 12:30:00,72.80000305175781,74.44035759365975
stock_provided,finance,ridge_ar,0002.HK_1h,2026-03-16 13:30:00,73.0999984741211,74.50301307764558
stock_provided,finance,ridge_ar,0002.HK_1h,2026-03-16 14:30:00,73.05000305175781,74.56842415893836
stock_provided,finance,ridge_ar,0002.HK_1h,2026-03-16 15:30:00,73.0999984741211,74.63073061182308
stock_provided,finance,ridge_ar,0002.HK_1h,2026-03-17 09:30:00,73.30000305175781,74.67525531031909
stock_provided,finance,ridge_ar,0002.HK_1h,2026-03-17 10:30:00,73.0999984741211,74.71300200358394
stock_provided,finance,ridge_ar,0002.HK_1h,2026-03-17 11:30:00,73.19999694824219,74.73095070734438
stock_provided,finance,ridge_ar,0002.HK_1h,2026-03-17 12:30:00,73.19999694824219,74.75560819812273
stock_provided,finance,ridge_ar,0002.HK_1h,2026-03-17 13:30:00,73.25,74.77684966301518
stock_provided,finance,ridge_ar,0002.HK_1h,2026-03-17 14:30:00,73.25,74.78336622747393
stock_provided,finance,ridge_ar,0002.HK_1h,2026-03-17 15:30:00,73.44999694824219,74.82328944638482
stock_provided,finance,ridge_ar,0002.HK_1h,2026-03-18 09:30:00,73.75,74.85930560784928
stock_provided,finance,ridge_ar,0002.HK_1h,2026-03-18 10:30:00,73.80000305175781,74.89106291837845
stock_provided,finance,ridge_ar,0002.HK_1h,2026-03-18 11:30:00,73.8499984741211,74.90812048572542
stock_provided,finance,ridge_ar,0002.HK_1h,2026-03-18 12:30:00,74.0999984741211,74.91767317685603
stock_provided,finance,ridge_ar,0002.HK_1h,2026-03-18 13:30:00,74.30000305175781,74.93091119132971
stock_provided,finance,ridge_ar,0002.HK_1h,2026-03-18 14:30:00,74.0999984741211,74.9356772907005
stock_provided,finance,ridge_ar,0002.HK_1h,2026-03-18 15:30:00,74.30000305175781,74.91646474940912
stock_provided,finance,ridge_ar,0002.HK_1h,2026-03-19 09:30:00,73.94999694824219,74.90001537310752
stock_provided,finance,ridge_ar,0002.HK_1h,2026-03-19 10:30:00,73.6500015258789,74.88136788568247
stock_provided,finance,ridge_ar,0002.HK_1h,2026-03-19 11:30:00,73.75,74.85615374356973
stock_provided,finance,ridge_ar,0002.HK_1h,2026-03-19 12:30:00,73.5999984741211,74.83139352128131
stock_provided,finance,ridge_ar,0002.HK_1h,2026-03-19 13:30:00,73.55000305175781,74.81387677837868
stock_provided,finance,ridge_ar,0002.HK_1h,2026-03-19 14:30:00,73.75,74.79725547919186
stock_provided,finance,ridge_ar,0002.HK_1h,2026-03-19 15:30:00,73.75,74.8242860024728
stock_provided,finance,ridge_ar,0002.HK_1h,2026-03-20 09:30:00,73.5999984741211,74.85903790283963
stock_provided,finance,ridge_ar,0002.HK_1h,2026-03-20 10:30:00,73.55000305175781,74.89790388675438
stock_provided,finance,ridge_ar,0002.HK_1h,2026-03-20 11:30:00,73.6500015258789,74.94081236368635
stock_provided,finance,ridge_ar,0002.HK_1h,2026-03-20 12:30:00,73.55000305175781,74.97699696214238
stock_provided,finance,ridge_ar,0002.HK_1h,2026-03-20 13:30:00,73.5,75.01457800361689
stock_provided,finance,ridge_ar,0002.HK_1h,2026-03-20 14:30:00,73.6500015258789,75.04487775830182
stock_provided,finance,ridge_ar,0002.HK_1h,2026-03-20 15:30:00,73.5999984741211,75.0822866405869
stock_provided,finance,ridge_ar,0003.HK_1h,2026-03-12 10:30:00,7.440000057220459,7.444799436110787
stock_provided,finance,ridge_ar,0003.HK_1h,2026-03-12 11:30:00,7.480000019073486,7.44395612820484
stock_provided,finance,ridge_ar,0003.HK_1h,2026-03-12 12:30:00,7.460000038146973,7.451226247428577
stock_provided,finance,ridge_ar,0003.HK_1h,2026-03-12 13:30:00,7.46999979019165,7.458846136894646
stock_provided,finance,ridge_ar,0003.HK_1h,2026-03-12 14:30:00,7.489999771118164,7.464368851959417
stock_provided,finance,ridge_ar,0003.HK_1h,2026-03-12 15:30:00,7.489999771118164,7.472506918711647
stock_provided,finance,ridge_ar,0003.HK_1h,2026-03-13 09:30:00,7.510000228881836,7.481305338969526
stock_provided,finance,ridge_ar,0003.HK_1h,2026-03-13 10:30:00,7.510000228881836,7.489321672824996
stock_provided,finance,ridge_ar,0003.HK_1h,2026-03-13 11:30:00,7.489999771118164,7.497545910036446
stock_provided,finance,ridge_ar,0003.HK_1h,2026-03-13 12:30:00,7.489999771118164,7.503033676145359
stock_provided,finance,ridge_ar,0003.HK_1h,2026-03-13 13:30:00,7.489999771118164,7.508379377283034
stock_provided,finance,ridge_ar,0003.HK_1h,2026-03-13 14:30:00,7.460000038146973,7.512577827956722
stock_provided,finance,ridge_ar,0003.HK_1h,2026-03-13 15:30:00,7.460000038146973,7.5132409092481
stock_provided,finance,ridge_ar,0003.HK_1h,2026-03-16 09:30:00,7.369999885559082,7.5134466344824125
stock_provided,finance,ridge_ar,0003.HK_1h,2026-03-16 10:30:00,7.309999942779541,7.513614584114438
stock_provided,finance,ridge_ar,0003.HK_1h,2026-03-16 11:30:00,7.340000152587891,7.512638183848836
stock_provided,finance,ridge_ar,0003.HK_1h,2026-03-16 12:30:00,7.309999942779541,7.508648472253909
stock_provided,finance,ridge_ar,0003.HK_1h,2026-03-16 13:30:00,7.329999923706055,7.505958371201773
stock_provided,finance,ridge_ar,0003.HK_1h,2026-03-16 14:30:00,7.329999923706055,7.504783938542826
stock_provided,finance,ridge_ar,0003.HK_1h,2026-03-16 15:30:00,7.340000152587891,7.503446651858977
stock_provided,finance,ridge_ar,0003.HK_1h,2026-03-17 09:30:00,7.309999942779541,7.500938446825826
stock_provided,finance,ridge_ar,0003.HK_1h,2026-03-17 10:30:00,7.269999980926514,7.497851311488888
stock_provided,finance,ridge_ar,0003.HK_1h,2026-03-17 11:30:00,7.289999961853027,7.494433756849275
stock_provided,finance,ridge_ar,0003.HK_1h,2026-03-17 12:30:00,7.289999961853027,7.494967727700816
stock_provided,finance,ridge_ar,0003.HK_1h,2026-03-17 13:30:00,7.260000228881836,7.496176439835664
stock_provided,finance,ridge_ar,0003.HK_1h,2026-03-17 14:30:00,7.269999980926514,7.498342650939313
stock_provided,finance,ridge_ar,0003.HK_1h,2026-03-17 15:30:00,7.260000228881836,7.50584137861184
stock_provided,finance,ridge_ar,0003.HK_1h,2026-03-18 09:30:00,7.25,7.513805191241859
stock_provided,finance,ridge_ar,0003.HK_1h,2026-03-18 10:30:00,7.239999771118164,7.520759148973218
stock_provided,finance,ridge_ar,0003.HK_1h,2026-03-18 11:30:00,7.239999771118164,7.526154822762003
stock_provided,finance,ridge_ar,0003.HK_1h,2026-03-18 12:30:00,7.269999980926514,7.531323917629263
stock_provided,finance,ridge_ar,0003.HK_1h,2026-03-18 13:30:00,7.289999961853027,7.536459395853359
stock_provided,finance,ridge_ar,0003.HK_1h,2026-03-18 14:30:00,7.300000190734863,7.54164810164431
stock_provided,finance,ridge_ar,0003.HK_1h,2026-03-18 15:30:00,7.289999961853027,7.545724287586927
stock_provided,finance,ridge_ar,0003.HK_1h,2026-03-19 09:30:00,7.340000152587891,7.54929137497488
stock_provided,finance,ridge_ar,0003.HK_1h,2026-03-19 10:30:00,7.340000152587891,7.55313107974454
stock_provided,finance,ridge_ar,0003.HK_1h,2026-03-19 11:30:00,7.360000133514404,7.5557969366194255
stock_provided,finance,ridge_ar,0003.HK_1h,2026-03-19 12:30:00,7.380000114440918,7.55818120259641
stock_provided,finance,ridge_ar,0003.HK_1h,2026-03-19 13:30:00,7.389999866485596,7.559643974019411
stock_provided,finance,ridge_ar,0003.HK_1h,2026-03-19 14:30:00,7.389999866485596,7.560853356906389
stock_provided,finance,ridge_ar,0003.HK_1h,2026-03-19 15:30:00,7.420000076293945,7.559580503006283
stock_provided,finance,ridge_ar,0003.HK_1h,2026-03-20 09:30:00,7.389999866485596,7.559082776399801
stock_provided,finance,ridge_ar,0003.HK_1h,2026-03-20 10:30:00,7.349999904632568,7.5597834303771245
stock_provided,finance,ridge_ar,0003.HK_1h,2026-03-20 11:30:00,7.340000152587891,7.5606834636190765
stock_provided,finance,ridge_ar,0003.HK_1h,2026-03-20 12:30:00,7.349999904632568,7.560735661191178
stock_provided,finance,ridge_ar,0003.HK_1h,2026-03-20 13:30:00,7.320000171661377,7.560920860266796
stock_provided,finance,ridge_ar,0003.HK_1h,2026-03-20 14:30:00,7.329999923706055,7.560613031484964
stock_provided,finance,ridge_ar,0003.HK_1h,2026-03-20 15:30:00,7.340000152587891,7.563375320458219
stock_provided,finance,ridge_ar,0006.HK_1h,2026-03-12 10:30:00,61.20000076293945,61.77247907154524
stock_provided,finance,ridge_ar,0006.HK_1h,2026-03-12 11:30:00,61.09999847412109,61.73350512359769
stock_provided,finance,ridge_ar,0006.HK_1h,2026-03-12 12:30:00,61.09999847412109,61.77660738505528
stock_provided,finance,ridge_ar,0006.HK_1h,2026-03-12 13:30:00,61.34999847412109,61.8328336055077
stock_provided,finance,ridge_ar,0006.HK_1h,2026-03-12 14:30:00,61.59999847412109,61.86555297026198
stock_provided,finance,ridge_ar,0006.HK_1h,2026-03-12 15:30:00,61.70000076293945,61.912434251426404
stock_provided,finance,ridge_ar,0006.HK_1h,2026-03-13 09:30:00,61.900001525878906,61.96555099353772
stock_provided,finance,ridge_ar,0006.HK_1h,2026-03-13 10:30:00,61.75,62.02855254177773
stock_provided,finance,ridge_ar,0006.HK_1h,2026-03-13 11:30:00,61.79999923706055,62.09927224372652
stock_provided,finance,ridge_ar,0006.HK_1h,2026-03-13 12:30:00,61.54999923706055,62.13933067796473
stock_provided,finance,ridge_ar,0006.HK_1h,2026-03-13 13:30:00,61.75,62.14962874622296
stock_provided,finance,ridge_ar,0006.HK_1h,2026-03-13 14:30:00,61.650001525878906,62.15235748685151
stock_provided,finance,ridge_ar,0006.HK_1h,2026-03-13 15:30:00,61.70000076293945,62.09761315135715
stock_provided,finance,ridge_ar,0006.HK_1h,2026-03-16 09:30:00,60.95000076293945,62.022460797704305
stock_provided,finance,ridge_ar,0006.HK_1h,2026-03-16 10:30:00,61.150001525878906,61.96811975673735
stock_provided,finance,ridge_ar,0006.HK_1h,2026-03-16 11:30:00,61.25,61.90860925417082
stock_provided,finance,ridge_ar,0006.HK_1h,2026-03-16 12:30:00,60.79999923706055,61.87877856737551
stock_provided,finance,ridge_ar,0006.HK_1h,2026-03-16 13:30:00,61.20000076293945,61.84904490278932
stock_provided,finance,ridge_ar,0006.HK_1h,2026-03-16 14:30:00,61.09999847412109,61.805208078244085
stock_provided,finance,ridge_ar,0006.HK_1h,2026-03-16 15:30:00,61.20000076293945,61.796190022088524
stock_provided,finance,ridge_ar,0006.HK_1h,2026-03-17 09:30:00,61.59999847412109,61.78900581654391
stock_provided,finance,ridge_ar,0006.HK_1h,2026-03-17 10:30:00,61.5,61.778050408249015
stock_provided,finance,ridge_ar,0006.HK_1h,2026-03-17 11:30:00,61.59999847412109,61.7549918447482
stock_provided,finance,ridge_ar,0006.HK_1h,2026-03-17 12:30:00,61.54999923706055,61.77619786889057
stock_provided,finance,ridge_ar,0006.HK_1h,2026-03-17 13:30:00,61.5,61.808314503708054
stock_provided,finance,ridge_ar,0006.HK_1h,2026-03-17 14:30:00,61.34999847412109,61.82887985127641
stock_provided,finance,ridge_ar,0006.HK_1h,2026-03-17 15:30:00,61.45000076293945,61.891389565180646
stock_provided,finance,ridge_ar,0006.HK_1h,2026-03-18 09:30:00,61.900001525878906,61.95573183438142
stock_provided,finance,ridge_ar,0006.HK_1h,2026-03-18 10:30:00,61.84999847412109,62.007908612903805
stock_provided,finance,ridge_ar,0006.HK_1h,2026-03-18 11:30:00,61.900001525878906,62.04298449898832
stock_provided,finance,ridge_ar,0006.HK_1h,2026-03-18 12:30:00,62.20000076293945,62.06750897934641
stock_provided,finance,ridge_ar,0006.HK_1h,2026-03-18 13:30:00,62.54999923706055,62.095649808479465
stock_provided,finance,ridge_ar,0006.HK_1h,2026-03-18 14:30:00,62.25,62.12009361952236
stock_provided,finance,ridge_ar,0006.HK_1h,2026-03-18 15:30:00,62.25,62.120070808315084
stock_provided,finance,ridge_ar,0006.HK_1h,2026-03-19 09:30:00,62.45000076293945,62.11287492249918
stock_provided,finance,ridge_ar,0006.HK_1h,2026-03-19 10:30:00,61.95000076293945,62.10520101506257
stock_provided,finance,ridge_ar,0006.HK_1h,2026-03-19 11:30:00,62.04999923706055,62.08981896726637
stock_provided,finance,ridge_ar,0006.HK_1h,2026-03-19 12:30:00,62.400001525878906,62.072579897516405
stock_provided,finance,ridge_ar,0006.HK_1h,2026-03-19 13:30:00,62.20000076293945,62.06149704033092
stock_provided,finance,ridge_ar,0006.HK_1h,2026-03-19 14:30:00,62.25,62.050021884097845
stock_provided,finance,ridge_ar,0006.HK_1h,2026-03-19 15:30:00,62.0,62.05191912649491
stock_provided,finance,ridge_ar,0006.HK_1h,2026-03-20 09:30:00,61.900001525878906,62.05169977254804
stock_provided,finance,ridge_ar,0006.HK_1h,2026-03-20 10:30:00,62.0,62.04579754342761
stock_provided,finance,ridge_ar,0006.HK_1h,2026-03-20 11:30:00,62.09999847412109,62.03797137519248
stock_provided,finance,ridge_ar,0006.HK_1h,2026-03-20 12:30:00,61.95000076293945,62.03030218862463
stock_provided,finance,ridge_ar,0006.HK_1h,2026-03-20 13:30:00,61.900001525878906,62.021496372467645
stock_provided,finance,ridge_ar,0006.HK_1h,2026-03-20 14:30:00,61.900001525878906,62.007198516941116
stock_provided,finance,ridge_ar,0006.HK_1h,2026-03-20 15:30:00,61.79999923706055,62.03279797659576
stock_provided,finance,hist_gradient_boosting_ar,0002.HK_1h,2026-03-12 10:30:00,72.94999694824219,73.24261969114242
stock_provided,finance,hist_gradient_boosting_ar,0002.HK_1h,2026-03-12 11:30:00,72.8499984741211,73.27210938263627
stock_provided,finance,hist_gradient_boosting_ar,0002.HK_1h,2026-03-12 12:30:00,73.0,73.2590458989306
stock_provided,finance,hist_gradient_boosting_ar,0002.HK_1h,2026-03-12 13:30:00,73.0,73.32985652587878
stock_provided,finance,hist_gradient_boosting_ar,0002.HK_1h,2026-03-12 14:30:00,73.0,73.32366706056865
stock_provided,finance,hist_gradient_boosting_ar,0002.HK_1h,2026-03-12 15:30:00,73.1500015258789,73.18562967570446
stock_provided,finance,hist_gradient_boosting_ar,0002.HK_1h,2026-03-13 09:30:00,73.9000015258789,73.19095731901953
stock_provided,finance,hist_gradient_boosting_ar,0002.HK_1h,2026-03-13 10:30:00,73.94999694824219,73.23975782005019
stock_provided,finance,hist_gradient_boosting_ar,0002.HK_1h,2026-03-13 11:30:00,74.0,73.21752684955842
stock_provided,finance,hist_gradient_boosting_ar,0002.HK_1h,2026-03-13 12:30:00,73.94999694824219,73.13930025400354
stock_provided,finance,hist_gradient_boosting_ar,0002.HK_1h,2026-03-13 13:30:00,73.94999694824219,73.25744042969312
stock_provided,finance,hist_gradient_boosting_ar,0002.HK_1h,2026-03-13 14:30:00,73.6500015258789,73.16586978454242
stock_provided,finance,hist_gradient_boosting_ar,0002.HK_1h,2026-03-13 15:30:00,73.5999984741211,73.24436005035562
stock_provided,finance,hist_gradient_boosting_ar,0002.HK_1h,2026-03-16 09:30:00,73.19999694824219,73.23623155540685
stock_provided,finance,hist_gradient_boosting_ar,0002.HK_1h,2026-03-16 10:30:00,73.19999694824219,73.23164595503869
stock_provided,finance,hist_gradient_boosting_ar,0002.HK_1h,2026-03-16 11:30:00,73.1500015258789,73.2667222959137
stock_provided,finance,hist_gradient_boosting_ar,0002.HK_1h,2026-03-16 12:30:00,72.80000305175781,73.3321619995639
stock_provided,finance,hist_gradient_boosting_ar,0002.HK_1h,2026-03-16 13:30:00,73.0999984741211,73.3321619995639
stock_provided,finance,hist_gradient_boosting_ar,0002.HK_1h,2026-03-16 14:30:00,73.05000305175781,73.3321619995639
stock_provided,finance,hist_gradient_boosting_ar,0002.HK_1h,2026-03-16 15:30:00,73.0999984741211,73.33636305258945
stock_provided,finance,hist_gradient_boosting_ar,0002.HK_1h,2026-03-17 09:30:00,73.30000305175781,73.32823455764066
stock_provided,finance,hist_gradient_boosting_ar,0002.HK_1h,2026-03-17 10:30:00,73.0999984741211,73.33276923827573
stock_provided,finance,hist_gradient_boosting_ar,0002.HK_1h,2026-03-17 11:30:00,73.19999694824219,73.36649684686364
stock_provided,finance,hist_gradient_boosting_ar,0002.HK_1h,2026-03-17 12:30:00,73.19999694824219,73.36649684686364
stock_provided,finance,hist_gradient_boosting_ar,0002.HK_1h,2026-03-17 13:30:00,73.25,73.3319134648115
stock_provided,finance,hist_gradient_boosting_ar,0002.HK_1h,2026-03-17 14:30:00,73.25,73.37698822920235
stock_provided,finance,hist_gradient_boosting_ar,0002.HK_1h,2026-03-17 15:30:00,73.44999694824219,73.22736755154685
stock_provided,finance,hist_gradient_boosting_ar,0002.HK_1h,2026-03-18 09:30:00,73.75,73.22736755154685
stock_provided,finance,hist_gradient_boosting_ar,0002.HK_1h,2026-03-18 10:30:00,73.80000305175781,73.22736755154685
stock_provided,finance,hist_gradient_boosting_ar,0002.HK_1h,2026-03-18 11:30:00,73.8499984741211,73.22736755154685
stock_provided,finance,hist_gradient_boosting_ar,0002.HK_1h,2026-03-18 12:30:00,74.0999984741211,73.22736755154685
stock_provided,finance,hist_gradient_boosting_ar,0002.HK_1h,2026-03-18 13:30:00,74.30000305175781,73.22736755154685
stock_provided,finance,hist_gradient_boosting_ar,0002.HK_1h,2026-03-18 14:30:00,74.0999984741211,73.22736755154685
stock_provided,finance,hist_gradient_boosting_ar,0002.HK_1h,2026-03-18 15:30:00,74.30000305175781,73.2969250528746
stock_provided,finance,hist_gradient_boosting_ar,0002.HK_1h,2026-03-19 09:30:00,73.94999694824219,73.4700308431192
stock_provided,finance,hist_gradient_boosting_ar,0002.HK_1h,2026-03-19 10:30:00,73.6500015258789,73.45055165330011
stock_provided,finance,hist_gradient_boosting_ar,0002.HK_1h,2026-03-19 11:30:00,73.75,73.43785566127931
stock_provided,finance,hist_gradient_boosting_ar,0002.HK_1h,2026-03-19 12:30:00,73.5999984741211,73.43785566127931
stock_provided,finance,hist_gradient_boosting_ar,0002.HK_1h,2026-03-19 13:30:00,73.55000305175781,73.44242315835133
stock_provided,finance,hist_gradient_boosting_ar,0002.HK_1h,2026-03-19 14:30:00,73.75,73.44242315835133
stock_provided,finance,hist_gradient_boosting_ar,0002.HK_1h,2026-03-19 15:30:00,73.75,73.35821030842834
stock_provided,finance,hist_gradient_boosting_ar,0002.HK_1h,2026-03-20 09:30:00,73.5999984741211,73.36655095309138
stock_provided,finance,hist_gradient_boosting_ar,0002.HK_1h,2026-03-20 10:30:00,73.55000305175781,73.36655095309138
stock_provided,finance,hist_gradient_boosting_ar,0002.HK_1h,2026-03-20 11:30:00,73.6500015258789,73.36655095309138
stock_provided,finance,hist_gradient_boosting_ar,0002.HK_1h,2026-03-20 12:30:00,73.55000305175781,73.36655095309138
stock_provided,finance,hist_gradient_boosting_ar,0002.HK_1h,2026-03-20 13:30:00,73.5,73.36655095309138
stock_provided,finance,hist_gradient_boosting_ar,0002.HK_1h,2026-03-20 14:30:00,73.6500015258789,73.36655095309138
stock_provided,finance,hist_gradient_boosting_ar,0002.HK_1h,2026-03-20 15:30:00,73.5999984741211,73.36655095309138
stock_provided,finance,hist_gradient_boosting_ar,0003.HK_1h,2026-03-12 10:30:00,7.440000057220459,7.440545195793765
stock_provided,finance,hist_gradient_boosting_ar,0003.HK_1h,2026-03-12 11:30:00,7.480000019073486,7.451017949256017
stock_provided,finance,hist_gradient_boosting_ar,0003.HK_1h,2026-03-12 12:30:00,7.460000038146973,7.461878000960761
stock_provided,finance,hist_gradient_boosting_ar,0003.HK_1h,2026-03-12 13:30:00,7.46999979019165,7.485703689191631
stock_provided,finance,hist_gradient_boosting_ar,0003.HK_1h,2026-03-12 14:30:00,7.489999771118164,7.501377356493375
stock_provided,finance,hist_gradient_boosting_ar,0003.HK_1h,2026-03-12 15:30:00,7.489999771118164,7.508393934284099
stock_provided,finance,hist_gradient_boosting_ar,0003.HK_1h,2026-03-13 09:30:00,7.510000228881836,7.506207635257548
stock_provided,finance,hist_gradient_boosting_ar,0003.HK_1h,2026-03-13 10:30:00,7.510000228881836,7.511582372069704
stock_provided,finance,hist_gradient_boosting_ar,0003.HK_1h,2026-03-13 11:30:00,7.489999771118164,7.507763241687507
stock_provided,finance,hist_gradient_boosting_ar,0003.HK_1h,2026-03-13 12:30:00,7.489999771118164,7.50940777737972
stock_provided,finance,hist_gradient_boosting_ar,0003.HK_1h,2026-03-13 13:30:00,7.489999771118164,7.493686731497851
stock_provided,finance,hist_gradient_boosting_ar,0003.HK_1h,2026-03-13 14:30:00,7.460000038146973,7.511201787107819
stock_provided,finance,hist_gradient_boosting_ar,0003.HK_1h,2026-03-13 15:30:00,7.460000038146973,7.517930072364631
stock_provided,finance,hist_gradient_boosting_ar,0003.HK_1h,2026-03-16 09:30:00,7.369999885559082,7.506410927797351
stock_provided,finance,hist_gradient_boosting_ar,0003.HK_1h,2026-03-16 10:30:00,7.309999942779541,7.4839301109361775
stock_provided,finance,hist_gradient_boosting_ar,0003.HK_1h,2026-03-16 11:30:00,7.340000152587891,7.477769126688781
stock_provided,finance,hist_gradient_boosting_ar,0003.HK_1h,2026-03-16 12:30:00,7.309999942779541,7.504476851586257
stock_provided,finance,hist_gradient_boosting_ar,0003.HK_1h,2026-03-16 13:30:00,7.329999923706055,7.510944031095179
stock_provided,finance,hist_gradient_boosting_ar,0003.HK_1h,2026-03-16 14:30:00,7.329999923706055,7.495334310141752
stock_provided,finance,hist_gradient_boosting_ar,0003.HK_1h,2026-03-16 15:30:00,7.340000152587891,7.511873882870546
stock_provided,finance,hist_gradient_boosting_ar,0003.HK_1h,2026-03-17 09:30:00,7.309999942779541,7.49986622067517
stock_provided,finance,hist_gradient_boosting_ar,0003.HK_1h,2026-03-17 10:30:00,7.269999980926514,7.508454742087586
stock_provided,finance,hist_gradient_boosting_ar,0003.HK_1h,2026-03-17 11:30:00,7.289999961853027,7.499667237397673
stock_provided,finance,hist_gradient_boosting_ar,0003.HK_1h,2026-03-17 12:30:00,7.289999961853027,7.507387249373863
stock_provided,finance,hist_gradient_boosting_ar,0003.HK_1h,2026-03-17 13:30:00,7.260000228881836,7.5125362672312805
stock_provided,finance,hist_gradient_boosting_ar,0003.HK_1h,2026-03-17 14:30:00,7.269999980926514,7.504990658714286
stock_provided,finance,hist_gradient_boosting_ar,0003.HK_1h,2026-03-17 15:30:00,7.260000228881836,7.4992422053912815
stock_provided,finance,hist_gradient_boosting_ar,0003.HK_1h,2026-03-18 09:30:00,7.25,7.486358791642081
stock_provided,finance,hist_gradient_boosting_ar,0003.HK_1h,2026-03-18 10:30:00,7.239999771118164,7.494049095530767
stock_provided,finance,hist_gradient_boosting_ar,0003.HK_1h,2026-03-18 11:30:00,7.239999771118164,7.498767774792312
stock_provided,finance,hist_gradient_boosting_ar,0003.HK_1h,2026-03-18 12:30:00,7.269999980926514,7.494558961716249
stock_provided,finance,hist_gradient_boosting_ar,0003.HK_1h,2026-03-18 13:30:00,7.289999961853027,7.497810545743442
stock_provided,finance,hist_gradient_boosting_ar,0003.HK_1h,2026-03-18 14:30:00,7.300000190734863,7.511122253978218
stock_provided,finance,hist_gradient_boosting_ar,0003.HK_1h,2026-03-18 15:30:00,7.289999961853027,7.50996392444129
stock_provided,finance,hist_gradient_boosting_ar,0003.HK_1h,2026-03-19 09:30:00,7.340000152587891,7.506254708625007
stock_provided,finance,hist_gradient_boosting_ar,0003.HK_1h,2026-03-19 10:30:00,7.340000152587891,7.4889894255730045
stock_provided,finance,hist_gradient_boosting_ar,0003.HK_1h,2026-03-19 11:30:00,7.360000133514404,7.5036405050656265
stock_provided,finance,hist_gradient_boosting_ar,0003.HK_1h,2026-03-19 12:30:00,7.380000114440918,7.512683163290446
stock_provided,finance,hist_gradient_boosting_ar,0003.HK_1h,2026-03-19 13:30:00,7.389999866485596,7.504491190776908
stock_provided,finance,hist_gradient_boosting_ar,0003.HK_1h,2026-03-19 14:30:00,7.389999866485596,7.501980491576017
stock_provided,finance,hist_gradient_boosting_ar,0003.HK_1h,2026-03-19 15:30:00,7.420000076293945,7.502891462854588
stock_provided,finance,hist_gradient_boosting_ar,0003.HK_1h,2026-03-20 09:30:00,7.389999866485596,7.522622013671055
stock_provided,finance,hist_gradient_boosting_ar,0003.HK_1h,2026-03-20 10:30:00,7.349999904632568,7.529252609567431
stock_provided,finance,hist_gradient_boosting_ar,0003.HK_1h,2026-03-20 11:30:00,7.340000152587891,7.534473528674163
stock_provided,finance,hist_gradient_boosting_ar,0003.HK_1h,2026-03-20 12:30:00,7.349999904632568,7.52992502353472
stock_provided,finance,hist_gradient_boosting_ar,0003.HK_1h,2026-03-20 13:30:00,7.320000171661377,7.527310815713566
stock_provided,finance,hist_gradient_boosting_ar,0003.HK_1h,2026-03-20 14:30:00,7.329999923706055,7.518999638067019
stock_provided,finance,hist_gradient_boosting_ar,0003.HK_1h,2026-03-20 15:30:00,7.340000152587891,7.485074790556305
stock_provided,finance,hist_gradient_boosting_ar,0006.HK_1h,2026-03-12 10:30:00,61.20000076293945,61.82747590248999
stock_provided,finance,hist_gradient_boosting_ar,0006.HK_1h,2026-03-12 11:30:00,61.09999847412109,61.74511076079343
stock_provided,finance,hist_gradient_boosting_ar,0006.HK_1h,2026-03-12 12:30:00,61.09999847412109,61.49203620324896
stock_provided,finance,hist_gradient_boosting_ar,0006.HK_1h,2026-03-12 13:30:00,61.34999847412109,61.488987240394465
stock_provided,finance,hist_gradient_boosting_ar,0006.HK_1h,2026-03-12 14:30:00,61.59999847412109,61.511491335995316
stock_provided,finance,hist_gradient_boosting_ar,0006.HK_1h,2026-03-12 15:30:00,61.70000076293945,61.685278478315965
stock_provided,finance,hist_gradient_boosting_ar,0006.HK_1h,2026-03-13 09:30:00,61.900001525878906,61.666727754656435
stock_provided,finance,hist_gradient_boosting_ar,0006.HK_1h,2026-03-13 10:30:00,61.75,61.644712205951386
stock_provided,finance,hist_gradient_boosting_ar,0006.HK_1h,2026-03-13 11:30:00,61.79999923706055,61.53523355508843
stock_provided,finance,hist_gradient_boosting_ar,0006.HK_1h,2026-03-13 12:30:00,61.54999923706055,61.61646606814897
stock_provided,finance,hist_gradient_boosting_ar,0006.HK_1h,2026-03-13 13:30:00,61.75,61.760118673930656
stock_provided,finance,hist_gradient_boosting_ar,0006.HK_1h,2026-03-13 14:30:00,61.650001525878906,61.79083809508857
stock_provided,finance,hist_gradient_boosting_ar,0006.HK_1h,2026-03-13 15:30:00,61.70000076293945,61.574970759316386
stock_provided,finance,hist_gradient_boosting_ar,0006.HK_1h,2026-03-16 09:30:00,60.95000076293945,61.56067003122122
stock_provided,finance,hist_gradient_boosting_ar,0006.HK_1h,2026-03-16 10:30:00,61.150001525878906,61.4698523833925
stock_provided,finance,hist_gradient_boosting_ar,0006.HK_1h,2026-03-16 11:30:00,61.25,61.667892069426095
stock_provided,finance,hist_gradient_boosting_ar,0006.HK_1h,2026-03-16 12:30:00,60.79999923706055,61.63349309451353
stock_provided,finance,hist_gradient_boosting_ar,0006.HK_1h,2026-03-16 13:30:00,61.20000076293945,61.609088102198974
stock_provided,finance,hist_gradient_boosting_ar,0006.HK_1h,2026-03-16 14:30:00,61.09999847412109,61.54358168342765
stock_provided,finance,hist_gradient_boosting_ar,0006.HK_1h,2026-03-16 15:30:00,61.20000076293945,61.68948963725988
stock_provided,finance,hist_gradient_boosting_ar,0006.HK_1h,2026-03-17 09:30:00,61.59999847412109,61.72598054577189
stock_provided,finance,hist_gradient_boosting_ar,0006.HK_1h,2026-03-17 10:30:00,61.5,61.69617532494811
stock_provided,finance,hist_gradient_boosting_ar,0006.HK_1h,2026-03-17 11:30:00,61.59999847412109,61.37122565699238
stock_provided,finance,hist_gradient_boosting_ar,0006.HK_1h,2026-03-17 12:30:00,61.54999923706055,61.50687262497175
stock_provided,finance,hist_gradient_boosting_ar,0006.HK_1h,2026-03-17 13:30:00,61.5,61.6670012254938
stock_provided,finance,hist_gradient_boosting_ar,0006.HK_1h,2026-03-17 14:30:00,61.34999847412109,61.66649883165205
stock_provided,finance,hist_gradient_boosting_ar,0006.HK_1h,2026-03-17 15:30:00,61.45000076293945,61.66834448515924
stock_provided,finance,hist_gradient_boosting_ar,0006.HK_1h,2026-03-18 09:30:00,61.900001525878906,61.57815441139852
stock_provided,finance,hist_gradient_boosting_ar,0006.HK_1h,2026-03-18 10:30:00,61.84999847412109,61.56956550792123
stock_provided,finance,hist_gradient_boosting_ar,0006.HK_1h,2026-03-18 11:30:00,61.900001525878906,61.64370167187698
stock_provided,finance,hist_gradient_boosting_ar,0006.HK_1h,2026-03-18 12:30:00,62.20000076293945,61.75787724581772
stock_provided,finance,hist_gradient_boosting_ar,0006.HK_1h,2026-03-18 13:30:00,62.54999923706055,61.78847117754733
stock_provided,finance,hist_gradient_boosting_ar,0006.HK_1h,2026-03-18 14:30:00,62.25,61.77488792090011
stock_provided,finance,hist_gradient_boosting_ar,0006.HK_1h,2026-03-18 15:30:00,62.25,61.70068149257494
stock_provided,finance,hist_gradient_boosting_ar,0006.HK_1h,2026-03-19 09:30:00,62.45000076293945,61.540087401647575
stock_provided,finance,hist_gradient_boosting_ar,0006.HK_1h,2026-03-19 10:30:00,61.95000076293945,61.589695678632715
stock_provided,finance,hist_gradient_boosting_ar,0006.HK_1h,2026-03-19 11:30:00,62.04999923706055,61.68527465319715
stock_provided,finance,hist_gradient_boosting_ar,0006.HK_1h,2026-03-19 12:30:00,62.400001525878906,61.75854898403958
stock_provided,finance,hist_gradient_boosting_ar,0006.HK_1h,2026-03-19 13:30:00,62.20000076293945,61.81304443064387
stock_provided,finance,hist_gradient_boosting_ar,0006.HK_1h,2026-03-19 14:30:00,62.25,61.702380039747126
stock_provided,finance,hist_gradient_boosting_ar,0006.HK_1h,2026-03-19 15:30:00,62.0,61.59560482337912
stock_provided,finance,hist_gradient_boosting_ar,0006.HK_1h,2026-03-20 09:30:00,61.900001525878906,61.534893296798124
stock_provided,finance,hist_gradient_boosting_ar,0006.HK_1h,2026-03-20 10:30:00,62.0,61.746366675325824
stock_provided,finance,hist_gradient_boosting_ar,0006.HK_1h,2026-03-20 11:30:00,62.09999847412109,61.98834788849968
stock_provided,finance,hist_gradient_boosting_ar,0006.HK_1h,2026-03-20 12:30:00,61.95000076293945,62.01618926298495
stock_provided,finance,hist_gradient_boosting_ar,0006.HK_1h,2026-03-20 13:30:00,61.900001525878906,62.30825605384357
stock_provided,finance,hist_gradient_boosting_ar,0006.HK_1h,2026-03-20 14:30:00,61.900001525878906,62.3008654979907
stock_provided,finance,hist_gradient_boosting_ar,0006.HK_1h,2026-03-20 15:30:00,61.79999923706055,62.517152774967876
stock_provided,finance,lightgbm_ar,0002.HK_1h,2026-03-12 10:30:00,72.94999694824219,73.36055075557323
stock_provided,finance,lightgbm_ar,0002.HK_1h,2026-03-12 11:30:00,72.8499984741211,73.28444589701783
stock_provided,finance,lightgbm_ar,0002.HK_1h,2026-03-12 12:30:00,73.0,73.34969643231926
stock_provided,finance,lightgbm_ar,0002.HK_1h,2026-03-12 13:30:00,73.0,73.3339956321719
stock_provided,finance,lightgbm_ar,0002.HK_1h,2026-03-12 14:30:00,73.0,73.5085157368577
stock_provided,finance,lightgbm_ar,0002.HK_1h,2026-03-12 15:30:00,73.1500015258789,73.21462377730721
stock_provided,finance,lightgbm_ar,0002.HK_1h,2026-03-13 09:30:00,73.9000015258789,73.1662415237588
stock_provided,finance,lightgbm_ar,0002.HK_1h,2026-03-13 10:30:00,73.94999694824219,73.08452966597481
stock_provided,finance,lightgbm_ar,0002.HK_1h,2026-03-13 11:30:00,74.0,73.09576913008755
stock_provided,finance,lightgbm_ar,0002.HK_1h,2026-03-13 12:30:00,73.94999694824219,73.0944766828786
stock_provided,finance,lightgbm_ar,0002.HK_1h,2026-03-13 13:30:00,73.94999694824219,73.18215594702252
stock_provided,finance,lightgbm_ar,0002.HK_1h,2026-03-13 14:30:00,73.6500015258789,73.12798931028901
stock_provided,finance,lightgbm_ar,0002.HK_1h,2026-03-13 15:30:00,73.5999984741211,73.17706762648704
stock_provided,finance,lightgbm_ar,0002.HK_1h,2026-03-16 09:30:00,73.19999694824219,73.17445387985546
stock_provided,finance,lightgbm_ar,0002.HK_1h,2026-03-16 10:30:00,73.19999694824219,73.16809616577699
stock_provided,finance,lightgbm_ar,0002.HK_1h,2026-03-16 11:30:00,73.1500015258789,73.17307194382221
stock_provided,finance,lightgbm_ar,0002.HK_1h,2026-03-16 12:30:00,72.80000305175781,73.32402395348205
stock_provided,finance,lightgbm_ar,0002.HK_1h,2026-03-16 13:30:00,73.0999984741211,73.24099990082264
stock_provided,finance,lightgbm_ar,0002.HK_1h,2026-03-16 14:30:00,73.05000305175781,73.37912293191624
stock_provided,finance,lightgbm_ar,0002.HK_1h,2026-03-16 15:30:00,73.0999984741211,73.24099990082264
stock_provided,finance,lightgbm_ar,0002.HK_1h,2026-03-17 09:30:00,73.30000305175781,73.34075854352308
stock_provided,finance,lightgbm_ar,0002.HK_1h,2026-03-17 10:30:00,73.0999984741211,73.23314218218519
stock_provided,finance,lightgbm_ar,0002.HK_1h,2026-03-17 11:30:00,73.19999694824219,73.3535005603525
stock_provided,finance,lightgbm_ar,0002.HK_1h,2026-03-17 12:30:00,73.19999694824219,73.25101258165085
stock_provided,finance,lightgbm_ar,0002.HK_1h,2026-03-17 13:30:00,73.25,73.34534049276819
stock_provided,finance,lightgbm_ar,0002.HK_1h,2026-03-17 14:30:00,73.25,73.24920406417947
stock_provided,finance,lightgbm_ar,0002.HK_1h,2026-03-17 15:30:00,73.44999694824219,73.212581765243
stock_provided,finance,lightgbm_ar,0002.HK_1h,2026-03-18 09:30:00,73.75,73.08467048869794
stock_provided,finance,lightgbm_ar,0002.HK_1h,2026-03-18 10:30:00,73.80000305175781,73.19800130184578
stock_provided,finance,lightgbm_ar,0002.HK_1h,2026-03-18 11:30:00,73.8499984741211,73.0973829111479
stock_provided,finance,lightgbm_ar,0002.HK_1h,2026-03-18 12:30:00,74.0999984741211,73.08470664202599
stock_provided,finance,lightgbm_ar,0002.HK_1h,2026-03-18 13:30:00,74.30000305175781,73.11766051721163
stock_provided,finance,lightgbm_ar,0002.HK_1h,2026-03-18 14:30:00,74.0999984741211,73.11769667053969
stock_provided,finance,lightgbm_ar,0002.HK_1h,2026-03-18 15:30:00,74.30000305175781,73.1871167605088
stock_provided,finance,lightgbm_ar,0002.HK_1h,2026-03-19 09:30:00,73.94999694824219,73.27853629581674
stock_provided,finance,lightgbm_ar,0002.HK_1h,2026-03-19 10:30:00,73.6500015258789,73.43605500905694
stock_provided,finance,lightgbm_ar,0002.HK_1h,2026-03-19 11:30:00,73.75,73.39242660250217
stock_provided,finance,lightgbm_ar,0002.HK_1h,2026-03-19 12:30:00,73.5999984741211,73.54842737625141
stock_provided,finance,lightgbm_ar,0002.HK_1h,2026-03-19 13:30:00,73.55000305175781,73.51929530956849
stock_provided,finance,lightgbm_ar,0002.HK_1h,2026-03-19 14:30:00,73.75,73.51629999253164
stock_provided,finance,lightgbm_ar,0002.HK_1h,2026-03-19 15:30:00,73.75,73.3802386355554
stock_provided,finance,lightgbm_ar,0002.HK_1h,2026-03-20 09:30:00,73.5999984741211,73.3864124112943
stock_provided,finance,lightgbm_ar,0002.HK_1h,2026-03-20 10:30:00,73.55000305175781,73.51944678462512
stock_provided,finance,lightgbm_ar,0002.HK_1h,2026-03-20 11:30:00,73.6500015258789,73.40997135122372
stock_provided,finance,lightgbm_ar,0002.HK_1h,2026-03-20 12:30:00,73.55000305175781,73.40997135122372
stock_provided,finance,lightgbm_ar,0002.HK_1h,2026-03-20 13:30:00,73.5,73.41653512091159
stock_provided,finance,lightgbm_ar,0002.HK_1h,2026-03-20 14:30:00,73.6500015258789,73.40692929023426
stock_provided,finance,lightgbm_ar,0002.HK_1h,2026-03-20 15:30:00,73.5999984741211,73.40997135122372
stock_provided,finance,lightgbm_ar,0003.HK_1h,2026-03-12 10:30:00,7.440000057220459,7.436380665917158
stock_provided,finance,lightgbm_ar,0003.HK_1h,2026-03-12 11:30:00,7.480000019073486,7.4494319552028925
stock_provided,finance,lightgbm_ar,0003.HK_1h,2026-03-12 12:30:00,7.460000038146973,7.473038110566621
stock_provided,finance,lightgbm_ar,0003.HK_1h,2026-03-12 13:30:00,7.46999979019165,7.494160943322133
stock_provided,finance,lightgbm_ar,0003.HK_1h,2026-03-12 14:30:00,7.489999771118164,7.512281722785067
stock_provided,finance,lightgbm_ar,0003.HK_1h,2026-03-12 15:30:00,7.489999771118164,7.512624146542525
stock_provided,finance,lightgbm_ar,0003.HK_1h,2026-03-13 09:30:00,7.510000228881836,7.506458405110864
stock_provided,finance,lightgbm_ar,0003.HK_1h,2026-03-13 10:30:00,7.510000228881836,7.495905913521322
stock_provided,finance,lightgbm_ar,0003.HK_1h,2026-03-13 11:30:00,7.489999771118164,7.489307482417705
stock_provided,finance,lightgbm_ar,0003.HK_1h,2026-03-13 12:30:00,7.489999771118164,7.505105775321855
stock_provided,finance,lightgbm_ar,0003.HK_1h,2026-03-13 13:30:00,7.489999771118164,7.501009745501648
stock_provided,finance,lightgbm_ar,0003.HK_1h,2026-03-13 14:30:00,7.460000038146973,7.505553872153083
stock_provided,finance,lightgbm_ar,0003.HK_1h,2026-03-13 15:30:00,7.460000038146973,7.525580927588258
stock_provided,finance,lightgbm_ar,0003.HK_1h,2026-03-16 09:30:00,7.369999885559082,7.53747703973844
stock_provided,finance,lightgbm_ar,0003.HK_1h,2026-03-16 10:30:00,7.309999942779541,7.495443174974965
stock_provided,finance,lightgbm_ar,0003.HK_1h,2026-03-16 11:30:00,7.340000152587891,7.474489421419714
stock_provided,finance,lightgbm_ar,0003.HK_1h,2026-03-16 12:30:00,7.309999942779541,7.476742339754138
stock_provided,finance,lightgbm_ar,0003.HK_1h,2026-03-16 13:30:00,7.329999923706055,7.51135350727127
stock_provided,finance,lightgbm_ar,0003.HK_1h,2026-03-16 14:30:00,7.329999923706055,7.512483178587788
stock_provided,finance,lightgbm_ar,0003.HK_1h,2026-03-16 15:30:00,7.340000152587891,7.51158265818362
stock_provided,finance,lightgbm_ar,0003.HK_1h,2026-03-17 09:30:00,7.309999942779541,7.503051372719811
stock_provided,finance,lightgbm_ar,0003.HK_1h,2026-03-17 10:30:00,7.269999980926514,7.504063245295426
stock_provided,finance,lightgbm_ar,0003.HK_1h,2026-03-17 11:30:00,7.289999961853027,7.505576806401631
stock_provided,finance,lightgbm_ar,0003.HK_1h,2026-03-17 12:30:00,7.289999961853027,7.500509163083387
stock_provided,finance,lightgbm_ar,0003.HK_1h,2026-03-17 13:30:00,7.260000228881836,7.49742748954587
stock_provided,finance,lightgbm_ar,0003.HK_1h,2026-03-17 14:30:00,7.269999980926514,7.493650735729773
stock_provided,finance,lightgbm_ar,0003.HK_1h,2026-03-17 15:30:00,7.260000228881836,7.488369417016759
stock_provided,finance,lightgbm_ar,0003.HK_1h,2026-03-18 09:30:00,7.25,7.499426119252641
stock_provided,finance,lightgbm_ar,0003.HK_1h,2026-03-18 10:30:00,7.239999771118164,7.4997845543506445
stock_provided,finance,lightgbm_ar,0003.HK_1h,2026-03-18 11:30:00,7.239999771118164,7.487106408529637
stock_provided,finance,lightgbm_ar,0003.HK_1h,2026-03-18 12:30:00,7.269999980926514,7.487616110237917
stock_provided,finance,lightgbm_ar,0003.HK_1h,2026-03-18 13:30:00,7.289999961853027,7.500558901528599
stock_provided,finance,lightgbm_ar,0003.HK_1h,2026-03-18 14:30:00,7.300000190734863,7.515593583205373
stock_provided,finance,lightgbm_ar,0003.HK_1h,2026-03-18 15:30:00,7.289999961853027,7.5106088253265595
stock_provided,finance,lightgbm_ar,0003.HK_1h,2026-03-19 09:30:00,7.340000152587891,7.512015884752956
stock_provided,finance,lightgbm_ar,0003.HK_1h,2026-03-19 10:30:00,7.340000152587891,7.49469968120506
stock_provided,finance,lightgbm_ar,0003.HK_1h,2026-03-19 11:30:00,7.360000133514404,7.516946419878781
stock_provided,finance,lightgbm_ar,0003.HK_1h,2026-03-19 12:30:00,7.380000114440918,7.513564512588037
stock_provided,finance,lightgbm_ar,0003.HK_1h,2026-03-19 13:30:00,7.389999866485596,7.517450517974834
stock_provided,finance,lightgbm_ar,0003.HK_1h,2026-03-19 14:30:00,7.389999866485596,7.479201032305408
stock_provided,finance,lightgbm_ar,0003.HK_1h,2026-03-19 15:30:00,7.420000076293945,7.483700523796579
stock_provided,finance,lightgbm_ar,0003.HK_1h,2026-03-20 09:30:00,7.389999866485596,7.5262795672468625
stock_provided,finance,lightgbm_ar,0003.HK_1h,2026-03-20 10:30:00,7.349999904632568,7.5373429158546275
stock_provided,finance,lightgbm_ar,0003.HK_1h,2026-03-20 11:30:00,7.340000152587891,7.5320266763635395
stock_provided,finance,lightgbm_ar,0003.HK_1h,2026-03-20 12:30:00,7.349999904632568,7.528233498742516
stock_provided,finance,lightgbm_ar,0003.HK_1h,2026-03-20 13:30:00,7.320000171661377,7.532432571808572
stock_provided,finance,lightgbm_ar,0003.HK_1h,2026-03-20 14:30:00,7.329999923706055,7.53020772642729
stock_provided,finance,lightgbm_ar,0003.HK_1h,2026-03-20 15:30:00,7.340000152587891,7.5247532185071
stock_provided,finance,lightgbm_ar,0006.HK_1h,2026-03-12 10:30:00,61.20000076293945,61.849901490512046
stock_provided,finance,lightgbm_ar,0006.HK_1h,2026-03-12 11:30:00,61.09999847412109,61.7679309744674
stock_provided,finance,lightgbm_ar,0006.HK_1h,2026-03-12 12:30:00,61.09999847412109,61.61765641311368
stock_provided,finance,lightgbm_ar,0006.HK_1h,2026-03-12 13:30:00,61.34999847412109,61.558740645447976
stock_provided,finance,lightgbm_ar,0006.HK_1h,2026-03-12 14:30:00,61.59999847412109,61.44584582859093
stock_provided,finance,lightgbm_ar,0006.HK_1h,2026-03-12 15:30:00,61.70000076293945,61.71011964785279
stock_provided,finance,lightgbm_ar,0006.HK_1h,2026-03-13 09:30:00,61.900001525878906,61.83629940206276
stock_provided,finance,lightgbm_ar,0006.HK_1h,2026-03-13 10:30:00,61.75,61.78359488713672
stock_provided,finance,lightgbm_ar,0006.HK_1h,2026-03-13 11:30:00,61.79999923706055,61.879122218296914
stock_provided,finance,lightgbm_ar,0006.HK_1h,2026-03-13 12:30:00,61.54999923706055,61.621655922035536
stock_provided,finance,lightgbm_ar,0006.HK_1h,2026-03-13 13:30:00,61.75,61.5180924948718
stock_provided,finance,lightgbm_ar,0006.HK_1h,2026-03-13 14:30:00,61.650001525878906,61.447097031923306
stock_provided,finance,lightgbm_ar,0006.HK_1h,2026-03-13 15:30:00,61.70000076293945,61.63314729106083
stock_provided,finance,lightgbm_ar,0006.HK_1h,2026-03-16 09:30:00,60.95000076293945,61.689794637504086
stock_provided,finance,lightgbm_ar,0006.HK_1h,2026-03-16 10:30:00,61.150001525878906,61.69380951241552
stock_provided,finance,lightgbm_ar,0006.HK_1h,2026-03-16 11:30:00,61.25,61.7455087962756
stock_provided,finance,lightgbm_ar,0006.HK_1h,2026-03-16 12:30:00,60.79999923706055,61.52843392406373
stock_provided,finance,lightgbm_ar,0006.HK_1h,2026-03-16 13:30:00,61.20000076293945,61.608063256028586
stock_provided,finance,lightgbm_ar,0006.HK_1h,2026-03-16 14:30:00,61.09999847412109,61.57701149013142
stock_provided,finance,lightgbm_ar,0006.HK_1h,2026-03-16 15:30:00,61.20000076293945,61.69110109341867
stock_provided,finance,lightgbm_ar,0006.HK_1h,2026-03-17 09:30:00,61.59999847412109,61.777938125430374
stock_provided,finance,lightgbm_ar,0006.HK_1h,2026-03-17 10:30:00,61.5,61.87010287493912
stock_provided,finance,lightgbm_ar,0006.HK_1h,2026-03-17 11:30:00,61.59999847412109,61.66534760301406
stock_provided,finance,lightgbm_ar,0006.HK_1h,2026-03-17 12:30:00,61.54999923706055,61.615099446842166
stock_provided,finance,lightgbm_ar,0006.HK_1h,2026-03-17 13:30:00,61.5,61.45752382581238
stock_provided,finance,lightgbm_ar,0006.HK_1h,2026-03-17 14:30:00,61.34999847412109,61.63752850781453
stock_provided,finance,lightgbm_ar,0006.HK_1h,2026-03-17 15:30:00,61.45000076293945,61.86896177941484
stock_provided,finance,lightgbm_ar,0006.HK_1h,2026-03-18 09:30:00,61.900001525878906,61.835425455159715
stock_provided,finance,lightgbm_ar,0006.HK_1h,2026-03-18 10:30:00,61.84999847412109,62.0747528180105
stock_provided,finance,lightgbm_ar,0006.HK_1h,2026-03-18 11:30:00,61.900001525878906,62.39732203105735
stock_provided,finance,lightgbm_ar,0006.HK_1h,2026-03-18 12:30:00,62.20000076293945,62.46728541028581
stock_provided,finance,lightgbm_ar,0006.HK_1h,2026-03-18 13:30:00,62.54999923706055,62.59704288858613
stock_provided,finance,lightgbm_ar,0006.HK_1h,2026-03-18 14:30:00,62.25,62.73516466087429
stock_provided,finance,lightgbm_ar,0006.HK_1h,2026-03-18 15:30:00,62.25,62.80996289202266
stock_provided,finance,lightgbm_ar,0006.HK_1h,2026-03-19 09:30:00,62.45000076293945,63.191886767742
stock_provided,finance,lightgbm_ar,0006.HK_1h,2026-03-19 10:30:00,61.95000076293945,63.15819922342567
stock_provided,finance,lightgbm_ar,0006.HK_1h,2026-03-19 11:30:00,62.04999923706055,63.093152544815396
stock_provided,finance,lightgbm_ar,0006.HK_1h,2026-03-19 12:30:00,62.400001525878906,62.91019539299376
stock_provided,finance,lightgbm_ar,0006.HK_1h,2026-03-19 13:30:00,62.20000076293945,62.984127859719464
stock_provided,finance,lightgbm_ar,0006.HK_1h,2026-03-19 14:30:00,62.25,62.86474412246735
stock_provided,finance,lightgbm_ar,0006.HK_1h,2026-03-19 15:30:00,62.0,63.016802348767825
stock_provided,finance,lightgbm_ar,0006.HK_1h,2026-03-20 09:30:00,61.900001525878906,62.916939048265164
stock_provided,finance,lightgbm_ar,0006.HK_1h,2026-03-20 10:30:00,62.0,62.91404427988448
stock_provided,finance,lightgbm_ar,0006.HK_1h,2026-03-20 11:30:00,62.09999847412109,62.89274641244825
stock_provided,finance,lightgbm_ar,0006.HK_1h,2026-03-20 12:30:00,61.95000076293945,62.71737639960202
stock_provided,finance,lightgbm_ar,0006.HK_1h,2026-03-20 13:30:00,61.900001525878906,62.61057501176841
stock_provided,finance,lightgbm_ar,0006.HK_1h,2026-03-20 14:30:00,61.900001525878906,62.69417910618914
stock_provided,finance,lightgbm_ar,0006.HK_1h,2026-03-20 15:30:00,61.79999923706055,62.7980601014181
stock_provided,finance,xgboost_ar,0002.HK_1h,2026-03-12 10:30:00,72.94999694824219,73.20921336979535
stock_provided,finance,xgboost_ar,0002.HK_1h,2026-03-12 11:30:00,72.8499984741211,73.17107024933263
stock_provided,finance,xgboost_ar,0002.HK_1h,2026-03-12 12:30:00,73.0,73.18091784305653
stock_provided,finance,xgboost_ar,0002.HK_1h,2026-03-12 13:30:00,73.0,73.27567460669619
stock_provided,finance,xgboost_ar,0002.HK_1h,2026-03-12 14:30:00,73.0,73.63731943862611
stock_provided,finance,xgboost_ar,0002.HK_1h,2026-03-12 15:30:00,73.1500015258789,73.5710460819071
stock_provided,finance,xgboost_ar,0002.HK_1h,2026-03-13 09:30:00,73.9000015258789,73.28977746615118
stock_provided,finance,xgboost_ar,0002.HK_1h,2026-03-13 10:30:00,73.94999694824219,73.36209618452723
stock_provided,finance,xgboost_ar,0002.HK_1h,2026-03-13 11:30:00,74.0,73.23845091454263
stock_provided,finance,xgboost_ar,0002.HK_1h,2026-03-13 12:30:00,73.94999694824219,73.19139409158238
stock_provided,finance,xgboost_ar,0002.HK_1h,2026-03-13 13:30:00,73.94999694824219,73.13116623426251
stock_provided,finance,xgboost_ar,0002.HK_1h,2026-03-13 14:30:00,73.6500015258789,73.1542772872742
stock_provided,finance,xgboost_ar,0002.HK_1h,2026-03-13 15:30:00,73.5999984741211,73.159505149753
stock_provided,finance,xgboost_ar,0002.HK_1h,2026-03-16 09:30:00,73.19999694824219,73.16799543313105
stock_provided,finance,xgboost_ar,0002.HK_1h,2026-03-16 10:30:00,73.19999694824219,73.15612385744838
stock_provided,finance,xgboost_ar,0002.HK_1h,2026-03-16 11:30:00,73.1500015258789,73.18688124818266
stock_provided,finance,xgboost_ar,0002.HK_1h,2026-03-16 12:30:00,72.80000305175781,73.52748198458514
stock_provided,finance,xgboost_ar,0002.HK_1h,2026-03-16 13:30:00,73.0999984741211,73.52922152917186
stock_provided,finance,xgboost_ar,0002.HK_1h,2026-03-16 14:30:00,73.05000305175781,73.55336358156843
stock_provided,finance,xgboost_ar,0002.HK_1h,2026-03-16 15:30:00,73.0999984741211,73.576764719377
stock_provided,finance,xgboost_ar,0002.HK_1h,2026-03-17 09:30:00,73.30000305175781,73.58525500275505
stock_provided,finance,xgboost_ar,0002.HK_1h,2026-03-17 10:30:00,73.0999984741211,73.58485293365626
stock_provided,finance,xgboost_ar,0002.HK_1h,2026-03-17 11:30:00,73.19999694824219,73.67393100502596
stock_provided,finance,xgboost_ar,0002.HK_1h,2026-03-17 12:30:00,73.19999694824219,73.8315984282593
stock_provided,finance,xgboost_ar,0002.HK_1h,2026-03-17 13:30:00,73.25,73.92936306545509
stock_provided,finance,xgboost_ar,0002.HK_1h,2026-03-17 14:30:00,73.25,73.95718861625521
stock_provided,finance,xgboost_ar,0002.HK_1h,2026-03-17 15:30:00,73.44999694824219,73.94560932924249
stock_provided,finance,xgboost_ar,0002.HK_1h,2026-03-18 09:30:00,73.75,73.97236345336054
stock_provided,finance,xgboost_ar,0002.HK_1h,2026-03-18 10:30:00,73.80000305175781,73.98907783356873
stock_provided,finance,xgboost_ar,0002.HK_1h,2026-03-18 11:30:00,73.8499984741211,73.98907783356873
stock_provided,finance,xgboost_ar,0002.HK_1h,2026-03-18 12:30:00,74.0999984741211,73.94985020092739
stock_provided,finance,xgboost_ar,0002.HK_1h,2026-03-18 13:30:00,74.30000305175781,73.98383736769063
stock_provided,finance,xgboost_ar,0002.HK_1h,2026-03-18 14:30:00,74.0999984741211,73.94892402325685
stock_provided,finance,xgboost_ar,0002.HK_1h,2026-03-18 15:30:00,74.30000305175781,73.92147340636798
stock_provided,finance,xgboost_ar,0002.HK_1h,2026-03-19 09:30:00,73.94999694824219,73.91748832170482
stock_provided,finance,xgboost_ar,0002.HK_1h,2026-03-19 10:30:00,73.6500015258789,73.91748832170482
stock_provided,finance,xgboost_ar,0002.HK_1h,2026-03-19 11:30:00,73.75,74.57916003528658
stock_provided,finance,xgboost_ar,0002.HK_1h,2026-03-19 12:30:00,73.5999984741211,74.54567022069821
stock_provided,finance,xgboost_ar,0002.HK_1h,2026-03-19 13:30:00,73.55000305175781,74.70331918649431
stock_provided,finance,xgboost_ar,0002.HK_1h,2026-03-19 14:30:00,73.75,74.7053141393121
stock_provided,finance,xgboost_ar,0002.HK_1h,2026-03-19 15:30:00,73.75,74.78977804077273
stock_provided,finance,xgboost_ar,0002.HK_1h,2026-03-20 09:30:00,73.5999984741211,74.63948114398701
stock_provided,finance,xgboost_ar,0002.HK_1h,2026-03-20 10:30:00,73.55000305175781,74.56161317645015
stock_provided,finance,xgboost_ar,0002.HK_1h,2026-03-20 11:30:00,73.6500015258789,74.56385021095383
stock_provided,finance,xgboost_ar,0002.HK_1h,2026-03-20 12:30:00,73.55000305175781,74.62576706152119
stock_provided,finance,xgboost_ar,0002.HK_1h,2026-03-20 13:30:00,73.5,74.61485262103899
stock_provided,finance,xgboost_ar,0002.HK_1h,2026-03-20 14:30:00,73.6500015258789,74.60888752857252
stock_provided,finance,xgboost_ar,0002.HK_1h,2026-03-20 15:30:00,73.5999984741211,74.63460469596122
stock_provided,finance,xgboost_ar,0003.HK_1h,2026-03-12 10:30:00,7.440000057220459,7.442545404462218
stock_provided,finance,xgboost_ar,0003.HK_1h,2026-03-12 11:30:00,7.480000019073486,7.432341978431294
stock_provided,finance,xgboost_ar,0003.HK_1h,2026-03-12 12:30:00,7.460000038146973,7.434489659190656
stock_provided,finance,xgboost_ar,0003.HK_1h,2026-03-12 13:30:00,7.46999979019165,7.434489659190656
stock_provided,finance,xgboost_ar,0003.HK_1h,2026-03-12 14:30:00,7.489999771118164,7.435651489512724
stock_provided,finance,xgboost_ar,0003.HK_1h,2026-03-12 15:30:00,7.489999771118164,7.437953609064686
stock_provided,finance,xgboost_ar,0003.HK_1h,2026-03-13 09:30:00,7.510000228881836,7.436408841798696
stock_provided,finance,xgboost_ar,0003.HK_1h,2026-03-13 10:30:00,7.510000228881836,7.4365263220381825
stock_provided,finance,xgboost_ar,0003.HK_1h,2026-03-13 11:30:00,7.489999771118164,7.435251400982203
stock_provided,finance,xgboost_ar,0003.HK_1h,2026-03-13 12:30:00,7.489999771118164,7.4365263220381825
stock_provided,finance,xgboost_ar,0003.HK_1h,2026-03-13 13:30:00,7.489999771118164,7.4434164232660125
stock_provided,finance,xgboost_ar,0003.HK_1h,2026-03-13 14:30:00,7.460000038146973,7.438984661925902
stock_provided,finance,xgboost_ar,0003.HK_1h,2026-03-13 15:30:00,7.460000038146973,7.449234997410695
stock_provided,finance,xgboost_ar,0003.HK_1h,2026-03-16 09:30:00,7.369999885559082,7.4560710562380965
stock_provided,finance,xgboost_ar,0003.HK_1h,2026-03-16 10:30:00,7.309999942779541,7.444913332728164
stock_provided,finance,xgboost_ar,0003.HK_1h,2026-03-16 11:30:00,7.340000152587891,7.4448948128080366
stock_provided,finance,xgboost_ar,0003.HK_1h,2026-03-16 12:30:00,7.309999942779541,7.441874128483873
stock_provided,finance,xgboost_ar,0003.HK_1h,2026-03-16 13:30:00,7.329999923706055,7.4405994919328835
stock_provided,finance,xgboost_ar,0003.HK_1h,2026-03-16 14:30:00,7.329999923706055,7.438354449501254
stock_provided,finance,xgboost_ar,0003.HK_1h,2026-03-16 15:30:00,7.340000152587891,7.439288594543402
stock_provided,finance,xgboost_ar,0003.HK_1h,2026-03-17 09:30:00,7.309999942779541,7.441200630657026
stock_provided,finance,xgboost_ar,0003.HK_1h,2026-03-17 10:30:00,7.269999980926514,7.442816991571816
stock_provided,finance,xgboost_ar,0003.HK_1h,2026-03-17 11:30:00,7.289999961853027,7.442975758904636
stock_provided,finance,xgboost_ar,0003.HK_1h,2026-03-17 12:30:00,7.289999961853027,7.4420913074009105
stock_provided,finance,xgboost_ar,0003.HK_1h,2026-03-17 13:30:00,7.260000228881836,7.438790595652416
stock_provided,finance,xgboost_ar,0003.HK_1h,2026-03-17 14:30:00,7.269999980926514,7.439841164201229
stock_provided,finance,xgboost_ar,0003.HK_1h,2026-03-17 15:30:00,7.260000228881836,7.43750144257296
stock_provided,finance,xgboost_ar,0003.HK_1h,2026-03-18 09:30:00,7.25,7.436701190998706
stock_provided,finance,xgboost_ar,0003.HK_1h,2026-03-18 10:30:00,7.239999771118164,7.535019492670747
stock_provided,finance,xgboost_ar,0003.HK_1h,2026-03-18 11:30:00,7.239999771118164,7.531923366259735
stock_provided,finance,xgboost_ar,0003.HK_1h,2026-03-18 12:30:00,7.269999980926514,7.539598564937344
stock_provided,finance,xgboost_ar,0003.HK_1h,2026-03-18 13:30:00,7.289999961853027,7.528431639045738
stock_provided,finance,xgboost_ar,0003.HK_1h,2026-03-18 14:30:00,7.300000190734863,7.531898741336677
stock_provided,finance,xgboost_ar,0003.HK_1h,2026-03-18 15:30:00,7.289999961853027,7.517410303502818
stock_provided,finance,xgboost_ar,0003.HK_1h,2026-03-19 09:30:00,7.340000152587891,7.510956173997496
stock_provided,finance,xgboost_ar,0003.HK_1h,2026-03-19 10:30:00,7.340000152587891,7.502687178687343
stock_provided,finance,xgboost_ar,0003.HK_1h,2026-03-19 11:30:00,7.360000133514404,7.507515638206831
stock_provided,finance,xgboost_ar,0003.HK_1h,2026-03-19 12:30:00,7.380000114440918,7.515806147513445
stock_provided,finance,xgboost_ar,0003.HK_1h,2026-03-19 13:30:00,7.389999866485596,7.517819965287589
stock_provided,finance,xgboost_ar,0003.HK_1h,2026-03-19 14:30:00,7.389999866485596,7.517819965287589
stock_provided,finance,xgboost_ar,0003.HK_1h,2026-03-19 15:30:00,7.420000076293945,7.5074665577089235
stock_provided,finance,xgboost_ar,0003.HK_1h,2026-03-20 09:30:00,7.389999866485596,7.508274578979003
stock_provided,finance,xgboost_ar,0003.HK_1h,2026-03-20 10:30:00,7.349999904632568,7.507197808875308
stock_provided,finance,xgboost_ar,0003.HK_1h,2026-03-20 11:30:00,7.340000152587891,7.51730602734318
stock_provided,finance,xgboost_ar,0003.HK_1h,2026-03-20 12:30:00,7.349999904632568,7.5195113372980344
stock_provided,finance,xgboost_ar,0003.HK_1h,2026-03-20 13:30:00,7.320000171661377,7.5195113372980344
stock_provided,finance,xgboost_ar,0003.HK_1h,2026-03-20 14:30:00,7.329999923706055,7.506846932934296
stock_provided,finance,xgboost_ar,0003.HK_1h,2026-03-20 15:30:00,7.340000152587891,7.508193152973193
stock_provided,finance,xgboost_ar,0006.HK_1h,2026-03-12 10:30:00,61.20000076293945,61.81423781040039
stock_provided,finance,xgboost_ar,0006.HK_1h,2026-03-12 11:30:00,61.09999847412109,61.82166517204879
stock_provided,finance,xgboost_ar,0006.HK_1h,2026-03-12 12:30:00,61.09999847412109,61.7896145055257
stock_provided,finance,xgboost_ar,0006.HK_1h,2026-03-12 13:30:00,61.34999847412109,61.905373381279006
stock_provided,finance,xgboost_ar,0006.HK_1h,2026-03-12 14:30:00,61.59999847412109,61.61974685607515
stock_provided,finance,xgboost_ar,0006.HK_1h,2026-03-12 15:30:00,61.70000076293945,61.60829857680253
stock_provided,finance,xgboost_ar,0006.HK_1h,2026-03-13 09:30:00,61.900001525878906,61.54394643716051
stock_provided,finance,xgboost_ar,0006.HK_1h,2026-03-13 10:30:00,61.75,61.66523753594069
stock_provided,finance,xgboost_ar,0006.HK_1h,2026-03-13 11:30:00,61.79999923706055,61.705408328381075
stock_provided,finance,xgboost_ar,0006.HK_1h,2026-03-13 12:30:00,61.54999923706055,61.70327644671865
stock_provided,finance,xgboost_ar,0006.HK_1h,2026-03-13 13:30:00,61.75,61.64360811641439
stock_provided,finance,xgboost_ar,0006.HK_1h,2026-03-13 14:30:00,61.650001525878906,61.64205274691278
stock_provided,finance,xgboost_ar,0006.HK_1h,2026-03-13 15:30:00,61.70000076293945,61.629544055919446
stock_provided,finance,xgboost_ar,0006.HK_1h,2026-03-16 09:30:00,60.95000076293945,61.63838940403211
stock_provided,finance,xgboost_ar,0006.HK_1h,2026-03-16 10:30:00,61.150001525878906,61.69688819947643
stock_provided,finance,xgboost_ar,0006.HK_1h,2026-03-16 11:30:00,61.25,61.71724534763816
stock_provided,finance,xgboost_ar,0006.HK_1h,2026-03-16 12:30:00,60.79999923706055,61.62238621281031
stock_provided,finance,xgboost_ar,0006.HK_1h,2026-03-16 13:30:00,61.20000076293945,61.62303944137935
stock_provided,finance,xgboost_ar,0006.HK_1h,2026-03-16 14:30:00,61.09999847412109,61.60484889820596
stock_provided,finance,xgboost_ar,0006.HK_1h,2026-03-16 15:30:00,61.20000076293945,61.618981663018445
stock_provided,finance,xgboost_ar,0006.HK_1h,2026-03-17 09:30:00,61.59999847412109,61.614377321845275
stock_provided,finance,xgboost_ar,0006.HK_1h,2026-03-17 10:30:00,61.5,61.52272622300686
stock_provided,finance,xgboost_ar,0006.HK_1h,2026-03-17 11:30:00,61.59999847412109,61.46078116626343
stock_provided,finance,xgboost_ar,0006.HK_1h,2026-03-17 12:30:00,61.54999923706055,61.59402231109432
stock_provided,finance,xgboost_ar,0006.HK_1h,2026-03-17 13:30:00,61.5,61.62148107694288
stock_provided,finance,xgboost_ar,0006.HK_1h,2026-03-17 14:30:00,61.34999847412109,61.63730301061159
stock_provided,finance,xgboost_ar,0006.HK_1h,2026-03-17 15:30:00,61.45000076293945,61.621864019040636
stock_provided,finance,xgboost_ar,0006.HK_1h,2026-03-18 09:30:00,61.900001525878906,61.62136422328805
stock_provided,finance,xgboost_ar,0006.HK_1h,2026-03-18 10:30:00,61.84999847412109,61.62773357940271
stock_provided,finance,xgboost_ar,0006.HK_1h,2026-03-18 11:30:00,61.900001525878906,61.63310825877708
stock_provided,finance,xgboost_ar,0006.HK_1h,2026-03-18 12:30:00,62.20000076293945,61.66580744388618
stock_provided,finance,xgboost_ar,0006.HK_1h,2026-03-18 13:30:00,62.54999923706055,61.64750491062738
stock_provided,finance,xgboost_ar,0006.HK_1h,2026-03-18 14:30:00,62.25,61.63639344633621
stock_provided,finance,xgboost_ar,0006.HK_1h,2026-03-18 15:30:00,62.25,61.58398262391767
stock_provided,finance,xgboost_ar,0006.HK_1h,2026-03-19 09:30:00,62.45000076293945,61.6424765429937
stock_provided,finance,xgboost_ar,0006.HK_1h,2026-03-19 10:30:00,61.95000076293945,61.65049237094459
stock_provided,finance,xgboost_ar,0006.HK_1h,2026-03-19 11:30:00,62.04999923706055,61.65740990252874
stock_provided,finance,xgboost_ar,0006.HK_1h,2026-03-19 12:30:00,62.400001525878906,61.66568831203304
stock_provided,finance,xgboost_ar,0006.HK_1h,2026-03-19 13:30:00,62.20000076293945,61.66459109077111
stock_provided,finance,xgboost_ar,0006.HK_1h,2026-03-19 14:30:00,62.25,61.66215643911321
stock_provided,finance,xgboost_ar,0006.HK_1h,2026-03-19 15:30:00,62.0,61.60128026694038
stock_provided,finance,xgboost_ar,0006.HK_1h,2026-03-20 09:30:00,61.900001525878906,61.574603819032454
stock_provided,finance,xgboost_ar,0006.HK_1h,2026-03-20 10:30:00,62.0,61.66285838016968
stock_provided,finance,xgboost_ar,0006.HK_1h,2026-03-20 11:30:00,62.09999847412109,61.82012162870019
stock_provided,finance,xgboost_ar,0006.HK_1h,2026-03-20 12:30:00,61.95000076293945,61.83137120556413
stock_provided,finance,xgboost_ar,0006.HK_1h,2026-03-20 13:30:00,61.900001525878906,61.86510620617147
stock_provided,finance,xgboost_ar,0006.HK_1h,2026-03-20 14:30:00,61.900001525878906,61.75846909005985
stock_provided,finance,xgboost_ar,0006.HK_1h,2026-03-20 15:30:00,61.79999923706055,61.74477815493175
stock_provided,finance,tabpfn_ts,0002.HK_1h,2026-03-12 10:30:00,72.94999694824219,73.3360824584961
stock_provided,finance,tabpfn_ts,0002.HK_1h,2026-03-12 11:30:00,72.8499984741211,73.35065460205078
stock_provided,finance,tabpfn_ts,0002.HK_1h,2026-03-12 12:30:00,73.0,73.3694076538086
stock_provided,finance,tabpfn_ts,0002.HK_1h,2026-03-12 13:30:00,73.0,73.39694213867188
stock_provided,finance,tabpfn_ts,0002.HK_1h,2026-03-12 14:30:00,73.0,73.41771697998047
stock_provided,finance,tabpfn_ts,0002.HK_1h,2026-03-12 15:30:00,73.1500015258789,73.4288330078125
stock_provided,finance,tabpfn_ts,0002.HK_1h,2026-03-13 09:30:00,73.9000015258789,73.44129943847656
stock_provided,finance,tabpfn_ts,0002.HK_1h,2026-03-13 10:30:00,73.94999694824219,73.45487213134766
stock_provided,finance,tabpfn_ts,0002.HK_1h,2026-03-13 11:30:00,74.0,73.47960662841797
stock_provided,finance,tabpfn_ts,0002.HK_1h,2026-03-13 12:30:00,73.94999694824219,73.50098419189453
stock_provided,finance,tabpfn_ts,0002.HK_1h,2026-03-13 13:30:00,73.94999694824219,73.52085876464844
stock_provided,finance,tabpfn_ts,0002.HK_1h,2026-03-13 14:30:00,73.6500015258789,73.5319595336914
stock_provided,finance,tabpfn_ts,0002.HK_1h,2026-03-13 15:30:00,73.5999984741211,73.5337905883789
stock_provided,finance,tabpfn_ts,0002.HK_1h,2026-03-16 09:30:00,73.19999694824219,73.55946350097656
stock_provided,finance,tabpfn_ts,0002.HK_1h,2026-03-16 10:30:00,73.19999694824219,73.57400512695312
stock_provided,finance,tabpfn_ts,0002.HK_1h,2026-03-16 11:30:00,73.1500015258789,73.57923126220703
stock_provided,finance,tabpfn_ts,0002.HK_1h,2026-03-16 12:30:00,72.80000305175781,73.58052062988281
stock_provided,finance,tabpfn_ts,0002.HK_1h,2026-03-16 13:30:00,73.0999984741211,73.58576202392578
stock_provided,finance,tabpfn_ts,0002.HK_1h,2026-03-16 14:30:00,73.05000305175781,73.59114837646484
stock_provided,finance,tabpfn_ts,0002.HK_1h,2026-03-16 15:30:00,73.0999984741211,73.55439758300781
stock_provided,finance,tabpfn_ts,0002.HK_1h,2026-03-17 09:30:00,73.30000305175781,73.54823303222656
stock_provided,finance,tabpfn_ts,0002.HK_1h,2026-03-17 10:30:00,73.0999984741211,73.52470397949219
stock_provided,finance,tabpfn_ts,0002.HK_1h,2026-03-17 11:30:00,73.19999694824219,73.49845886230469
stock_provided,finance,tabpfn_ts,0002.HK_1h,2026-03-17 12:30:00,73.19999694824219,73.47627258300781
stock_provided,finance,tabpfn_ts,0002.HK_1h,2026-03-17 13:30:00,73.25,73.46440887451172
stock_provided,finance,tabpfn_ts,0002.HK_1h,2026-03-17 14:30:00,73.25,73.44438934326172
stock_provided,finance,tabpfn_ts,0002.HK_1h,2026-03-17 15:30:00,73.44999694824219,73.44293975830078
stock_provided,finance,tabpfn_ts,0002.HK_1h,2026-03-18 09:30:00,73.75,73.45561981201172
stock_provided,finance,tabpfn_ts,0002.HK_1h,2026-03-18 10:30:00,73.80000305175781,73.45186614990234
stock_provided,finance,tabpfn_ts,0002.HK_1h,2026-03-18 11:30:00,73.8499984741211,73.45895385742188
stock_provided,finance,tabpfn_ts,0002.HK_1h,2026-03-18 12:30:00,74.0999984741211,73.46011352539062
stock_provided,finance,tabpfn_ts,0002.HK_1h,2026-03-18 13:30:00,74.30000305175781,73.45577239990234
stock_provided,finance,tabpfn_ts,0002.HK_1h,2026-03-18 14:30:00,74.0999984741211,73.44470977783203
stock_provided,finance,tabpfn_ts,0002.HK_1h,2026-03-18 15:30:00,74.30000305175781,73.45291137695312
stock_provided,finance,tabpfn_ts,0002.HK_1h,2026-03-19 09:30:00,73.94999694824219,73.46524047851562
stock_provided,finance,tabpfn_ts,0002.HK_1h,2026-03-19 10:30:00,73.6500015258789,73.47521209716797
stock_provided,finance,tabpfn_ts,0002.HK_1h,2026-03-19 11:30:00,73.75,73.47925567626953
stock_provided,finance,tabpfn_ts,0002.HK_1h,2026-03-19 12:30:00,73.5999984741211,73.48668670654297
stock_provided,finance,tabpfn_ts,0002.HK_1h,2026-03-19 13:30:00,73.55000305175781,73.49341583251953
stock_provided,finance,tabpfn_ts,0002.HK_1h,2026-03-19 14:30:00,73.75,73.50765228271484
stock_provided,finance,tabpfn_ts,0002.HK_1h,2026-03-19 15:30:00,73.75,73.55207824707031
stock_provided,finance,tabpfn_ts,0002.HK_1h,2026-03-20 09:30:00,73.5999984741211,73.56281280517578
stock_provided,finance,tabpfn_ts,0002.HK_1h,2026-03-20 10:30:00,73.55000305175781,73.5853042602539
stock_provided,finance,tabpfn_ts,0002.HK_1h,2026-03-20 11:30:00,73.6500015258789,73.60895538330078
stock_provided,finance,tabpfn_ts,0002.HK_1h,2026-03-20 12:30:00,73.55000305175781,73.62393188476562
stock_provided,finance,tabpfn_ts,0002.HK_1h,2026-03-20 13:30:00,73.5,73.64151763916016
stock_provided,finance,tabpfn_ts,0002.HK_1h,2026-03-20 14:30:00,73.6500015258789,73.69025421142578
stock_provided,finance,tabpfn_ts,0002.HK_1h,2026-03-20 15:30:00,73.5999984741211,73.70407104492188
stock_provided,finance,tabpfn_ts,0003.HK_1h,2026-03-12 10:30:00,7.440000057220459,7.464656352996826
stock_provided,finance,tabpfn_ts,0003.HK_1h,2026-03-12 11:30:00,7.480000019073486,7.46203088760376
stock_provided,finance,tabpfn_ts,0003.HK_1h,2026-03-12 12:30:00,7.460000038146973,7.460288047790527
stock_provided,finance,tabpfn_ts,0003.HK_1h,2026-03-12 13:30:00,7.46999979019165,7.461261749267578
stock_provided,finance,tabpfn_ts,0003.HK_1h,2026-03-12 14:30:00,7.489999771118164,7.460253715515137
stock_provided,finance,tabpfn_ts,0003.HK_1h,2026-03-12 15:30:00,7.489999771118164,7.459227085113525
stock_provided,finance,tabpfn_ts,0003.HK_1h,2026-03-13 09:30:00,7.510000228881836,7.458041667938232
stock_provided,finance,tabpfn_ts,0003.HK_1h,2026-03-13 10:30:00,7.510000228881836,7.45943546295166
stock_provided,finance,tabpfn_ts,0003.HK_1h,2026-03-13 11:30:00,7.489999771118164,7.459809303283691
stock_provided,finance,tabpfn_ts,0003.HK_1h,2026-03-13 12:30:00,7.489999771118164,7.459582328796387
stock_provided,finance,tabpfn_ts,0003.HK_1h,2026-03-13 13:30:00,7.489999771118164,7.460567951202393
stock_provided,finance,tabpfn_ts,0003.HK_1h,2026-03-13 14:30:00,7.460000038146973,7.461160182952881
stock_provided,finance,tabpfn_ts,0003.HK_1h,2026-03-13 15:30:00,7.460000038146973,7.462992191314697
stock_provided,finance,tabpfn_ts,0003.HK_1h,2026-03-16 09:30:00,7.369999885559082,7.453573226928711
stock_provided,finance,tabpfn_ts,0003.HK_1h,2026-03-16 10:30:00,7.309999942779541,7.449233531951904
stock_provided,finance,tabpfn_ts,0003.HK_1h,2026-03-16 11:30:00,7.340000152587891,7.445217132568359
stock_provided,finance,tabpfn_ts,0003.HK_1h,2026-03-16 12:30:00,7.309999942779541,7.440672874450684
stock_provided,finance,tabpfn_ts,0003.HK_1h,2026-03-16 13:30:00,7.329999923706055,7.437065124511719
stock_provided,finance,tabpfn_ts,0003.HK_1h,2026-03-16 14:30:00,7.329999923706055,7.433352947235107
stock_provided,finance,tabpfn_ts,0003.HK_1h,2026-03-16 15:30:00,7.340000152587891,7.436293601989746
stock_provided,finance,tabpfn_ts,0003.HK_1h,2026-03-17 09:30:00,7.309999942779541,7.446563243865967
stock_provided,finance,tabpfn_ts,0003.HK_1h,2026-03-17 10:30:00,7.269999980926514,7.44907808303833
stock_provided,finance,tabpfn_ts,0003.HK_1h,2026-03-17 11:30:00,7.289999961853027,7.450341701507568
stock_provided,finance,tabpfn_ts,0003.HK_1h,2026-03-17 12:30:00,7.289999961853027,7.453010082244873
stock_provided,finance,tabpfn_ts,0003.HK_1h,2026-03-17 13:30:00,7.260000228881836,7.46192741394043
stock_provided,finance,tabpfn_ts,0003.HK_1h,2026-03-17 14:30:00,7.269999980926514,7.4704155921936035
stock_provided,finance,tabpfn_ts,0003.HK_1h,2026-03-17 15:30:00,7.260000228881836,7.47648286819458
stock_provided,finance,tabpfn_ts,0003.HK_1h,2026-03-18 09:30:00,7.25,7.484062194824219
stock_provided,finance,tabpfn_ts,0003.HK_1h,2026-03-18 10:30:00,7.239999771118164,7.4843220710754395
stock_provided,finance,tabpfn_ts,0003.HK_1h,2026-03-18 11:30:00,7.239999771118164,7.483891487121582
stock_provided,finance,tabpfn_ts,0003.HK_1h,2026-03-18 12:30:00,7.269999980926514,7.485132694244385
stock_provided,finance,tabpfn_ts,0003.HK_1h,2026-03-18 13:30:00,7.289999961853027,7.4844970703125
stock_provided,finance,tabpfn_ts,0003.HK_1h,2026-03-18 14:30:00,7.300000190734863,7.48457145690918
stock_provided,finance,tabpfn_ts,0003.HK_1h,2026-03-18 15:30:00,7.289999961853027,7.483496189117432
stock_provided,finance,tabpfn_ts,0003.HK_1h,2026-03-19 09:30:00,7.340000152587891,7.477231502532959
stock_provided,finance,tabpfn_ts,0003.HK_1h,2026-03-19 10:30:00,7.340000152587891,7.474862575531006
stock_provided,finance,tabpfn_ts,0003.HK_1h,2026-03-19 11:30:00,7.360000133514404,7.471945762634277
stock_provided,finance,tabpfn_ts,0003.HK_1h,2026-03-19 12:30:00,7.380000114440918,7.468882083892822
stock_provided,finance,tabpfn_ts,0003.HK_1h,2026-03-19 13:30:00,7.389999866485596,7.467111587524414
stock_provided,finance,tabpfn_ts,0003.HK_1h,2026-03-19 14:30:00,7.389999866485596,7.464330196380615
stock_provided,finance,tabpfn_ts,0003.HK_1h,2026-03-19 15:30:00,7.420000076293945,7.4616312980651855
stock_provided,finance,tabpfn_ts,0003.HK_1h,2026-03-20 09:30:00,7.389999866485596,7.458302974700928
stock_provided,finance,tabpfn_ts,0003.HK_1h,2026-03-20 10:30:00,7.349999904632568,7.456337928771973
stock_provided,finance,tabpfn_ts,0003.HK_1h,2026-03-20 11:30:00,7.340000152587891,7.451187610626221
stock_provided,finance,tabpfn_ts,0003.HK_1h,2026-03-20 12:30:00,7.349999904632568,7.446284294128418
stock_provided,finance,tabpfn_ts,0003.HK_1h,2026-03-20 13:30:00,7.320000171661377,7.446359634399414
stock_provided,finance,tabpfn_ts,0003.HK_1h,2026-03-20 14:30:00,7.329999923706055,7.446888446807861
stock_provided,finance,tabpfn_ts,0003.HK_1h,2026-03-20 15:30:00,7.340000152587891,7.447265625
stock_provided,finance,tabpfn_ts,0006.HK_1h,2026-03-12 10:30:00,61.20000076293945,61.995582580566406
stock_provided,finance,tabpfn_ts,0006.HK_1h,2026-03-12 11:30:00,61.09999847412109,61.982967376708984
stock_provided,finance,tabpfn_ts,0006.HK_1h,2026-03-12 12:30:00,61.09999847412109,61.971065521240234
stock_provided,finance,tabpfn_ts,0006.HK_1h,2026-03-12 13:30:00,61.34999847412109,61.95764923095703
stock_provided,finance,tabpfn_ts,0006.HK_1h,2026-03-12 14:30:00,61.59999847412109,61.953067779541016
stock_provided,finance,tabpfn_ts,0006.HK_1h,2026-03-12 15:30:00,61.70000076293945,61.945030212402344
stock_provided,finance,tabpfn_ts,0006.HK_1h,2026-03-13 09:30:00,61.900001525878906,62.21042251586914
stock_provided,finance,tabpfn_ts,0006.HK_1h,2026-03-13 10:30:00,61.75,62.18416213989258
stock_provided,finance,tabpfn_ts,0006.HK_1h,2026-03-13 11:30:00,61.79999923706055,62.15188217163086
stock_provided,finance,tabpfn_ts,0006.HK_1h,2026-03-13 12:30:00,61.54999923706055,62.101566314697266
stock_provided,finance,tabpfn_ts,0006.HK_1h,2026-03-13 13:30:00,61.75,62.04118347167969
stock_provided,finance,tabpfn_ts,0006.HK_1h,2026-03-13 14:30:00,61.650001525878906,61.98011779785156
stock_provided,finance,tabpfn_ts,0006.HK_1h,2026-03-13 15:30:00,61.70000076293945,61.91145324707031
stock_provided,finance,tabpfn_ts,0006.HK_1h,2026-03-16 09:30:00,60.95000076293945,61.960514068603516
stock_provided,finance,tabpfn_ts,0006.HK_1h,2026-03-16 10:30:00,61.150001525878906,61.94485092163086
stock_provided,finance,tabpfn_ts,0006.HK_1h,2026-03-16 11:30:00,61.25,61.94181442260742
stock_provided,finance,tabpfn_ts,0006.HK_1h,2026-03-16 12:30:00,60.79999923706055,61.93385314941406
stock_provided,finance,tabpfn_ts,0006.HK_1h,2026-03-16 13:30:00,61.20000076293945,61.915706634521484
stock_provided,finance,tabpfn_ts,0006.HK_1h,2026-03-16 14:30:00,61.09999847412109,61.90345764160156
stock_provided,finance,tabpfn_ts,0006.HK_1h,2026-03-16 15:30:00,61.20000076293945,61.892433166503906
stock_provided,finance,tabpfn_ts,0006.HK_1h,2026-03-17 09:30:00,61.59999847412109,61.923702239990234
stock_provided,finance,tabpfn_ts,0006.HK_1h,2026-03-17 10:30:00,61.5,61.913795471191406
stock_provided,finance,tabpfn_ts,0006.HK_1h,2026-03-17 11:30:00,61.59999847412109,61.90903854370117
stock_provided,finance,tabpfn_ts,0006.HK_1h,2026-03-17 12:30:00,61.54999923706055,61.90475082397461
stock_provided,finance,tabpfn_ts,0006.HK_1h,2026-03-17 13:30:00,61.5,61.916297912597656
stock_provided,finance,tabpfn_ts,0006.HK_1h,2026-03-17 14:30:00,61.34999847412109,61.933650970458984
stock_provided,finance,tabpfn_ts,0006.HK_1h,2026-03-17 15:30:00,61.45000076293945,61.95615768432617
stock_provided,finance,tabpfn_ts,0006.HK_1h,2026-03-18 09:30:00,61.900001525878906,61.92140579223633
stock_provided,finance,tabpfn_ts,0006.HK_1h,2026-03-18 10:30:00,61.84999847412109,61.93666076660156
stock_provided,finance,tabpfn_ts,0006.HK_1h,2026-03-18 11:30:00,61.900001525878906,61.9607048034668
stock_provided,finance,tabpfn_ts,0006.HK_1h,2026-03-18 12:30:00,62.20000076293945,61.9945068359375
stock_provided,finance,tabpfn_ts,0006.HK_1h,2026-03-18 13:30:00,62.54999923706055,62.01092529296875
stock_provided,finance,tabpfn_ts,0006.HK_1h,2026-03-18 14:30:00,62.25,62.02329635620117
stock_provided,finance,tabpfn_ts,0006.HK_1h,2026-03-18 15:30:00,62.25,62.042144775390625
stock_provided,finance,tabpfn_ts,0006.HK_1h,2026-03-19 09:30:00,62.45000076293945,62.07921600341797
stock_provided,finance,tabpfn_ts,0006.HK_1h,2026-03-19 10:30:00,61.95000076293945,62.06648635864258
stock_provided,finance,tabpfn_ts,0006.HK_1h,2026-03-19 11:30:00,62.04999923706055,62.05738830566406
stock_provided,finance,tabpfn_ts,0006.HK_1h,2026-03-19 12:30:00,62.400001525878906,62.04753112792969
stock_provided,finance,tabpfn_ts,0006.HK_1h,2026-03-19 13:30:00,62.20000076293945,62.02286911010742
stock_provided,finance,tabpfn_ts,0006.HK_1h,2026-03-19 14:30:00,62.25,62.00015640258789
stock_provided,finance,tabpfn_ts,0006.HK_1h,2026-03-19 15:30:00,62.0,61.989131927490234
stock_provided,finance,tabpfn_ts,0006.HK_1h,2026-03-20 09:30:00,61.900001525878906,61.953590393066406
stock_provided,finance,tabpfn_ts,0006.HK_1h,2026-03-20 10:30:00,62.0,61.9371337890625
stock_provided,finance,tabpfn_ts,0006.HK_1h,2026-03-20 11:30:00,62.09999847412109,61.92036819458008
stock_provided,finance,tabpfn_ts,0006.HK_1h,2026-03-20 12:30:00,61.95000076293945,61.89763641357422
stock_provided,finance,tabpfn_ts,0006.HK_1h,2026-03-20 13:30:00,61.900001525878906,61.87128829956055
stock_provided,finance,tabpfn_ts,0006.HK_1h,2026-03-20 14:30:00,61.900001525878906,61.85023498535156
stock_provided,finance,tabpfn_ts,0006.HK_1h,2026-03-20 15:30:00,61.79999923706055,61.83794403076172
