dataset,domain,model,unique_id,ds,y,y_hat
synthetic_energy,energy,dummy_mean,energy_0,2024-01-10 00:00:00,14.319999999999995,12.15
synthetic_energy,energy,dummy_mean,energy_0,2024-01-10 01:00:00,14.987047612756283,12.15
synthetic_energy,energy,dummy_mean,energy_0,2024-01-10 02:00:00,15.609999999999985,12.15
synthetic_energy,energy,dummy_mean,energy_0,2024-01-10 03:00:00,16.14776695296637,12.15
synthetic_energy,energy,dummy_mean,energy_0,2024-01-10 04:00:00,16.5650635094611,12.15
synthetic_energy,energy,dummy_mean,energy_0,2024-01-10 05:00:00,16.834814565722667,12.15
synthetic_energy,energy,dummy_mean,energy_0,2024-01-10 06:00:00,16.94,12.15
synthetic_energy,energy,dummy_mean,energy_0,2024-01-10 07:00:00,16.87481456572267,12.15
synthetic_energy,energy,dummy_mean,energy_0,2024-01-10 08:00:00,16.645063509461103,12.15
synthetic_energy,energy,dummy_mean,energy_0,2024-01-10 09:00:00,16.267766952966376,12.15
synthetic_energy,energy,dummy_mean,energy_0,2024-01-10 10:00:00,15.770000000000003,12.15
synthetic_energy,energy,dummy_mean,energy_0,2024-01-10 11:00:00,15.18704761275632,12.15
synthetic_energy,energy,dummy_mean,energy_0,2024-01-10 12:00:00,14.560000000000015,12.15
synthetic_energy,energy,dummy_mean,energy_0,2024-01-10 13:00:00,13.93295238724371,12.15
synthetic_energy,energy,dummy_mean,energy_0,2024-01-10 14:00:00,13.34999999999999,12.15
synthetic_energy,energy,dummy_mean,energy_0,2024-01-10 15:00:00,12.852233047033636,12.15
synthetic_energy,energy,dummy_mean,energy_0,2024-01-10 16:00:00,12.474936490538903,12.15
synthetic_energy,energy,dummy_mean,energy_0,2024-01-10 17:00:00,12.245185434277328,12.15
synthetic_energy,energy,dummy_mean,energy_0,2024-01-10 18:00:00,12.18,12.15
synthetic_energy,energy,dummy_mean,energy_0,2024-01-10 19:00:00,12.285185434277327,12.15
synthetic_energy,energy,dummy_mean,energy_0,2024-01-10 20:00:00,12.554936490538902,12.15
synthetic_energy,energy,dummy_mean,energy_0,2024-01-10 21:00:00,12.972233047033619,12.15
synthetic_energy,energy,dummy_mean,energy_0,2024-01-10 22:00:00,13.50999999999999,12.15
synthetic_energy,energy,dummy_mean,energy_0,2024-01-10 23:00:00,14.132952387243687,12.15
synthetic_energy,energy,dummy_mean,energy_1,2024-01-10 00:00:00,15.319999999999995,13.15
synthetic_energy,energy,dummy_mean,energy_1,2024-01-10 01:00:00,15.987047612756283,13.15
synthetic_energy,energy,dummy_mean,energy_1,2024-01-10 02:00:00,16.609999999999985,13.15
synthetic_energy,energy,dummy_mean,energy_1,2024-01-10 03:00:00,17.14776695296637,13.15
synthetic_energy,energy,dummy_mean,energy_1,2024-01-10 04:00:00,17.5650635094611,13.15
synthetic_energy,energy,dummy_mean,energy_1,2024-01-10 05:00:00,17.834814565722667,13.15
synthetic_energy,energy,dummy_mean,energy_1,2024-01-10 06:00:00,17.94,13.15
synthetic_energy,energy,dummy_mean,energy_1,2024-01-10 07:00:00,17.87481456572267,13.15
synthetic_energy,energy,dummy_mean,energy_1,2024-01-10 08:00:00,17.645063509461103,13.15
synthetic_energy,energy,dummy_mean,energy_1,2024-01-10 09:00:00,17.267766952966376,13.15
synthetic_energy,energy,dummy_mean,energy_1,2024-01-10 10:00:00,16.770000000000003,13.15
synthetic_energy,energy,dummy_mean,energy_1,2024-01-10 11:00:00,16.18704761275632,13.15
synthetic_energy,energy,dummy_mean,energy_1,2024-01-10 12:00:00,15.560000000000015,13.15
synthetic_energy,energy,dummy_mean,energy_1,2024-01-10 13:00:00,14.93295238724371,13.15
synthetic_energy,energy,dummy_mean,energy_1,2024-01-10 14:00:00,14.34999999999999,13.15
synthetic_energy,energy,dummy_mean,energy_1,2024-01-10 15:00:00,13.852233047033636,13.15
synthetic_energy,energy,dummy_mean,energy_1,2024-01-10 16:00:00,13.474936490538905,13.15
synthetic_energy,energy,dummy_mean,energy_1,2024-01-10 17:00:00,13.245185434277328,13.15
synthetic_energy,energy,dummy_mean,energy_1,2024-01-10 18:00:00,13.18,13.15
synthetic_energy,energy,dummy_mean,energy_1,2024-01-10 19:00:00,13.285185434277327,13.15
synthetic_energy,energy,dummy_mean,energy_1,2024-01-10 20:00:00,13.5549364905389,13.15
synthetic_energy,energy,dummy_mean,energy_1,2024-01-10 21:00:00,13.972233047033619,13.15
synthetic_energy,energy,dummy_mean,energy_1,2024-01-10 22:00:00,14.50999999999999,13.15
synthetic_energy,energy,dummy_mean,energy_1,2024-01-10 23:00:00,15.132952387243687,13.15
synthetic_energy,energy,dummy_mean,energy_2,2024-01-10 00:00:00,16.319999999999993,14.15
synthetic_energy,energy,dummy_mean,energy_2,2024-01-10 01:00:00,16.987047612756285,14.15
synthetic_energy,energy,dummy_mean,energy_2,2024-01-10 02:00:00,17.609999999999985,14.15
synthetic_energy,energy,dummy_mean,energy_2,2024-01-10 03:00:00,18.14776695296637,14.15
synthetic_energy,energy,dummy_mean,energy_2,2024-01-10 04:00:00,18.5650635094611,14.15
synthetic_energy,energy,dummy_mean,energy_2,2024-01-10 05:00:00,18.834814565722667,14.15
synthetic_energy,energy,dummy_mean,energy_2,2024-01-10 06:00:00,18.94,14.15
synthetic_energy,energy,dummy_mean,energy_2,2024-01-10 07:00:00,18.87481456572267,14.15
synthetic_energy,energy,dummy_mean,energy_2,2024-01-10 08:00:00,18.645063509461103,14.15
synthetic_energy,energy,dummy_mean,energy_2,2024-01-10 09:00:00,18.267766952966376,14.15
synthetic_energy,energy,dummy_mean,energy_2,2024-01-10 10:00:00,17.770000000000003,14.15
synthetic_energy,energy,dummy_mean,energy_2,2024-01-10 11:00:00,17.18704761275632,14.15
synthetic_energy,energy,dummy_mean,energy_2,2024-01-10 12:00:00,16.560000000000016,14.15
synthetic_energy,energy,dummy_mean,energy_2,2024-01-10 13:00:00,15.93295238724371,14.15
synthetic_energy,energy,dummy_mean,energy_2,2024-01-10 14:00:00,15.34999999999999,14.15
synthetic_energy,energy,dummy_mean,energy_2,2024-01-10 15:00:00,14.852233047033636,14.15
synthetic_energy,energy,dummy_mean,energy_2,2024-01-10 16:00:00,14.474936490538905,14.15
synthetic_energy,energy,dummy_mean,energy_2,2024-01-10 17:00:00,14.245185434277328,14.15
synthetic_energy,energy,dummy_mean,energy_2,2024-01-10 18:00:00,14.18,14.15
synthetic_energy,energy,dummy_mean,energy_2,2024-01-10 19:00:00,14.285185434277327,14.15
synthetic_energy,energy,dummy_mean,energy_2,2024-01-10 20:00:00,14.5549364905389,14.15
synthetic_energy,energy,dummy_mean,energy_2,2024-01-10 21:00:00,14.972233047033619,14.15
synthetic_energy,energy,dummy_mean,energy_2,2024-01-10 22:00:00,15.50999999999999,14.15
synthetic_energy,energy,dummy_mean,energy_2,2024-01-10 23:00:00,16.132952387243687,14.15
synthetic_energy,energy,seasonal_naive,energy_0,2024-01-10 00:00:00,14.319999999999995,13.839999999999995
synthetic_energy,energy,seasonal_naive,energy_0,2024-01-10 01:00:00,14.987047612756283,14.5070476127563
synthetic_energy,energy,seasonal_naive,energy_0,2024-01-10 02:00:00,15.609999999999985,15.129999999999985
synthetic_energy,energy,seasonal_naive,energy_0,2024-01-10 03:00:00,16.14776695296637,15.66776695296636
synthetic_energy,energy,seasonal_naive,energy_0,2024-01-10 04:00:00,16.5650635094611,16.085063509461094
synthetic_energy,energy,seasonal_naive,energy_0,2024-01-10 05:00:00,16.834814565722667,16.354814565722666
synthetic_energy,energy,seasonal_naive,energy_0,2024-01-10 06:00:00,16.94,16.46
synthetic_energy,energy,seasonal_naive,energy_0,2024-01-10 07:00:00,16.87481456572267,16.39481456572267
synthetic_energy,energy,seasonal_naive,energy_0,2024-01-10 08:00:00,16.645063509461103,16.165063509461092
synthetic_energy,energy,seasonal_naive,energy_0,2024-01-10 09:00:00,16.267766952966376,15.787766952966376
synthetic_energy,energy,seasonal_naive,energy_0,2024-01-10 10:00:00,15.770000000000003,15.290000000000003
synthetic_energy,energy,seasonal_naive,energy_0,2024-01-10 11:00:00,15.18704761275632,14.707047612756302
synthetic_energy,energy,seasonal_naive,energy_0,2024-01-10 12:00:00,14.560000000000015,14.080000000000014
synthetic_energy,energy,seasonal_naive,energy_0,2024-01-10 13:00:00,13.93295238724371,13.452952387243707
synthetic_energy,energy,seasonal_naive,energy_0,2024-01-10 14:00:00,13.34999999999999,12.870000000000005
synthetic_energy,energy,seasonal_naive,energy_0,2024-01-10 15:00:00,12.852233047033636,12.372233047033646
synthetic_energy,energy,seasonal_naive,energy_0,2024-01-10 16:00:00,12.474936490538903,11.994936490538903
synthetic_energy,energy,seasonal_naive,energy_0,2024-01-10 17:00:00,12.245185434277328,11.765185434277328
synthetic_energy,energy,seasonal_naive,energy_0,2024-01-10 18:00:00,12.18,11.7
synthetic_energy,energy,seasonal_naive,energy_0,2024-01-10 19:00:00,12.285185434277327,11.805185434277327
synthetic_energy,energy,seasonal_naive,energy_0,2024-01-10 20:00:00,12.554936490538902,12.074936490538903
synthetic_energy,energy,seasonal_naive,energy_0,2024-01-10 21:00:00,12.972233047033619,12.492233047033633
synthetic_energy,energy,seasonal_naive,energy_0,2024-01-10 22:00:00,13.50999999999999,13.02999999999999
synthetic_energy,energy,seasonal_naive,energy_0,2024-01-10 23:00:00,14.132952387243687,13.65295238724369
synthetic_energy,energy,seasonal_naive,energy_1,2024-01-10 00:00:00,15.319999999999995,14.839999999999995
synthetic_energy,energy,seasonal_naive,energy_1,2024-01-10 01:00:00,15.987047612756283,15.5070476127563
synthetic_energy,energy,seasonal_naive,energy_1,2024-01-10 02:00:00,16.609999999999985,16.129999999999985
synthetic_energy,energy,seasonal_naive,energy_1,2024-01-10 03:00:00,17.14776695296637,16.66776695296636
synthetic_energy,energy,seasonal_naive,energy_1,2024-01-10 04:00:00,17.5650635094611,17.085063509461094
synthetic_energy,energy,seasonal_naive,energy_1,2024-01-10 05:00:00,17.834814565722667,17.354814565722666
synthetic_energy,energy,seasonal_naive,energy_1,2024-01-10 06:00:00,17.94,17.46
synthetic_energy,energy,seasonal_naive,energy_1,2024-01-10 07:00:00,17.87481456572267,17.39481456572267
synthetic_energy,energy,seasonal_naive,energy_1,2024-01-10 08:00:00,17.645063509461103,17.165063509461092
synthetic_energy,energy,seasonal_naive,energy_1,2024-01-10 09:00:00,17.267766952966376,16.787766952966376
synthetic_energy,energy,seasonal_naive,energy_1,2024-01-10 10:00:00,16.770000000000003,16.290000000000003
synthetic_energy,energy,seasonal_naive,energy_1,2024-01-10 11:00:00,16.18704761275632,15.707047612756302
synthetic_energy,energy,seasonal_naive,energy_1,2024-01-10 12:00:00,15.560000000000015,15.080000000000014
synthetic_energy,energy,seasonal_naive,energy_1,2024-01-10 13:00:00,14.93295238724371,14.452952387243707
synthetic_energy,energy,seasonal_naive,energy_1,2024-01-10 14:00:00,14.34999999999999,13.870000000000005
synthetic_energy,energy,seasonal_naive,energy_1,2024-01-10 15:00:00,13.852233047033636,13.372233047033646
synthetic_energy,energy,seasonal_naive,energy_1,2024-01-10 16:00:00,13.474936490538905,12.994936490538903
synthetic_energy,energy,seasonal_naive,energy_1,2024-01-10 17:00:00,13.245185434277328,12.765185434277328
synthetic_energy,energy,seasonal_naive,energy_1,2024-01-10 18:00:00,13.18,12.7
synthetic_energy,energy,seasonal_naive,energy_1,2024-01-10 19:00:00,13.285185434277327,12.805185434277327
synthetic_energy,energy,seasonal_naive,energy_1,2024-01-10 20:00:00,13.5549364905389,13.074936490538903
synthetic_energy,energy,seasonal_naive,energy_1,2024-01-10 21:00:00,13.972233047033619,13.492233047033633
synthetic_energy,energy,seasonal_naive,energy_1,2024-01-10 22:00:00,14.50999999999999,14.02999999999999
synthetic_energy,energy,seasonal_naive,energy_1,2024-01-10 23:00:00,15.132952387243687,14.65295238724369
synthetic_energy,energy,seasonal_naive,energy_2,2024-01-10 00:00:00,16.319999999999993,15.839999999999995
synthetic_energy,energy,seasonal_naive,energy_2,2024-01-10 01:00:00,16.987047612756285,16.507047612756303
synthetic_energy,energy,seasonal_naive,energy_2,2024-01-10 02:00:00,17.609999999999985,17.129999999999985
synthetic_energy,energy,seasonal_naive,energy_2,2024-01-10 03:00:00,18.14776695296637,17.66776695296636
synthetic_energy,energy,seasonal_naive,energy_2,2024-01-10 04:00:00,18.5650635094611,18.085063509461094
synthetic_energy,energy,seasonal_naive,energy_2,2024-01-10 05:00:00,18.834814565722667,18.354814565722666
synthetic_energy,energy,seasonal_naive,energy_2,2024-01-10 06:00:00,18.94,18.46
synthetic_energy,energy,seasonal_naive,energy_2,2024-01-10 07:00:00,18.87481456572267,18.39481456572267
synthetic_energy,energy,seasonal_naive,energy_2,2024-01-10 08:00:00,18.645063509461103,18.165063509461092
synthetic_energy,energy,seasonal_naive,energy_2,2024-01-10 09:00:00,18.267766952966376,17.787766952966376
synthetic_energy,energy,seasonal_naive,energy_2,2024-01-10 10:00:00,17.770000000000003,17.290000000000003
synthetic_energy,energy,seasonal_naive,energy_2,2024-01-10 11:00:00,17.18704761275632,16.707047612756302
synthetic_energy,energy,seasonal_naive,energy_2,2024-01-10 12:00:00,16.560000000000016,16.080000000000013
synthetic_energy,energy,seasonal_naive,energy_2,2024-01-10 13:00:00,15.93295238724371,15.452952387243707
synthetic_energy,energy,seasonal_naive,energy_2,2024-01-10 14:00:00,15.34999999999999,14.870000000000005
synthetic_energy,energy,seasonal_naive,energy_2,2024-01-10 15:00:00,14.852233047033636,14.372233047033646
synthetic_energy,energy,seasonal_naive,energy_2,2024-01-10 16:00:00,14.474936490538905,13.994936490538903
synthetic_energy,energy,seasonal_naive,energy_2,2024-01-10 17:00:00,14.245185434277328,13.765185434277328
synthetic_energy,energy,seasonal_naive,energy_2,2024-01-10 18:00:00,14.18,13.7
synthetic_energy,energy,seasonal_naive,energy_2,2024-01-10 19:00:00,14.285185434277327,13.805185434277327
synthetic_energy,energy,seasonal_naive,energy_2,2024-01-10 20:00:00,14.5549364905389,14.074936490538903
synthetic_energy,energy,seasonal_naive,energy_2,2024-01-10 21:00:00,14.972233047033619,14.492233047033633
synthetic_energy,energy,seasonal_naive,energy_2,2024-01-10 22:00:00,15.50999999999999,15.02999999999999
synthetic_energy,energy,seasonal_naive,energy_2,2024-01-10 23:00:00,16.132952387243687,15.65295238724369
synthetic_traffic,traffic,dummy_mean,traffic_0,2024-01-10 00:00:00,32.92478373654545,30.44717399609335
synthetic_traffic,traffic,dummy_mean,traffic_0,2024-01-10 01:00:00,34.96832983968731,30.44717399609335
synthetic_traffic,traffic,dummy_mean,traffic_0,2024-01-10 02:00:00,36.86671841735838,30.44717399609335
synthetic_traffic,traffic,dummy_mean,traffic_0,2024-01-10 03:00:00,38.48850424041749,30.44717399609335
synthetic_traffic,traffic,dummy_mean,traffic_0,2024-01-10 04:00:00,39.720824476208136,30.44717399609335
synthetic_traffic,traffic,dummy_mean,traffic_0,2024-01-10 05:00:00,40.47709337792247,30.44717399609335
synthetic_traffic,traffic,dummy_mean,traffic_0,2024-01-10 06:00:00,40.702906603707255,30.44717399609335
synthetic_traffic,traffic,dummy_mean,traffic_0,2024-01-10 07:00:00,40.37975279082637,30.44717399609335
synthetic_traffic,traffic,dummy_mean,traffic_0,2024-01-10 08:00:00,39.526279441628844,30.44717399609335
synthetic_traffic,traffic,dummy_mean,traffic_0,2024-01-10 09:00:00,38.197026847177256,30.44717399609335
synthetic_traffic,traffic,dummy_mean,traffic_0,2024-01-10 10:00:00,36.478716322947996,30.44717399609335
synthetic_traffic,traffic,dummy_mean,traffic_0,2024-01-10 11:00:00,34.48434570012023,30.44717399609335
synthetic_traffic,traffic,dummy_mean,traffic_0,2024-01-10 12:00:00,32.345494447404135,30.44717399609335
synthetic_traffic,traffic,dummy_mean,traffic_0,2024-01-10 13:00:00,30.20336280861623,30.44717399609335
synthetic_traffic,traffic,dummy_mean,traffic_0,2024-01-10 14:00:00,28.19915561548945,30.44717399609335
synthetic_traffic,traffic,dummy_mean,traffic_0,2024-01-10 15:00:00,26.46446609406727,30.44717399609335
synthetic_traffic,traffic,dummy_mean,traffic_0,2024-01-10 16:00:00,25.11231498303725,30.44717399609335
synthetic_traffic,traffic,dummy_mean,traffic_0,2024-01-10 17:00:00,24.229455623521815,30.44717399609335
synthetic_traffic,traffic,dummy_mean,traffic_0,2024-01-10 18:00:00,23.870469405576202,30.44717399609335
synthetic_traffic,traffic,dummy_mean,traffic_0,2024-01-10 19:00:00,24.054053946407954,30.44717399609335
synthetic_traffic,traffic,dummy_mean,traffic_0,2024-01-10 20:00:00,24.761756943915355,30.44717399609335
synthetic_traffic,traffic,dummy_mean,traffic_0,2024-01-10 21:00:00,25.939241980053595,30.44717399609335
synthetic_traffic,traffic,dummy_mean,traffic_0,2024-01-10 22:00:00,27.499999999999968,30.44717399609335
synthetic_traffic,traffic,dummy_mean,traffic_0,2024-01-10 23:00:00,29.33125352399899,30.44717399609335
synthetic_traffic,traffic,dummy_mean,traffic_1,2024-01-10 00:00:00,33.92478373654545,31.44717399609335
synthetic_traffic,traffic,dummy_mean,traffic_1,2024-01-10 01:00:00,35.96832983968731,31.44717399609335
synthetic_traffic,traffic,dummy_mean,traffic_1,2024-01-10 02:00:00,37.86671841735838,31.44717399609335
synthetic_traffic,traffic,dummy_mean,traffic_1,2024-01-10 03:00:00,39.48850424041749,31.44717399609335
synthetic_traffic,traffic,dummy_mean,traffic_1,2024-01-10 04:00:00,40.720824476208136,31.44717399609335
synthetic_traffic,traffic,dummy_mean,traffic_1,2024-01-10 05:00:00,41.47709337792247,31.44717399609335
synthetic_traffic,traffic,dummy_mean,traffic_1,2024-01-10 06:00:00,41.702906603707255,31.44717399609335
synthetic_traffic,traffic,dummy_mean,traffic_1,2024-01-10 07:00:00,41.37975279082637,31.44717399609335
synthetic_traffic,traffic,dummy_mean,traffic_1,2024-01-10 08:00:00,40.526279441628844,31.44717399609335
synthetic_traffic,traffic,dummy_mean,traffic_1,2024-01-10 09:00:00,39.197026847177256,31.44717399609335
synthetic_traffic,traffic,dummy_mean,traffic_1,2024-01-10 10:00:00,37.478716322947996,31.44717399609335
synthetic_traffic,traffic,dummy_mean,traffic_1,2024-01-10 11:00:00,35.48434570012023,31.44717399609335
synthetic_traffic,traffic,dummy_mean,traffic_1,2024-01-10 12:00:00,33.345494447404135,31.44717399609335
synthetic_traffic,traffic,dummy_mean,traffic_1,2024-01-10 13:00:00,31.20336280861623,31.44717399609335
synthetic_traffic,traffic,dummy_mean,traffic_1,2024-01-10 14:00:00,29.19915561548945,31.44717399609335
synthetic_traffic,traffic,dummy_mean,traffic_1,2024-01-10 15:00:00,27.46446609406727,31.44717399609335
synthetic_traffic,traffic,dummy_mean,traffic_1,2024-01-10 16:00:00,26.11231498303725,31.44717399609335
synthetic_traffic,traffic,dummy_mean,traffic_1,2024-01-10 17:00:00,25.229455623521815,31.44717399609335
synthetic_traffic,traffic,dummy_mean,traffic_1,2024-01-10 18:00:00,24.870469405576202,31.44717399609335
synthetic_traffic,traffic,dummy_mean,traffic_1,2024-01-10 19:00:00,25.054053946407954,31.44717399609335
synthetic_traffic,traffic,dummy_mean,traffic_1,2024-01-10 20:00:00,25.761756943915355,31.44717399609335
synthetic_traffic,traffic,dummy_mean,traffic_1,2024-01-10 21:00:00,26.939241980053595,31.44717399609335
synthetic_traffic,traffic,dummy_mean,traffic_1,2024-01-10 22:00:00,28.499999999999968,31.44717399609335
synthetic_traffic,traffic,dummy_mean,traffic_1,2024-01-10 23:00:00,30.33125352399899,31.44717399609335
synthetic_traffic,traffic,dummy_mean,traffic_2,2024-01-10 00:00:00,34.92478373654545,32.44717399609335
synthetic_traffic,traffic,dummy_mean,traffic_2,2024-01-10 01:00:00,36.96832983968731,32.44717399609335
synthetic_traffic,traffic,dummy_mean,traffic_2,2024-01-10 02:00:00,38.86671841735838,32.44717399609335
synthetic_traffic,traffic,dummy_mean,traffic_2,2024-01-10 03:00:00,40.48850424041749,32.44717399609335
synthetic_traffic,traffic,dummy_mean,traffic_2,2024-01-10 04:00:00,41.720824476208136,32.44717399609335
synthetic_traffic,traffic,dummy_mean,traffic_2,2024-01-10 05:00:00,42.47709337792247,32.44717399609335
synthetic_traffic,traffic,dummy_mean,traffic_2,2024-01-10 06:00:00,42.702906603707255,32.44717399609335
synthetic_traffic,traffic,dummy_mean,traffic_2,2024-01-10 07:00:00,42.37975279082637,32.44717399609335
synthetic_traffic,traffic,dummy_mean,traffic_2,2024-01-10 08:00:00,41.526279441628844,32.44717399609335
synthetic_traffic,traffic,dummy_mean,traffic_2,2024-01-10 09:00:00,40.197026847177256,32.44717399609335
synthetic_traffic,traffic,dummy_mean,traffic_2,2024-01-10 10:00:00,38.478716322947996,32.44717399609335
synthetic_traffic,traffic,dummy_mean,traffic_2,2024-01-10 11:00:00,36.48434570012023,32.44717399609335
synthetic_traffic,traffic,dummy_mean,traffic_2,2024-01-10 12:00:00,34.345494447404135,32.44717399609335
synthetic_traffic,traffic,dummy_mean,traffic_2,2024-01-10 13:00:00,32.203362808616234,32.44717399609335
synthetic_traffic,traffic,dummy_mean,traffic_2,2024-01-10 14:00:00,30.19915561548945,32.44717399609335
synthetic_traffic,traffic,dummy_mean,traffic_2,2024-01-10 15:00:00,28.46446609406727,32.44717399609335
synthetic_traffic,traffic,dummy_mean,traffic_2,2024-01-10 16:00:00,27.11231498303725,32.44717399609335
synthetic_traffic,traffic,dummy_mean,traffic_2,2024-01-10 17:00:00,26.229455623521815,32.44717399609335
synthetic_traffic,traffic,dummy_mean,traffic_2,2024-01-10 18:00:00,25.870469405576202,32.44717399609335
synthetic_traffic,traffic,dummy_mean,traffic_2,2024-01-10 19:00:00,26.054053946407954,32.44717399609335
synthetic_traffic,traffic,dummy_mean,traffic_2,2024-01-10 20:00:00,26.761756943915355,32.44717399609335
synthetic_traffic,traffic,dummy_mean,traffic_2,2024-01-10 21:00:00,27.939241980053595,32.44717399609335
synthetic_traffic,traffic,dummy_mean,traffic_2,2024-01-10 22:00:00,29.499999999999968,32.44717399609335
synthetic_traffic,traffic,dummy_mean,traffic_2,2024-01-10 23:00:00,31.33125352399899,32.44717399609335
synthetic_traffic,traffic,seasonal_naive,traffic_0,2024-01-10 00:00:00,32.92478373654545,32.34549444740407
synthetic_traffic,traffic,seasonal_naive,traffic_0,2024-01-10 01:00:00,34.96832983968731,34.484345700120166
synthetic_traffic,traffic,seasonal_naive,traffic_0,2024-01-10 02:00:00,36.86671841735838,36.47871632294794
synthetic_traffic,traffic,seasonal_naive,traffic_0,2024-01-10 03:00:00,38.48850424041749,38.197026847177206
synthetic_traffic,traffic,seasonal_naive,traffic_0,2024-01-10 04:00:00,39.720824476208136,39.526279441628816
synthetic_traffic,traffic,seasonal_naive,traffic_0,2024-01-10 05:00:00,40.47709337792247,40.37975279082636
synthetic_traffic,traffic,seasonal_naive,traffic_0,2024-01-10 06:00:00,40.702906603707255,40.702906603707255
synthetic_traffic,traffic,seasonal_naive,traffic_0,2024-01-10 07:00:00,40.37975279082637,40.47709337792247
synthetic_traffic,traffic,seasonal_naive,traffic_0,2024-01-10 08:00:00,39.526279441628844,39.720824476208115
synthetic_traffic,traffic,seasonal_naive,traffic_0,2024-01-10 09:00:00,38.197026847177256,38.4885042404175
synthetic_traffic,traffic,seasonal_naive,traffic_0,2024-01-10 10:00:00,36.478716322947996,36.86671841735843
synthetic_traffic,traffic,seasonal_naive,traffic_0,2024-01-10 11:00:00,34.48434570012023,34.96832983968737
synthetic_traffic,traffic,seasonal_naive,traffic_0,2024-01-10 12:00:00,32.345494447404135,32.924783736545514
synthetic_traffic,traffic,seasonal_naive,traffic_0,2024-01-10 13:00:00,30.20336280861623,30.87714705887973
synthetic_traffic,traffic,seasonal_naive,traffic_0,2024-01-10 14:00:00,28.19915561548945,28.966492478675402
synthetic_traffic,traffic,seasonal_naive,traffic_0,2024-01-10 15:00:00,26.46446609406727,27.324282380187395
synthetic_traffic,traffic,seasonal_naive,traffic_0,2024-01-10 16:00:00,25.11231498303725,26.06340816126803
synthetic_traffic,traffic,seasonal_naive,traffic_0,2024-01-10 17:00:00,24.229455623521815,25.270495504052647
synthetic_traffic,traffic,seasonal_naive,traffic_0,2024-01-10 18:00:00,23.870469405576202,25.0
synthetic_traffic,traffic,seasonal_naive,traffic_0,2024-01-10 19:00:00,24.054053946407954,25.270495504052647
synthetic_traffic,traffic,seasonal_naive,traffic_0,2024-01-10 20:00:00,24.761756943915355,26.063408161268026
synthetic_traffic,traffic,seasonal_naive,traffic_0,2024-01-10 21:00:00,25.939241980053595,27.324282380187352
synthetic_traffic,traffic,seasonal_naive,traffic_0,2024-01-10 22:00:00,27.499999999999968,28.96649247867535
synthetic_traffic,traffic,seasonal_naive,traffic_0,2024-01-10 23:00:00,29.33125352399899,30.87714705887967
synthetic_traffic,traffic,seasonal_naive,traffic_1,2024-01-10 00:00:00,33.92478373654545,33.34549444740407
synthetic_traffic,traffic,seasonal_naive,traffic_1,2024-01-10 01:00:00,35.96832983968731,35.484345700120166
synthetic_traffic,traffic,seasonal_naive,traffic_1,2024-01-10 02:00:00,37.86671841735838,37.47871632294794
synthetic_traffic,traffic,seasonal_naive,traffic_1,2024-01-10 03:00:00,39.48850424041749,39.197026847177206
synthetic_traffic,traffic,seasonal_naive,traffic_1,2024-01-10 04:00:00,40.720824476208136,40.526279441628816
synthetic_traffic,traffic,seasonal_naive,traffic_1,2024-01-10 05:00:00,41.47709337792247,41.37975279082636
synthetic_traffic,traffic,seasonal_naive,traffic_1,2024-01-10 06:00:00,41.702906603707255,41.702906603707255
synthetic_traffic,traffic,seasonal_naive,traffic_1,2024-01-10 07:00:00,41.37975279082637,41.47709337792247
synthetic_traffic,traffic,seasonal_naive,traffic_1,2024-01-10 08:00:00,40.526279441628844,40.720824476208115
synthetic_traffic,traffic,seasonal_naive,traffic_1,2024-01-10 09:00:00,39.197026847177256,39.4885042404175
synthetic_traffic,traffic,seasonal_naive,traffic_1,2024-01-10 10:00:00,37.478716322947996,37.86671841735843
synthetic_traffic,traffic,seasonal_naive,traffic_1,2024-01-10 11:00:00,35.48434570012023,35.96832983968737
synthetic_traffic,traffic,seasonal_naive,traffic_1,2024-01-10 12:00:00,33.345494447404135,33.924783736545514
synthetic_traffic,traffic,seasonal_naive,traffic_1,2024-01-10 13:00:00,31.20336280861623,31.87714705887973
synthetic_traffic,traffic,seasonal_naive,traffic_1,2024-01-10 14:00:00,29.19915561548945,29.966492478675402
synthetic_traffic,traffic,seasonal_naive,traffic_1,2024-01-10 15:00:00,27.46446609406727,28.324282380187395
synthetic_traffic,traffic,seasonal_naive,traffic_1,2024-01-10 16:00:00,26.11231498303725,27.06340816126803
synthetic_traffic,traffic,seasonal_naive,traffic_1,2024-01-10 17:00:00,25.229455623521815,26.270495504052647
synthetic_traffic,traffic,seasonal_naive,traffic_1,2024-01-10 18:00:00,24.870469405576202,26.0
synthetic_traffic,traffic,seasonal_naive,traffic_1,2024-01-10 19:00:00,25.054053946407954,26.270495504052647
synthetic_traffic,traffic,seasonal_naive,traffic_1,2024-01-10 20:00:00,25.761756943915355,27.063408161268026
synthetic_traffic,traffic,seasonal_naive,traffic_1,2024-01-10 21:00:00,26.939241980053595,28.324282380187352
synthetic_traffic,traffic,seasonal_naive,traffic_1,2024-01-10 22:00:00,28.499999999999968,29.96649247867535
synthetic_traffic,traffic,seasonal_naive,traffic_1,2024-01-10 23:00:00,30.33125352399899,31.87714705887967
synthetic_traffic,traffic,seasonal_naive,traffic_2,2024-01-10 00:00:00,34.92478373654545,34.34549444740407
synthetic_traffic,traffic,seasonal_naive,traffic_2,2024-01-10 01:00:00,36.96832983968731,36.484345700120166
synthetic_traffic,traffic,seasonal_naive,traffic_2,2024-01-10 02:00:00,38.86671841735838,38.47871632294794
synthetic_traffic,traffic,seasonal_naive,traffic_2,2024-01-10 03:00:00,40.48850424041749,40.197026847177206
synthetic_traffic,traffic,seasonal_naive,traffic_2,2024-01-10 04:00:00,41.720824476208136,41.526279441628816
synthetic_traffic,traffic,seasonal_naive,traffic_2,2024-01-10 05:00:00,42.47709337792247,42.37975279082636
synthetic_traffic,traffic,seasonal_naive,traffic_2,2024-01-10 06:00:00,42.702906603707255,42.702906603707255
synthetic_traffic,traffic,seasonal_naive,traffic_2,2024-01-10 07:00:00,42.37975279082637,42.47709337792247
synthetic_traffic,traffic,seasonal_naive,traffic_2,2024-01-10 08:00:00,41.526279441628844,41.720824476208115
synthetic_traffic,traffic,seasonal_naive,traffic_2,2024-01-10 09:00:00,40.197026847177256,40.4885042404175
synthetic_traffic,traffic,seasonal_naive,traffic_2,2024-01-10 10:00:00,38.478716322947996,38.86671841735843
synthetic_traffic,traffic,seasonal_naive,traffic_2,2024-01-10 11:00:00,36.48434570012023,36.96832983968737
synthetic_traffic,traffic,seasonal_naive,traffic_2,2024-01-10 12:00:00,34.345494447404135,34.924783736545514
synthetic_traffic,traffic,seasonal_naive,traffic_2,2024-01-10 13:00:00,32.203362808616234,32.87714705887973
synthetic_traffic,traffic,seasonal_naive,traffic_2,2024-01-10 14:00:00,30.19915561548945,30.966492478675402
synthetic_traffic,traffic,seasonal_naive,traffic_2,2024-01-10 15:00:00,28.46446609406727,29.324282380187395
synthetic_traffic,traffic,seasonal_naive,traffic_2,2024-01-10 16:00:00,27.11231498303725,28.06340816126803
synthetic_traffic,traffic,seasonal_naive,traffic_2,2024-01-10 17:00:00,26.229455623521815,27.270495504052647
synthetic_traffic,traffic,seasonal_naive,traffic_2,2024-01-10 18:00:00,25.870469405576202,27.0
synthetic_traffic,traffic,seasonal_naive,traffic_2,2024-01-10 19:00:00,26.054053946407954,27.270495504052647
synthetic_traffic,traffic,seasonal_naive,traffic_2,2024-01-10 20:00:00,26.761756943915355,28.063408161268026
synthetic_traffic,traffic,seasonal_naive,traffic_2,2024-01-10 21:00:00,27.939241980053595,29.324282380187352
synthetic_traffic,traffic,seasonal_naive,traffic_2,2024-01-10 22:00:00,29.499999999999968,30.96649247867535
synthetic_traffic,traffic,seasonal_naive,traffic_2,2024-01-10 23:00:00,31.33125352399899,32.87714705887967
synthetic_weather,weather,dummy_mean,weather_0,2024-01-08 08:00:00,22.08012701892218,18.16339458552088
synthetic_weather,weather,dummy_mean,weather_0,2024-01-08 08:10:00,21.89556342422118,18.16339458552088
synthetic_weather,weather,dummy_mean,weather_0,2024-01-08 08:20:00,21.712737999885494,18.16339458552088
synthetic_weather,weather,dummy_mean,weather_0,2024-01-08 08:30:00,21.533753999563956,18.16339458552088
synthetic_weather,weather,dummy_mean,weather_0,2024-01-08 08:40:00,21.36037590520194,18.16339458552088
synthetic_weather,weather,dummy_mean,weather_0,2024-01-08 08:50:00,21.193982807544522,18.16339458552088
synthetic_weather,weather,dummy_mean,weather_0,2024-01-08 09:00:00,21.03553390593275,18.16339458552088
synthetic_weather,weather,dummy_mean,weather_0,2024-01-08 09:10:00,20.885547161572184,18.16339458552088
synthetic_weather,weather,dummy_mean,weather_0,2024-01-08 09:20:00,20.744091738039756,18.16339458552088
synthetic_weather,weather,dummy_mean,weather_0,2024-01-08 09:30:00,20.610794443151402,18.16339458552088
synthetic_weather,weather,dummy_mean,weather_0,2024-01-08 09:40:00,20.48485996019576,18.16339458552088
synthetic_weather,weather,dummy_mean,weather_0,2024-01-08 09:50:00,20.365104236890847,18.16339458552088
synthetic_weather,weather,dummy_mean,weather_0,2024-01-08 10:00:00,20.250000000000004,18.16339458552088
synthetic_weather,weather,dummy_mean,weather_0,2024-01-08 10:10:00,20.13773299451234,18.16339458552088
synthetic_weather,weather,dummy_mean,weather_0,2024-01-08 10:20:00,20.02626721987002,18.16339458552088
synthetic_weather,weather,dummy_mean,weather_0,2024-01-08 10:30:00,19.91341716182546,18.16339458552088
synthetic_weather,weather,dummy_mean,weather_0,2024-01-08 10:40:00,19.796924805461824,18.16339458552088
synthetic_weather,weather,dummy_mean,weather_0,2024-01-08 10:50:00,19.674539069184217,18.16339458552088
synthetic_weather,weather,dummy_mean,weather_0,2024-01-08 11:00:00,19.544095225512603,18.16339458552088
synthetic_weather,weather,dummy_mean,weather_0,2024-01-08 11:10:00,19.403591874533785,18.16339458552088
synthetic_weather,weather,dummy_mean,weather_0,2024-01-08 11:20:00,19.251263109894147,18.16339458552088
synthetic_weather,weather,dummy_mean,weather_0,2024-01-08 11:30:00,19.08564366299249,18.16339458552088
synthetic_weather,weather,dummy_mean,weather_0,2024-01-08 11:40:00,18.90562502413126,18.16339458552088
synthetic_weather,weather,dummy_mean,weather_0,2024-01-08 11:50:00,18.710500813332803,18.16339458552088
synthetic_weather,weather,dummy_mean,weather_0,2024-01-08 12:00:00,18.50000000000003,18.16339458552088
synthetic_weather,weather,dummy_mean,weather_0,2024-01-08 12:10:00,18.27430693967942,18.16339458552088
synthetic_weather,weather,dummy_mean,weather_0,2024-01-08 12:20:00,18.034067596654662,18.16339458552088
synthetic_weather,weather,dummy_mean,weather_0,2024-01-08 12:30:00,17.780381740791967,18.16339458552088
synthetic_weather,weather,dummy_mean,weather_0,2024-01-08 12:40:00,17.51478133322485,18.16339458552088
synthetic_weather,weather,dummy_mean,weather_0,2024-01-08 12:50:00,17.239195735152776,18.16339458552088
synthetic_weather,weather,dummy_mean,weather_0,2024-01-08 13:00:00,16.955904774487422,18.16339458552088
synthetic_weather,weather,dummy_mean,weather_0,2024-01-08 13:10:00,16.6674810741415,18.16339458552088
synthetic_weather,weather,dummy_mean,weather_0,2024-01-08 13:20:00,16.376723372205113,18.16339458552088
synthetic_weather,weather,dummy_mean,weather_0,2024-01-08 13:30:00,16.08658283817455,18.16339458552088
synthetic_weather,weather,dummy_mean,weather_0,2024-01-08 13:40:00,15.800084602463041,18.16339458552088
synthetic_weather,weather,dummy_mean,weather_0,2024-01-08 13:50:00,15.520246862162006,18.16339458552088
synthetic_weather,weather,dummy_mean,weather_0,2024-01-08 14:00:00,15.250000000000014,18.16339458552088
synthetic_weather,weather,dummy_mean,weather_0,2024-01-08 14:10:00,14.992108153422631,18.16339458552088
synthetic_weather,weather,dummy_mean,weather_0,2024-01-08 14:20:00,14.749095596685303,18.16339458552088
synthetic_weather,weather,dummy_mean,weather_0,2024-01-08 14:30:00,14.523180153064205,18.16339458552088
synthetic_weather,weather,dummy_mean,weather_0,2024-01-08 14:40:00,14.316215641174345,18.16339458552088
synthetic_weather,weather,dummy_mean,weather_0,2024-01-08 14:50:00,14.129645085415595,18.16339458552088
synthetic_weather,weather,dummy_mean,weather_0,2024-01-08 15:00:00,13.964466094067266,18.16339458552088
synthetic_weather,weather,dummy_mean,weather_0,2024-01-08 15:10:00,13.821209439443281,18.16339458552088
synthetic_weather,weather,dummy_mean,weather_0,2024-01-08 15:20:00,13.699931474012162,18.16339458552088
synthetic_weather,weather,dummy_mean,weather_0,2024-01-08 15:30:00,13.600220596651614,18.16339458552088
synthetic_weather,weather,dummy_mean,weather_0,2024-01-08 15:40:00,13.52121755699556,18.16339458552088
synthetic_weather,weather,dummy_mean,weather_0,2024-01-08 15:50:00,13.4616489660923,18.16339458552088
synthetic_weather,weather,dummy_mean,weather_0,2024-01-08 16:00:00,13.419872981077805,18.16339458552088
synthetic_weather,weather,dummy_mean,weather_0,2024-01-08 16:10:00,13.393935762446059,18.16339458552088
synthetic_weather,weather,dummy_mean,weather_0,2024-01-08 16:20:00,13.381636975983286,18.16339458552088
synthetic_weather,weather,dummy_mean,weather_0,2024-01-08 16:30:00,13.380602337443564,18.16339458552088
synthetic_weather,weather,dummy_mean,weather_0,2024-01-08 16:40:00,13.38836098490392,18.16339458552088
synthetic_weather,weather,dummy_mean,weather_0,2024-01-08 16:50:00,13.402425317921697,18.16339458552088
synthetic_weather,weather,dummy_mean,weather_0,2024-01-08 17:00:00,13.42037086855466,18.16339458552088
synthetic_weather,weather,dummy_mean,weather_0,2024-01-08 17:10:00,13.439913769243603,18.16339458552088
synthetic_weather,weather,dummy_mean,weather_0,2024-01-08 17:20:00,13.45898345649845,18.16339458552088
synthetic_weather,weather,dummy_mean,weather_0,2024-01-08 17:30:00,13.475788395023168,18.16339458552088
synthetic_weather,weather,dummy_mean,weather_0,2024-01-08 17:40:00,13.488872819934226,18.16339458552088
synthetic_weather,weather,dummy_mean,weather_0,2024-01-08 17:50:00,13.497162768596814,18.16339458552088
synthetic_weather,weather,dummy_mean,weather_0,2024-01-08 18:00:00,13.5,18.16339458552088
synthetic_weather,weather,dummy_mean,weather_0,2024-01-08 18:10:00,13.497162768596816,18.16339458552088
synthetic_weather,weather,dummy_mean,weather_0,2024-01-08 18:20:00,13.488872819934226,18.16339458552088
synthetic_weather,weather,dummy_mean,weather_0,2024-01-08 18:30:00,13.475788395023168,18.16339458552088
synthetic_weather,weather,dummy_mean,weather_0,2024-01-08 18:40:00,13.458983456498448,18.16339458552088
synthetic_weather,weather,dummy_mean,weather_0,2024-01-08 18:50:00,13.439913769243603,18.16339458552088
synthetic_weather,weather,dummy_mean,weather_0,2024-01-08 19:00:00,13.42037086855466,18.16339458552088
synthetic_weather,weather,dummy_mean,weather_0,2024-01-08 19:10:00,13.4024253179217,18.16339458552088
synthetic_weather,weather,dummy_mean,weather_0,2024-01-08 19:20:00,13.388360984903926,18.16339458552088
synthetic_weather,weather,dummy_mean,weather_0,2024-01-08 19:30:00,13.380602337443566,18.16339458552088
synthetic_weather,weather,dummy_mean,weather_0,2024-01-08 19:40:00,13.381636975983286,18.16339458552088
synthetic_weather,weather,dummy_mean,weather_0,2024-01-08 19:50:00,13.393935762446057,18.16339458552088
synthetic_weather,weather,dummy_mean,weather_0,2024-01-08 20:00:00,13.419872981077802,18.16339458552088
synthetic_weather,weather,dummy_mean,weather_0,2024-01-08 20:10:00,13.4616489660923,18.16339458552088
synthetic_weather,weather,dummy_mean,weather_0,2024-01-08 20:20:00,13.521217556995548,18.16339458552088
synthetic_weather,weather,dummy_mean,weather_0,2024-01-08 20:30:00,13.600220596651598,18.16339458552088
synthetic_weather,weather,dummy_mean,weather_0,2024-01-08 20:40:00,13.699931474012162,18.16339458552088
synthetic_weather,weather,dummy_mean,weather_0,2024-01-08 20:50:00,13.821209439443281,18.16339458552088
synthetic_weather,weather,dummy_mean,weather_0,2024-01-08 21:00:00,13.964466094067266,18.16339458552088
synthetic_weather,weather,dummy_mean,weather_0,2024-01-08 21:10:00,14.129645085415564,18.16339458552088
synthetic_weather,weather,dummy_mean,weather_0,2024-01-08 21:20:00,14.316215641174344,18.16339458552088
synthetic_weather,weather,dummy_mean,weather_0,2024-01-08 21:30:00,14.523180153064168,18.16339458552088
synthetic_weather,weather,dummy_mean,weather_0,2024-01-08 21:40:00,14.749095596685263,18.16339458552088
synthetic_weather,weather,dummy_mean,weather_0,2024-01-08 21:50:00,14.992108153422588,18.16339458552088
synthetic_weather,weather,dummy_mean,weather_0,2024-01-08 22:00:00,15.250000000000012,18.16339458552088
synthetic_weather,weather,dummy_mean,weather_0,2024-01-08 22:10:00,15.520246862162004,18.16339458552088
synthetic_weather,weather,dummy_mean,weather_0,2024-01-08 22:20:00,15.800084602462993,18.16339458552088
synthetic_weather,weather,dummy_mean,weather_0,2024-01-08 22:30:00,16.08658283817455,18.16339458552088
synthetic_weather,weather,dummy_mean,weather_0,2024-01-08 22:40:00,16.376723372205113,18.16339458552088
synthetic_weather,weather,dummy_mean,weather_0,2024-01-08 22:50:00,16.667481074141453,18.16339458552088
synthetic_weather,weather,dummy_mean,weather_0,2024-01-08 23:00:00,16.955904774487372,18.16339458552088
synthetic_weather,weather,dummy_mean,weather_0,2024-01-08 23:10:00,17.239195735152773,18.16339458552088
synthetic_weather,weather,dummy_mean,weather_0,2024-01-08 23:20:00,17.51478133322485,18.16339458552088
synthetic_weather,weather,dummy_mean,weather_0,2024-01-08 23:30:00,17.780381740791924,18.16339458552088
synthetic_weather,weather,dummy_mean,weather_0,2024-01-08 23:40:00,18.034067596654623,18.16339458552088
synthetic_weather,weather,dummy_mean,weather_0,2024-01-08 23:50:00,18.274306939679416,18.16339458552088
synthetic_weather,weather,dummy_mean,weather_0,2024-01-09 00:00:00,18.49999999999999,18.16339458552088
synthetic_weather,weather,dummy_mean,weather_0,2024-01-09 00:10:00,18.71050081333277,18.16339458552088
synthetic_weather,weather,dummy_mean,weather_0,2024-01-09 00:20:00,18.90562502413126,18.16339458552088
synthetic_weather,weather,dummy_mean,weather_0,2024-01-09 00:30:00,19.085643662992485,18.16339458552088
synthetic_weather,weather,dummy_mean,weather_0,2024-01-09 00:40:00,19.25126310989412,18.16339458552088
synthetic_weather,weather,dummy_mean,weather_0,2024-01-09 00:50:00,19.40359187453376,18.16339458552088
synthetic_weather,weather,dummy_mean,weather_0,2024-01-09 01:00:00,19.544095225512603,18.16339458552088
synthetic_weather,weather,dummy_mean,weather_0,2024-01-09 01:10:00,19.674539069184195,18.16339458552088
synthetic_weather,weather,dummy_mean,weather_0,2024-01-09 01:20:00,19.796924805461803,18.16339458552088
synthetic_weather,weather,dummy_mean,weather_0,2024-01-09 01:30:00,19.91341716182544,18.16339458552088
synthetic_weather,weather,dummy_mean,weather_0,2024-01-09 01:40:00,20.02626721987004,18.16339458552088
synthetic_weather,weather,dummy_mean,weather_0,2024-01-09 01:50:00,20.137732994512323,18.16339458552088
synthetic_weather,weather,dummy_mean,weather_0,2024-01-09 02:00:00,20.249999999999982,18.16339458552088
synthetic_weather,weather,dummy_mean,weather_0,2024-01-09 02:10:00,20.36510423689085,18.16339458552088
synthetic_weather,weather,dummy_mean,weather_0,2024-01-09 02:20:00,20.484859960195738,18.16339458552088
synthetic_weather,weather,dummy_mean,weather_0,2024-01-09 02:30:00,20.610794443151377,18.16339458552088
synthetic_weather,weather,dummy_mean,weather_0,2024-01-09 02:40:00,20.744091738039735,18.16339458552088
synthetic_weather,weather,dummy_mean,weather_0,2024-01-09 02:50:00,20.88554716157221,18.16339458552088
synthetic_weather,weather,dummy_mean,weather_0,2024-01-09 03:00:00,21.03553390593272,18.16339458552088
synthetic_weather,weather,dummy_mean,weather_0,2024-01-09 03:10:00,21.193982807544497,18.16339458552088
synthetic_weather,weather,dummy_mean,weather_0,2024-01-09 03:20:00,21.36037590520191,18.16339458552088
synthetic_weather,weather,dummy_mean,weather_0,2024-01-09 03:30:00,21.533753999563952,18.16339458552088
synthetic_weather,weather,dummy_mean,weather_0,2024-01-09 03:40:00,21.712737999885466,18.16339458552088
synthetic_weather,weather,dummy_mean,weather_0,2024-01-09 03:50:00,21.89556342422115,18.16339458552088
synthetic_weather,weather,dummy_mean,weather_0,2024-01-09 04:00:00,22.080127018922212,18.16339458552088
synthetic_weather,weather,dummy_mean,weather_0,2024-01-09 04:10:00,22.264044094228257,18.16339458552088
synthetic_weather,weather,dummy_mean,weather_0,2024-01-09 04:20:00,22.444714846349765,18.16339458552088
synthetic_weather,weather,dummy_mean,weather_0,2024-01-09 04:30:00,22.619397662556413,18.16339458552088
synthetic_weather,weather,dummy_mean,weather_0,2024-01-09 04:40:00,22.785287192763008,18.16339458552088
synthetic_weather,weather,dummy_mean,weather_0,2024-01-09 04:50:00,22.93959482540397,18.16339458552088
synthetic_weather,weather,dummy_mean,weather_0,2024-01-09 05:00:00,23.079629131445337,18.16339458552088
synthetic_weather,weather,dummy_mean,weather_0,2024-01-09 05:10:00,23.20287384044293,18.16339458552088
synthetic_weather,weather,dummy_mean,weather_0,2024-01-09 05:20:00,23.307060986620524,18.16339458552088
synthetic_weather,weather,dummy_mean,weather_0,2024-01-09 05:30:00,23.390237008761265,18.16339458552088
synthetic_weather,weather,dummy_mean,weather_0,2024-01-09 05:40:00,23.450819800851676,18.16339458552088
synthetic_weather,weather,dummy_mean,weather_0,2024-01-09 05:50:00,23.48764498441539,18.16339458552088
synthetic_weather,weather,dummy_mean,weather_0,2024-01-09 06:00:00,23.5,18.16339458552088
synthetic_weather,weather,dummy_mean,weather_0,2024-01-09 06:10:00,23.48764498441539,18.16339458552088
synthetic_weather,weather,dummy_mean,weather_0,2024-01-09 06:20:00,23.450819800851686,18.16339458552088
synthetic_weather,weather,dummy_mean,weather_0,2024-01-09 06:30:00,23.39023700876128,18.16339458552088
synthetic_weather,weather,dummy_mean,weather_0,2024-01-09 06:40:00,23.307060986620538,18.16339458552088
synthetic_weather,weather,dummy_mean,weather_0,2024-01-09 06:50:00,23.20287384044295,18.16339458552088
synthetic_weather,weather,dummy_mean,weather_0,2024-01-09 07:00:00,23.07962913144536,18.16339458552088
synthetic_weather,weather,dummy_mean,weather_0,2024-01-09 07:10:00,22.93959482540397,18.16339458552088
synthetic_weather,weather,dummy_mean,weather_0,2024-01-09 07:20:00,22.78528719276301,18.16339458552088
synthetic_weather,weather,dummy_mean,weather_0,2024-01-09 07:30:00,22.61939766255644,18.16339458552088
synthetic_weather,weather,dummy_mean,weather_0,2024-01-09 07:40:00,22.444714846349797,18.16339458552088
synthetic_weather,weather,dummy_mean,weather_0,2024-01-09 07:50:00,22.26404409422829,18.16339458552088
synthetic_weather,weather,dummy_mean,weather_1,2024-01-08 08:00:00,23.08012701892218,19.16339458552088
synthetic_weather,weather,dummy_mean,weather_1,2024-01-08 08:10:00,22.89556342422118,19.16339458552088
synthetic_weather,weather,dummy_mean,weather_1,2024-01-08 08:20:00,22.712737999885494,19.16339458552088
synthetic_weather,weather,dummy_mean,weather_1,2024-01-08 08:30:00,22.533753999563956,19.16339458552088
synthetic_weather,weather,dummy_mean,weather_1,2024-01-08 08:40:00,22.36037590520194,19.16339458552088
synthetic_weather,weather,dummy_mean,weather_1,2024-01-08 08:50:00,22.193982807544522,19.16339458552088
synthetic_weather,weather,dummy_mean,weather_1,2024-01-08 09:00:00,22.03553390593275,19.16339458552088
synthetic_weather,weather,dummy_mean,weather_1,2024-01-08 09:10:00,21.885547161572184,19.16339458552088
synthetic_weather,weather,dummy_mean,weather_1,2024-01-08 09:20:00,21.744091738039756,19.16339458552088
synthetic_weather,weather,dummy_mean,weather_1,2024-01-08 09:30:00,21.610794443151402,19.16339458552088
synthetic_weather,weather,dummy_mean,weather_1,2024-01-08 09:40:00,21.48485996019576,19.16339458552088
synthetic_weather,weather,dummy_mean,weather_1,2024-01-08 09:50:00,21.365104236890847,19.16339458552088
synthetic_weather,weather,dummy_mean,weather_1,2024-01-08 10:00:00,21.250000000000004,19.16339458552088
synthetic_weather,weather,dummy_mean,weather_1,2024-01-08 10:10:00,21.13773299451234,19.16339458552088
synthetic_weather,weather,dummy_mean,weather_1,2024-01-08 10:20:00,21.02626721987002,19.16339458552088
synthetic_weather,weather,dummy_mean,weather_1,2024-01-08 10:30:00,20.91341716182546,19.16339458552088
synthetic_weather,weather,dummy_mean,weather_1,2024-01-08 10:40:00,20.796924805461824,19.16339458552088
synthetic_weather,weather,dummy_mean,weather_1,2024-01-08 10:50:00,20.674539069184217,19.16339458552088
synthetic_weather,weather,dummy_mean,weather_1,2024-01-08 11:00:00,20.544095225512603,19.16339458552088
synthetic_weather,weather,dummy_mean,weather_1,2024-01-08 11:10:00,20.403591874533785,19.16339458552088
synthetic_weather,weather,dummy_mean,weather_1,2024-01-08 11:20:00,20.251263109894147,19.16339458552088
synthetic_weather,weather,dummy_mean,weather_1,2024-01-08 11:30:00,20.08564366299249,19.16339458552088
synthetic_weather,weather,dummy_mean,weather_1,2024-01-08 11:40:00,19.90562502413126,19.16339458552088
synthetic_weather,weather,dummy_mean,weather_1,2024-01-08 11:50:00,19.710500813332803,19.16339458552088
synthetic_weather,weather,dummy_mean,weather_1,2024-01-08 12:00:00,19.50000000000003,19.16339458552088
synthetic_weather,weather,dummy_mean,weather_1,2024-01-08 12:10:00,19.27430693967942,19.16339458552088
synthetic_weather,weather,dummy_mean,weather_1,2024-01-08 12:20:00,19.034067596654662,19.16339458552088
synthetic_weather,weather,dummy_mean,weather_1,2024-01-08 12:30:00,18.780381740791967,19.16339458552088
synthetic_weather,weather,dummy_mean,weather_1,2024-01-08 12:40:00,18.51478133322485,19.16339458552088
synthetic_weather,weather,dummy_mean,weather_1,2024-01-08 12:50:00,18.239195735152776,19.16339458552088
synthetic_weather,weather,dummy_mean,weather_1,2024-01-08 13:00:00,17.955904774487422,19.16339458552088
synthetic_weather,weather,dummy_mean,weather_1,2024-01-08 13:10:00,17.6674810741415,19.16339458552088
synthetic_weather,weather,dummy_mean,weather_1,2024-01-08 13:20:00,17.376723372205113,19.16339458552088
synthetic_weather,weather,dummy_mean,weather_1,2024-01-08 13:30:00,17.08658283817455,19.16339458552088
synthetic_weather,weather,dummy_mean,weather_1,2024-01-08 13:40:00,16.80008460246304,19.16339458552088
synthetic_weather,weather,dummy_mean,weather_1,2024-01-08 13:50:00,16.520246862162004,19.16339458552088
synthetic_weather,weather,dummy_mean,weather_1,2024-01-08 14:00:00,16.250000000000014,19.16339458552088
synthetic_weather,weather,dummy_mean,weather_1,2024-01-08 14:10:00,15.992108153422631,19.16339458552088
synthetic_weather,weather,dummy_mean,weather_1,2024-01-08 14:20:00,15.749095596685303,19.16339458552088
synthetic_weather,weather,dummy_mean,weather_1,2024-01-08 14:30:00,15.523180153064205,19.16339458552088
synthetic_weather,weather,dummy_mean,weather_1,2024-01-08 14:40:00,15.316215641174345,19.16339458552088
synthetic_weather,weather,dummy_mean,weather_1,2024-01-08 14:50:00,15.129645085415595,19.16339458552088
synthetic_weather,weather,dummy_mean,weather_1,2024-01-08 15:00:00,14.964466094067266,19.16339458552088
synthetic_weather,weather,dummy_mean,weather_1,2024-01-08 15:10:00,14.821209439443281,19.16339458552088
synthetic_weather,weather,dummy_mean,weather_1,2024-01-08 15:20:00,14.699931474012162,19.16339458552088
synthetic_weather,weather,dummy_mean,weather_1,2024-01-08 15:30:00,14.600220596651614,19.16339458552088
synthetic_weather,weather,dummy_mean,weather_1,2024-01-08 15:40:00,14.52121755699556,19.16339458552088
synthetic_weather,weather,dummy_mean,weather_1,2024-01-08 15:50:00,14.4616489660923,19.16339458552088
synthetic_weather,weather,dummy_mean,weather_1,2024-01-08 16:00:00,14.419872981077805,19.16339458552088
synthetic_weather,weather,dummy_mean,weather_1,2024-01-08 16:10:00,14.393935762446059,19.16339458552088
synthetic_weather,weather,dummy_mean,weather_1,2024-01-08 16:20:00,14.381636975983286,19.16339458552088
synthetic_weather,weather,dummy_mean,weather_1,2024-01-08 16:30:00,14.380602337443564,19.16339458552088
synthetic_weather,weather,dummy_mean,weather_1,2024-01-08 16:40:00,14.38836098490392,19.16339458552088
synthetic_weather,weather,dummy_mean,weather_1,2024-01-08 16:50:00,14.402425317921697,19.16339458552088
synthetic_weather,weather,dummy_mean,weather_1,2024-01-08 17:00:00,14.42037086855466,19.16339458552088
synthetic_weather,weather,dummy_mean,weather_1,2024-01-08 17:10:00,14.439913769243603,19.16339458552088
synthetic_weather,weather,dummy_mean,weather_1,2024-01-08 17:20:00,14.45898345649845,19.16339458552088
synthetic_weather,weather,dummy_mean,weather_1,2024-01-08 17:30:00,14.475788395023168,19.16339458552088
synthetic_weather,weather,dummy_mean,weather_1,2024-01-08 17:40:00,14.488872819934226,19.16339458552088
synthetic_weather,weather,dummy_mean,weather_1,2024-01-08 17:50:00,14.497162768596814,19.16339458552088
synthetic_weather,weather,dummy_mean,weather_1,2024-01-08 18:00:00,14.5,19.16339458552088
synthetic_weather,weather,dummy_mean,weather_1,2024-01-08 18:10:00,14.497162768596816,19.16339458552088
synthetic_weather,weather,dummy_mean,weather_1,2024-01-08 18:20:00,14.488872819934226,19.16339458552088
synthetic_weather,weather,dummy_mean,weather_1,2024-01-08 18:30:00,14.475788395023168,19.16339458552088
synthetic_weather,weather,dummy_mean,weather_1,2024-01-08 18:40:00,14.458983456498448,19.16339458552088
synthetic_weather,weather,dummy_mean,weather_1,2024-01-08 18:50:00,14.439913769243603,19.16339458552088
synthetic_weather,weather,dummy_mean,weather_1,2024-01-08 19:00:00,14.42037086855466,19.16339458552088
synthetic_weather,weather,dummy_mean,weather_1,2024-01-08 19:10:00,14.4024253179217,19.16339458552088
synthetic_weather,weather,dummy_mean,weather_1,2024-01-08 19:20:00,14.388360984903926,19.16339458552088
synthetic_weather,weather,dummy_mean,weather_1,2024-01-08 19:30:00,14.380602337443566,19.16339458552088
synthetic_weather,weather,dummy_mean,weather_1,2024-01-08 19:40:00,14.381636975983286,19.16339458552088
synthetic_weather,weather,dummy_mean,weather_1,2024-01-08 19:50:00,14.393935762446057,19.16339458552088
synthetic_weather,weather,dummy_mean,weather_1,2024-01-08 20:00:00,14.419872981077802,19.16339458552088
synthetic_weather,weather,dummy_mean,weather_1,2024-01-08 20:10:00,14.4616489660923,19.16339458552088
synthetic_weather,weather,dummy_mean,weather_1,2024-01-08 20:20:00,14.521217556995548,19.16339458552088
synthetic_weather,weather,dummy_mean,weather_1,2024-01-08 20:30:00,14.600220596651598,19.16339458552088
synthetic_weather,weather,dummy_mean,weather_1,2024-01-08 20:40:00,14.699931474012162,19.16339458552088
synthetic_weather,weather,dummy_mean,weather_1,2024-01-08 20:50:00,14.821209439443281,19.16339458552088
synthetic_weather,weather,dummy_mean,weather_1,2024-01-08 21:00:00,14.964466094067266,19.16339458552088
synthetic_weather,weather,dummy_mean,weather_1,2024-01-08 21:10:00,15.129645085415564,19.16339458552088
synthetic_weather,weather,dummy_mean,weather_1,2024-01-08 21:20:00,15.316215641174344,19.16339458552088
synthetic_weather,weather,dummy_mean,weather_1,2024-01-08 21:30:00,15.523180153064168,19.16339458552088
synthetic_weather,weather,dummy_mean,weather_1,2024-01-08 21:40:00,15.749095596685263,19.16339458552088
synthetic_weather,weather,dummy_mean,weather_1,2024-01-08 21:50:00,15.992108153422588,19.16339458552088
synthetic_weather,weather,dummy_mean,weather_1,2024-01-08 22:00:00,16.250000000000014,19.16339458552088
synthetic_weather,weather,dummy_mean,weather_1,2024-01-08 22:10:00,16.520246862162004,19.16339458552088
synthetic_weather,weather,dummy_mean,weather_1,2024-01-08 22:20:00,16.800084602462995,19.16339458552088
synthetic_weather,weather,dummy_mean,weather_1,2024-01-08 22:30:00,17.08658283817455,19.16339458552088
synthetic_weather,weather,dummy_mean,weather_1,2024-01-08 22:40:00,17.376723372205113,19.16339458552088
synthetic_weather,weather,dummy_mean,weather_1,2024-01-08 22:50:00,17.667481074141453,19.16339458552088
synthetic_weather,weather,dummy_mean,weather_1,2024-01-08 23:00:00,17.955904774487372,19.16339458552088
synthetic_weather,weather,dummy_mean,weather_1,2024-01-08 23:10:00,18.239195735152773,19.16339458552088
synthetic_weather,weather,dummy_mean,weather_1,2024-01-08 23:20:00,18.51478133322485,19.16339458552088
synthetic_weather,weather,dummy_mean,weather_1,2024-01-08 23:30:00,18.780381740791924,19.16339458552088
synthetic_weather,weather,dummy_mean,weather_1,2024-01-08 23:40:00,19.034067596654623,19.16339458552088
synthetic_weather,weather,dummy_mean,weather_1,2024-01-08 23:50:00,19.274306939679416,19.16339458552088
synthetic_weather,weather,dummy_mean,weather_1,2024-01-09 00:00:00,19.49999999999999,19.16339458552088
synthetic_weather,weather,dummy_mean,weather_1,2024-01-09 00:10:00,19.71050081333277,19.16339458552088
synthetic_weather,weather,dummy_mean,weather_1,2024-01-09 00:20:00,19.90562502413126,19.16339458552088
synthetic_weather,weather,dummy_mean,weather_1,2024-01-09 00:30:00,20.085643662992485,19.16339458552088
synthetic_weather,weather,dummy_mean,weather_1,2024-01-09 00:40:00,20.25126310989412,19.16339458552088
synthetic_weather,weather,dummy_mean,weather_1,2024-01-09 00:50:00,20.40359187453376,19.16339458552088
synthetic_weather,weather,dummy_mean,weather_1,2024-01-09 01:00:00,20.544095225512603,19.16339458552088
synthetic_weather,weather,dummy_mean,weather_1,2024-01-09 01:10:00,20.674539069184195,19.16339458552088
synthetic_weather,weather,dummy_mean,weather_1,2024-01-09 01:20:00,20.796924805461803,19.16339458552088
synthetic_weather,weather,dummy_mean,weather_1,2024-01-09 01:30:00,20.91341716182544,19.16339458552088
synthetic_weather,weather,dummy_mean,weather_1,2024-01-09 01:40:00,21.02626721987004,19.16339458552088
synthetic_weather,weather,dummy_mean,weather_1,2024-01-09 01:50:00,21.137732994512323,19.16339458552088
synthetic_weather,weather,dummy_mean,weather_1,2024-01-09 02:00:00,21.249999999999982,19.16339458552088
synthetic_weather,weather,dummy_mean,weather_1,2024-01-09 02:10:00,21.36510423689085,19.16339458552088
synthetic_weather,weather,dummy_mean,weather_1,2024-01-09 02:20:00,21.484859960195738,19.16339458552088
synthetic_weather,weather,dummy_mean,weather_1,2024-01-09 02:30:00,21.610794443151377,19.16339458552088
synthetic_weather,weather,dummy_mean,weather_1,2024-01-09 02:40:00,21.744091738039735,19.16339458552088
synthetic_weather,weather,dummy_mean,weather_1,2024-01-09 02:50:00,21.88554716157221,19.16339458552088
synthetic_weather,weather,dummy_mean,weather_1,2024-01-09 03:00:00,22.03553390593272,19.16339458552088
synthetic_weather,weather,dummy_mean,weather_1,2024-01-09 03:10:00,22.193982807544497,19.16339458552088
synthetic_weather,weather,dummy_mean,weather_1,2024-01-09 03:20:00,22.36037590520191,19.16339458552088
synthetic_weather,weather,dummy_mean,weather_1,2024-01-09 03:30:00,22.533753999563952,19.16339458552088
synthetic_weather,weather,dummy_mean,weather_1,2024-01-09 03:40:00,22.712737999885466,19.16339458552088
synthetic_weather,weather,dummy_mean,weather_1,2024-01-09 03:50:00,22.89556342422115,19.16339458552088
synthetic_weather,weather,dummy_mean,weather_1,2024-01-09 04:00:00,23.080127018922212,19.16339458552088
synthetic_weather,weather,dummy_mean,weather_1,2024-01-09 04:10:00,23.264044094228257,19.16339458552088
synthetic_weather,weather,dummy_mean,weather_1,2024-01-09 04:20:00,23.444714846349765,19.16339458552088
synthetic_weather,weather,dummy_mean,weather_1,2024-01-09 04:30:00,23.619397662556413,19.16339458552088
synthetic_weather,weather,dummy_mean,weather_1,2024-01-09 04:40:00,23.785287192763008,19.16339458552088
synthetic_weather,weather,dummy_mean,weather_1,2024-01-09 04:50:00,23.93959482540397,19.16339458552088
synthetic_weather,weather,dummy_mean,weather_1,2024-01-09 05:00:00,24.079629131445337,19.16339458552088
synthetic_weather,weather,dummy_mean,weather_1,2024-01-09 05:10:00,24.20287384044293,19.16339458552088
synthetic_weather,weather,dummy_mean,weather_1,2024-01-09 05:20:00,24.307060986620524,19.16339458552088
synthetic_weather,weather,dummy_mean,weather_1,2024-01-09 05:30:00,24.390237008761265,19.16339458552088
synthetic_weather,weather,dummy_mean,weather_1,2024-01-09 05:40:00,24.450819800851676,19.16339458552088
synthetic_weather,weather,dummy_mean,weather_1,2024-01-09 05:50:00,24.48764498441539,19.16339458552088
synthetic_weather,weather,dummy_mean,weather_1,2024-01-09 06:00:00,24.5,19.16339458552088
synthetic_weather,weather,dummy_mean,weather_1,2024-01-09 06:10:00,24.48764498441539,19.16339458552088
synthetic_weather,weather,dummy_mean,weather_1,2024-01-09 06:20:00,24.450819800851686,19.16339458552088
synthetic_weather,weather,dummy_mean,weather_1,2024-01-09 06:30:00,24.39023700876128,19.16339458552088
synthetic_weather,weather,dummy_mean,weather_1,2024-01-09 06:40:00,24.307060986620538,19.16339458552088
synthetic_weather,weather,dummy_mean,weather_1,2024-01-09 06:50:00,24.20287384044295,19.16339458552088
synthetic_weather,weather,dummy_mean,weather_1,2024-01-09 07:00:00,24.07962913144536,19.16339458552088
synthetic_weather,weather,dummy_mean,weather_1,2024-01-09 07:10:00,23.93959482540397,19.16339458552088
synthetic_weather,weather,dummy_mean,weather_1,2024-01-09 07:20:00,23.78528719276301,19.16339458552088
synthetic_weather,weather,dummy_mean,weather_1,2024-01-09 07:30:00,23.61939766255644,19.16339458552088
synthetic_weather,weather,dummy_mean,weather_1,2024-01-09 07:40:00,23.444714846349797,19.16339458552088
synthetic_weather,weather,dummy_mean,weather_1,2024-01-09 07:50:00,23.26404409422829,19.16339458552088
synthetic_weather,weather,seasonal_naive,weather_0,2024-01-08 08:00:00,22.08012701892218,22.08012701892218
synthetic_weather,weather,seasonal_naive,weather_0,2024-01-08 08:10:00,21.89556342422118,22.264044094228257
synthetic_weather,weather,seasonal_naive,weather_0,2024-01-08 08:20:00,21.712737999885494,22.444714846349797
synthetic_weather,weather,seasonal_naive,weather_0,2024-01-08 08:30:00,21.533753999563956,22.61939766255644
synthetic_weather,weather,seasonal_naive,weather_0,2024-01-08 08:40:00,21.36037590520194,22.785287192762983
synthetic_weather,weather,seasonal_naive,weather_0,2024-01-08 08:50:00,21.193982807544522,22.93959482540397
synthetic_weather,weather,seasonal_naive,weather_0,2024-01-08 09:00:00,21.03553390593275,23.079629131445337
synthetic_weather,weather,seasonal_naive,weather_0,2024-01-08 09:10:00,20.885547161572184,23.20287384044293
synthetic_weather,weather,seasonal_naive,weather_0,2024-01-08 09:20:00,20.744091738039756,23.307060986620524
synthetic_weather,weather,seasonal_naive,weather_0,2024-01-08 09:30:00,20.610794443151402,23.390237008761275
synthetic_weather,weather,seasonal_naive,weather_0,2024-01-08 09:40:00,20.48485996019576,23.450819800851686
synthetic_weather,weather,seasonal_naive,weather_0,2024-01-08 09:50:00,20.365104236890847,23.48764498441539
synthetic_weather,weather,seasonal_naive,weather_0,2024-01-08 10:00:00,20.250000000000004,23.5
synthetic_weather,weather,seasonal_naive,weather_0,2024-01-08 10:10:00,20.13773299451234,23.48764498441539
synthetic_weather,weather,seasonal_naive,weather_0,2024-01-08 10:20:00,20.02626721987002,23.450819800851686
synthetic_weather,weather,seasonal_naive,weather_0,2024-01-08 10:30:00,19.91341716182546,23.390237008761275
synthetic_weather,weather,seasonal_naive,weather_0,2024-01-08 10:40:00,19.796924805461824,23.307060986620524
synthetic_weather,weather,seasonal_naive,weather_0,2024-01-08 10:50:00,19.674539069184217,23.20287384044293
synthetic_weather,weather,seasonal_naive,weather_0,2024-01-08 11:00:00,19.544095225512603,23.07962913144536
synthetic_weather,weather,seasonal_naive,weather_0,2024-01-08 11:10:00,19.403591874533785,22.93959482540399
synthetic_weather,weather,seasonal_naive,weather_0,2024-01-08 11:20:00,19.251263109894147,22.785287192763008
synthetic_weather,weather,seasonal_naive,weather_0,2024-01-08 11:30:00,19.08564366299249,22.61939766255644
synthetic_weather,weather,seasonal_naive,weather_0,2024-01-08 11:40:00,18.90562502413126,22.444714846349797
synthetic_weather,weather,seasonal_naive,weather_0,2024-01-08 11:50:00,18.710500813332803,22.26404409422829
synthetic_weather,weather,seasonal_naive,weather_0,2024-01-08 12:00:00,18.50000000000003,22.08012701892218
synthetic_weather,weather,seasonal_naive,weather_0,2024-01-08 12:10:00,18.27430693967942,22.264044094228257
synthetic_weather,weather,seasonal_naive,weather_0,2024-01-08 12:20:00,18.034067596654662,22.444714846349797
synthetic_weather,weather,seasonal_naive,weather_0,2024-01-08 12:30:00,17.780381740791967,22.61939766255644
synthetic_weather,weather,seasonal_naive,weather_0,2024-01-08 12:40:00,17.51478133322485,22.785287192762983
synthetic_weather,weather,seasonal_naive,weather_0,2024-01-08 12:50:00,17.239195735152776,22.93959482540397
synthetic_weather,weather,seasonal_naive,weather_0,2024-01-08 13:00:00,16.955904774487422,23.079629131445337
synthetic_weather,weather,seasonal_naive,weather_0,2024-01-08 13:10:00,16.6674810741415,23.20287384044293
synthetic_weather,weather,seasonal_naive,weather_0,2024-01-08 13:20:00,16.376723372205113,23.307060986620524
synthetic_weather,weather,seasonal_naive,weather_0,2024-01-08 13:30:00,16.08658283817455,23.390237008761275
synthetic_weather,weather,seasonal_naive,weather_0,2024-01-08 13:40:00,15.800084602463041,23.450819800851686
synthetic_weather,weather,seasonal_naive,weather_0,2024-01-08 13:50:00,15.520246862162006,23.48764498441539
synthetic_weather,weather,seasonal_naive,weather_0,2024-01-08 14:00:00,15.250000000000014,23.5
synthetic_weather,weather,seasonal_naive,weather_0,2024-01-08 14:10:00,14.992108153422631,23.48764498441539
synthetic_weather,weather,seasonal_naive,weather_0,2024-01-08 14:20:00,14.749095596685303,23.450819800851686
synthetic_weather,weather,seasonal_naive,weather_0,2024-01-08 14:30:00,14.523180153064205,23.390237008761275
synthetic_weather,weather,seasonal_naive,weather_0,2024-01-08 14:40:00,14.316215641174345,23.307060986620524
synthetic_weather,weather,seasonal_naive,weather_0,2024-01-08 14:50:00,14.129645085415595,23.20287384044293
synthetic_weather,weather,seasonal_naive,weather_0,2024-01-08 15:00:00,13.964466094067266,23.07962913144536
synthetic_weather,weather,seasonal_naive,weather_0,2024-01-08 15:10:00,13.821209439443281,22.93959482540399
synthetic_weather,weather,seasonal_naive,weather_0,2024-01-08 15:20:00,13.699931474012162,22.785287192763008
synthetic_weather,weather,seasonal_naive,weather_0,2024-01-08 15:30:00,13.600220596651614,22.61939766255644
synthetic_weather,weather,seasonal_naive,weather_0,2024-01-08 15:40:00,13.52121755699556,22.444714846349797
synthetic_weather,weather,seasonal_naive,weather_0,2024-01-08 15:50:00,13.4616489660923,22.26404409422829
synthetic_weather,weather,seasonal_naive,weather_0,2024-01-08 16:00:00,13.419872981077805,22.08012701892218
synthetic_weather,weather,seasonal_naive,weather_0,2024-01-08 16:10:00,13.393935762446059,22.264044094228257
synthetic_weather,weather,seasonal_naive,weather_0,2024-01-08 16:20:00,13.381636975983286,22.444714846349797
synthetic_weather,weather,seasonal_naive,weather_0,2024-01-08 16:30:00,13.380602337443564,22.61939766255644
synthetic_weather,weather,seasonal_naive,weather_0,2024-01-08 16:40:00,13.38836098490392,22.785287192762983
synthetic_weather,weather,seasonal_naive,weather_0,2024-01-08 16:50:00,13.402425317921697,22.93959482540397
synthetic_weather,weather,seasonal_naive,weather_0,2024-01-08 17:00:00,13.42037086855466,23.079629131445337
synthetic_weather,weather,seasonal_naive,weather_0,2024-01-08 17:10:00,13.439913769243603,23.20287384044293
synthetic_weather,weather,seasonal_naive,weather_0,2024-01-08 17:20:00,13.45898345649845,23.307060986620524
synthetic_weather,weather,seasonal_naive,weather_0,2024-01-08 17:30:00,13.475788395023168,23.390237008761275
synthetic_weather,weather,seasonal_naive,weather_0,2024-01-08 17:40:00,13.488872819934226,23.450819800851686
synthetic_weather,weather,seasonal_naive,weather_0,2024-01-08 17:50:00,13.497162768596814,23.48764498441539
synthetic_weather,weather,seasonal_naive,weather_0,2024-01-08 18:00:00,13.5,23.5
synthetic_weather,weather,seasonal_naive,weather_0,2024-01-08 18:10:00,13.497162768596816,23.48764498441539
synthetic_weather,weather,seasonal_naive,weather_0,2024-01-08 18:20:00,13.488872819934226,23.450819800851686
synthetic_weather,weather,seasonal_naive,weather_0,2024-01-08 18:30:00,13.475788395023168,23.390237008761275
synthetic_weather,weather,seasonal_naive,weather_0,2024-01-08 18:40:00,13.458983456498448,23.307060986620524
synthetic_weather,weather,seasonal_naive,weather_0,2024-01-08 18:50:00,13.439913769243603,23.20287384044293
synthetic_weather,weather,seasonal_naive,weather_0,2024-01-08 19:00:00,13.42037086855466,23.07962913144536
synthetic_weather,weather,seasonal_naive,weather_0,2024-01-08 19:10:00,13.4024253179217,22.93959482540399
synthetic_weather,weather,seasonal_naive,weather_0,2024-01-08 19:20:00,13.388360984903926,22.785287192763008
synthetic_weather,weather,seasonal_naive,weather_0,2024-01-08 19:30:00,13.380602337443566,22.61939766255644
synthetic_weather,weather,seasonal_naive,weather_0,2024-01-08 19:40:00,13.381636975983286,22.444714846349797
synthetic_weather,weather,seasonal_naive,weather_0,2024-01-08 19:50:00,13.393935762446057,22.26404409422829
synthetic_weather,weather,seasonal_naive,weather_0,2024-01-08 20:00:00,13.419872981077802,22.08012701892218
synthetic_weather,weather,seasonal_naive,weather_0,2024-01-08 20:10:00,13.4616489660923,22.264044094228257
synthetic_weather,weather,seasonal_naive,weather_0,2024-01-08 20:20:00,13.521217556995548,22.444714846349797
synthetic_weather,weather,seasonal_naive,weather_0,2024-01-08 20:30:00,13.600220596651598,22.61939766255644
synthetic_weather,weather,seasonal_naive,weather_0,2024-01-08 20:40:00,13.699931474012162,22.785287192762983
synthetic_weather,weather,seasonal_naive,weather_0,2024-01-08 20:50:00,13.821209439443281,22.93959482540397
synthetic_weather,weather,seasonal_naive,weather_0,2024-01-08 21:00:00,13.964466094067266,23.079629131445337
synthetic_weather,weather,seasonal_naive,weather_0,2024-01-08 21:10:00,14.129645085415564,23.20287384044293
synthetic_weather,weather,seasonal_naive,weather_0,2024-01-08 21:20:00,14.316215641174344,23.307060986620524
synthetic_weather,weather,seasonal_naive,weather_0,2024-01-08 21:30:00,14.523180153064168,23.390237008761275
synthetic_weather,weather,seasonal_naive,weather_0,2024-01-08 21:40:00,14.749095596685263,23.450819800851686
synthetic_weather,weather,seasonal_naive,weather_0,2024-01-08 21:50:00,14.992108153422588,23.48764498441539
synthetic_weather,weather,seasonal_naive,weather_0,2024-01-08 22:00:00,15.250000000000012,23.5
synthetic_weather,weather,seasonal_naive,weather_0,2024-01-08 22:10:00,15.520246862162004,23.48764498441539
synthetic_weather,weather,seasonal_naive,weather_0,2024-01-08 22:20:00,15.800084602462993,23.450819800851686
synthetic_weather,weather,seasonal_naive,weather_0,2024-01-08 22:30:00,16.08658283817455,23.390237008761275
synthetic_weather,weather,seasonal_naive,weather_0,2024-01-08 22:40:00,16.376723372205113,23.307060986620524
synthetic_weather,weather,seasonal_naive,weather_0,2024-01-08 22:50:00,16.667481074141453,23.20287384044293
synthetic_weather,weather,seasonal_naive,weather_0,2024-01-08 23:00:00,16.955904774487372,23.07962913144536
synthetic_weather,weather,seasonal_naive,weather_0,2024-01-08 23:10:00,17.239195735152773,22.93959482540399
synthetic_weather,weather,seasonal_naive,weather_0,2024-01-08 23:20:00,17.51478133322485,22.785287192763008
synthetic_weather,weather,seasonal_naive,weather_0,2024-01-08 23:30:00,17.780381740791924,22.61939766255644
synthetic_weather,weather,seasonal_naive,weather_0,2024-01-08 23:40:00,18.034067596654623,22.444714846349797
synthetic_weather,weather,seasonal_naive,weather_0,2024-01-08 23:50:00,18.274306939679416,22.26404409422829
synthetic_weather,weather,seasonal_naive,weather_0,2024-01-09 00:00:00,18.49999999999999,22.08012701892218
synthetic_weather,weather,seasonal_naive,weather_0,2024-01-09 00:10:00,18.71050081333277,22.264044094228257
synthetic_weather,weather,seasonal_naive,weather_0,2024-01-09 00:20:00,18.90562502413126,22.444714846349797
synthetic_weather,weather,seasonal_naive,weather_0,2024-01-09 00:30:00,19.085643662992485,22.61939766255644
synthetic_weather,weather,seasonal_naive,weather_0,2024-01-09 00:40:00,19.25126310989412,22.785287192762983
synthetic_weather,weather,seasonal_naive,weather_0,2024-01-09 00:50:00,19.40359187453376,22.93959482540397
synthetic_weather,weather,seasonal_naive,weather_0,2024-01-09 01:00:00,19.544095225512603,23.079629131445337
synthetic_weather,weather,seasonal_naive,weather_0,2024-01-09 01:10:00,19.674539069184195,23.20287384044293
synthetic_weather,weather,seasonal_naive,weather_0,2024-01-09 01:20:00,19.796924805461803,23.307060986620524
synthetic_weather,weather,seasonal_naive,weather_0,2024-01-09 01:30:00,19.91341716182544,23.390237008761275
synthetic_weather,weather,seasonal_naive,weather_0,2024-01-09 01:40:00,20.02626721987004,23.450819800851686
synthetic_weather,weather,seasonal_naive,weather_0,2024-01-09 01:50:00,20.137732994512323,23.48764498441539
synthetic_weather,weather,seasonal_naive,weather_0,2024-01-09 02:00:00,20.249999999999982,23.5
synthetic_weather,weather,seasonal_naive,weather_0,2024-01-09 02:10:00,20.36510423689085,23.48764498441539
synthetic_weather,weather,seasonal_naive,weather_0,2024-01-09 02:20:00,20.484859960195738,23.450819800851686
synthetic_weather,weather,seasonal_naive,weather_0,2024-01-09 02:30:00,20.610794443151377,23.390237008761275
synthetic_weather,weather,seasonal_naive,weather_0,2024-01-09 02:40:00,20.744091738039735,23.307060986620524
synthetic_weather,weather,seasonal_naive,weather_0,2024-01-09 02:50:00,20.88554716157221,23.20287384044293
synthetic_weather,weather,seasonal_naive,weather_0,2024-01-09 03:00:00,21.03553390593272,23.07962913144536
synthetic_weather,weather,seasonal_naive,weather_0,2024-01-09 03:10:00,21.193982807544497,22.93959482540399
synthetic_weather,weather,seasonal_naive,weather_0,2024-01-09 03:20:00,21.36037590520191,22.785287192763008
synthetic_weather,weather,seasonal_naive,weather_0,2024-01-09 03:30:00,21.533753999563952,22.61939766255644
synthetic_weather,weather,seasonal_naive,weather_0,2024-01-09 03:40:00,21.712737999885466,22.444714846349797
synthetic_weather,weather,seasonal_naive,weather_0,2024-01-09 03:50:00,21.89556342422115,22.26404409422829
synthetic_weather,weather,seasonal_naive,weather_0,2024-01-09 04:00:00,22.080127018922212,22.08012701892218
synthetic_weather,weather,seasonal_naive,weather_0,2024-01-09 04:10:00,22.264044094228257,22.264044094228257
synthetic_weather,weather,seasonal_naive,weather_0,2024-01-09 04:20:00,22.444714846349765,22.444714846349797
synthetic_weather,weather,seasonal_naive,weather_0,2024-01-09 04:30:00,22.619397662556413,22.61939766255644
synthetic_weather,weather,seasonal_naive,weather_0,2024-01-09 04:40:00,22.785287192763008,22.785287192762983
synthetic_weather,weather,seasonal_naive,weather_0,2024-01-09 04:50:00,22.93959482540397,22.93959482540397
synthetic_weather,weather,seasonal_naive,weather_0,2024-01-09 05:00:00,23.079629131445337,23.079629131445337
synthetic_weather,weather,seasonal_naive,weather_0,2024-01-09 05:10:00,23.20287384044293,23.20287384044293
synthetic_weather,weather,seasonal_naive,weather_0,2024-01-09 05:20:00,23.307060986620524,23.307060986620524
synthetic_weather,weather,seasonal_naive,weather_0,2024-01-09 05:30:00,23.390237008761265,23.390237008761275
synthetic_weather,weather,seasonal_naive,weather_0,2024-01-09 05:40:00,23.450819800851676,23.450819800851686
synthetic_weather,weather,seasonal_naive,weather_0,2024-01-09 05:50:00,23.48764498441539,23.48764498441539
synthetic_weather,weather,seasonal_naive,weather_0,2024-01-09 06:00:00,23.5,23.5
synthetic_weather,weather,seasonal_naive,weather_0,2024-01-09 06:10:00,23.48764498441539,23.48764498441539
synthetic_weather,weather,seasonal_naive,weather_0,2024-01-09 06:20:00,23.450819800851686,23.450819800851686
synthetic_weather,weather,seasonal_naive,weather_0,2024-01-09 06:30:00,23.39023700876128,23.390237008761275
synthetic_weather,weather,seasonal_naive,weather_0,2024-01-09 06:40:00,23.307060986620538,23.307060986620524
synthetic_weather,weather,seasonal_naive,weather_0,2024-01-09 06:50:00,23.20287384044295,23.20287384044293
synthetic_weather,weather,seasonal_naive,weather_0,2024-01-09 07:00:00,23.07962913144536,23.07962913144536
synthetic_weather,weather,seasonal_naive,weather_0,2024-01-09 07:10:00,22.93959482540397,22.93959482540399
synthetic_weather,weather,seasonal_naive,weather_0,2024-01-09 07:20:00,22.78528719276301,22.785287192763008
synthetic_weather,weather,seasonal_naive,weather_0,2024-01-09 07:30:00,22.61939766255644,22.61939766255644
synthetic_weather,weather,seasonal_naive,weather_0,2024-01-09 07:40:00,22.444714846349797,22.444714846349797
synthetic_weather,weather,seasonal_naive,weather_0,2024-01-09 07:50:00,22.26404409422829,22.26404409422829
synthetic_weather,weather,seasonal_naive,weather_1,2024-01-08 08:00:00,23.08012701892218,23.08012701892218
synthetic_weather,weather,seasonal_naive,weather_1,2024-01-08 08:10:00,22.89556342422118,23.264044094228257
synthetic_weather,weather,seasonal_naive,weather_1,2024-01-08 08:20:00,22.712737999885494,23.444714846349797
synthetic_weather,weather,seasonal_naive,weather_1,2024-01-08 08:30:00,22.533753999563956,23.61939766255644
synthetic_weather,weather,seasonal_naive,weather_1,2024-01-08 08:40:00,22.36037590520194,23.785287192762983
synthetic_weather,weather,seasonal_naive,weather_1,2024-01-08 08:50:00,22.193982807544522,23.93959482540397
synthetic_weather,weather,seasonal_naive,weather_1,2024-01-08 09:00:00,22.03553390593275,24.079629131445337
synthetic_weather,weather,seasonal_naive,weather_1,2024-01-08 09:10:00,21.885547161572184,24.20287384044293
synthetic_weather,weather,seasonal_naive,weather_1,2024-01-08 09:20:00,21.744091738039756,24.307060986620524
synthetic_weather,weather,seasonal_naive,weather_1,2024-01-08 09:30:00,21.610794443151402,24.390237008761275
synthetic_weather,weather,seasonal_naive,weather_1,2024-01-08 09:40:00,21.48485996019576,24.450819800851686
synthetic_weather,weather,seasonal_naive,weather_1,2024-01-08 09:50:00,21.365104236890847,24.48764498441539
synthetic_weather,weather,seasonal_naive,weather_1,2024-01-08 10:00:00,21.250000000000004,24.5
synthetic_weather,weather,seasonal_naive,weather_1,2024-01-08 10:10:00,21.13773299451234,24.48764498441539
synthetic_weather,weather,seasonal_naive,weather_1,2024-01-08 10:20:00,21.02626721987002,24.450819800851686
synthetic_weather,weather,seasonal_naive,weather_1,2024-01-08 10:30:00,20.91341716182546,24.390237008761275
synthetic_weather,weather,seasonal_naive,weather_1,2024-01-08 10:40:00,20.796924805461824,24.307060986620524
synthetic_weather,weather,seasonal_naive,weather_1,2024-01-08 10:50:00,20.674539069184217,24.20287384044293
synthetic_weather,weather,seasonal_naive,weather_1,2024-01-08 11:00:00,20.544095225512603,24.07962913144536
synthetic_weather,weather,seasonal_naive,weather_1,2024-01-08 11:10:00,20.403591874533785,23.93959482540399
synthetic_weather,weather,seasonal_naive,weather_1,2024-01-08 11:20:00,20.251263109894147,23.785287192763008
synthetic_weather,weather,seasonal_naive,weather_1,2024-01-08 11:30:00,20.08564366299249,23.61939766255644
synthetic_weather,weather,seasonal_naive,weather_1,2024-01-08 11:40:00,19.90562502413126,23.444714846349797
synthetic_weather,weather,seasonal_naive,weather_1,2024-01-08 11:50:00,19.710500813332803,23.26404409422829
synthetic_weather,weather,seasonal_naive,weather_1,2024-01-08 12:00:00,19.50000000000003,23.08012701892218
synthetic_weather,weather,seasonal_naive,weather_1,2024-01-08 12:10:00,19.27430693967942,23.264044094228257
synthetic_weather,weather,seasonal_naive,weather_1,2024-01-08 12:20:00,19.034067596654662,23.444714846349797
synthetic_weather,weather,seasonal_naive,weather_1,2024-01-08 12:30:00,18.780381740791967,23.61939766255644
synthetic_weather,weather,seasonal_naive,weather_1,2024-01-08 12:40:00,18.51478133322485,23.785287192762983
synthetic_weather,weather,seasonal_naive,weather_1,2024-01-08 12:50:00,18.239195735152776,23.93959482540397
synthetic_weather,weather,seasonal_naive,weather_1,2024-01-08 13:00:00,17.955904774487422,24.079629131445337
synthetic_weather,weather,seasonal_naive,weather_1,2024-01-08 13:10:00,17.6674810741415,24.20287384044293
synthetic_weather,weather,seasonal_naive,weather_1,2024-01-08 13:20:00,17.376723372205113,24.307060986620524
synthetic_weather,weather,seasonal_naive,weather_1,2024-01-08 13:30:00,17.08658283817455,24.390237008761275
synthetic_weather,weather,seasonal_naive,weather_1,2024-01-08 13:40:00,16.80008460246304,24.450819800851686
synthetic_weather,weather,seasonal_naive,weather_1,2024-01-08 13:50:00,16.520246862162004,24.48764498441539
synthetic_weather,weather,seasonal_naive,weather_1,2024-01-08 14:00:00,16.250000000000014,24.5
synthetic_weather,weather,seasonal_naive,weather_1,2024-01-08 14:10:00,15.992108153422631,24.48764498441539
synthetic_weather,weather,seasonal_naive,weather_1,2024-01-08 14:20:00,15.749095596685303,24.450819800851686
synthetic_weather,weather,seasonal_naive,weather_1,2024-01-08 14:30:00,15.523180153064205,24.390237008761275
synthetic_weather,weather,seasonal_naive,weather_1,2024-01-08 14:40:00,15.316215641174345,24.307060986620524
synthetic_weather,weather,seasonal_naive,weather_1,2024-01-08 14:50:00,15.129645085415595,24.20287384044293
synthetic_weather,weather,seasonal_naive,weather_1,2024-01-08 15:00:00,14.964466094067266,24.07962913144536
synthetic_weather,weather,seasonal_naive,weather_1,2024-01-08 15:10:00,14.821209439443281,23.93959482540399
synthetic_weather,weather,seasonal_naive,weather_1,2024-01-08 15:20:00,14.699931474012162,23.785287192763008
synthetic_weather,weather,seasonal_naive,weather_1,2024-01-08 15:30:00,14.600220596651614,23.61939766255644
synthetic_weather,weather,seasonal_naive,weather_1,2024-01-08 15:40:00,14.52121755699556,23.444714846349797
synthetic_weather,weather,seasonal_naive,weather_1,2024-01-08 15:50:00,14.4616489660923,23.26404409422829
synthetic_weather,weather,seasonal_naive,weather_1,2024-01-08 16:00:00,14.419872981077805,23.08012701892218
synthetic_weather,weather,seasonal_naive,weather_1,2024-01-08 16:10:00,14.393935762446059,23.264044094228257
synthetic_weather,weather,seasonal_naive,weather_1,2024-01-08 16:20:00,14.381636975983286,23.444714846349797
synthetic_weather,weather,seasonal_naive,weather_1,2024-01-08 16:30:00,14.380602337443564,23.61939766255644
synthetic_weather,weather,seasonal_naive,weather_1,2024-01-08 16:40:00,14.38836098490392,23.785287192762983
synthetic_weather,weather,seasonal_naive,weather_1,2024-01-08 16:50:00,14.402425317921697,23.93959482540397
synthetic_weather,weather,seasonal_naive,weather_1,2024-01-08 17:00:00,14.42037086855466,24.079629131445337
synthetic_weather,weather,seasonal_naive,weather_1,2024-01-08 17:10:00,14.439913769243603,24.20287384044293
synthetic_weather,weather,seasonal_naive,weather_1,2024-01-08 17:20:00,14.45898345649845,24.307060986620524
synthetic_weather,weather,seasonal_naive,weather_1,2024-01-08 17:30:00,14.475788395023168,24.390237008761275
synthetic_weather,weather,seasonal_naive,weather_1,2024-01-08 17:40:00,14.488872819934226,24.450819800851686
synthetic_weather,weather,seasonal_naive,weather_1,2024-01-08 17:50:00,14.497162768596814,24.48764498441539
synthetic_weather,weather,seasonal_naive,weather_1,2024-01-08 18:00:00,14.5,24.5
synthetic_weather,weather,seasonal_naive,weather_1,2024-01-08 18:10:00,14.497162768596816,24.48764498441539
synthetic_weather,weather,seasonal_naive,weather_1,2024-01-08 18:20:00,14.488872819934226,24.450819800851686
synthetic_weather,weather,seasonal_naive,weather_1,2024-01-08 18:30:00,14.475788395023168,24.390237008761275
synthetic_weather,weather,seasonal_naive,weather_1,2024-01-08 18:40:00,14.458983456498448,24.307060986620524
synthetic_weather,weather,seasonal_naive,weather_1,2024-01-08 18:50:00,14.439913769243603,24.20287384044293
synthetic_weather,weather,seasonal_naive,weather_1,2024-01-08 19:00:00,14.42037086855466,24.07962913144536
synthetic_weather,weather,seasonal_naive,weather_1,2024-01-08 19:10:00,14.4024253179217,23.93959482540399
synthetic_weather,weather,seasonal_naive,weather_1,2024-01-08 19:20:00,14.388360984903926,23.785287192763008
synthetic_weather,weather,seasonal_naive,weather_1,2024-01-08 19:30:00,14.380602337443566,23.61939766255644
synthetic_weather,weather,seasonal_naive,weather_1,2024-01-08 19:40:00,14.381636975983286,23.444714846349797
synthetic_weather,weather,seasonal_naive,weather_1,2024-01-08 19:50:00,14.393935762446057,23.26404409422829
synthetic_weather,weather,seasonal_naive,weather_1,2024-01-08 20:00:00,14.419872981077802,23.08012701892218
synthetic_weather,weather,seasonal_naive,weather_1,2024-01-08 20:10:00,14.4616489660923,23.264044094228257
synthetic_weather,weather,seasonal_naive,weather_1,2024-01-08 20:20:00,14.521217556995548,23.444714846349797
synthetic_weather,weather,seasonal_naive,weather_1,2024-01-08 20:30:00,14.600220596651598,23.61939766255644
synthetic_weather,weather,seasonal_naive,weather_1,2024-01-08 20:40:00,14.699931474012162,23.785287192762983
synthetic_weather,weather,seasonal_naive,weather_1,2024-01-08 20:50:00,14.821209439443281,23.93959482540397
synthetic_weather,weather,seasonal_naive,weather_1,2024-01-08 21:00:00,14.964466094067266,24.079629131445337
synthetic_weather,weather,seasonal_naive,weather_1,2024-01-08 21:10:00,15.129645085415564,24.20287384044293
synthetic_weather,weather,seasonal_naive,weather_1,2024-01-08 21:20:00,15.316215641174344,24.307060986620524
synthetic_weather,weather,seasonal_naive,weather_1,2024-01-08 21:30:00,15.523180153064168,24.390237008761275
synthetic_weather,weather,seasonal_naive,weather_1,2024-01-08 21:40:00,15.749095596685263,24.450819800851686
synthetic_weather,weather,seasonal_naive,weather_1,2024-01-08 21:50:00,15.992108153422588,24.48764498441539
synthetic_weather,weather,seasonal_naive,weather_1,2024-01-08 22:00:00,16.250000000000014,24.5
synthetic_weather,weather,seasonal_naive,weather_1,2024-01-08 22:10:00,16.520246862162004,24.48764498441539
synthetic_weather,weather,seasonal_naive,weather_1,2024-01-08 22:20:00,16.800084602462995,24.450819800851686
synthetic_weather,weather,seasonal_naive,weather_1,2024-01-08 22:30:00,17.08658283817455,24.390237008761275
synthetic_weather,weather,seasonal_naive,weather_1,2024-01-08 22:40:00,17.376723372205113,24.307060986620524
synthetic_weather,weather,seasonal_naive,weather_1,2024-01-08 22:50:00,17.667481074141453,24.20287384044293
synthetic_weather,weather,seasonal_naive,weather_1,2024-01-08 23:00:00,17.955904774487372,24.07962913144536
synthetic_weather,weather,seasonal_naive,weather_1,2024-01-08 23:10:00,18.239195735152773,23.93959482540399
synthetic_weather,weather,seasonal_naive,weather_1,2024-01-08 23:20:00,18.51478133322485,23.785287192763008
synthetic_weather,weather,seasonal_naive,weather_1,2024-01-08 23:30:00,18.780381740791924,23.61939766255644
synthetic_weather,weather,seasonal_naive,weather_1,2024-01-08 23:40:00,19.034067596654623,23.444714846349797
synthetic_weather,weather,seasonal_naive,weather_1,2024-01-08 23:50:00,19.274306939679416,23.26404409422829
synthetic_weather,weather,seasonal_naive,weather_1,2024-01-09 00:00:00,19.49999999999999,23.08012701892218
synthetic_weather,weather,seasonal_naive,weather_1,2024-01-09 00:10:00,19.71050081333277,23.264044094228257
synthetic_weather,weather,seasonal_naive,weather_1,2024-01-09 00:20:00,19.90562502413126,23.444714846349797
synthetic_weather,weather,seasonal_naive,weather_1,2024-01-09 00:30:00,20.085643662992485,23.61939766255644
synthetic_weather,weather,seasonal_naive,weather_1,2024-01-09 00:40:00,20.25126310989412,23.785287192762983
synthetic_weather,weather,seasonal_naive,weather_1,2024-01-09 00:50:00,20.40359187453376,23.93959482540397
synthetic_weather,weather,seasonal_naive,weather_1,2024-01-09 01:00:00,20.544095225512603,24.079629131445337
synthetic_weather,weather,seasonal_naive,weather_1,2024-01-09 01:10:00,20.674539069184195,24.20287384044293
synthetic_weather,weather,seasonal_naive,weather_1,2024-01-09 01:20:00,20.796924805461803,24.307060986620524
synthetic_weather,weather,seasonal_naive,weather_1,2024-01-09 01:30:00,20.91341716182544,24.390237008761275
synthetic_weather,weather,seasonal_naive,weather_1,2024-01-09 01:40:00,21.02626721987004,24.450819800851686
synthetic_weather,weather,seasonal_naive,weather_1,2024-01-09 01:50:00,21.137732994512323,24.48764498441539
synthetic_weather,weather,seasonal_naive,weather_1,2024-01-09 02:00:00,21.249999999999982,24.5
synthetic_weather,weather,seasonal_naive,weather_1,2024-01-09 02:10:00,21.36510423689085,24.48764498441539
synthetic_weather,weather,seasonal_naive,weather_1,2024-01-09 02:20:00,21.484859960195738,24.450819800851686
synthetic_weather,weather,seasonal_naive,weather_1,2024-01-09 02:30:00,21.610794443151377,24.390237008761275
synthetic_weather,weather,seasonal_naive,weather_1,2024-01-09 02:40:00,21.744091738039735,24.307060986620524
synthetic_weather,weather,seasonal_naive,weather_1,2024-01-09 02:50:00,21.88554716157221,24.20287384044293
synthetic_weather,weather,seasonal_naive,weather_1,2024-01-09 03:00:00,22.03553390593272,24.07962913144536
synthetic_weather,weather,seasonal_naive,weather_1,2024-01-09 03:10:00,22.193982807544497,23.93959482540399
synthetic_weather,weather,seasonal_naive,weather_1,2024-01-09 03:20:00,22.36037590520191,23.785287192763008
synthetic_weather,weather,seasonal_naive,weather_1,2024-01-09 03:30:00,22.533753999563952,23.61939766255644
synthetic_weather,weather,seasonal_naive,weather_1,2024-01-09 03:40:00,22.712737999885466,23.444714846349797
synthetic_weather,weather,seasonal_naive,weather_1,2024-01-09 03:50:00,22.89556342422115,23.26404409422829
synthetic_weather,weather,seasonal_naive,weather_1,2024-01-09 04:00:00,23.080127018922212,23.08012701892218
synthetic_weather,weather,seasonal_naive,weather_1,2024-01-09 04:10:00,23.264044094228257,23.264044094228257
synthetic_weather,weather,seasonal_naive,weather_1,2024-01-09 04:20:00,23.444714846349765,23.444714846349797
synthetic_weather,weather,seasonal_naive,weather_1,2024-01-09 04:30:00,23.619397662556413,23.61939766255644
synthetic_weather,weather,seasonal_naive,weather_1,2024-01-09 04:40:00,23.785287192763008,23.785287192762983
synthetic_weather,weather,seasonal_naive,weather_1,2024-01-09 04:50:00,23.93959482540397,23.93959482540397
synthetic_weather,weather,seasonal_naive,weather_1,2024-01-09 05:00:00,24.079629131445337,24.079629131445337
synthetic_weather,weather,seasonal_naive,weather_1,2024-01-09 05:10:00,24.20287384044293,24.20287384044293
synthetic_weather,weather,seasonal_naive,weather_1,2024-01-09 05:20:00,24.307060986620524,24.307060986620524
synthetic_weather,weather,seasonal_naive,weather_1,2024-01-09 05:30:00,24.390237008761265,24.390237008761275
synthetic_weather,weather,seasonal_naive,weather_1,2024-01-09 05:40:00,24.450819800851676,24.450819800851686
synthetic_weather,weather,seasonal_naive,weather_1,2024-01-09 05:50:00,24.48764498441539,24.48764498441539
synthetic_weather,weather,seasonal_naive,weather_1,2024-01-09 06:00:00,24.5,24.5
synthetic_weather,weather,seasonal_naive,weather_1,2024-01-09 06:10:00,24.48764498441539,24.48764498441539
synthetic_weather,weather,seasonal_naive,weather_1,2024-01-09 06:20:00,24.450819800851686,24.450819800851686
synthetic_weather,weather,seasonal_naive,weather_1,2024-01-09 06:30:00,24.39023700876128,24.390237008761275
synthetic_weather,weather,seasonal_naive,weather_1,2024-01-09 06:40:00,24.307060986620538,24.307060986620524
synthetic_weather,weather,seasonal_naive,weather_1,2024-01-09 06:50:00,24.20287384044295,24.20287384044293
synthetic_weather,weather,seasonal_naive,weather_1,2024-01-09 07:00:00,24.07962913144536,24.07962913144536
synthetic_weather,weather,seasonal_naive,weather_1,2024-01-09 07:10:00,23.93959482540397,23.93959482540399
synthetic_weather,weather,seasonal_naive,weather_1,2024-01-09 07:20:00,23.78528719276301,23.785287192763008
synthetic_weather,weather,seasonal_naive,weather_1,2024-01-09 07:30:00,23.61939766255644,23.61939766255644
synthetic_weather,weather,seasonal_naive,weather_1,2024-01-09 07:40:00,23.444714846349797,23.444714846349797
synthetic_weather,weather,seasonal_naive,weather_1,2024-01-09 07:50:00,23.26404409422829,23.26404409422829
synthetic_exchange,economics,dummy_mean,exchange_0,2025-02-17 00:00:00,5.129999999999998,3.06
synthetic_exchange,economics,dummy_mean,exchange_0,2025-02-18 00:00:00,5.2025465185974396,3.06
synthetic_exchange,economics,dummy_mean,exchange_0,2025-02-19 00:00:00,5.227994232974547,3.06
synthetic_exchange,economics,dummy_mean,exchange_0,2025-02-20 00:00:00,5.194710699129402,3.06
synthetic_exchange,economics,dummy_mean,exchange_0,2025-02-21 00:00:00,5.135289300870594,3.06
synthetic_exchange,economics,dummy_mean,exchange_0,2025-02-22 00:00:00,5.102005767025453,3.06
synthetic_exchange,economics,dummy_mean,exchange_0,2025-02-23 00:00:00,5.127453481402558,3.06
synthetic_exchange,economics,dummy_mean,exchange_1,2025-02-17 00:00:00,5.159999999999998,3.0900000000000003
synthetic_exchange,economics,dummy_mean,exchange_1,2025-02-18 00:00:00,5.23254651859744,3.0900000000000003
synthetic_exchange,economics,dummy_mean,exchange_1,2025-02-19 00:00:00,5.257994232974547,3.0900000000000003
synthetic_exchange,economics,dummy_mean,exchange_1,2025-02-20 00:00:00,5.224710699129402,3.0900000000000003
synthetic_exchange,economics,dummy_mean,exchange_1,2025-02-21 00:00:00,5.165289300870595,3.0900000000000003
synthetic_exchange,economics,dummy_mean,exchange_1,2025-02-22 00:00:00,5.132005767025453,3.0900000000000003
synthetic_exchange,economics,dummy_mean,exchange_1,2025-02-23 00:00:00,5.157453481402558,3.0900000000000003
synthetic_exchange,economics,dummy_mean,exchange_2,2025-02-17 00:00:00,5.189999999999998,3.1199999999999997
synthetic_exchange,economics,dummy_mean,exchange_2,2025-02-18 00:00:00,5.262546518597439,3.1199999999999997
synthetic_exchange,economics,dummy_mean,exchange_2,2025-02-19 00:00:00,5.287994232974547,3.1199999999999997
synthetic_exchange,economics,dummy_mean,exchange_2,2025-02-20 00:00:00,5.254710699129402,3.1199999999999997
synthetic_exchange,economics,dummy_mean,exchange_2,2025-02-21 00:00:00,5.195289300870594,3.1199999999999997
synthetic_exchange,economics,dummy_mean,exchange_2,2025-02-22 00:00:00,5.162005767025453,3.1199999999999997
synthetic_exchange,economics,dummy_mean,exchange_2,2025-02-23 00:00:00,5.1874534814025575,3.1199999999999997
synthetic_exchange,economics,seasonal_naive,exchange_0,2025-02-17 00:00:00,5.129999999999998,5.0600000000000005
synthetic_exchange,economics,seasonal_naive,exchange_0,2025-02-18 00:00:00,5.2025465185974396,5.132546518597444
synthetic_exchange,economics,seasonal_naive,exchange_0,2025-02-19 00:00:00,5.227994232974547,5.157994232974546
synthetic_exchange,economics,seasonal_naive,exchange_0,2025-02-20 00:00:00,5.194710699129402,5.124710699129404
synthetic_exchange,economics,seasonal_naive,exchange_0,2025-02-21 00:00:00,5.135289300870594,5.065289300870597
synthetic_exchange,economics,seasonal_naive,exchange_0,2025-02-22 00:00:00,5.102005767025453,5.0320057670254545
synthetic_exchange,economics,seasonal_naive,exchange_0,2025-02-23 00:00:00,5.127453481402558,5.057453481402556
synthetic_exchange,economics,seasonal_naive,exchange_1,2025-02-17 00:00:00,5.159999999999998,5.090000000000001
synthetic_exchange,economics,seasonal_naive,exchange_1,2025-02-18 00:00:00,5.23254651859744,5.162546518597444
synthetic_exchange,economics,seasonal_naive,exchange_1,2025-02-19 00:00:00,5.257994232974547,5.187994232974546
synthetic_exchange,economics,seasonal_naive,exchange_1,2025-02-20 00:00:00,5.224710699129402,5.154710699129404
synthetic_exchange,economics,seasonal_naive,exchange_1,2025-02-21 00:00:00,5.165289300870595,5.095289300870597
synthetic_exchange,economics,seasonal_naive,exchange_1,2025-02-22 00:00:00,5.132005767025453,5.062005767025455
synthetic_exchange,economics,seasonal_naive,exchange_1,2025-02-23 00:00:00,5.157453481402558,5.087453481402556
synthetic_exchange,economics,seasonal_naive,exchange_2,2025-02-17 00:00:00,5.189999999999998,5.12
synthetic_exchange,economics,seasonal_naive,exchange_2,2025-02-18 00:00:00,5.262546518597439,5.192546518597443
synthetic_exchange,economics,seasonal_naive,exchange_2,2025-02-19 00:00:00,5.287994232974547,5.2179942329745455
synthetic_exchange,economics,seasonal_naive,exchange_2,2025-02-20 00:00:00,5.254710699129402,5.184710699129403
synthetic_exchange,economics,seasonal_naive,exchange_2,2025-02-21 00:00:00,5.195289300870594,5.125289300870596
synthetic_exchange,economics,seasonal_naive,exchange_2,2025-02-22 00:00:00,5.162005767025453,5.092005767025454
synthetic_exchange,economics,seasonal_naive,exchange_2,2025-02-23 00:00:00,5.1874534814025575,5.117453481402555
stock_provided_sample,finance,dummy_mean,600000.SS_1h,2026-03-16 14:30:00,10.3100004196167,10.536426409604156
stock_provided_sample,finance,dummy_mean,600000.SS_1h,2026-03-17 09:30:00,10.34000015258789,10.536426409604156
stock_provided_sample,finance,dummy_mean,600000.SS_1h,2026-03-17 10:30:00,10.329999923706056,10.536426409604156
stock_provided_sample,finance,dummy_mean,600000.SS_1h,2026-03-17 11:30:00,10.329999923706056,10.536426409604156
stock_provided_sample,finance,dummy_mean,600000.SS_1h,2026-03-17 12:30:00,10.390000343322754,10.536426409604156
stock_provided_sample,finance,dummy_mean,600000.SS_1h,2026-03-17 13:30:00,10.40999984741211,10.536426409604156
stock_provided_sample,finance,dummy_mean,600000.SS_1h,2026-03-17 14:30:00,10.380000114440918,10.536426409604156
stock_provided_sample,finance,dummy_mean,600000.SS_1h,2026-03-18 09:30:00,10.380000114440918,10.536426409604156
stock_provided_sample,finance,dummy_mean,600000.SS_1h,2026-03-18 10:30:00,10.380000114440918,10.536426409604156
stock_provided_sample,finance,dummy_mean,600000.SS_1h,2026-03-18 11:30:00,10.359999656677246,10.536426409604156
stock_provided_sample,finance,dummy_mean,600000.SS_1h,2026-03-18 12:30:00,10.359999656677246,10.536426409604156
stock_provided_sample,finance,dummy_mean,600000.SS_1h,2026-03-18 13:30:00,10.380000114440918,10.536426409604156
stock_provided_sample,finance,dummy_mean,600000.SS_1h,2026-03-18 14:30:00,10.369999885559082,10.536426409604156
stock_provided_sample,finance,dummy_mean,600000.SS_1h,2026-03-19 09:30:00,10.3100004196167,10.536426409604156
stock_provided_sample,finance,dummy_mean,600000.SS_1h,2026-03-19 10:30:00,10.329999923706056,10.536426409604156
stock_provided_sample,finance,dummy_mean,600000.SS_1h,2026-03-19 11:30:00,10.329999923706056,10.536426409604156
stock_provided_sample,finance,dummy_mean,600000.SS_1h,2026-03-19 12:30:00,10.329999923706056,10.536426409604156
stock_provided_sample,finance,dummy_mean,600000.SS_1h,2026-03-19 13:30:00,10.380000114440918,10.536426409604156
stock_provided_sample,finance,dummy_mean,600000.SS_1h,2026-03-19 14:30:00,10.329999923706056,10.536426409604156
stock_provided_sample,finance,dummy_mean,600000.SS_1h,2026-03-20 09:30:00,10.390000343322754,10.536426409604156
stock_provided_sample,finance,dummy_mean,600000.SS_1h,2026-03-20 10:30:00,10.380000114440918,10.536426409604156
stock_provided_sample,finance,dummy_mean,600000.SS_1h,2026-03-20 12:30:00,10.34000015258789,10.536426409604156
stock_provided_sample,finance,dummy_mean,600000.SS_1h,2026-03-20 13:30:00,10.350000381469728,10.536426409604156
stock_provided_sample,finance,dummy_mean,600000.SS_1h,2026-03-20 14:30:00,10.3100004196167,10.536426409604156
stock_provided_sample,finance,dummy_mean,600016.SS_1h,2026-03-17 09:30:00,3.950000047683716,4.065607976632339
stock_provided_sample,finance,dummy_mean,600016.SS_1h,2026-03-17 10:30:00,3.950000047683716,4.065607976632339
stock_provided_sample,finance,dummy_mean,600016.SS_1h,2026-03-17 11:30:00,3.950000047683716,4.065607976632339
stock_provided_sample,finance,dummy_mean,600016.SS_1h,2026-03-17 12:30:00,3.940000057220459,4.065607976632339
stock_provided_sample,finance,dummy_mean,600016.SS_1h,2026-03-17 13:30:00,3.930000066757202,4.065607976632339
stock_provided_sample,finance,dummy_mean,600016.SS_1h,2026-03-17 14:30:00,3.930000066757202,4.065607976632339
stock_provided_sample,finance,dummy_mean,600016.SS_1h,2026-03-18 09:30:00,3.890000104904175,4.065607976632339
stock_provided_sample,finance,dummy_mean,600016.SS_1h,2026-03-18 10:30:00,3.880000114440918,4.065607976632339
stock_provided_sample,finance,dummy_mean,600016.SS_1h,2026-03-18 11:30:00,3.890000104904175,4.065607976632339
stock_provided_sample,finance,dummy_mean,600016.SS_1h,2026-03-18 12:30:00,3.900000095367432,4.065607976632339
stock_provided_sample,finance,dummy_mean,600016.SS_1h,2026-03-18 13:30:00,3.900000095367432,4.065607976632339
stock_provided_sample,finance,dummy_mean,600016.SS_1h,2026-03-18 14:30:00,3.900000095367432,4.065607976632339
stock_provided_sample,finance,dummy_mean,600016.SS_1h,2026-03-19 09:30:00,3.900000095367432,4.065607976632339
stock_provided_sample,finance,dummy_mean,600016.SS_1h,2026-03-19 10:30:00,3.880000114440918,4.065607976632339
stock_provided_sample,finance,dummy_mean,600016.SS_1h,2026-03-19 11:30:00,3.890000104904175,4.065607976632339
stock_provided_sample,finance,dummy_mean,600016.SS_1h,2026-03-19 12:30:00,3.869999885559082,4.065607976632339
stock_provided_sample,finance,dummy_mean,600016.SS_1h,2026-03-19 13:30:00,3.880000114440918,4.065607976632339
stock_provided_sample,finance,dummy_mean,600016.SS_1h,2026-03-19 14:30:00,3.869999885559082,4.065607976632339
stock_provided_sample,finance,dummy_mean,600016.SS_1h,2026-03-20 09:30:00,3.869999885559082,4.065607976632339
stock_provided_sample,finance,dummy_mean,600016.SS_1h,2026-03-20 10:30:00,3.869999885559082,4.065607976632339
stock_provided_sample,finance,dummy_mean,600016.SS_1h,2026-03-20 11:30:00,3.880000114440918,4.065607976632339
stock_provided_sample,finance,dummy_mean,600016.SS_1h,2026-03-20 12:30:00,3.859999895095825,4.065607976632339
stock_provided_sample,finance,dummy_mean,600016.SS_1h,2026-03-20 13:30:00,3.849999904632568,4.065607976632339
stock_provided_sample,finance,dummy_mean,600016.SS_1h,2026-03-20 14:30:00,3.839999914169312,4.065607976632339
stock_provided_sample,finance,dummy_mean,600028.SS_1h,2026-03-16 14:30:00,6.329999923706055,6.110912095189489
stock_provided_sample,finance,dummy_mean,600028.SS_1h,2026-03-17 09:30:00,6.260000228881836,6.110912095189489
stock_provided_sample,finance,dummy_mean,600028.SS_1h,2026-03-17 10:30:00,6.21999979019165,6.110912095189489
stock_provided_sample,finance,dummy_mean,600028.SS_1h,2026-03-17 11:30:00,6.21999979019165,6.110912095189489
stock_provided_sample,finance,dummy_mean,600028.SS_1h,2026-03-17 12:30:00,6.210000038146973,6.110912095189489
stock_provided_sample,finance,dummy_mean,600028.SS_1h,2026-03-17 13:30:00,6.260000228881836,6.110912095189489
stock_provided_sample,finance,dummy_mean,600028.SS_1h,2026-03-17 14:30:00,6.25,6.110912095189489
stock_provided_sample,finance,dummy_mean,600028.SS_1h,2026-03-18 09:30:00,6.110000133514404,6.110912095189489
stock_provided_sample,finance,dummy_mean,600028.SS_1h,2026-03-18 10:30:00,6.090000152587891,6.110912095189489
stock_provided_sample,finance,dummy_mean,600028.SS_1h,2026-03-18 11:30:00,6.090000152587891,6.110912095189489
stock_provided_sample,finance,dummy_mean,600028.SS_1h,2026-03-18 12:30:00,6.070000171661377,6.110912095189489
stock_provided_sample,finance,dummy_mean,600028.SS_1h,2026-03-18 13:30:00,6.119999885559082,6.110912095189489
stock_provided_sample,finance,dummy_mean,600028.SS_1h,2026-03-18 14:30:00,6.119999885559082,6.110912095189489
stock_provided_sample,finance,dummy_mean,600028.SS_1h,2026-03-19 09:30:00,6.239999771118164,6.110912095189489
stock_provided_sample,finance,dummy_mean,600028.SS_1h,2026-03-19 10:30:00,6.199999809265137,6.110912095189489
stock_provided_sample,finance,dummy_mean,600028.SS_1h,2026-03-19 11:30:00,6.199999809265137,6.110912095189489
stock_provided_sample,finance,dummy_mean,600028.SS_1h,2026-03-19 12:30:00,6.199999809265137,6.110912095189489
stock_provided_sample,finance,dummy_mean,600028.SS_1h,2026-03-19 13:30:00,6.230000019073486,6.110912095189489
stock_provided_sample,finance,dummy_mean,600028.SS_1h,2026-03-19 14:30:00,6.28000020980835,6.110912095189489
stock_provided_sample,finance,dummy_mean,600028.SS_1h,2026-03-20 09:30:00,6.090000152587891,6.110912095189489
stock_provided_sample,finance,dummy_mean,600028.SS_1h,2026-03-20 10:30:00,6.099999904632568,6.110912095189489
stock_provided_sample,finance,dummy_mean,600028.SS_1h,2026-03-20 12:30:00,6.079999923706055,6.110912095189489
stock_provided_sample,finance,dummy_mean,600028.SS_1h,2026-03-20 13:30:00,6.070000171661377,6.110912095189489
stock_provided_sample,finance,dummy_mean,600028.SS_1h,2026-03-20 14:30:00,6.099999904632568,6.110912095189489
stock_provided_sample,finance,dummy_mean,600030.SS_1h,2026-03-16 14:30:00,25.489999771118164,25.83058757664373
stock_provided_sample,finance,dummy_mean,600030.SS_1h,2026-03-17 09:30:00,26.399999618530277,25.83058757664373
stock_provided_sample,finance,dummy_mean,600030.SS_1h,2026-03-17 10:30:00,26.200000762939453,25.83058757664373
stock_provided_sample,finance,dummy_mean,600030.SS_1h,2026-03-17 11:30:00,26.200000762939453,25.83058757664373
stock_provided_sample,finance,dummy_mean,600030.SS_1h,2026-03-17 12:30:00,26.06999969482422,25.83058757664373
stock_provided_sample,finance,dummy_mean,600030.SS_1h,2026-03-17 13:30:00,25.959999084472656,25.83058757664373
stock_provided_sample,finance,dummy_mean,600030.SS_1h,2026-03-17 14:30:00,25.93000030517578,25.83058757664373
stock_provided_sample,finance,dummy_mean,600030.SS_1h,2026-03-18 09:30:00,25.790000915527344,25.83058757664373
stock_provided_sample,finance,dummy_mean,600030.SS_1h,2026-03-18 10:30:00,25.82999992370605,25.83058757664373
stock_provided_sample,finance,dummy_mean,600030.SS_1h,2026-03-18 11:30:00,25.82999992370605,25.83058757664373
stock_provided_sample,finance,dummy_mean,600030.SS_1h,2026-03-18 12:30:00,25.8799991607666,25.83058757664373
stock_provided_sample,finance,dummy_mean,600030.SS_1h,2026-03-18 13:30:00,25.920000076293945,25.83058757664373
stock_provided_sample,finance,dummy_mean,600030.SS_1h,2026-03-18 14:30:00,25.96999931335449,25.83058757664373
stock_provided_sample,finance,dummy_mean,600030.SS_1h,2026-03-19 09:30:00,25.63999938964844,25.83058757664373
stock_provided_sample,finance,dummy_mean,600030.SS_1h,2026-03-19 10:30:00,25.68000030517578,25.83058757664373
stock_provided_sample,finance,dummy_mean,600030.SS_1h,2026-03-19 12:30:00,25.56999969482422,25.83058757664373
stock_provided_sample,finance,dummy_mean,600030.SS_1h,2026-03-19 13:30:00,25.649999618530277,25.83058757664373
stock_provided_sample,finance,dummy_mean,600030.SS_1h,2026-03-19 14:30:00,25.6299991607666,25.83058757664373
stock_provided_sample,finance,dummy_mean,600030.SS_1h,2026-03-20 09:30:00,25.479999542236328,25.83058757664373
stock_provided_sample,finance,dummy_mean,600030.SS_1h,2026-03-20 10:30:00,25.600000381469727,25.83058757664373
stock_provided_sample,finance,dummy_mean,600030.SS_1h,2026-03-20 11:30:00,25.600000381469727,25.83058757664373
stock_provided_sample,finance,dummy_mean,600030.SS_1h,2026-03-20 12:30:00,25.5,25.83058757664373
stock_provided_sample,finance,dummy_mean,600030.SS_1h,2026-03-20 13:30:00,25.420000076293945,25.83058757664373
stock_provided_sample,finance,dummy_mean,600030.SS_1h,2026-03-20 14:30:00,25.34000015258789,25.83058757664373
stock_provided_sample,finance,dummy_mean,600036.SS_1h,2026-03-16 14:30:00,39.88999938964844,39.39598684910445
stock_provided_sample,finance,dummy_mean,600036.SS_1h,2026-03-17 09:30:00,40.310001373291016,39.39598684910445
stock_provided_sample,finance,dummy_mean,600036.SS_1h,2026-03-17 10:30:00,40.20000076293945,39.39598684910445
stock_provided_sample,finance,dummy_mean,600036.SS_1h,2026-03-17 11:30:00,40.20000076293945,39.39598684910445
stock_provided_sample,finance,dummy_mean,600036.SS_1h,2026-03-17 12:30:00,40.18999862670898,39.39598684910445
stock_provided_sample,finance,dummy_mean,600036.SS_1h,2026-03-17 13:30:00,40.13999938964844,39.39598684910445
stock_provided_sample,finance,dummy_mean,600036.SS_1h,2026-03-17 14:30:00,40.119998931884766,39.39598684910445
stock_provided_sample,finance,dummy_mean,600036.SS_1h,2026-03-18 09:30:00,40.04999923706055,39.39598684910445
stock_provided_sample,finance,dummy_mean,600036.SS_1h,2026-03-18 10:30:00,39.97999954223633,39.39598684910445
stock_provided_sample,finance,dummy_mean,600036.SS_1h,2026-03-18 11:30:00,39.97999954223633,39.39598684910445
stock_provided_sample,finance,dummy_mean,600036.SS_1h,2026-03-18 12:30:00,39.88999938964844,39.39598684910445
stock_provided_sample,finance,dummy_mean,600036.SS_1h,2026-03-18 13:30:00,39.90999984741211,39.39598684910445
stock_provided_sample,finance,dummy_mean,600036.SS_1h,2026-03-18 14:30:00,39.95000076293945,39.39598684910445
stock_provided_sample,finance,dummy_mean,600036.SS_1h,2026-03-19 09:30:00,40.0099983215332,39.39598684910445
stock_provided_sample,finance,dummy_mean,600036.SS_1h,2026-03-19 10:30:00,39.970001220703125,39.39598684910445
stock_provided_sample,finance,dummy_mean,600036.SS_1h,2026-03-19 12:30:00,39.86000061035156,39.39598684910445
stock_provided_sample,finance,dummy_mean,600036.SS_1h,2026-03-19 13:30:00,39.79999923706055,39.39598684910445
stock_provided_sample,finance,dummy_mean,600036.SS_1h,2026-03-19 14:30:00,39.81999969482422,39.39598684910445
stock_provided_sample,finance,dummy_mean,600036.SS_1h,2026-03-20 09:30:00,39.91999816894531,39.39598684910445
stock_provided_sample,finance,dummy_mean,600036.SS_1h,2026-03-20 10:30:00,39.88999938964844,39.39598684910445
stock_provided_sample,finance,dummy_mean,600036.SS_1h,2026-03-20 11:30:00,39.880001068115234,39.39598684910445
stock_provided_sample,finance,dummy_mean,600036.SS_1h,2026-03-20 12:30:00,39.720001220703125,39.39598684910445
stock_provided_sample,finance,dummy_mean,600036.SS_1h,2026-03-20 13:30:00,39.75,39.39598684910445
stock_provided_sample,finance,dummy_mean,600036.SS_1h,2026-03-20 14:30:00,39.68000030517578,39.39598684910445
stock_provided_sample,finance,seasonal_naive,600000.SS_1h,2026-03-16 14:30:00,10.3100004196167,9.869999885559082
stock_provided_sample,finance,seasonal_naive,600000.SS_1h,2026-03-17 09:30:00,10.34000015258789,9.949999809265137
stock_provided_sample,finance,seasonal_naive,600000.SS_1h,2026-03-17 10:30:00,10.329999923706056,9.9399995803833
stock_provided_sample,finance,seasonal_naive,600000.SS_1h,2026-03-17 11:30:00,10.329999923706056,9.979999542236328
stock_provided_sample,finance,seasonal_naive,600000.SS_1h,2026-03-17 12:30:00,10.390000343322754,9.970000267028809
stock_provided_sample,finance,seasonal_naive,600000.SS_1h,2026-03-17 13:30:00,10.40999984741211,9.970000267028809
stock_provided_sample,finance,seasonal_naive,600000.SS_1h,2026-03-17 14:30:00,10.380000114440918,10.0600004196167
stock_provided_sample,finance,seasonal_naive,600000.SS_1h,2026-03-18 09:30:00,10.380000114440918,10.0600004196167
stock_provided_sample,finance,seasonal_naive,600000.SS_1h,2026-03-18 10:30:00,10.380000114440918,10.06999969482422
stock_provided_sample,finance,seasonal_naive,600000.SS_1h,2026-03-18 11:30:00,10.359999656677246,10.0600004196167
stock_provided_sample,finance,seasonal_naive,600000.SS_1h,2026-03-18 12:30:00,10.359999656677246,10.130000114440918
stock_provided_sample,finance,seasonal_naive,600000.SS_1h,2026-03-18 13:30:00,10.380000114440918,10.119999885559082
stock_provided_sample,finance,seasonal_naive,600000.SS_1h,2026-03-18 14:30:00,10.369999885559082,10.149999618530272
stock_provided_sample,finance,seasonal_naive,600000.SS_1h,2026-03-19 09:30:00,10.3100004196167,10.1899995803833
stock_provided_sample,finance,seasonal_naive,600000.SS_1h,2026-03-19 10:30:00,10.329999923706056,10.18000030517578
stock_provided_sample,finance,seasonal_naive,600000.SS_1h,2026-03-19 11:30:00,10.329999923706056,10.270000457763672
stock_provided_sample,finance,seasonal_naive,600000.SS_1h,2026-03-19 12:30:00,10.329999923706056,10.350000381469728
stock_provided_sample,finance,seasonal_naive,600000.SS_1h,2026-03-19 13:30:00,10.380000114440918,10.34000015258789
stock_provided_sample,finance,seasonal_naive,600000.SS_1h,2026-03-19 14:30:00,10.329999923706056,10.300000190734863
stock_provided_sample,finance,seasonal_naive,600000.SS_1h,2026-03-20 09:30:00,10.390000343322754,10.270000457763672
stock_provided_sample,finance,seasonal_naive,600000.SS_1h,2026-03-20 10:30:00,10.380000114440918,10.260000228881836
stock_provided_sample,finance,seasonal_naive,600000.SS_1h,2026-03-20 12:30:00,10.34000015258789,10.270000457763672
stock_provided_sample,finance,seasonal_naive,600000.SS_1h,2026-03-20 13:30:00,10.350000381469728,10.25
stock_provided_sample,finance,seasonal_naive,600000.SS_1h,2026-03-20 14:30:00,10.3100004196167,10.289999961853027
stock_provided_sample,finance,seasonal_naive,600016.SS_1h,2026-03-17 09:30:00,3.950000047683716,3.940000057220459
stock_provided_sample,finance,seasonal_naive,600016.SS_1h,2026-03-17 10:30:00,3.950000047683716,3.940000057220459
stock_provided_sample,finance,seasonal_naive,600016.SS_1h,2026-03-17 11:30:00,3.950000047683716,3.9700000286102295
stock_provided_sample,finance,seasonal_naive,600016.SS_1h,2026-03-17 12:30:00,3.940000057220459,3.9700000286102295
stock_provided_sample,finance,seasonal_naive,600016.SS_1h,2026-03-17 13:30:00,3.930000066757202,3.9600000381469727
stock_provided_sample,finance,seasonal_naive,600016.SS_1h,2026-03-17 14:30:00,3.930000066757202,3.9700000286102295
stock_provided_sample,finance,seasonal_naive,600016.SS_1h,2026-03-18 09:30:00,3.890000104904175,3.9700000286102295
stock_provided_sample,finance,seasonal_naive,600016.SS_1h,2026-03-18 10:30:00,3.880000114440918,3.990000009536743
stock_provided_sample,finance,seasonal_naive,600016.SS_1h,2026-03-18 11:30:00,3.890000104904175,3.9800000190734863
stock_provided_sample,finance,seasonal_naive,600016.SS_1h,2026-03-18 12:30:00,3.900000095367432,3.990000009536743
stock_provided_sample,finance,seasonal_naive,600016.SS_1h,2026-03-18 13:30:00,3.900000095367432,3.9800000190734863
stock_provided_sample,finance,seasonal_naive,600016.SS_1h,2026-03-18 14:30:00,3.900000095367432,3.990000009536743
stock_provided_sample,finance,seasonal_naive,600016.SS_1h,2026-03-19 09:30:00,3.900000095367432,4.0
stock_provided_sample,finance,seasonal_naive,600016.SS_1h,2026-03-19 10:30:00,3.880000114440918,4.0
stock_provided_sample,finance,seasonal_naive,600016.SS_1h,2026-03-19 11:30:00,3.890000104904175,3.990000009536743
stock_provided_sample,finance,seasonal_naive,600016.SS_1h,2026-03-19 12:30:00,3.869999885559082,3.990000009536743
stock_provided_sample,finance,seasonal_naive,600016.SS_1h,2026-03-19 13:30:00,3.880000114440918,3.990000009536743
stock_provided_sample,finance,seasonal_naive,600016.SS_1h,2026-03-19 14:30:00,3.869999885559082,3.9600000381469727
stock_provided_sample,finance,seasonal_naive,600016.SS_1h,2026-03-20 09:30:00,3.869999885559082,3.9600000381469727
stock_provided_sample,finance,seasonal_naive,600016.SS_1h,2026-03-20 10:30:00,3.869999885559082,3.940000057220459
stock_provided_sample,finance,seasonal_naive,600016.SS_1h,2026-03-20 11:30:00,3.880000114440918,3.940000057220459
stock_provided_sample,finance,seasonal_naive,600016.SS_1h,2026-03-20 12:30:00,3.859999895095825,3.920000076293945
stock_provided_sample,finance,seasonal_naive,600016.SS_1h,2026-03-20 13:30:00,3.849999904632568,3.920000076293945
stock_provided_sample,finance,seasonal_naive,600016.SS_1h,2026-03-20 14:30:00,3.839999914169312,3.930000066757202
stock_provided_sample,finance,seasonal_naive,600028.SS_1h,2026-03-16 14:30:00,6.329999923706055,6.550000190734863
stock_provided_sample,finance,seasonal_naive,600028.SS_1h,2026-03-17 09:30:00,6.260000228881836,6.559999942779541
stock_provided_sample,finance,seasonal_naive,600028.SS_1h,2026-03-17 10:30:00,6.21999979019165,6.429999828338623
stock_provided_sample,finance,seasonal_naive,600028.SS_1h,2026-03-17 11:30:00,6.21999979019165,6.449999809265137
stock_provided_sample,finance,seasonal_naive,600028.SS_1h,2026-03-17 12:30:00,6.210000038146973,6.460000038146973
stock_provided_sample,finance,seasonal_naive,600028.SS_1h,2026-03-17 13:30:00,6.260000228881836,6.5
stock_provided_sample,finance,seasonal_naive,600028.SS_1h,2026-03-17 14:30:00,6.25,6.510000228881836
stock_provided_sample,finance,seasonal_naive,600028.SS_1h,2026-03-18 09:30:00,6.110000133514404,6.550000190734863
stock_provided_sample,finance,seasonal_naive,600028.SS_1h,2026-03-18 10:30:00,6.090000152587891,6.53000020980835
stock_provided_sample,finance,seasonal_naive,600028.SS_1h,2026-03-18 11:30:00,6.090000152587891,6.53000020980835
stock_provided_sample,finance,seasonal_naive,600028.SS_1h,2026-03-18 12:30:00,6.070000171661377,6.449999809265137
stock_provided_sample,finance,seasonal_naive,600028.SS_1h,2026-03-18 13:30:00,6.119999885559082,6.480000019073486
stock_provided_sample,finance,seasonal_naive,600028.SS_1h,2026-03-18 14:30:00,6.119999885559082,6.460000038146973
stock_provided_sample,finance,seasonal_naive,600028.SS_1h,2026-03-19 09:30:00,6.239999771118164,6.369999885559082
stock_provided_sample,finance,seasonal_naive,600028.SS_1h,2026-03-19 10:30:00,6.199999809265137,6.360000133514404
stock_provided_sample,finance,seasonal_naive,600028.SS_1h,2026-03-19 11:30:00,6.199999809265137,6.349999904632568
stock_provided_sample,finance,seasonal_naive,600028.SS_1h,2026-03-19 12:30:00,6.199999809265137,6.340000152587891
stock_provided_sample,finance,seasonal_naive,600028.SS_1h,2026-03-19 13:30:00,6.230000019073486,6.329999923706055
stock_provided_sample,finance,seasonal_naive,600028.SS_1h,2026-03-19 14:30:00,6.28000020980835,6.320000171661377
stock_provided_sample,finance,seasonal_naive,600028.SS_1h,2026-03-20 09:30:00,6.090000152587891,6.329999923706055
stock_provided_sample,finance,seasonal_naive,600028.SS_1h,2026-03-20 10:30:00,6.099999904632568,6.349999904632568
stock_provided_sample,finance,seasonal_naive,600028.SS_1h,2026-03-20 12:30:00,6.079999923706055,6.349999904632568
stock_provided_sample,finance,seasonal_naive,600028.SS_1h,2026-03-20 13:30:00,6.070000171661377,6.340000152587891
stock_provided_sample,finance,seasonal_naive,600028.SS_1h,2026-03-20 14:30:00,6.099999904632568,6.320000171661377
stock_provided_sample,finance,seasonal_naive,600030.SS_1h,2026-03-16 14:30:00,25.489999771118164,26.049999237060547
stock_provided_sample,finance,seasonal_naive,600030.SS_1h,2026-03-17 09:30:00,26.399999618530277,26.049999237060547
stock_provided_sample,finance,seasonal_naive,600030.SS_1h,2026-03-17 10:30:00,26.200000762939453,26.059999465942383
stock_provided_sample,finance,seasonal_naive,600030.SS_1h,2026-03-17 11:30:00,26.200000762939453,26.13999938964844
stock_provided_sample,finance,seasonal_naive,600030.SS_1h,2026-03-17 12:30:00,26.06999969482422,26.049999237060547
stock_provided_sample,finance,seasonal_naive,600030.SS_1h,2026-03-17 13:30:00,25.959999084472656,26.040000915527344
stock_provided_sample,finance,seasonal_naive,600030.SS_1h,2026-03-17 14:30:00,25.93000030517578,26.01000022888184
stock_provided_sample,finance,seasonal_naive,600030.SS_1h,2026-03-18 09:30:00,25.790000915527344,26.1200008392334
stock_provided_sample,finance,seasonal_naive,600030.SS_1h,2026-03-18 10:30:00,25.82999992370605,26.100000381469727
stock_provided_sample,finance,seasonal_naive,600030.SS_1h,2026-03-18 11:30:00,25.82999992370605,25.950000762939453
stock_provided_sample,finance,seasonal_naive,600030.SS_1h,2026-03-18 12:30:00,25.8799991607666,25.809999465942383
stock_provided_sample,finance,seasonal_naive,600030.SS_1h,2026-03-18 13:30:00,25.920000076293945,25.81999969482422
stock_provided_sample,finance,seasonal_naive,600030.SS_1h,2026-03-18 14:30:00,25.96999931335449,25.84000015258789
stock_provided_sample,finance,seasonal_naive,600030.SS_1h,2026-03-19 09:30:00,25.63999938964844,25.899999618530277
stock_provided_sample,finance,seasonal_naive,600030.SS_1h,2026-03-19 10:30:00,25.68000030517578,25.93000030517578
stock_provided_sample,finance,seasonal_naive,600030.SS_1h,2026-03-19 12:30:00,25.56999969482422,25.850000381469727
stock_provided_sample,finance,seasonal_naive,600030.SS_1h,2026-03-19 13:30:00,25.649999618530277,25.799999237060547
stock_provided_sample,finance,seasonal_naive,600030.SS_1h,2026-03-19 14:30:00,25.6299991607666,25.850000381469727
stock_provided_sample,finance,seasonal_naive,600030.SS_1h,2026-03-20 09:30:00,25.479999542236328,25.770000457763672
stock_provided_sample,finance,seasonal_naive,600030.SS_1h,2026-03-20 10:30:00,25.600000381469727,25.76000022888184
stock_provided_sample,finance,seasonal_naive,600030.SS_1h,2026-03-20 11:30:00,25.600000381469727,25.440000534057617
stock_provided_sample,finance,seasonal_naive,600030.SS_1h,2026-03-20 12:30:00,25.5,25.399999618530277
stock_provided_sample,finance,seasonal_naive,600030.SS_1h,2026-03-20 13:30:00,25.420000076293945,25.420000076293945
stock_provided_sample,finance,seasonal_naive,600030.SS_1h,2026-03-20 14:30:00,25.34000015258789,25.46999931335449
stock_provided_sample,finance,seasonal_naive,600036.SS_1h,2026-03-16 14:30:00,39.88999938964844,39.150001525878906
stock_provided_sample,finance,seasonal_naive,600036.SS_1h,2026-03-17 09:30:00,40.310001373291016,39.13999938964844
stock_provided_sample,finance,seasonal_naive,600036.SS_1h,2026-03-17 10:30:00,40.20000076293945,39.18999862670898
stock_provided_sample,finance,seasonal_naive,600036.SS_1h,2026-03-17 11:30:00,40.20000076293945,39.16999816894531
stock_provided_sample,finance,seasonal_naive,600036.SS_1h,2026-03-17 12:30:00,40.18999862670898,39.36000061035156
stock_provided_sample,finance,seasonal_naive,600036.SS_1h,2026-03-17 13:30:00,40.13999938964844,39.45000076293945
stock_provided_sample,finance,seasonal_naive,600036.SS_1h,2026-03-17 14:30:00,40.119998931884766,39.43999862670898
stock_provided_sample,finance,seasonal_naive,600036.SS_1h,2026-03-18 09:30:00,40.04999923706055,39.4900016784668
stock_provided_sample,finance,seasonal_naive,600036.SS_1h,2026-03-18 10:30:00,39.97999954223633,39.5099983215332
stock_provided_sample,finance,seasonal_naive,600036.SS_1h,2026-03-18 11:30:00,39.97999954223633,39.380001068115234
stock_provided_sample,finance,seasonal_naive,600036.SS_1h,2026-03-18 12:30:00,39.88999938964844,39.38999938964844
stock_provided_sample,finance,seasonal_naive,600036.SS_1h,2026-03-18 13:30:00,39.90999984741211,39.380001068115234
stock_provided_sample,finance,seasonal_naive,600036.SS_1h,2026-03-18 14:30:00,39.95000076293945,39.470001220703125
stock_provided_sample,finance,seasonal_naive,600036.SS_1h,2026-03-19 09:30:00,40.0099983215332,39.47999954223633
stock_provided_sample,finance,seasonal_naive,600036.SS_1h,2026-03-19 10:30:00,39.970001220703125,39.66999816894531
stock_provided_sample,finance,seasonal_naive,600036.SS_1h,2026-03-19 12:30:00,39.86000061035156,39.79999923706055
stock_provided_sample,finance,seasonal_naive,600036.SS_1h,2026-03-19 13:30:00,39.79999923706055,39.810001373291016
stock_provided_sample,finance,seasonal_naive,600036.SS_1h,2026-03-19 14:30:00,39.81999969482422,39.90999984741211
stock_provided_sample,finance,seasonal_naive,600036.SS_1h,2026-03-20 09:30:00,39.91999816894531,39.79999923706055
stock_provided_sample,finance,seasonal_naive,600036.SS_1h,2026-03-20 10:30:00,39.88999938964844,39.7400016784668
stock_provided_sample,finance,seasonal_naive,600036.SS_1h,2026-03-20 11:30:00,39.880001068115234,39.869998931884766
stock_provided_sample,finance,seasonal_naive,600036.SS_1h,2026-03-20 12:30:00,39.720001220703125,39.95000076293945
stock_provided_sample,finance,seasonal_naive,600036.SS_1h,2026-03-20 13:30:00,39.75,39.81999969482422
stock_provided_sample,finance,seasonal_naive,600036.SS_1h,2026-03-20 14:30:00,39.68000030517578,39.88999938964844
