dataset,domain,model,unique_id,ds,y,y_hat
synthetic_energy,energy,dummy_mean,energy_0,2024-01-10 12:00:00,14.560000000000015,13.590000000000002
synthetic_energy,energy,dummy_mean,energy_0,2024-01-10 13:00:00,13.93295238724371,13.590000000000002
synthetic_energy,energy,dummy_mean,energy_0,2024-01-10 14:00:00,13.34999999999999,13.590000000000002
synthetic_energy,energy,dummy_mean,energy_0,2024-01-10 15:00:00,12.852233047033636,13.590000000000002
synthetic_energy,energy,dummy_mean,energy_0,2024-01-10 16:00:00,12.474936490538903,13.590000000000002
synthetic_energy,energy,dummy_mean,energy_0,2024-01-10 17:00:00,12.245185434277328,13.590000000000002
synthetic_energy,energy,dummy_mean,energy_0,2024-01-10 18:00:00,12.18,13.590000000000002
synthetic_energy,energy,dummy_mean,energy_0,2024-01-10 19:00:00,12.285185434277327,13.590000000000002
synthetic_energy,energy,dummy_mean,energy_0,2024-01-10 20:00:00,12.554936490538902,13.590000000000002
synthetic_energy,energy,dummy_mean,energy_0,2024-01-10 21:00:00,12.972233047033619,13.590000000000002
synthetic_energy,energy,dummy_mean,energy_0,2024-01-10 22:00:00,13.50999999999999,13.590000000000002
synthetic_energy,energy,dummy_mean,energy_0,2024-01-10 23:00:00,14.132952387243687,13.590000000000002
synthetic_energy,energy,dummy_mean,energy_1,2024-01-10 12:00:00,15.560000000000015,14.590000000000002
synthetic_energy,energy,dummy_mean,energy_1,2024-01-10 13:00:00,14.93295238724371,14.590000000000002
synthetic_energy,energy,dummy_mean,energy_1,2024-01-10 14:00:00,14.34999999999999,14.590000000000002
synthetic_energy,energy,dummy_mean,energy_1,2024-01-10 15:00:00,13.852233047033636,14.590000000000002
synthetic_energy,energy,dummy_mean,energy_1,2024-01-10 16:00:00,13.474936490538905,14.590000000000002
synthetic_energy,energy,dummy_mean,energy_1,2024-01-10 17:00:00,13.245185434277328,14.590000000000002
synthetic_energy,energy,dummy_mean,energy_1,2024-01-10 18:00:00,13.18,14.590000000000002
synthetic_energy,energy,dummy_mean,energy_1,2024-01-10 19:00:00,13.285185434277327,14.590000000000002
synthetic_energy,energy,dummy_mean,energy_1,2024-01-10 20:00:00,13.5549364905389,14.590000000000002
synthetic_energy,energy,dummy_mean,energy_1,2024-01-10 21:00:00,13.972233047033619,14.590000000000002
synthetic_energy,energy,dummy_mean,energy_1,2024-01-10 22:00:00,14.50999999999999,14.590000000000002
synthetic_energy,energy,dummy_mean,energy_1,2024-01-10 23:00:00,15.132952387243687,14.590000000000002
synthetic_energy,energy,seasonal_naive,energy_0,2024-01-10 12:00:00,14.560000000000015,14.319999999999995
synthetic_energy,energy,seasonal_naive,energy_0,2024-01-10 13:00:00,13.93295238724371,14.987047612756283
synthetic_energy,energy,seasonal_naive,energy_0,2024-01-10 14:00:00,13.34999999999999,15.609999999999985
synthetic_energy,energy,seasonal_naive,energy_0,2024-01-10 15:00:00,12.852233047033636,16.14776695296637
synthetic_energy,energy,seasonal_naive,energy_0,2024-01-10 16:00:00,12.474936490538903,16.5650635094611
synthetic_energy,energy,seasonal_naive,energy_0,2024-01-10 17:00:00,12.245185434277328,16.834814565722667
synthetic_energy,energy,seasonal_naive,energy_0,2024-01-10 18:00:00,12.18,16.94
synthetic_energy,energy,seasonal_naive,energy_0,2024-01-10 19:00:00,12.285185434277327,16.87481456572267
synthetic_energy,energy,seasonal_naive,energy_0,2024-01-10 20:00:00,12.554936490538902,16.645063509461103
synthetic_energy,energy,seasonal_naive,energy_0,2024-01-10 21:00:00,12.972233047033619,16.267766952966376
synthetic_energy,energy,seasonal_naive,energy_0,2024-01-10 22:00:00,13.50999999999999,15.770000000000003
synthetic_energy,energy,seasonal_naive,energy_0,2024-01-10 23:00:00,14.132952387243687,15.18704761275632
synthetic_energy,energy,seasonal_naive,energy_1,2024-01-10 12:00:00,15.560000000000015,15.319999999999995
synthetic_energy,energy,seasonal_naive,energy_1,2024-01-10 13:00:00,14.93295238724371,15.987047612756283
synthetic_energy,energy,seasonal_naive,energy_1,2024-01-10 14:00:00,14.34999999999999,16.609999999999985
synthetic_energy,energy,seasonal_naive,energy_1,2024-01-10 15:00:00,13.852233047033636,17.14776695296637
synthetic_energy,energy,seasonal_naive,energy_1,2024-01-10 16:00:00,13.474936490538905,17.5650635094611
synthetic_energy,energy,seasonal_naive,energy_1,2024-01-10 17:00:00,13.245185434277328,17.834814565722667
synthetic_energy,energy,seasonal_naive,energy_1,2024-01-10 18:00:00,13.18,17.94
synthetic_energy,energy,seasonal_naive,energy_1,2024-01-10 19:00:00,13.285185434277327,17.87481456572267
synthetic_energy,energy,seasonal_naive,energy_1,2024-01-10 20:00:00,13.5549364905389,17.645063509461103
synthetic_energy,energy,seasonal_naive,energy_1,2024-01-10 21:00:00,13.972233047033619,17.267766952966376
synthetic_energy,energy,seasonal_naive,energy_1,2024-01-10 22:00:00,14.50999999999999,16.770000000000003
synthetic_energy,energy,seasonal_naive,energy_1,2024-01-10 23:00:00,15.132952387243687,16.18704761275632
synthetic_energy,energy,moving_average,energy_0,2024-01-10 12:00:00,14.560000000000015,14.310000000000002
synthetic_energy,energy,moving_average,energy_0,2024-01-10 13:00:00,13.93295238724371,14.310000000000002
synthetic_energy,energy,moving_average,energy_0,2024-01-10 14:00:00,13.34999999999999,14.310000000000002
synthetic_energy,energy,moving_average,energy_0,2024-01-10 15:00:00,12.852233047033636,14.310000000000002
synthetic_energy,energy,moving_average,energy_0,2024-01-10 16:00:00,12.474936490538903,14.310000000000002
synthetic_energy,energy,moving_average,energy_0,2024-01-10 17:00:00,12.245185434277328,14.310000000000002
synthetic_energy,energy,moving_average,energy_0,2024-01-10 18:00:00,12.18,14.310000000000002
synthetic_energy,energy,moving_average,energy_0,2024-01-10 19:00:00,12.285185434277327,14.310000000000002
synthetic_energy,energy,moving_average,energy_0,2024-01-10 20:00:00,12.554936490538902,14.310000000000002
synthetic_energy,energy,moving_average,energy_0,2024-01-10 21:00:00,12.972233047033619,14.310000000000002
synthetic_energy,energy,moving_average,energy_0,2024-01-10 22:00:00,13.50999999999999,14.310000000000002
synthetic_energy,energy,moving_average,energy_0,2024-01-10 23:00:00,14.132952387243687,14.310000000000002
synthetic_energy,energy,moving_average,energy_1,2024-01-10 12:00:00,15.560000000000015,15.310000000000002
synthetic_energy,energy,moving_average,energy_1,2024-01-10 13:00:00,14.93295238724371,15.310000000000002
synthetic_energy,energy,moving_average,energy_1,2024-01-10 14:00:00,14.34999999999999,15.310000000000002
synthetic_energy,energy,moving_average,energy_1,2024-01-10 15:00:00,13.852233047033636,15.310000000000002
synthetic_energy,energy,moving_average,energy_1,2024-01-10 16:00:00,13.474936490538905,15.310000000000002
synthetic_energy,energy,moving_average,energy_1,2024-01-10 17:00:00,13.245185434277328,15.310000000000002
synthetic_energy,energy,moving_average,energy_1,2024-01-10 18:00:00,13.18,15.310000000000002
synthetic_energy,energy,moving_average,energy_1,2024-01-10 19:00:00,13.285185434277327,15.310000000000002
synthetic_energy,energy,moving_average,energy_1,2024-01-10 20:00:00,13.5549364905389,15.310000000000002
synthetic_energy,energy,moving_average,energy_1,2024-01-10 21:00:00,13.972233047033619,15.310000000000002
synthetic_energy,energy,moving_average,energy_1,2024-01-10 22:00:00,14.50999999999999,15.310000000000002
synthetic_energy,energy,moving_average,energy_1,2024-01-10 23:00:00,15.132952387243687,15.310000000000002
synthetic_energy,energy,linear_trend,energy_0,2024-01-10 12:00:00,14.560000000000015,15.159664798373038
synthetic_energy,energy,linear_trend,energy_0,2024-01-10 13:00:00,13.93295238724371,15.192029021019906
synthetic_energy,energy,linear_trend,energy_0,2024-01-10 14:00:00,13.34999999999999,15.224393243666771
synthetic_energy,energy,linear_trend,energy_0,2024-01-10 15:00:00,12.852233047033636,15.256757466313639
synthetic_energy,energy,linear_trend,energy_0,2024-01-10 16:00:00,12.474936490538903,15.289121688960506
synthetic_energy,energy,linear_trend,energy_0,2024-01-10 17:00:00,12.245185434277328,15.321485911607372
synthetic_energy,energy,linear_trend,energy_0,2024-01-10 18:00:00,12.18,15.35385013425424
synthetic_energy,energy,linear_trend,energy_0,2024-01-10 19:00:00,12.285185434277327,15.386214356901107
synthetic_energy,energy,linear_trend,energy_0,2024-01-10 20:00:00,12.554936490538902,15.418578579547972
synthetic_energy,energy,linear_trend,energy_0,2024-01-10 21:00:00,12.972233047033619,15.450942802194838
synthetic_energy,energy,linear_trend,energy_0,2024-01-10 22:00:00,13.50999999999999,15.483307024841706
synthetic_energy,energy,linear_trend,energy_0,2024-01-10 23:00:00,14.132952387243687,15.515671247488573
synthetic_energy,energy,linear_trend,energy_1,2024-01-10 12:00:00,15.560000000000015,16.15966479837304
synthetic_energy,energy,linear_trend,energy_1,2024-01-10 13:00:00,14.93295238724371,16.192029021019906
synthetic_energy,energy,linear_trend,energy_1,2024-01-10 14:00:00,14.34999999999999,16.224393243666775
synthetic_energy,energy,linear_trend,energy_1,2024-01-10 15:00:00,13.852233047033636,16.25675746631364
synthetic_energy,energy,linear_trend,energy_1,2024-01-10 16:00:00,13.474936490538905,16.289121688960506
synthetic_energy,energy,linear_trend,energy_1,2024-01-10 17:00:00,13.245185434277328,16.321485911607375
synthetic_energy,energy,linear_trend,energy_1,2024-01-10 18:00:00,13.18,16.35385013425424
synthetic_energy,energy,linear_trend,energy_1,2024-01-10 19:00:00,13.285185434277327,16.386214356901107
synthetic_energy,energy,linear_trend,energy_1,2024-01-10 20:00:00,13.5549364905389,16.418578579547976
synthetic_energy,energy,linear_trend,energy_1,2024-01-10 21:00:00,13.972233047033619,16.45094280219484
synthetic_energy,energy,linear_trend,energy_1,2024-01-10 22:00:00,14.50999999999999,16.483307024841707
synthetic_energy,energy,linear_trend,energy_1,2024-01-10 23:00:00,15.132952387243687,16.515671247488577
synthetic_energy,energy,ridge_ar,energy_0,2024-01-10 12:00:00,14.560000000000015,14.571622121780933
synthetic_energy,energy,ridge_ar,energy_0,2024-01-10 13:00:00,13.93295238724371,13.94836071836577
synthetic_energy,energy,ridge_ar,energy_0,2024-01-10 14:00:00,13.34999999999999,13.368109239324482
synthetic_energy,energy,ridge_ar,energy_0,2024-01-10 15:00:00,12.852233047033636,12.872188981084783
synthetic_energy,energy,ridge_ar,energy_0,2024-01-10 16:00:00,12.474936490538903,12.496040174368796
synthetic_energy,energy,ridge_ar,energy_0,2024-01-10 17:00:00,12.245185434277328,12.268490710465894
synthetic_energy,energy,ridge_ar,energy_0,2024-01-10 18:00:00,12.18,12.20820231660863
synthetic_energy,energy,ridge_ar,energy_0,2024-01-10 19:00:00,12.285185434277327,12.322953767338193
synthetic_energy,energy,ridge_ar,energy_0,2024-01-10 20:00:00,12.554936490538902,12.608948885455662
synthetic_energy,energy,ridge_ar,energy_0,2024-01-10 21:00:00,12.972233047033619,13.050403012971229
synthetic_energy,energy,ridge_ar,energy_0,2024-01-10 22:00:00,13.50999999999999,13.619473499244195
synthetic_energy,energy,ridge_ar,energy_0,2024-01-10 23:00:00,14.132952387243687,14.276664588726694
synthetic_energy,energy,ridge_ar,energy_1,2024-01-10 12:00:00,15.560000000000015,15.571622121780933
synthetic_energy,energy,ridge_ar,energy_1,2024-01-10 13:00:00,14.93295238724371,14.94836071836577
synthetic_energy,energy,ridge_ar,energy_1,2024-01-10 14:00:00,14.34999999999999,14.368109239324482
synthetic_energy,energy,ridge_ar,energy_1,2024-01-10 15:00:00,13.852233047033636,13.872188981084783
synthetic_energy,energy,ridge_ar,energy_1,2024-01-10 16:00:00,13.474936490538905,13.496040174368796
synthetic_energy,energy,ridge_ar,energy_1,2024-01-10 17:00:00,13.245185434277328,13.268490710465894
synthetic_energy,energy,ridge_ar,energy_1,2024-01-10 18:00:00,13.18,13.20820231660863
synthetic_energy,energy,ridge_ar,energy_1,2024-01-10 19:00:00,13.285185434277327,13.322953767338193
synthetic_energy,energy,ridge_ar,energy_1,2024-01-10 20:00:00,13.5549364905389,13.608948885455662
synthetic_energy,energy,ridge_ar,energy_1,2024-01-10 21:00:00,13.972233047033619,14.050403012971229
synthetic_energy,energy,ridge_ar,energy_1,2024-01-10 22:00:00,14.50999999999999,14.619473499244195
synthetic_energy,energy,ridge_ar,energy_1,2024-01-10 23:00:00,15.132952387243687,15.276664588726694
synthetic_energy,energy,hist_gradient_boosting_ar,energy_0,2024-01-10 12:00:00,14.560000000000015,14.532137928282577
synthetic_energy,energy,hist_gradient_boosting_ar,energy_0,2024-01-10 13:00:00,13.93295238724371,13.812620249867951
synthetic_energy,energy,hist_gradient_boosting_ar,energy_0,2024-01-10 14:00:00,13.34999999999999,13.321604579213508
synthetic_energy,energy,hist_gradient_boosting_ar,energy_0,2024-01-10 15:00:00,12.852233047033636,12.90641312157107
synthetic_energy,energy,hist_gradient_boosting_ar,energy_0,2024-01-10 16:00:00,12.474936490538903,12.549433381622052
synthetic_energy,energy,hist_gradient_boosting_ar,energy_0,2024-01-10 17:00:00,12.245185434277328,12.391199587941118
synthetic_energy,energy,hist_gradient_boosting_ar,energy_0,2024-01-10 18:00:00,12.18,12.153429485655522
synthetic_energy,energy,hist_gradient_boosting_ar,energy_0,2024-01-10 19:00:00,12.285185434277327,12.456264145845442
synthetic_energy,energy,hist_gradient_boosting_ar,energy_0,2024-01-10 20:00:00,12.554936490538902,12.617342108002337
synthetic_energy,energy,hist_gradient_boosting_ar,energy_0,2024-01-10 21:00:00,12.972233047033619,13.022672736632096
synthetic_energy,energy,hist_gradient_boosting_ar,energy_0,2024-01-10 22:00:00,13.50999999999999,13.471317732011865
synthetic_energy,energy,hist_gradient_boosting_ar,energy_0,2024-01-10 23:00:00,14.132952387243687,14.06559146037013
synthetic_energy,energy,hist_gradient_boosting_ar,energy_1,2024-01-10 12:00:00,15.560000000000015,15.532137928282577
synthetic_energy,energy,hist_gradient_boosting_ar,energy_1,2024-01-10 13:00:00,14.93295238724371,14.812620249867951
synthetic_energy,energy,hist_gradient_boosting_ar,energy_1,2024-01-10 14:00:00,14.34999999999999,14.321604579213508
synthetic_energy,energy,hist_gradient_boosting_ar,energy_1,2024-01-10 15:00:00,13.852233047033636,13.90641312157107
synthetic_energy,energy,hist_gradient_boosting_ar,energy_1,2024-01-10 16:00:00,13.474936490538905,13.549433381622052
synthetic_energy,energy,hist_gradient_boosting_ar,energy_1,2024-01-10 17:00:00,13.245185434277328,13.391199587941118
synthetic_energy,energy,hist_gradient_boosting_ar,energy_1,2024-01-10 18:00:00,13.18,13.153429485655522
synthetic_energy,energy,hist_gradient_boosting_ar,energy_1,2024-01-10 19:00:00,13.285185434277327,13.456264145845442
synthetic_energy,energy,hist_gradient_boosting_ar,energy_1,2024-01-10 20:00:00,13.5549364905389,13.617342108002337
synthetic_energy,energy,hist_gradient_boosting_ar,energy_1,2024-01-10 21:00:00,13.972233047033619,14.022672736632096
synthetic_energy,energy,hist_gradient_boosting_ar,energy_1,2024-01-10 22:00:00,14.50999999999999,14.471317732011865
synthetic_energy,energy,hist_gradient_boosting_ar,energy_1,2024-01-10 23:00:00,15.132952387243687,15.06559146037013
synthetic_energy,energy,lightgbm_ar,energy_0,2024-01-10 12:00:00,14.560000000000015,14.387710965361874
synthetic_energy,energy,lightgbm_ar,energy_0,2024-01-10 13:00:00,13.93295238724371,13.715943205938732
synthetic_energy,energy,lightgbm_ar,energy_0,2024-01-10 14:00:00,13.34999999999999,13.224452492490581
synthetic_energy,energy,lightgbm_ar,energy_0,2024-01-10 15:00:00,12.852233047033636,12.877423377033118
synthetic_energy,energy,lightgbm_ar,energy_0,2024-01-10 16:00:00,12.474936490538903,12.47901773312893
synthetic_energy,energy,lightgbm_ar,energy_0,2024-01-10 17:00:00,12.245185434277328,12.358075658945852
synthetic_energy,energy,lightgbm_ar,energy_0,2024-01-10 18:00:00,12.18,12.106777159597039
synthetic_energy,energy,lightgbm_ar,energy_0,2024-01-10 19:00:00,12.285185434277327,12.382146719872443
synthetic_energy,energy,lightgbm_ar,energy_0,2024-01-10 20:00:00,12.554936490538902,12.557584304427683
synthetic_energy,energy,lightgbm_ar,energy_0,2024-01-10 21:00:00,12.972233047033619,12.877371756227218
synthetic_energy,energy,lightgbm_ar,energy_0,2024-01-10 22:00:00,13.50999999999999,13.354246113167497
synthetic_energy,energy,lightgbm_ar,energy_0,2024-01-10 23:00:00,14.132952387243687,14.073671311918957
synthetic_energy,energy,lightgbm_ar,energy_1,2024-01-10 12:00:00,15.560000000000015,15.387710965361874
synthetic_energy,energy,lightgbm_ar,energy_1,2024-01-10 13:00:00,14.93295238724371,14.715943205938732
synthetic_energy,energy,lightgbm_ar,energy_1,2024-01-10 14:00:00,14.34999999999999,14.224452492490581
synthetic_energy,energy,lightgbm_ar,energy_1,2024-01-10 15:00:00,13.852233047033636,13.877423377033118
synthetic_energy,energy,lightgbm_ar,energy_1,2024-01-10 16:00:00,13.474936490538905,13.47901773312893
synthetic_energy,energy,lightgbm_ar,energy_1,2024-01-10 17:00:00,13.245185434277328,13.358075658945852
synthetic_energy,energy,lightgbm_ar,energy_1,2024-01-10 18:00:00,13.18,13.106777159597039
synthetic_energy,energy,lightgbm_ar,energy_1,2024-01-10 19:00:00,13.285185434277327,13.382146719872443
synthetic_energy,energy,lightgbm_ar,energy_1,2024-01-10 20:00:00,13.5549364905389,13.557584304427683
synthetic_energy,energy,lightgbm_ar,energy_1,2024-01-10 21:00:00,13.972233047033619,13.877371756227218
synthetic_energy,energy,lightgbm_ar,energy_1,2024-01-10 22:00:00,14.50999999999999,14.354246113167497
synthetic_energy,energy,lightgbm_ar,energy_1,2024-01-10 23:00:00,15.132952387243687,15.073671311918957
synthetic_energy,energy,xgboost_ar,energy_0,2024-01-10 12:00:00,14.560000000000015,14.417367071409101
synthetic_energy,energy,xgboost_ar,energy_0,2024-01-10 13:00:00,13.93295238724371,13.953371477253079
synthetic_energy,energy,xgboost_ar,energy_0,2024-01-10 14:00:00,13.34999999999999,13.35366967715308
synthetic_energy,energy,xgboost_ar,energy_0,2024-01-10 15:00:00,12.852233047033636,12.774843413993686
synthetic_energy,energy,xgboost_ar,energy_0,2024-01-10 16:00:00,12.474936490538903,12.44692412248121
synthetic_energy,energy,xgboost_ar,energy_0,2024-01-10 17:00:00,12.245185434277328,12.164250658072612
synthetic_energy,energy,xgboost_ar,energy_0,2024-01-10 18:00:00,12.18,12.164250658072612
synthetic_energy,energy,xgboost_ar,energy_0,2024-01-10 19:00:00,12.285185434277327,12.16797181586379
synthetic_energy,energy,xgboost_ar,energy_0,2024-01-10 20:00:00,12.554936490538902,12.551529317300634
synthetic_energy,energy,xgboost_ar,energy_0,2024-01-10 21:00:00,12.972233047033619,12.889207512698261
synthetic_energy,energy,xgboost_ar,energy_0,2024-01-10 22:00:00,13.50999999999999,13.343839058122544
synthetic_energy,energy,xgboost_ar,energy_0,2024-01-10 23:00:00,14.132952387243687,13.88921385717742
synthetic_energy,energy,xgboost_ar,energy_1,2024-01-10 12:00:00,15.560000000000015,15.417367071409101
synthetic_energy,energy,xgboost_ar,energy_1,2024-01-10 13:00:00,14.93295238724371,14.953371477253079
synthetic_energy,energy,xgboost_ar,energy_1,2024-01-10 14:00:00,14.34999999999999,14.35366967715308
synthetic_energy,energy,xgboost_ar,energy_1,2024-01-10 15:00:00,13.852233047033636,13.774843413993686
synthetic_energy,energy,xgboost_ar,energy_1,2024-01-10 16:00:00,13.474936490538905,13.44692412248121
synthetic_energy,energy,xgboost_ar,energy_1,2024-01-10 17:00:00,13.245185434277328,13.164250658072612
synthetic_energy,energy,xgboost_ar,energy_1,2024-01-10 18:00:00,13.18,13.164250658072612
synthetic_energy,energy,xgboost_ar,energy_1,2024-01-10 19:00:00,13.285185434277327,13.16797181586379
synthetic_energy,energy,xgboost_ar,energy_1,2024-01-10 20:00:00,13.5549364905389,13.551529317300634
synthetic_energy,energy,xgboost_ar,energy_1,2024-01-10 21:00:00,13.972233047033619,13.889207512698261
synthetic_energy,energy,xgboost_ar,energy_1,2024-01-10 22:00:00,14.50999999999999,14.343839058122544
synthetic_energy,energy,xgboost_ar,energy_1,2024-01-10 23:00:00,15.132952387243687,14.88921385717742
synthetic_energy,energy,tabpfn_ts,energy_0,2024-01-10 12:00:00,14.560000000000015,14.57828140258789
synthetic_energy,energy,tabpfn_ts,energy_0,2024-01-10 13:00:00,13.93295238724371,13.99289321899414
synthetic_energy,energy,tabpfn_ts,energy_0,2024-01-10 14:00:00,13.34999999999999,13.410325050354004
synthetic_energy,energy,tabpfn_ts,energy_0,2024-01-10 15:00:00,12.852233047033636,12.949233055114746
synthetic_energy,energy,tabpfn_ts,energy_0,2024-01-10 16:00:00,12.474936490538903,12.557602882385254
synthetic_energy,energy,tabpfn_ts,energy_0,2024-01-10 17:00:00,12.245185434277328,12.355829238891602
synthetic_energy,energy,tabpfn_ts,energy_0,2024-01-10 18:00:00,12.18,12.290617942810059
synthetic_energy,energy,tabpfn_ts,energy_0,2024-01-10 19:00:00,12.285185434277327,12.357390403747559
synthetic_energy,energy,tabpfn_ts,energy_0,2024-01-10 20:00:00,12.554936490538902,12.571799278259277
synthetic_energy,energy,tabpfn_ts,energy_0,2024-01-10 21:00:00,12.972233047033619,12.969158172607422
synthetic_energy,energy,tabpfn_ts,energy_0,2024-01-10 22:00:00,13.50999999999999,13.469019889831543
synthetic_energy,energy,tabpfn_ts,energy_0,2024-01-10 23:00:00,14.132952387243687,14.10824966430664
synthetic_energy,energy,tabpfn_ts,energy_1,2024-01-10 12:00:00,15.560000000000015,15.57828140258789
synthetic_energy,energy,tabpfn_ts,energy_1,2024-01-10 13:00:00,14.93295238724371,14.99289321899414
synthetic_energy,energy,tabpfn_ts,energy_1,2024-01-10 14:00:00,14.34999999999999,14.410325050354004
synthetic_energy,energy,tabpfn_ts,energy_1,2024-01-10 15:00:00,13.852233047033636,13.949233055114746
synthetic_energy,energy,tabpfn_ts,energy_1,2024-01-10 16:00:00,13.474936490538905,13.557602882385254
synthetic_energy,energy,tabpfn_ts,energy_1,2024-01-10 17:00:00,13.245185434277328,13.355829238891602
synthetic_energy,energy,tabpfn_ts,energy_1,2024-01-10 18:00:00,13.18,13.290617942810059
synthetic_energy,energy,tabpfn_ts,energy_1,2024-01-10 19:00:00,13.285185434277327,13.357390403747559
synthetic_energy,energy,tabpfn_ts,energy_1,2024-01-10 20:00:00,13.5549364905389,13.571799278259277
synthetic_energy,energy,tabpfn_ts,energy_1,2024-01-10 21:00:00,13.972233047033619,13.969158172607422
synthetic_energy,energy,tabpfn_ts,energy_1,2024-01-10 22:00:00,14.50999999999999,14.469019889831543
synthetic_energy,energy,tabpfn_ts,energy_1,2024-01-10 23:00:00,15.132952387243687,15.10824966430664
synthetic_traffic,traffic,dummy_mean,traffic_0,2024-01-10 12:00:00,32.345494447404135,30.679363885007017
synthetic_traffic,traffic,dummy_mean,traffic_0,2024-01-10 13:00:00,30.20336280861623,30.679363885007017
synthetic_traffic,traffic,dummy_mean,traffic_0,2024-01-10 14:00:00,28.19915561548945,30.679363885007017
synthetic_traffic,traffic,dummy_mean,traffic_0,2024-01-10 15:00:00,26.46446609406727,30.679363885007017
synthetic_traffic,traffic,dummy_mean,traffic_0,2024-01-10 16:00:00,25.11231498303725,30.679363885007017
synthetic_traffic,traffic,dummy_mean,traffic_0,2024-01-10 17:00:00,24.229455623521815,30.679363885007017
synthetic_traffic,traffic,dummy_mean,traffic_0,2024-01-10 18:00:00,23.870469405576202,30.679363885007017
synthetic_traffic,traffic,dummy_mean,traffic_0,2024-01-10 19:00:00,24.054053946407954,30.679363885007017
synthetic_traffic,traffic,dummy_mean,traffic_0,2024-01-10 20:00:00,24.761756943915355,30.679363885007017
synthetic_traffic,traffic,dummy_mean,traffic_0,2024-01-10 21:00:00,25.939241980053595,30.679363885007017
synthetic_traffic,traffic,dummy_mean,traffic_0,2024-01-10 22:00:00,27.499999999999968,30.679363885007017
synthetic_traffic,traffic,dummy_mean,traffic_0,2024-01-10 23:00:00,29.33125352399899,30.679363885007017
synthetic_traffic,traffic,dummy_mean,traffic_1,2024-01-10 12:00:00,33.345494447404135,31.679363885007017
synthetic_traffic,traffic,dummy_mean,traffic_1,2024-01-10 13:00:00,31.20336280861623,31.679363885007017
synthetic_traffic,traffic,dummy_mean,traffic_1,2024-01-10 14:00:00,29.19915561548945,31.679363885007017
synthetic_traffic,traffic,dummy_mean,traffic_1,2024-01-10 15:00:00,27.46446609406727,31.679363885007017
synthetic_traffic,traffic,dummy_mean,traffic_1,2024-01-10 16:00:00,26.11231498303725,31.679363885007017
synthetic_traffic,traffic,dummy_mean,traffic_1,2024-01-10 17:00:00,25.229455623521815,31.679363885007017
synthetic_traffic,traffic,dummy_mean,traffic_1,2024-01-10 18:00:00,24.870469405576202,31.679363885007017
synthetic_traffic,traffic,dummy_mean,traffic_1,2024-01-10 19:00:00,25.054053946407954,31.679363885007017
synthetic_traffic,traffic,dummy_mean,traffic_1,2024-01-10 20:00:00,25.761756943915355,31.679363885007017
synthetic_traffic,traffic,dummy_mean,traffic_1,2024-01-10 21:00:00,26.939241980053595,31.679363885007017
synthetic_traffic,traffic,dummy_mean,traffic_1,2024-01-10 22:00:00,28.499999999999968,31.679363885007017
synthetic_traffic,traffic,dummy_mean,traffic_1,2024-01-10 23:00:00,30.33125352399899,31.679363885007017
synthetic_traffic,traffic,seasonal_naive,traffic_0,2024-01-10 12:00:00,32.345494447404135,32.92478373654545
synthetic_traffic,traffic,seasonal_naive,traffic_0,2024-01-10 13:00:00,30.20336280861623,34.96832983968731
synthetic_traffic,traffic,seasonal_naive,traffic_0,2024-01-10 14:00:00,28.19915561548945,36.86671841735838
synthetic_traffic,traffic,seasonal_naive,traffic_0,2024-01-10 15:00:00,26.46446609406727,38.48850424041749
synthetic_traffic,traffic,seasonal_naive,traffic_0,2024-01-10 16:00:00,25.11231498303725,39.720824476208136
synthetic_traffic,traffic,seasonal_naive,traffic_0,2024-01-10 17:00:00,24.229455623521815,40.47709337792247
synthetic_traffic,traffic,seasonal_naive,traffic_0,2024-01-10 18:00:00,23.870469405576202,40.702906603707255
synthetic_traffic,traffic,seasonal_naive,traffic_0,2024-01-10 19:00:00,24.054053946407954,40.37975279082637
synthetic_traffic,traffic,seasonal_naive,traffic_0,2024-01-10 20:00:00,24.761756943915355,39.526279441628844
synthetic_traffic,traffic,seasonal_naive,traffic_0,2024-01-10 21:00:00,25.939241980053595,38.197026847177256
synthetic_traffic,traffic,seasonal_naive,traffic_0,2024-01-10 22:00:00,27.499999999999968,36.478716322947996
synthetic_traffic,traffic,seasonal_naive,traffic_0,2024-01-10 23:00:00,29.33125352399899,34.48434570012023
synthetic_traffic,traffic,seasonal_naive,traffic_1,2024-01-10 12:00:00,33.345494447404135,33.92478373654545
synthetic_traffic,traffic,seasonal_naive,traffic_1,2024-01-10 13:00:00,31.20336280861623,35.96832983968731
synthetic_traffic,traffic,seasonal_naive,traffic_1,2024-01-10 14:00:00,29.19915561548945,37.86671841735838
synthetic_traffic,traffic,seasonal_naive,traffic_1,2024-01-10 15:00:00,27.46446609406727,39.48850424041749
synthetic_traffic,traffic,seasonal_naive,traffic_1,2024-01-10 16:00:00,26.11231498303725,40.720824476208136
synthetic_traffic,traffic,seasonal_naive,traffic_1,2024-01-10 17:00:00,25.229455623521815,41.47709337792247
synthetic_traffic,traffic,seasonal_naive,traffic_1,2024-01-10 18:00:00,24.870469405576202,41.702906603707255
synthetic_traffic,traffic,seasonal_naive,traffic_1,2024-01-10 19:00:00,25.054053946407954,41.37975279082637
synthetic_traffic,traffic,seasonal_naive,traffic_1,2024-01-10 20:00:00,25.761756943915355,40.526279441628844
synthetic_traffic,traffic,seasonal_naive,traffic_1,2024-01-10 21:00:00,26.939241980053595,39.197026847177256
synthetic_traffic,traffic,seasonal_naive,traffic_1,2024-01-10 22:00:00,28.499999999999968,37.478716322947996
synthetic_traffic,traffic,seasonal_naive,traffic_1,2024-01-10 23:00:00,30.33125352399899,35.48434570012023
synthetic_traffic,traffic,moving_average,traffic_0,2024-01-10 12:00:00,32.345494447404135,32.839321529050785
synthetic_traffic,traffic,moving_average,traffic_0,2024-01-10 13:00:00,30.20336280861623,32.839321529050785
synthetic_traffic,traffic,moving_average,traffic_0,2024-01-10 14:00:00,28.19915561548945,32.839321529050785
synthetic_traffic,traffic,moving_average,traffic_0,2024-01-10 15:00:00,26.46446609406727,32.839321529050785
synthetic_traffic,traffic,moving_average,traffic_0,2024-01-10 16:00:00,25.11231498303725,32.839321529050785
synthetic_traffic,traffic,moving_average,traffic_0,2024-01-10 17:00:00,24.229455623521815,32.839321529050785
synthetic_traffic,traffic,moving_average,traffic_0,2024-01-10 18:00:00,23.870469405576202,32.839321529050785
synthetic_traffic,traffic,moving_average,traffic_0,2024-01-10 19:00:00,24.054053946407954,32.839321529050785
synthetic_traffic,traffic,moving_average,traffic_0,2024-01-10 20:00:00,24.761756943915355,32.839321529050785
synthetic_traffic,traffic,moving_average,traffic_0,2024-01-10 21:00:00,25.939241980053595,32.839321529050785
synthetic_traffic,traffic,moving_average,traffic_0,2024-01-10 22:00:00,27.499999999999968,32.839321529050785
synthetic_traffic,traffic,moving_average,traffic_0,2024-01-10 23:00:00,29.33125352399899,32.839321529050785
synthetic_traffic,traffic,moving_average,traffic_1,2024-01-10 12:00:00,33.345494447404135,33.839321529050785
synthetic_traffic,traffic,moving_average,traffic_1,2024-01-10 13:00:00,31.20336280861623,33.839321529050785
synthetic_traffic,traffic,moving_average,traffic_1,2024-01-10 14:00:00,29.19915561548945,33.839321529050785
synthetic_traffic,traffic,moving_average,traffic_1,2024-01-10 15:00:00,27.46446609406727,33.839321529050785
synthetic_traffic,traffic,moving_average,traffic_1,2024-01-10 16:00:00,26.11231498303725,33.839321529050785
synthetic_traffic,traffic,moving_average,traffic_1,2024-01-10 17:00:00,25.229455623521815,33.839321529050785
synthetic_traffic,traffic,moving_average,traffic_1,2024-01-10 18:00:00,24.870469405576202,33.839321529050785
synthetic_traffic,traffic,moving_average,traffic_1,2024-01-10 19:00:00,25.054053946407954,33.839321529050785
synthetic_traffic,traffic,moving_average,traffic_1,2024-01-10 20:00:00,25.761756943915355,33.839321529050785
synthetic_traffic,traffic,moving_average,traffic_1,2024-01-10 21:00:00,26.939241980053595,33.839321529050785
synthetic_traffic,traffic,moving_average,traffic_1,2024-01-10 22:00:00,28.499999999999968,33.839321529050785
synthetic_traffic,traffic,moving_average,traffic_1,2024-01-10 23:00:00,30.33125352399899,33.839321529050785
synthetic_traffic,traffic,linear_trend,traffic_0,2024-01-10 12:00:00,32.345494447404135,36.123588533275736
synthetic_traffic,traffic,linear_trend,traffic_0,2024-01-10 13:00:00,30.20336280861623,36.23584058787922
synthetic_traffic,traffic,linear_trend,traffic_0,2024-01-10 14:00:00,28.19915561548945,36.3480926424827
synthetic_traffic,traffic,linear_trend,traffic_0,2024-01-10 15:00:00,26.46446609406727,36.46034469708617
synthetic_traffic,traffic,linear_trend,traffic_0,2024-01-10 16:00:00,25.11231498303725,36.57259675168965
synthetic_traffic,traffic,linear_trend,traffic_0,2024-01-10 17:00:00,24.229455623521815,36.68484880629313
synthetic_traffic,traffic,linear_trend,traffic_0,2024-01-10 18:00:00,23.870469405576202,36.797100860896606
synthetic_traffic,traffic,linear_trend,traffic_0,2024-01-10 19:00:00,24.054053946407954,36.90935291550009
synthetic_traffic,traffic,linear_trend,traffic_0,2024-01-10 20:00:00,24.761756943915355,37.02160497010357
synthetic_traffic,traffic,linear_trend,traffic_0,2024-01-10 21:00:00,25.939241980053595,37.13385702470704
synthetic_traffic,traffic,linear_trend,traffic_0,2024-01-10 22:00:00,27.499999999999968,37.24610907931052
synthetic_traffic,traffic,linear_trend,traffic_0,2024-01-10 23:00:00,29.33125352399899,37.358361133914
synthetic_traffic,traffic,linear_trend,traffic_1,2024-01-10 12:00:00,33.345494447404135,37.12358853327572
synthetic_traffic,traffic,linear_trend,traffic_1,2024-01-10 13:00:00,31.20336280861623,37.2358405878792
synthetic_traffic,traffic,linear_trend,traffic_1,2024-01-10 14:00:00,29.19915561548945,37.34809264248268
synthetic_traffic,traffic,linear_trend,traffic_1,2024-01-10 15:00:00,27.46446609406727,37.46034469708616
synthetic_traffic,traffic,linear_trend,traffic_1,2024-01-10 16:00:00,26.11231498303725,37.57259675168964
synthetic_traffic,traffic,linear_trend,traffic_1,2024-01-10 17:00:00,25.229455623521815,37.68484880629312
synthetic_traffic,traffic,linear_trend,traffic_1,2024-01-10 18:00:00,24.870469405576202,37.79710086089659
synthetic_traffic,traffic,linear_trend,traffic_1,2024-01-10 19:00:00,25.054053946407954,37.90935291550007
synthetic_traffic,traffic,linear_trend,traffic_1,2024-01-10 20:00:00,25.761756943915355,38.02160497010355
synthetic_traffic,traffic,linear_trend,traffic_1,2024-01-10 21:00:00,26.939241980053595,38.13385702470703
synthetic_traffic,traffic,linear_trend,traffic_1,2024-01-10 22:00:00,28.499999999999968,38.24610907931051
synthetic_traffic,traffic,linear_trend,traffic_1,2024-01-10 23:00:00,30.33125352399899,38.35836113391399
synthetic_traffic,traffic,ridge_ar,traffic_0,2024-01-10 12:00:00,32.345494447404135,33.19238347351523
synthetic_traffic,traffic,ridge_ar,traffic_0,2024-01-10 13:00:00,30.20336280861623,31.560178368897397
synthetic_traffic,traffic,ridge_ar,traffic_0,2024-01-10 14:00:00,28.19915561548945,30.00787887103969
synthetic_traffic,traffic,ridge_ar,traffic_0,2024-01-10 15:00:00,26.46446609406727,28.4527041250426
synthetic_traffic,traffic,ridge_ar,traffic_0,2024-01-10 16:00:00,25.11231498303725,27.215855638622415
synthetic_traffic,traffic,ridge_ar,traffic_0,2024-01-10 17:00:00,24.229455623521815,26.392786223439153
synthetic_traffic,traffic,ridge_ar,traffic_0,2024-01-10 18:00:00,23.870469405576202,26.119932164592687
synthetic_traffic,traffic,ridge_ar,traffic_0,2024-01-10 19:00:00,24.054053946407954,26.410270594281183
synthetic_traffic,traffic,ridge_ar,traffic_0,2024-01-10 20:00:00,24.761756943915355,27.253335450274193
synthetic_traffic,traffic,ridge_ar,traffic_0,2024-01-10 21:00:00,25.939241980053595,28.581133084564744
synthetic_traffic,traffic,ridge_ar,traffic_0,2024-01-10 22:00:00,27.499999999999968,30.304770656983663
synthetic_traffic,traffic,ridge_ar,traffic_0,2024-01-10 23:00:00,29.33125352399899,32.30815802105485
synthetic_traffic,traffic,ridge_ar,traffic_1,2024-01-10 12:00:00,33.345494447404135,34.19238347351523
synthetic_traffic,traffic,ridge_ar,traffic_1,2024-01-10 13:00:00,31.20336280861623,32.5601783688974
synthetic_traffic,traffic,ridge_ar,traffic_1,2024-01-10 14:00:00,29.19915561548945,31.00787887103969
synthetic_traffic,traffic,ridge_ar,traffic_1,2024-01-10 15:00:00,27.46446609406727,29.4527041250426
synthetic_traffic,traffic,ridge_ar,traffic_1,2024-01-10 16:00:00,26.11231498303725,28.215855638622415
synthetic_traffic,traffic,ridge_ar,traffic_1,2024-01-10 17:00:00,25.229455623521815,27.392786223439153
synthetic_traffic,traffic,ridge_ar,traffic_1,2024-01-10 18:00:00,24.870469405576202,27.119932164592687
synthetic_traffic,traffic,ridge_ar,traffic_1,2024-01-10 19:00:00,25.054053946407954,27.410270594281183
synthetic_traffic,traffic,ridge_ar,traffic_1,2024-01-10 20:00:00,25.761756943915355,28.253335450274193
synthetic_traffic,traffic,ridge_ar,traffic_1,2024-01-10 21:00:00,26.939241980053595,29.581133084564744
synthetic_traffic,traffic,ridge_ar,traffic_1,2024-01-10 22:00:00,28.499999999999968,31.304770656983663
synthetic_traffic,traffic,ridge_ar,traffic_1,2024-01-10 23:00:00,30.33125352399899,33.30815802105485
synthetic_traffic,traffic,hist_gradient_boosting_ar,traffic_0,2024-01-10 12:00:00,32.345494447404135,34.05194755309587
synthetic_traffic,traffic,hist_gradient_boosting_ar,traffic_0,2024-01-10 13:00:00,30.20336280861623,32.473374374581674
synthetic_traffic,traffic,hist_gradient_boosting_ar,traffic_0,2024-01-10 14:00:00,28.19915561548945,30.33675586460169
synthetic_traffic,traffic,hist_gradient_boosting_ar,traffic_0,2024-01-10 15:00:00,26.46446609406727,28.300788911841774
synthetic_traffic,traffic,hist_gradient_boosting_ar,traffic_0,2024-01-10 16:00:00,25.11231498303725,27.329438971014255
synthetic_traffic,traffic,hist_gradient_boosting_ar,traffic_0,2024-01-10 17:00:00,24.229455623521815,26.498254328442222
synthetic_traffic,traffic,hist_gradient_boosting_ar,traffic_0,2024-01-10 18:00:00,23.870469405576202,26.498254328442222
synthetic_traffic,traffic,hist_gradient_boosting_ar,traffic_0,2024-01-10 19:00:00,24.054053946407954,26.498254328442222
synthetic_traffic,traffic,hist_gradient_boosting_ar,traffic_0,2024-01-10 20:00:00,24.761756943915355,27.3229297094283
synthetic_traffic,traffic,hist_gradient_boosting_ar,traffic_0,2024-01-10 21:00:00,25.939241980053595,28.41314490626088
synthetic_traffic,traffic,hist_gradient_boosting_ar,traffic_0,2024-01-10 22:00:00,27.499999999999968,30.009602736421396
synthetic_traffic,traffic,hist_gradient_boosting_ar,traffic_0,2024-01-10 23:00:00,29.33125352399899,32.486822736195805
synthetic_traffic,traffic,hist_gradient_boosting_ar,traffic_1,2024-01-10 12:00:00,33.345494447404135,35.05194755309587
synthetic_traffic,traffic,hist_gradient_boosting_ar,traffic_1,2024-01-10 13:00:00,31.20336280861623,33.473374374581674
synthetic_traffic,traffic,hist_gradient_boosting_ar,traffic_1,2024-01-10 14:00:00,29.19915561548945,31.33675586460169
synthetic_traffic,traffic,hist_gradient_boosting_ar,traffic_1,2024-01-10 15:00:00,27.46446609406727,29.300788911841774
synthetic_traffic,traffic,hist_gradient_boosting_ar,traffic_1,2024-01-10 16:00:00,26.11231498303725,28.329438971014255
synthetic_traffic,traffic,hist_gradient_boosting_ar,traffic_1,2024-01-10 17:00:00,25.229455623521815,27.498254328442222
synthetic_traffic,traffic,hist_gradient_boosting_ar,traffic_1,2024-01-10 18:00:00,24.870469405576202,27.498254328442222
synthetic_traffic,traffic,hist_gradient_boosting_ar,traffic_1,2024-01-10 19:00:00,25.054053946407954,27.498254328442222
synthetic_traffic,traffic,hist_gradient_boosting_ar,traffic_1,2024-01-10 20:00:00,25.761756943915355,28.3229297094283
synthetic_traffic,traffic,hist_gradient_boosting_ar,traffic_1,2024-01-10 21:00:00,26.939241980053595,29.41314490626088
synthetic_traffic,traffic,hist_gradient_boosting_ar,traffic_1,2024-01-10 22:00:00,28.499999999999968,31.009602736421396
synthetic_traffic,traffic,hist_gradient_boosting_ar,traffic_1,2024-01-10 23:00:00,30.33125352399899,33.486822736195805
synthetic_traffic,traffic,lightgbm_ar,traffic_0,2024-01-10 12:00:00,32.345494447404135,33.77288380307373
synthetic_traffic,traffic,lightgbm_ar,traffic_0,2024-01-10 13:00:00,30.20336280861623,32.85628873184554
synthetic_traffic,traffic,lightgbm_ar,traffic_0,2024-01-10 14:00:00,28.19915561548945,30.144741551457464
synthetic_traffic,traffic,lightgbm_ar,traffic_0,2024-01-10 15:00:00,26.46446609406727,28.66601941483972
synthetic_traffic,traffic,lightgbm_ar,traffic_0,2024-01-10 16:00:00,25.11231498303725,27.73904913329251
synthetic_traffic,traffic,lightgbm_ar,traffic_0,2024-01-10 17:00:00,24.229455623521815,27.368474634270502
synthetic_traffic,traffic,lightgbm_ar,traffic_0,2024-01-10 18:00:00,23.870469405576202,27.251607095550423
synthetic_traffic,traffic,lightgbm_ar,traffic_0,2024-01-10 19:00:00,24.054053946407954,27.31325052638051
synthetic_traffic,traffic,lightgbm_ar,traffic_0,2024-01-10 20:00:00,24.761756943915355,27.952899016721105
synthetic_traffic,traffic,lightgbm_ar,traffic_0,2024-01-10 21:00:00,25.939241980053595,28.555861088133753
synthetic_traffic,traffic,lightgbm_ar,traffic_0,2024-01-10 22:00:00,27.499999999999968,29.82420174396612
synthetic_traffic,traffic,lightgbm_ar,traffic_0,2024-01-10 23:00:00,29.33125352399899,32.82519260823709
synthetic_traffic,traffic,lightgbm_ar,traffic_1,2024-01-10 12:00:00,33.345494447404135,34.77288380307373
synthetic_traffic,traffic,lightgbm_ar,traffic_1,2024-01-10 13:00:00,31.20336280861623,33.85628873184554
synthetic_traffic,traffic,lightgbm_ar,traffic_1,2024-01-10 14:00:00,29.19915561548945,31.144741551457464
synthetic_traffic,traffic,lightgbm_ar,traffic_1,2024-01-10 15:00:00,27.46446609406727,29.66601941483972
synthetic_traffic,traffic,lightgbm_ar,traffic_1,2024-01-10 16:00:00,26.11231498303725,28.73904913329251
synthetic_traffic,traffic,lightgbm_ar,traffic_1,2024-01-10 17:00:00,25.229455623521815,28.368474634270502
synthetic_traffic,traffic,lightgbm_ar,traffic_1,2024-01-10 18:00:00,24.870469405576202,28.251607095550423
synthetic_traffic,traffic,lightgbm_ar,traffic_1,2024-01-10 19:00:00,25.054053946407954,28.31325052638051
synthetic_traffic,traffic,lightgbm_ar,traffic_1,2024-01-10 20:00:00,25.761756943915355,28.952899016721105
synthetic_traffic,traffic,lightgbm_ar,traffic_1,2024-01-10 21:00:00,26.939241980053595,29.555861088133753
synthetic_traffic,traffic,lightgbm_ar,traffic_1,2024-01-10 22:00:00,28.499999999999968,30.82420174396612
synthetic_traffic,traffic,lightgbm_ar,traffic_1,2024-01-10 23:00:00,30.33125352399899,33.82519260823709
synthetic_traffic,traffic,xgboost_ar,traffic_0,2024-01-10 12:00:00,32.345494447404135,34.40371604100048
synthetic_traffic,traffic,xgboost_ar,traffic_0,2024-01-10 13:00:00,30.20336280861623,33.07157568911654
synthetic_traffic,traffic,xgboost_ar,traffic_0,2024-01-10 14:00:00,28.19915561548945,31.255330948708284
synthetic_traffic,traffic,xgboost_ar,traffic_0,2024-01-10 15:00:00,26.46446609406727,28.831385390615857
synthetic_traffic,traffic,xgboost_ar,traffic_0,2024-01-10 16:00:00,25.11231498303725,27.85975638232321
synthetic_traffic,traffic,xgboost_ar,traffic_0,2024-01-10 17:00:00,24.229455623521815,27.137292954573716
synthetic_traffic,traffic,xgboost_ar,traffic_0,2024-01-10 18:00:00,23.870469405576202,26.750233291557862
synthetic_traffic,traffic,xgboost_ar,traffic_0,2024-01-10 19:00:00,24.054053946407954,26.795711659785667
synthetic_traffic,traffic,xgboost_ar,traffic_0,2024-01-10 20:00:00,24.761756943915355,27.964118793306003
synthetic_traffic,traffic,xgboost_ar,traffic_0,2024-01-10 21:00:00,25.939241980053595,29.045133721286554
synthetic_traffic,traffic,xgboost_ar,traffic_0,2024-01-10 22:00:00,27.499999999999968,30.65696052077673
synthetic_traffic,traffic,xgboost_ar,traffic_0,2024-01-10 23:00:00,29.33125352399899,32.69635762379423
synthetic_traffic,traffic,xgboost_ar,traffic_1,2024-01-10 12:00:00,33.345494447404135,35.40371604100048
synthetic_traffic,traffic,xgboost_ar,traffic_1,2024-01-10 13:00:00,31.20336280861623,34.07157568911654
synthetic_traffic,traffic,xgboost_ar,traffic_1,2024-01-10 14:00:00,29.19915561548945,32.255330948708284
synthetic_traffic,traffic,xgboost_ar,traffic_1,2024-01-10 15:00:00,27.46446609406727,29.831385390615857
synthetic_traffic,traffic,xgboost_ar,traffic_1,2024-01-10 16:00:00,26.11231498303725,28.85975638232321
synthetic_traffic,traffic,xgboost_ar,traffic_1,2024-01-10 17:00:00,25.229455623521815,28.137292954573716
synthetic_traffic,traffic,xgboost_ar,traffic_1,2024-01-10 18:00:00,24.870469405576202,27.750233291557862
synthetic_traffic,traffic,xgboost_ar,traffic_1,2024-01-10 19:00:00,25.054053946407954,27.795711659785667
synthetic_traffic,traffic,xgboost_ar,traffic_1,2024-01-10 20:00:00,25.761756943915355,28.964118793306003
synthetic_traffic,traffic,xgboost_ar,traffic_1,2024-01-10 21:00:00,26.939241980053595,30.045133721286554
synthetic_traffic,traffic,xgboost_ar,traffic_1,2024-01-10 22:00:00,28.499999999999968,31.65696052077673
synthetic_traffic,traffic,xgboost_ar,traffic_1,2024-01-10 23:00:00,30.33125352399899,33.69635762379423
synthetic_traffic,traffic,tabpfn_ts,traffic_0,2024-01-10 12:00:00,32.345494447404135,32.08638000488281
synthetic_traffic,traffic,tabpfn_ts,traffic_0,2024-01-10 13:00:00,30.20336280861623,29.693904876708984
synthetic_traffic,traffic,tabpfn_ts,traffic_0,2024-01-10 14:00:00,28.19915561548945,27.75644302368164
synthetic_traffic,traffic,tabpfn_ts,traffic_0,2024-01-10 15:00:00,26.46446609406727,25.963525772094727
synthetic_traffic,traffic,tabpfn_ts,traffic_0,2024-01-10 16:00:00,25.11231498303725,24.730600357055664
synthetic_traffic,traffic,tabpfn_ts,traffic_0,2024-01-10 17:00:00,24.229455623521815,24.224559783935547
synthetic_traffic,traffic,tabpfn_ts,traffic_0,2024-01-10 18:00:00,23.870469405576202,24.12255859375
synthetic_traffic,traffic,tabpfn_ts,traffic_0,2024-01-10 19:00:00,24.054053946407954,24.50844383239746
synthetic_traffic,traffic,tabpfn_ts,traffic_0,2024-01-10 20:00:00,24.761756943915355,25.456857681274414
synthetic_traffic,traffic,tabpfn_ts,traffic_0,2024-01-10 21:00:00,25.939241980053595,27.19502067565918
synthetic_traffic,traffic,tabpfn_ts,traffic_0,2024-01-10 22:00:00,27.499999999999968,29.079456329345703
synthetic_traffic,traffic,tabpfn_ts,traffic_0,2024-01-10 23:00:00,29.33125352399899,31.360261917114258
synthetic_traffic,traffic,tabpfn_ts,traffic_1,2024-01-10 12:00:00,33.345494447404135,33.08638000488281
synthetic_traffic,traffic,tabpfn_ts,traffic_1,2024-01-10 13:00:00,31.20336280861623,30.693904876708984
synthetic_traffic,traffic,tabpfn_ts,traffic_1,2024-01-10 14:00:00,29.19915561548945,28.75644302368164
synthetic_traffic,traffic,tabpfn_ts,traffic_1,2024-01-10 15:00:00,27.46446609406727,26.963525772094727
synthetic_traffic,traffic,tabpfn_ts,traffic_1,2024-01-10 16:00:00,26.11231498303725,25.730600357055664
synthetic_traffic,traffic,tabpfn_ts,traffic_1,2024-01-10 17:00:00,25.229455623521815,25.224559783935547
synthetic_traffic,traffic,tabpfn_ts,traffic_1,2024-01-10 18:00:00,24.870469405576202,25.12255859375
synthetic_traffic,traffic,tabpfn_ts,traffic_1,2024-01-10 19:00:00,25.054053946407954,25.50844383239746
synthetic_traffic,traffic,tabpfn_ts,traffic_1,2024-01-10 20:00:00,25.761756943915355,26.456857681274414
synthetic_traffic,traffic,tabpfn_ts,traffic_1,2024-01-10 21:00:00,26.939241980053595,28.19502067565918
synthetic_traffic,traffic,tabpfn_ts,traffic_1,2024-01-10 22:00:00,28.499999999999968,30.079456329345703
synthetic_traffic,traffic,tabpfn_ts,traffic_1,2024-01-10 23:00:00,30.33125352399899,32.360260009765625
synthetic_weather,weather,dummy_mean,weather_0,2024-01-09 06:00:00,23.5,16.89767567911095
synthetic_weather,weather,dummy_mean,weather_0,2024-01-09 06:10:00,23.48764498441539,16.89767567911095
synthetic_weather,weather,dummy_mean,weather_0,2024-01-09 06:20:00,23.450819800851686,16.89767567911095
synthetic_weather,weather,dummy_mean,weather_0,2024-01-09 06:30:00,23.39023700876128,16.89767567911095
synthetic_weather,weather,dummy_mean,weather_0,2024-01-09 06:40:00,23.307060986620538,16.89767567911095
synthetic_weather,weather,dummy_mean,weather_0,2024-01-09 06:50:00,23.20287384044295,16.89767567911095
synthetic_weather,weather,dummy_mean,weather_0,2024-01-09 07:00:00,23.07962913144536,16.89767567911095
synthetic_weather,weather,dummy_mean,weather_0,2024-01-09 07:10:00,22.93959482540397,16.89767567911095
synthetic_weather,weather,dummy_mean,weather_0,2024-01-09 07:20:00,22.78528719276301,16.89767567911095
synthetic_weather,weather,dummy_mean,weather_0,2024-01-09 07:30:00,22.61939766255644,16.89767567911095
synthetic_weather,weather,dummy_mean,weather_0,2024-01-09 07:40:00,22.444714846349797,16.89767567911095
synthetic_weather,weather,dummy_mean,weather_0,2024-01-09 07:50:00,22.26404409422829,16.89767567911095
synthetic_weather,weather,dummy_mean,weather_1,2024-01-09 06:00:00,24.5,17.89767567911095
synthetic_weather,weather,dummy_mean,weather_1,2024-01-09 06:10:00,24.48764498441539,17.89767567911095
synthetic_weather,weather,dummy_mean,weather_1,2024-01-09 06:20:00,24.450819800851686,17.89767567911095
synthetic_weather,weather,dummy_mean,weather_1,2024-01-09 06:30:00,24.39023700876128,17.89767567911095
synthetic_weather,weather,dummy_mean,weather_1,2024-01-09 06:40:00,24.307060986620538,17.89767567911095
synthetic_weather,weather,dummy_mean,weather_1,2024-01-09 06:50:00,24.20287384044295,17.89767567911095
synthetic_weather,weather,dummy_mean,weather_1,2024-01-09 07:00:00,24.07962913144536,17.89767567911095
synthetic_weather,weather,dummy_mean,weather_1,2024-01-09 07:10:00,23.93959482540397,17.89767567911095
synthetic_weather,weather,dummy_mean,weather_1,2024-01-09 07:20:00,23.78528719276301,17.89767567911095
synthetic_weather,weather,dummy_mean,weather_1,2024-01-09 07:30:00,23.61939766255644,17.89767567911095
synthetic_weather,weather,dummy_mean,weather_1,2024-01-09 07:40:00,23.444714846349797,17.89767567911095
synthetic_weather,weather,dummy_mean,weather_1,2024-01-09 07:50:00,23.26404409422829,17.89767567911095
synthetic_weather,weather,seasonal_naive,weather_0,2024-01-09 06:00:00,23.5,22.080127018922212
synthetic_weather,weather,seasonal_naive,weather_0,2024-01-09 06:10:00,23.48764498441539,22.264044094228257
synthetic_weather,weather,seasonal_naive,weather_0,2024-01-09 06:20:00,23.450819800851686,22.444714846349765
synthetic_weather,weather,seasonal_naive,weather_0,2024-01-09 06:30:00,23.39023700876128,22.619397662556413
synthetic_weather,weather,seasonal_naive,weather_0,2024-01-09 06:40:00,23.307060986620538,22.785287192763008
synthetic_weather,weather,seasonal_naive,weather_0,2024-01-09 06:50:00,23.20287384044295,22.93959482540397
synthetic_weather,weather,seasonal_naive,weather_0,2024-01-09 07:00:00,23.07962913144536,23.079629131445337
synthetic_weather,weather,seasonal_naive,weather_0,2024-01-09 07:10:00,22.93959482540397,23.20287384044293
synthetic_weather,weather,seasonal_naive,weather_0,2024-01-09 07:20:00,22.78528719276301,23.307060986620524
synthetic_weather,weather,seasonal_naive,weather_0,2024-01-09 07:30:00,22.61939766255644,23.390237008761265
synthetic_weather,weather,seasonal_naive,weather_0,2024-01-09 07:40:00,22.444714846349797,23.450819800851676
synthetic_weather,weather,seasonal_naive,weather_0,2024-01-09 07:50:00,22.26404409422829,23.48764498441539
synthetic_weather,weather,seasonal_naive,weather_1,2024-01-09 06:00:00,24.5,23.080127018922212
synthetic_weather,weather,seasonal_naive,weather_1,2024-01-09 06:10:00,24.48764498441539,23.264044094228257
synthetic_weather,weather,seasonal_naive,weather_1,2024-01-09 06:20:00,24.450819800851686,23.444714846349765
synthetic_weather,weather,seasonal_naive,weather_1,2024-01-09 06:30:00,24.39023700876128,23.619397662556413
synthetic_weather,weather,seasonal_naive,weather_1,2024-01-09 06:40:00,24.307060986620538,23.785287192763008
synthetic_weather,weather,seasonal_naive,weather_1,2024-01-09 06:50:00,24.20287384044295,23.93959482540397
synthetic_weather,weather,seasonal_naive,weather_1,2024-01-09 07:00:00,24.07962913144536,24.079629131445337
synthetic_weather,weather,seasonal_naive,weather_1,2024-01-09 07:10:00,23.93959482540397,24.20287384044293
synthetic_weather,weather,seasonal_naive,weather_1,2024-01-09 07:20:00,23.78528719276301,24.307060986620524
synthetic_weather,weather,seasonal_naive,weather_1,2024-01-09 07:30:00,23.61939766255644,24.390237008761265
synthetic_weather,weather,seasonal_naive,weather_1,2024-01-09 07:40:00,23.444714846349797,24.450819800851676
synthetic_weather,weather,seasonal_naive,weather_1,2024-01-09 07:50:00,23.26404409422829,24.48764498441539
synthetic_weather,weather,moving_average,weather_0,2024-01-09 06:00:00,23.5,21.96349070729001
synthetic_weather,weather,moving_average,weather_0,2024-01-09 06:10:00,23.48764498441539,21.96349070729001
synthetic_weather,weather,moving_average,weather_0,2024-01-09 06:20:00,23.450819800851686,21.96349070729001
synthetic_weather,weather,moving_average,weather_0,2024-01-09 06:30:00,23.39023700876128,21.96349070729001
synthetic_weather,weather,moving_average,weather_0,2024-01-09 06:40:00,23.307060986620538,21.96349070729001
synthetic_weather,weather,moving_average,weather_0,2024-01-09 06:50:00,23.20287384044295,21.96349070729001
synthetic_weather,weather,moving_average,weather_0,2024-01-09 07:00:00,23.07962913144536,21.96349070729001
synthetic_weather,weather,moving_average,weather_0,2024-01-09 07:10:00,22.93959482540397,21.96349070729001
synthetic_weather,weather,moving_average,weather_0,2024-01-09 07:20:00,22.78528719276301,21.96349070729001
synthetic_weather,weather,moving_average,weather_0,2024-01-09 07:30:00,22.61939766255644,21.96349070729001
synthetic_weather,weather,moving_average,weather_0,2024-01-09 07:40:00,22.444714846349797,21.96349070729001
synthetic_weather,weather,moving_average,weather_0,2024-01-09 07:50:00,22.26404409422829,21.96349070729001
synthetic_weather,weather,moving_average,weather_1,2024-01-09 06:00:00,24.5,22.96349070729001
synthetic_weather,weather,moving_average,weather_1,2024-01-09 06:10:00,24.48764498441539,22.96349070729001
synthetic_weather,weather,moving_average,weather_1,2024-01-09 06:20:00,24.450819800851686,22.96349070729001
synthetic_weather,weather,moving_average,weather_1,2024-01-09 06:30:00,24.39023700876128,22.96349070729001
synthetic_weather,weather,moving_average,weather_1,2024-01-09 06:40:00,24.307060986620538,22.96349070729001
synthetic_weather,weather,moving_average,weather_1,2024-01-09 06:50:00,24.20287384044295,22.96349070729001
synthetic_weather,weather,moving_average,weather_1,2024-01-09 07:00:00,24.07962913144536,22.96349070729001
synthetic_weather,weather,moving_average,weather_1,2024-01-09 07:10:00,23.93959482540397,22.96349070729001
synthetic_weather,weather,moving_average,weather_1,2024-01-09 07:20:00,23.78528719276301,22.96349070729001
synthetic_weather,weather,moving_average,weather_1,2024-01-09 07:30:00,23.61939766255644,22.96349070729001
synthetic_weather,weather,moving_average,weather_1,2024-01-09 07:40:00,23.444714846349797,22.96349070729001
synthetic_weather,weather,moving_average,weather_1,2024-01-09 07:50:00,23.26404409422829,22.96349070729001
synthetic_weather,weather,linear_trend,weather_0,2024-01-09 06:00:00,23.5,22.639304117072438
synthetic_weather,weather,linear_trend,weather_0,2024-01-09 06:10:00,23.48764498441539,22.7576882085768
synthetic_weather,weather,linear_trend,weather_0,2024-01-09 06:20:00,23.450819800851686,22.87607230008116
synthetic_weather,weather,linear_trend,weather_0,2024-01-09 06:30:00,23.39023700876128,22.99445639158552
synthetic_weather,weather,linear_trend,weather_0,2024-01-09 06:40:00,23.307060986620538,23.11284048308988
synthetic_weather,weather,linear_trend,weather_0,2024-01-09 06:50:00,23.20287384044295,23.231224574594243
synthetic_weather,weather,linear_trend,weather_0,2024-01-09 07:00:00,23.07962913144536,23.349608666098604
synthetic_weather,weather,linear_trend,weather_0,2024-01-09 07:10:00,22.93959482540397,23.467992757602964
synthetic_weather,weather,linear_trend,weather_0,2024-01-09 07:20:00,22.78528719276301,23.586376849107324
synthetic_weather,weather,linear_trend,weather_0,2024-01-09 07:30:00,22.61939766255644,23.704760940611685
synthetic_weather,weather,linear_trend,weather_0,2024-01-09 07:40:00,22.444714846349797,23.823145032116045
synthetic_weather,weather,linear_trend,weather_0,2024-01-09 07:50:00,22.26404409422829,23.941529123620406
synthetic_weather,weather,linear_trend,weather_1,2024-01-09 06:00:00,24.5,23.63930411707243
synthetic_weather,weather,linear_trend,weather_1,2024-01-09 06:10:00,24.48764498441539,23.757688208576795
synthetic_weather,weather,linear_trend,weather_1,2024-01-09 06:20:00,24.450819800851686,23.876072300081155
synthetic_weather,weather,linear_trend,weather_1,2024-01-09 06:30:00,24.39023700876128,23.994456391585516
synthetic_weather,weather,linear_trend,weather_1,2024-01-09 06:40:00,24.307060986620538,24.112840483089876
synthetic_weather,weather,linear_trend,weather_1,2024-01-09 06:50:00,24.20287384044295,24.231224574594236
synthetic_weather,weather,linear_trend,weather_1,2024-01-09 07:00:00,24.07962913144536,24.349608666098597
synthetic_weather,weather,linear_trend,weather_1,2024-01-09 07:10:00,23.93959482540397,24.467992757602957
synthetic_weather,weather,linear_trend,weather_1,2024-01-09 07:20:00,23.78528719276301,24.586376849107317
synthetic_weather,weather,linear_trend,weather_1,2024-01-09 07:30:00,23.61939766255644,24.704760940611678
synthetic_weather,weather,linear_trend,weather_1,2024-01-09 07:40:00,23.444714846349797,24.823145032116038
synthetic_weather,weather,linear_trend,weather_1,2024-01-09 07:50:00,23.26404409422829,24.9415291236204
synthetic_weather,weather,ridge_ar,weather_0,2024-01-09 06:00:00,23.5,23.657924916329357
synthetic_weather,weather,ridge_ar,weather_0,2024-01-09 06:10:00,23.48764498441539,23.744266003746333
synthetic_weather,weather,ridge_ar,weather_0,2024-01-09 06:20:00,23.450819800851686,23.835618108784168
synthetic_weather,weather,ridge_ar,weather_0,2024-01-09 06:30:00,23.39023700876128,23.938027327039556
synthetic_weather,weather,ridge_ar,weather_0,2024-01-09 06:40:00,23.307060986620538,24.023787617078874
synthetic_weather,weather,ridge_ar,weather_0,2024-01-09 06:50:00,23.20287384044295,24.108984069035348
synthetic_weather,weather,ridge_ar,weather_0,2024-01-09 07:00:00,23.07962913144536,24.19269603115062
synthetic_weather,weather,ridge_ar,weather_0,2024-01-09 07:10:00,22.93959482540397,24.272628938818833
synthetic_weather,weather,ridge_ar,weather_0,2024-01-09 07:20:00,22.78528719276301,24.35237255908622
synthetic_weather,weather,ridge_ar,weather_0,2024-01-09 07:30:00,22.61939766255644,24.43265202603445
synthetic_weather,weather,ridge_ar,weather_0,2024-01-09 07:40:00,22.444714846349797,24.514635047864502
synthetic_weather,weather,ridge_ar,weather_0,2024-01-09 07:50:00,22.26404409422829,24.600308182559434
synthetic_weather,weather,ridge_ar,weather_1,2024-01-09 06:00:00,24.5,24.657924916329357
synthetic_weather,weather,ridge_ar,weather_1,2024-01-09 06:10:00,24.48764498441539,24.744266003746333
synthetic_weather,weather,ridge_ar,weather_1,2024-01-09 06:20:00,24.450819800851686,24.835618108784168
synthetic_weather,weather,ridge_ar,weather_1,2024-01-09 06:30:00,24.39023700876128,24.938027327039556
synthetic_weather,weather,ridge_ar,weather_1,2024-01-09 06:40:00,24.307060986620538,25.023787617078874
synthetic_weather,weather,ridge_ar,weather_1,2024-01-09 06:50:00,24.20287384044295,25.108984069035348
synthetic_weather,weather,ridge_ar,weather_1,2024-01-09 07:00:00,24.07962913144536,25.19269603115062
synthetic_weather,weather,ridge_ar,weather_1,2024-01-09 07:10:00,23.93959482540397,25.272628938818833
synthetic_weather,weather,ridge_ar,weather_1,2024-01-09 07:20:00,23.78528719276301,25.35237255908622
synthetic_weather,weather,ridge_ar,weather_1,2024-01-09 07:30:00,23.61939766255644,25.43265202603445
synthetic_weather,weather,ridge_ar,weather_1,2024-01-09 07:40:00,23.444714846349797,25.514635047864502
synthetic_weather,weather,ridge_ar,weather_1,2024-01-09 07:50:00,23.26404409422829,25.600308182559434
synthetic_weather,weather,hist_gradient_boosting_ar,weather_0,2024-01-09 06:00:00,23.5,23.213105373853654
synthetic_weather,weather,hist_gradient_boosting_ar,weather_0,2024-01-09 06:10:00,23.48764498441539,23.103862379998528
synthetic_weather,weather,hist_gradient_boosting_ar,weather_0,2024-01-09 06:20:00,23.450819800851686,22.96863688324811
synthetic_weather,weather,hist_gradient_boosting_ar,weather_0,2024-01-09 06:30:00,23.39023700876128,22.900461287804085
synthetic_weather,weather,hist_gradient_boosting_ar,weather_0,2024-01-09 06:40:00,23.307060986620538,22.900461287804085
synthetic_weather,weather,hist_gradient_boosting_ar,weather_0,2024-01-09 06:50:00,23.20287384044295,22.900461287804085
synthetic_weather,weather,hist_gradient_boosting_ar,weather_0,2024-01-09 07:00:00,23.07962913144536,22.900461287804085
synthetic_weather,weather,hist_gradient_boosting_ar,weather_0,2024-01-09 07:10:00,22.93959482540397,22.900461287804085
synthetic_weather,weather,hist_gradient_boosting_ar,weather_0,2024-01-09 07:20:00,22.78528719276301,22.900461287804085
synthetic_weather,weather,hist_gradient_boosting_ar,weather_0,2024-01-09 07:30:00,22.61939766255644,22.900461287804085
synthetic_weather,weather,hist_gradient_boosting_ar,weather_0,2024-01-09 07:40:00,22.444714846349797,22.900461287804085
synthetic_weather,weather,hist_gradient_boosting_ar,weather_0,2024-01-09 07:50:00,22.26404409422829,22.900461287804085
synthetic_weather,weather,hist_gradient_boosting_ar,weather_1,2024-01-09 06:00:00,24.5,24.213105373853654
synthetic_weather,weather,hist_gradient_boosting_ar,weather_1,2024-01-09 06:10:00,24.48764498441539,24.103862379998528
synthetic_weather,weather,hist_gradient_boosting_ar,weather_1,2024-01-09 06:20:00,24.450819800851686,23.96863688324811
synthetic_weather,weather,hist_gradient_boosting_ar,weather_1,2024-01-09 06:30:00,24.39023700876128,23.900461287804085
synthetic_weather,weather,hist_gradient_boosting_ar,weather_1,2024-01-09 06:40:00,24.307060986620538,23.900461287804085
synthetic_weather,weather,hist_gradient_boosting_ar,weather_1,2024-01-09 06:50:00,24.20287384044295,23.900461287804085
synthetic_weather,weather,hist_gradient_boosting_ar,weather_1,2024-01-09 07:00:00,24.07962913144536,23.900461287804085
synthetic_weather,weather,hist_gradient_boosting_ar,weather_1,2024-01-09 07:10:00,23.93959482540397,23.900461287804085
synthetic_weather,weather,hist_gradient_boosting_ar,weather_1,2024-01-09 07:20:00,23.78528719276301,23.900461287804085
synthetic_weather,weather,hist_gradient_boosting_ar,weather_1,2024-01-09 07:30:00,23.61939766255644,23.900461287804085
synthetic_weather,weather,hist_gradient_boosting_ar,weather_1,2024-01-09 07:40:00,23.444714846349797,23.900461287804085
synthetic_weather,weather,hist_gradient_boosting_ar,weather_1,2024-01-09 07:50:00,23.26404409422829,23.900461287804085
synthetic_weather,weather,lightgbm_ar,weather_0,2024-01-09 06:00:00,23.5,23.3073081267885
synthetic_weather,weather,lightgbm_ar,weather_0,2024-01-09 06:10:00,23.48764498441539,23.230431122239253
synthetic_weather,weather,lightgbm_ar,weather_0,2024-01-09 06:20:00,23.450819800851686,23.269744710828366
synthetic_weather,weather,lightgbm_ar,weather_0,2024-01-09 06:30:00,23.39023700876128,23.284745880708925
synthetic_weather,weather,lightgbm_ar,weather_0,2024-01-09 06:40:00,23.307060986620538,23.28330582410051
synthetic_weather,weather,lightgbm_ar,weather_0,2024-01-09 06:50:00,23.20287384044295,23.28330582410051
synthetic_weather,weather,lightgbm_ar,weather_0,2024-01-09 07:00:00,23.07962913144536,23.28330582410051
synthetic_weather,weather,lightgbm_ar,weather_0,2024-01-09 07:10:00,22.93959482540397,23.28330582410051
synthetic_weather,weather,lightgbm_ar,weather_0,2024-01-09 07:20:00,22.78528719276301,23.28330582410051
synthetic_weather,weather,lightgbm_ar,weather_0,2024-01-09 07:30:00,22.61939766255644,23.28330582410051
synthetic_weather,weather,lightgbm_ar,weather_0,2024-01-09 07:40:00,22.444714846349797,23.28330582410051
synthetic_weather,weather,lightgbm_ar,weather_0,2024-01-09 07:50:00,22.26404409422829,23.28330582410051
synthetic_weather,weather,lightgbm_ar,weather_1,2024-01-09 06:00:00,24.5,24.3073081267885
synthetic_weather,weather,lightgbm_ar,weather_1,2024-01-09 06:10:00,24.48764498441539,24.230431122239253
synthetic_weather,weather,lightgbm_ar,weather_1,2024-01-09 06:20:00,24.450819800851686,24.269744710828366
synthetic_weather,weather,lightgbm_ar,weather_1,2024-01-09 06:30:00,24.39023700876128,24.284745880708925
synthetic_weather,weather,lightgbm_ar,weather_1,2024-01-09 06:40:00,24.307060986620538,24.28330582410051
synthetic_weather,weather,lightgbm_ar,weather_1,2024-01-09 06:50:00,24.20287384044295,24.28330582410051
synthetic_weather,weather,lightgbm_ar,weather_1,2024-01-09 07:00:00,24.07962913144536,24.28330582410051
synthetic_weather,weather,lightgbm_ar,weather_1,2024-01-09 07:10:00,23.93959482540397,24.28330582410051
synthetic_weather,weather,lightgbm_ar,weather_1,2024-01-09 07:20:00,23.78528719276301,24.28330582410051
synthetic_weather,weather,lightgbm_ar,weather_1,2024-01-09 07:30:00,23.61939766255644,24.28330582410051
synthetic_weather,weather,lightgbm_ar,weather_1,2024-01-09 07:40:00,23.444714846349797,24.28330582410051
synthetic_weather,weather,lightgbm_ar,weather_1,2024-01-09 07:50:00,23.26404409422829,24.28330582410051
synthetic_weather,weather,xgboost_ar,weather_0,2024-01-09 06:00:00,23.5,23.455426976231802
synthetic_weather,weather,xgboost_ar,weather_0,2024-01-09 06:10:00,23.48764498441539,23.455426976231802
synthetic_weather,weather,xgboost_ar,weather_0,2024-01-09 06:20:00,23.450819800851686,23.455426976231802
synthetic_weather,weather,xgboost_ar,weather_0,2024-01-09 06:30:00,23.39023700876128,23.455426976231802
synthetic_weather,weather,xgboost_ar,weather_0,2024-01-09 06:40:00,23.307060986620538,23.455426976231802
synthetic_weather,weather,xgboost_ar,weather_0,2024-01-09 06:50:00,23.20287384044295,23.455426976231802
synthetic_weather,weather,xgboost_ar,weather_0,2024-01-09 07:00:00,23.07962913144536,23.455426976231802
synthetic_weather,weather,xgboost_ar,weather_0,2024-01-09 07:10:00,22.93959482540397,23.455426976231802
synthetic_weather,weather,xgboost_ar,weather_0,2024-01-09 07:20:00,22.78528719276301,23.455426976231802
synthetic_weather,weather,xgboost_ar,weather_0,2024-01-09 07:30:00,22.61939766255644,23.455426976231802
synthetic_weather,weather,xgboost_ar,weather_0,2024-01-09 07:40:00,22.444714846349797,23.455426976231802
synthetic_weather,weather,xgboost_ar,weather_0,2024-01-09 07:50:00,22.26404409422829,23.455426976231802
synthetic_weather,weather,xgboost_ar,weather_1,2024-01-09 06:00:00,24.5,24.455426976231802
synthetic_weather,weather,xgboost_ar,weather_1,2024-01-09 06:10:00,24.48764498441539,24.455426976231802
synthetic_weather,weather,xgboost_ar,weather_1,2024-01-09 06:20:00,24.450819800851686,24.455426976231802
synthetic_weather,weather,xgboost_ar,weather_1,2024-01-09 06:30:00,24.39023700876128,24.455426976231802
synthetic_weather,weather,xgboost_ar,weather_1,2024-01-09 06:40:00,24.307060986620538,24.455426976231802
synthetic_weather,weather,xgboost_ar,weather_1,2024-01-09 06:50:00,24.20287384044295,24.455426976231802
synthetic_weather,weather,xgboost_ar,weather_1,2024-01-09 07:00:00,24.07962913144536,24.455426976231802
synthetic_weather,weather,xgboost_ar,weather_1,2024-01-09 07:10:00,23.93959482540397,24.455426976231802
synthetic_weather,weather,xgboost_ar,weather_1,2024-01-09 07:20:00,23.78528719276301,24.455426976231802
synthetic_weather,weather,xgboost_ar,weather_1,2024-01-09 07:30:00,23.61939766255644,24.455426976231802
synthetic_weather,weather,xgboost_ar,weather_1,2024-01-09 07:40:00,23.444714846349797,24.455426976231802
synthetic_weather,weather,xgboost_ar,weather_1,2024-01-09 07:50:00,23.26404409422829,24.455426976231802
synthetic_weather,weather,tabpfn_ts,weather_0,2024-01-09 06:00:00,23.5,23.4249267578125
synthetic_weather,weather,tabpfn_ts,weather_0,2024-01-09 06:10:00,23.48764498441539,23.404888153076172
synthetic_weather,weather,tabpfn_ts,weather_0,2024-01-09 06:20:00,23.450819800851686,23.374908447265625
synthetic_weather,weather,tabpfn_ts,weather_0,2024-01-09 06:30:00,23.39023700876128,23.369041442871094
synthetic_weather,weather,tabpfn_ts,weather_0,2024-01-09 06:40:00,23.307060986620538,23.34833526611328
synthetic_weather,weather,tabpfn_ts,weather_0,2024-01-09 06:50:00,23.20287384044295,23.303232192993164
synthetic_weather,weather,tabpfn_ts,weather_0,2024-01-09 07:00:00,23.07962913144536,23.235795974731445
synthetic_weather,weather,tabpfn_ts,weather_0,2024-01-09 07:10:00,22.93959482540397,23.20110321044922
synthetic_weather,weather,tabpfn_ts,weather_0,2024-01-09 07:20:00,22.78528719276301,23.129344940185547
synthetic_weather,weather,tabpfn_ts,weather_0,2024-01-09 07:30:00,22.61939766255644,23.072612762451172
synthetic_weather,weather,tabpfn_ts,weather_0,2024-01-09 07:40:00,22.444714846349797,23.049043655395508
synthetic_weather,weather,tabpfn_ts,weather_0,2024-01-09 07:50:00,22.26404409422829,22.996477127075195
synthetic_weather,weather,tabpfn_ts,weather_1,2024-01-09 06:00:00,24.5,24.4249267578125
synthetic_weather,weather,tabpfn_ts,weather_1,2024-01-09 06:10:00,24.48764498441539,24.404888153076172
synthetic_weather,weather,tabpfn_ts,weather_1,2024-01-09 06:20:00,24.450819800851686,24.374908447265625
synthetic_weather,weather,tabpfn_ts,weather_1,2024-01-09 06:30:00,24.39023700876128,24.369041442871094
synthetic_weather,weather,tabpfn_ts,weather_1,2024-01-09 06:40:00,24.307060986620538,24.34833526611328
synthetic_weather,weather,tabpfn_ts,weather_1,2024-01-09 06:50:00,24.20287384044295,24.303232192993164
synthetic_weather,weather,tabpfn_ts,weather_1,2024-01-09 07:00:00,24.07962913144536,24.235795974731445
synthetic_weather,weather,tabpfn_ts,weather_1,2024-01-09 07:10:00,23.93959482540397,24.20110321044922
synthetic_weather,weather,tabpfn_ts,weather_1,2024-01-09 07:20:00,23.78528719276301,24.129344940185547
synthetic_weather,weather,tabpfn_ts,weather_1,2024-01-09 07:30:00,23.61939766255644,24.072612762451172
synthetic_weather,weather,tabpfn_ts,weather_1,2024-01-09 07:40:00,23.444714846349797,24.049043655395508
synthetic_weather,weather,tabpfn_ts,weather_1,2024-01-09 07:50:00,23.26404409422829,23.996477127075195
synthetic_exchange,economics,dummy_mean,exchange_0,2025-02-12 00:00:00,5.157994232974546,4.593825990290584
synthetic_exchange,economics,dummy_mean,exchange_0,2025-02-13 00:00:00,5.124710699129404,4.593825990290584
synthetic_exchange,economics,dummy_mean,exchange_0,2025-02-14 00:00:00,5.065289300870597,4.593825990290584
synthetic_exchange,economics,dummy_mean,exchange_0,2025-02-15 00:00:00,5.0320057670254545,4.593825990290584
synthetic_exchange,economics,dummy_mean,exchange_0,2025-02-16 00:00:00,5.057453481402556,4.593825990290584
synthetic_exchange,economics,dummy_mean,exchange_0,2025-02-17 00:00:00,5.129999999999998,4.593825990290584
synthetic_exchange,economics,dummy_mean,exchange_0,2025-02-18 00:00:00,5.2025465185974396,4.593825990290584
synthetic_exchange,economics,dummy_mean,exchange_0,2025-02-19 00:00:00,5.227994232974547,4.593825990290584
synthetic_exchange,economics,dummy_mean,exchange_0,2025-02-20 00:00:00,5.194710699129402,4.593825990290584
synthetic_exchange,economics,dummy_mean,exchange_0,2025-02-21 00:00:00,5.135289300870594,4.593825990290584
synthetic_exchange,economics,dummy_mean,exchange_0,2025-02-22 00:00:00,5.102005767025453,4.593825990290584
synthetic_exchange,economics,dummy_mean,exchange_0,2025-02-23 00:00:00,5.127453481402558,4.593825990290584
synthetic_exchange,economics,dummy_mean,exchange_1,2025-02-12 00:00:00,5.187994232974546,4.623825990290585
synthetic_exchange,economics,dummy_mean,exchange_1,2025-02-13 00:00:00,5.154710699129404,4.623825990290585
synthetic_exchange,economics,dummy_mean,exchange_1,2025-02-14 00:00:00,5.095289300870597,4.623825990290585
synthetic_exchange,economics,dummy_mean,exchange_1,2025-02-15 00:00:00,5.062005767025455,4.623825990290585
synthetic_exchange,economics,dummy_mean,exchange_1,2025-02-16 00:00:00,5.087453481402556,4.623825990290585
synthetic_exchange,economics,dummy_mean,exchange_1,2025-02-17 00:00:00,5.159999999999998,4.623825990290585
synthetic_exchange,economics,dummy_mean,exchange_1,2025-02-18 00:00:00,5.23254651859744,4.623825990290585
synthetic_exchange,economics,dummy_mean,exchange_1,2025-02-19 00:00:00,5.257994232974547,4.623825990290585
synthetic_exchange,economics,dummy_mean,exchange_1,2025-02-20 00:00:00,5.224710699129402,4.623825990290585
synthetic_exchange,economics,dummy_mean,exchange_1,2025-02-21 00:00:00,5.165289300870595,4.623825990290585
synthetic_exchange,economics,dummy_mean,exchange_1,2025-02-22 00:00:00,5.132005767025453,4.623825990290585
synthetic_exchange,economics,dummy_mean,exchange_1,2025-02-23 00:00:00,5.157453481402558,4.623825990290585
synthetic_exchange,economics,seasonal_naive,exchange_0,2025-02-12 00:00:00,5.157994232974546,4.9252893008705945
synthetic_exchange,economics,seasonal_naive,exchange_0,2025-02-13 00:00:00,5.124710699129404,4.892005767025455
synthetic_exchange,economics,seasonal_naive,exchange_0,2025-02-14 00:00:00,5.065289300870597,4.917453481402558
synthetic_exchange,economics,seasonal_naive,exchange_0,2025-02-15 00:00:00,5.0320057670254545,4.9899999999999975
synthetic_exchange,economics,seasonal_naive,exchange_0,2025-02-16 00:00:00,5.057453481402556,5.062546518597442
synthetic_exchange,economics,seasonal_naive,exchange_0,2025-02-17 00:00:00,5.129999999999998,5.0879942329745464
synthetic_exchange,economics,seasonal_naive,exchange_0,2025-02-18 00:00:00,5.2025465185974396,5.054710699129407
synthetic_exchange,economics,seasonal_naive,exchange_0,2025-02-19 00:00:00,5.227994232974547,4.9952893008706
synthetic_exchange,economics,seasonal_naive,exchange_0,2025-02-20 00:00:00,5.194710699129402,4.962005767025454
synthetic_exchange,economics,seasonal_naive,exchange_0,2025-02-21 00:00:00,5.135289300870594,4.987453481402556
synthetic_exchange,economics,seasonal_naive,exchange_0,2025-02-22 00:00:00,5.102005767025453,5.0600000000000005
synthetic_exchange,economics,seasonal_naive,exchange_0,2025-02-23 00:00:00,5.127453481402558,5.132546518597444
synthetic_exchange,economics,seasonal_naive,exchange_1,2025-02-12 00:00:00,5.187994232974546,4.955289300870595
synthetic_exchange,economics,seasonal_naive,exchange_1,2025-02-13 00:00:00,5.154710699129404,4.922005767025455
synthetic_exchange,economics,seasonal_naive,exchange_1,2025-02-14 00:00:00,5.095289300870597,4.947453481402558
synthetic_exchange,economics,seasonal_naive,exchange_1,2025-02-15 00:00:00,5.062005767025455,5.019999999999998
synthetic_exchange,economics,seasonal_naive,exchange_1,2025-02-16 00:00:00,5.087453481402556,5.092546518597442
synthetic_exchange,economics,seasonal_naive,exchange_1,2025-02-17 00:00:00,5.159999999999998,5.117994232974547
synthetic_exchange,economics,seasonal_naive,exchange_1,2025-02-18 00:00:00,5.23254651859744,5.084710699129407
synthetic_exchange,economics,seasonal_naive,exchange_1,2025-02-19 00:00:00,5.257994232974547,5.0252893008706
synthetic_exchange,economics,seasonal_naive,exchange_1,2025-02-20 00:00:00,5.224710699129402,4.9920057670254545
synthetic_exchange,economics,seasonal_naive,exchange_1,2025-02-21 00:00:00,5.165289300870595,5.017453481402557
synthetic_exchange,economics,seasonal_naive,exchange_1,2025-02-22 00:00:00,5.132005767025453,5.090000000000001
synthetic_exchange,economics,seasonal_naive,exchange_1,2025-02-23 00:00:00,5.157453481402558,5.162546518597444
synthetic_exchange,economics,moving_average,exchange_0,2025-02-12 00:00:00,5.157994232974546,4.955000000000001
synthetic_exchange,economics,moving_average,exchange_0,2025-02-13 00:00:00,5.124710699129404,4.955000000000001
synthetic_exchange,economics,moving_average,exchange_0,2025-02-14 00:00:00,5.065289300870597,4.955000000000001
synthetic_exchange,economics,moving_average,exchange_0,2025-02-15 00:00:00,5.0320057670254545,4.955000000000001
synthetic_exchange,economics,moving_average,exchange_0,2025-02-16 00:00:00,5.057453481402556,4.955000000000001
synthetic_exchange,economics,moving_average,exchange_0,2025-02-17 00:00:00,5.129999999999998,4.955000000000001
synthetic_exchange,economics,moving_average,exchange_0,2025-02-18 00:00:00,5.2025465185974396,4.955000000000001
synthetic_exchange,economics,moving_average,exchange_0,2025-02-19 00:00:00,5.227994232974547,4.955000000000001
synthetic_exchange,economics,moving_average,exchange_0,2025-02-20 00:00:00,5.194710699129402,4.955000000000001
synthetic_exchange,economics,moving_average,exchange_0,2025-02-21 00:00:00,5.135289300870594,4.955000000000001
synthetic_exchange,economics,moving_average,exchange_0,2025-02-22 00:00:00,5.102005767025453,4.955000000000001
synthetic_exchange,economics,moving_average,exchange_0,2025-02-23 00:00:00,5.127453481402558,4.955000000000001
synthetic_exchange,economics,moving_average,exchange_1,2025-02-12 00:00:00,5.187994232974546,4.985
synthetic_exchange,economics,moving_average,exchange_1,2025-02-13 00:00:00,5.154710699129404,4.985
synthetic_exchange,economics,moving_average,exchange_1,2025-02-14 00:00:00,5.095289300870597,4.985
synthetic_exchange,economics,moving_average,exchange_1,2025-02-15 00:00:00,5.062005767025455,4.985
synthetic_exchange,economics,moving_average,exchange_1,2025-02-16 00:00:00,5.087453481402556,4.985
synthetic_exchange,economics,moving_average,exchange_1,2025-02-17 00:00:00,5.159999999999998,4.985
synthetic_exchange,economics,moving_average,exchange_1,2025-02-18 00:00:00,5.23254651859744,4.985
synthetic_exchange,economics,moving_average,exchange_1,2025-02-19 00:00:00,5.257994232974547,4.985
synthetic_exchange,economics,moving_average,exchange_1,2025-02-20 00:00:00,5.224710699129402,4.985
synthetic_exchange,economics,moving_average,exchange_1,2025-02-21 00:00:00,5.165289300870595,4.985
synthetic_exchange,economics,moving_average,exchange_1,2025-02-22 00:00:00,5.132005767025453,4.985
synthetic_exchange,economics,moving_average,exchange_1,2025-02-23 00:00:00,5.157453481402558,4.985
synthetic_exchange,economics,linear_trend,exchange_0,2025-02-12 00:00:00,5.157994232974546,5.081150844493218
synthetic_exchange,economics,linear_trend,exchange_0,2025-02-13 00:00:00,5.124710699129404,5.091198779631416
synthetic_exchange,economics,linear_trend,exchange_0,2025-02-14 00:00:00,5.065289300870597,5.101246714769614
synthetic_exchange,economics,linear_trend,exchange_0,2025-02-15 00:00:00,5.0320057670254545,5.111294649907813
synthetic_exchange,economics,linear_trend,exchange_0,2025-02-16 00:00:00,5.057453481402556,5.121342585046012
synthetic_exchange,economics,linear_trend,exchange_0,2025-02-17 00:00:00,5.129999999999998,5.13139052018421
synthetic_exchange,economics,linear_trend,exchange_0,2025-02-18 00:00:00,5.2025465185974396,5.141438455322409
synthetic_exchange,economics,linear_trend,exchange_0,2025-02-19 00:00:00,5.227994232974547,5.151486390460607
synthetic_exchange,economics,linear_trend,exchange_0,2025-02-20 00:00:00,5.194710699129402,5.161534325598806
synthetic_exchange,economics,linear_trend,exchange_0,2025-02-21 00:00:00,5.135289300870594,5.171582260737004
synthetic_exchange,economics,linear_trend,exchange_0,2025-02-22 00:00:00,5.102005767025453,5.181630195875203
synthetic_exchange,economics,linear_trend,exchange_0,2025-02-23 00:00:00,5.127453481402558,5.191678131013402
synthetic_exchange,economics,linear_trend,exchange_1,2025-02-12 00:00:00,5.187994232974546,5.111150844493218
synthetic_exchange,economics,linear_trend,exchange_1,2025-02-13 00:00:00,5.154710699129404,5.121198779631416
synthetic_exchange,economics,linear_trend,exchange_1,2025-02-14 00:00:00,5.095289300870597,5.131246714769615
synthetic_exchange,economics,linear_trend,exchange_1,2025-02-15 00:00:00,5.062005767025455,5.141294649907813
synthetic_exchange,economics,linear_trend,exchange_1,2025-02-16 00:00:00,5.087453481402556,5.151342585046012
synthetic_exchange,economics,linear_trend,exchange_1,2025-02-17 00:00:00,5.159999999999998,5.161390520184211
synthetic_exchange,economics,linear_trend,exchange_1,2025-02-18 00:00:00,5.23254651859744,5.171438455322409
synthetic_exchange,economics,linear_trend,exchange_1,2025-02-19 00:00:00,5.257994232974547,5.181486390460607
synthetic_exchange,economics,linear_trend,exchange_1,2025-02-20 00:00:00,5.224710699129402,5.1915343255988065
synthetic_exchange,economics,linear_trend,exchange_1,2025-02-21 00:00:00,5.165289300870595,5.2015822607370055
synthetic_exchange,economics,linear_trend,exchange_1,2025-02-22 00:00:00,5.132005767025453,5.211630195875204
synthetic_exchange,economics,linear_trend,exchange_1,2025-02-23 00:00:00,5.157453481402558,5.221678131013403
synthetic_exchange,economics,ridge_ar,exchange_0,2025-02-12 00:00:00,5.157994232974546,5.165292520132071
synthetic_exchange,economics,ridge_ar,exchange_0,2025-02-13 00:00:00,5.124710699129404,5.098781268993255
synthetic_exchange,economics,ridge_ar,exchange_0,2025-02-14 00:00:00,5.065289300870597,5.085557833332238
synthetic_exchange,economics,ridge_ar,exchange_0,2025-02-15 00:00:00,5.0320057670254545,5.049945501209295
synthetic_exchange,economics,ridge_ar,exchange_0,2025-02-16 00:00:00,5.057453481402556,5.061378924383956
synthetic_exchange,economics,ridge_ar,exchange_0,2025-02-17 00:00:00,5.129999999999998,5.104464517956293
synthetic_exchange,economics,ridge_ar,exchange_0,2025-02-18 00:00:00,5.2025465185974396,5.226213329906196
synthetic_exchange,economics,ridge_ar,exchange_0,2025-02-19 00:00:00,5.227994232974547,5.200126782517078
synthetic_exchange,economics,ridge_ar,exchange_0,2025-02-20 00:00:00,5.194710699129402,5.236771298503703
synthetic_exchange,economics,ridge_ar,exchange_0,2025-02-21 00:00:00,5.135289300870594,5.067710017508583
synthetic_exchange,economics,ridge_ar,exchange_0,2025-02-22 00:00:00,5.102005767025453,5.070770553025926
synthetic_exchange,economics,ridge_ar,exchange_0,2025-02-23 00:00:00,5.127453481402558,5.111648559813902
synthetic_exchange,economics,ridge_ar,exchange_1,2025-02-12 00:00:00,5.187994232974546,5.195292520132071
synthetic_exchange,economics,ridge_ar,exchange_1,2025-02-13 00:00:00,5.154710699129404,5.128781268993255
synthetic_exchange,economics,ridge_ar,exchange_1,2025-02-14 00:00:00,5.095289300870597,5.115557833332239
synthetic_exchange,economics,ridge_ar,exchange_1,2025-02-15 00:00:00,5.062005767025455,5.079945501209295
synthetic_exchange,economics,ridge_ar,exchange_1,2025-02-16 00:00:00,5.087453481402556,5.091378924383957
synthetic_exchange,economics,ridge_ar,exchange_1,2025-02-17 00:00:00,5.159999999999998,5.134464517956293
synthetic_exchange,economics,ridge_ar,exchange_1,2025-02-18 00:00:00,5.23254651859744,5.256213329906197
synthetic_exchange,economics,ridge_ar,exchange_1,2025-02-19 00:00:00,5.257994232974547,5.230126782517078
synthetic_exchange,economics,ridge_ar,exchange_1,2025-02-20 00:00:00,5.224710699129402,5.266771298503703
synthetic_exchange,economics,ridge_ar,exchange_1,2025-02-21 00:00:00,5.165289300870595,5.097710017508583
synthetic_exchange,economics,ridge_ar,exchange_1,2025-02-22 00:00:00,5.132005767025453,5.100770553025926
synthetic_exchange,economics,ridge_ar,exchange_1,2025-02-23 00:00:00,5.157453481402558,5.141648559813902
synthetic_exchange,economics,hist_gradient_boosting_ar,exchange_0,2025-02-12 00:00:00,5.157994232974546,5.073461687161524
synthetic_exchange,economics,hist_gradient_boosting_ar,exchange_0,2025-02-13 00:00:00,5.124710699129404,5.073461687161524
synthetic_exchange,economics,hist_gradient_boosting_ar,exchange_0,2025-02-14 00:00:00,5.065289300870597,5.073461687161524
synthetic_exchange,economics,hist_gradient_boosting_ar,exchange_0,2025-02-15 00:00:00,5.0320057670254545,5.073461687161524
synthetic_exchange,economics,hist_gradient_boosting_ar,exchange_0,2025-02-16 00:00:00,5.057453481402556,5.073461687161524
synthetic_exchange,economics,hist_gradient_boosting_ar,exchange_0,2025-02-17 00:00:00,5.129999999999998,5.073461687161524
synthetic_exchange,economics,hist_gradient_boosting_ar,exchange_0,2025-02-18 00:00:00,5.2025465185974396,5.073461687161524
synthetic_exchange,economics,hist_gradient_boosting_ar,exchange_0,2025-02-19 00:00:00,5.227994232974547,5.073461687161524
synthetic_exchange,economics,hist_gradient_boosting_ar,exchange_0,2025-02-20 00:00:00,5.194710699129402,5.073461687161524
synthetic_exchange,economics,hist_gradient_boosting_ar,exchange_0,2025-02-21 00:00:00,5.135289300870594,5.073461687161524
synthetic_exchange,economics,hist_gradient_boosting_ar,exchange_0,2025-02-22 00:00:00,5.102005767025453,5.073461687161524
synthetic_exchange,economics,hist_gradient_boosting_ar,exchange_0,2025-02-23 00:00:00,5.127453481402558,5.073461687161524
synthetic_exchange,economics,hist_gradient_boosting_ar,exchange_1,2025-02-12 00:00:00,5.187994232974546,5.103461687161524
synthetic_exchange,economics,hist_gradient_boosting_ar,exchange_1,2025-02-13 00:00:00,5.154710699129404,5.103461687161524
synthetic_exchange,economics,hist_gradient_boosting_ar,exchange_1,2025-02-14 00:00:00,5.095289300870597,5.103461687161524
synthetic_exchange,economics,hist_gradient_boosting_ar,exchange_1,2025-02-15 00:00:00,5.062005767025455,5.103461687161524
synthetic_exchange,economics,hist_gradient_boosting_ar,exchange_1,2025-02-16 00:00:00,5.087453481402556,5.103461687161524
synthetic_exchange,economics,hist_gradient_boosting_ar,exchange_1,2025-02-17 00:00:00,5.159999999999998,5.103461687161524
synthetic_exchange,economics,hist_gradient_boosting_ar,exchange_1,2025-02-18 00:00:00,5.23254651859744,5.103461687161524
synthetic_exchange,economics,hist_gradient_boosting_ar,exchange_1,2025-02-19 00:00:00,5.257994232974547,5.103461687161524
synthetic_exchange,economics,hist_gradient_boosting_ar,exchange_1,2025-02-20 00:00:00,5.224710699129402,5.103461687161524
synthetic_exchange,economics,hist_gradient_boosting_ar,exchange_1,2025-02-21 00:00:00,5.165289300870595,5.103461687161524
synthetic_exchange,economics,hist_gradient_boosting_ar,exchange_1,2025-02-22 00:00:00,5.132005767025453,5.103461687161524
synthetic_exchange,economics,hist_gradient_boosting_ar,exchange_1,2025-02-23 00:00:00,5.157453481402558,5.103461687161524
synthetic_exchange,economics,lightgbm_ar,exchange_0,2025-02-12 00:00:00,5.157994232974546,5.089552567560279
synthetic_exchange,economics,lightgbm_ar,exchange_0,2025-02-13 00:00:00,5.124710699129404,5.081737011228526
synthetic_exchange,economics,lightgbm_ar,exchange_0,2025-02-14 00:00:00,5.065289300870597,5.089839798971995
synthetic_exchange,economics,lightgbm_ar,exchange_0,2025-02-15 00:00:00,5.0320057670254545,5.089839798971995
synthetic_exchange,economics,lightgbm_ar,exchange_0,2025-02-16 00:00:00,5.057453481402556,5.089839798971995
synthetic_exchange,economics,lightgbm_ar,exchange_0,2025-02-17 00:00:00,5.129999999999998,5.089839798971995
synthetic_exchange,economics,lightgbm_ar,exchange_0,2025-02-18 00:00:00,5.2025465185974396,5.089839798971995
synthetic_exchange,economics,lightgbm_ar,exchange_0,2025-02-19 00:00:00,5.227994232974547,5.089839798971995
synthetic_exchange,economics,lightgbm_ar,exchange_0,2025-02-20 00:00:00,5.194710699129402,5.089839798971995
synthetic_exchange,economics,lightgbm_ar,exchange_0,2025-02-21 00:00:00,5.135289300870594,5.089839798971995
synthetic_exchange,economics,lightgbm_ar,exchange_0,2025-02-22 00:00:00,5.102005767025453,5.089839798971995
synthetic_exchange,economics,lightgbm_ar,exchange_0,2025-02-23 00:00:00,5.127453481402558,5.089839798971995
synthetic_exchange,economics,lightgbm_ar,exchange_1,2025-02-12 00:00:00,5.187994232974546,5.119552567560278
synthetic_exchange,economics,lightgbm_ar,exchange_1,2025-02-13 00:00:00,5.154710699129404,5.111737011228526
synthetic_exchange,economics,lightgbm_ar,exchange_1,2025-02-14 00:00:00,5.095289300870597,5.119839798971995
synthetic_exchange,economics,lightgbm_ar,exchange_1,2025-02-15 00:00:00,5.062005767025455,5.119839798971995
synthetic_exchange,economics,lightgbm_ar,exchange_1,2025-02-16 00:00:00,5.087453481402556,5.119839798971995
synthetic_exchange,economics,lightgbm_ar,exchange_1,2025-02-17 00:00:00,5.159999999999998,5.119839798971995
synthetic_exchange,economics,lightgbm_ar,exchange_1,2025-02-18 00:00:00,5.23254651859744,5.119839798971995
synthetic_exchange,economics,lightgbm_ar,exchange_1,2025-02-19 00:00:00,5.257994232974547,5.119839798971995
synthetic_exchange,economics,lightgbm_ar,exchange_1,2025-02-20 00:00:00,5.224710699129402,5.119839798971995
synthetic_exchange,economics,lightgbm_ar,exchange_1,2025-02-21 00:00:00,5.165289300870595,5.119839798971995
synthetic_exchange,economics,lightgbm_ar,exchange_1,2025-02-22 00:00:00,5.132005767025453,5.119839798971995
synthetic_exchange,economics,lightgbm_ar,exchange_1,2025-02-23 00:00:00,5.157453481402558,5.119839798971995
synthetic_exchange,economics,xgboost_ar,exchange_0,2025-02-12 00:00:00,5.157994232974546,5.090549055616136
synthetic_exchange,economics,xgboost_ar,exchange_0,2025-02-13 00:00:00,5.124710699129404,5.0683510676551
synthetic_exchange,economics,xgboost_ar,exchange_0,2025-02-14 00:00:00,5.065289300870597,5.047439939209654
synthetic_exchange,economics,xgboost_ar,exchange_0,2025-02-15 00:00:00,5.0320057670254545,5.033523188240287
synthetic_exchange,economics,xgboost_ar,exchange_0,2025-02-16 00:00:00,5.057453481402556,5.054007237559204
synthetic_exchange,economics,xgboost_ar,exchange_0,2025-02-17 00:00:00,5.129999999999998,5.0670440565074495
synthetic_exchange,economics,xgboost_ar,exchange_0,2025-02-18 00:00:00,5.2025465185974396,5.085038752703528
synthetic_exchange,economics,xgboost_ar,exchange_0,2025-02-19 00:00:00,5.227994232974547,5.085130603503777
synthetic_exchange,economics,xgboost_ar,exchange_0,2025-02-20 00:00:00,5.194710699129402,5.06787955333317
synthetic_exchange,economics,xgboost_ar,exchange_0,2025-02-21 00:00:00,5.135289300870594,5.074025259219038
synthetic_exchange,economics,xgboost_ar,exchange_0,2025-02-22 00:00:00,5.102005767025453,5.074025259219038
synthetic_exchange,economics,xgboost_ar,exchange_0,2025-02-23 00:00:00,5.127453481402558,5.074025259219038
synthetic_exchange,economics,xgboost_ar,exchange_1,2025-02-12 00:00:00,5.187994232974546,5.120549055616136
synthetic_exchange,economics,xgboost_ar,exchange_1,2025-02-13 00:00:00,5.154710699129404,5.0983510676551
synthetic_exchange,economics,xgboost_ar,exchange_1,2025-02-14 00:00:00,5.095289300870597,5.077439939209654
synthetic_exchange,economics,xgboost_ar,exchange_1,2025-02-15 00:00:00,5.062005767025455,5.063523188240287
synthetic_exchange,economics,xgboost_ar,exchange_1,2025-02-16 00:00:00,5.087453481402556,5.084007237559204
synthetic_exchange,economics,xgboost_ar,exchange_1,2025-02-17 00:00:00,5.159999999999998,5.09704405650745
synthetic_exchange,economics,xgboost_ar,exchange_1,2025-02-18 00:00:00,5.23254651859744,5.115038752703528
synthetic_exchange,economics,xgboost_ar,exchange_1,2025-02-19 00:00:00,5.257994232974547,5.115130603503777
synthetic_exchange,economics,xgboost_ar,exchange_1,2025-02-20 00:00:00,5.224710699129402,5.09787955333317
synthetic_exchange,economics,xgboost_ar,exchange_1,2025-02-21 00:00:00,5.165289300870595,5.104025259219038
synthetic_exchange,economics,xgboost_ar,exchange_1,2025-02-22 00:00:00,5.132005767025453,5.104025259219038
synthetic_exchange,economics,xgboost_ar,exchange_1,2025-02-23 00:00:00,5.157453481402558,5.104025259219038
synthetic_exchange,economics,tabpfn_ts,exchange_0,2025-02-12 00:00:00,5.157994232974546,5.140583038330078
synthetic_exchange,economics,tabpfn_ts,exchange_0,2025-02-13 00:00:00,5.124710699129404,5.110029697418213
synthetic_exchange,economics,tabpfn_ts,exchange_0,2025-02-14 00:00:00,5.065289300870597,5.03485631942749
synthetic_exchange,economics,tabpfn_ts,exchange_0,2025-02-15 00:00:00,5.0320057670254545,5.017175674438477
synthetic_exchange,economics,tabpfn_ts,exchange_0,2025-02-16 00:00:00,5.057453481402556,5.038215637207031
synthetic_exchange,economics,tabpfn_ts,exchange_0,2025-02-17 00:00:00,5.129999999999998,5.098748683929443
synthetic_exchange,economics,tabpfn_ts,exchange_0,2025-02-18 00:00:00,5.2025465185974396,5.139793395996094
synthetic_exchange,economics,tabpfn_ts,exchange_0,2025-02-19 00:00:00,5.227994232974547,5.173187732696533
synthetic_exchange,economics,tabpfn_ts,exchange_0,2025-02-20 00:00:00,5.194710699129402,5.146697044372559
synthetic_exchange,economics,tabpfn_ts,exchange_0,2025-02-21 00:00:00,5.135289300870594,5.089373588562012
synthetic_exchange,economics,tabpfn_ts,exchange_0,2025-02-22 00:00:00,5.102005767025453,5.068302631378174
synthetic_exchange,economics,tabpfn_ts,exchange_0,2025-02-23 00:00:00,5.127453481402558,5.088061332702637
synthetic_exchange,economics,tabpfn_ts,exchange_1,2025-02-12 00:00:00,5.187994232974546,5.170583248138428
synthetic_exchange,economics,tabpfn_ts,exchange_1,2025-02-13 00:00:00,5.154710699129404,5.1400299072265625
synthetic_exchange,economics,tabpfn_ts,exchange_1,2025-02-14 00:00:00,5.095289300870597,5.06485652923584
synthetic_exchange,economics,tabpfn_ts,exchange_1,2025-02-15 00:00:00,5.062005767025455,5.047175884246826
synthetic_exchange,economics,tabpfn_ts,exchange_1,2025-02-16 00:00:00,5.087453481402556,5.068215847015381
synthetic_exchange,economics,tabpfn_ts,exchange_1,2025-02-17 00:00:00,5.159999999999998,5.128748893737793
synthetic_exchange,economics,tabpfn_ts,exchange_1,2025-02-18 00:00:00,5.23254651859744,5.169794082641602
synthetic_exchange,economics,tabpfn_ts,exchange_1,2025-02-19 00:00:00,5.257994232974547,5.203187942504883
synthetic_exchange,economics,tabpfn_ts,exchange_1,2025-02-20 00:00:00,5.224710699129402,5.176697254180908
synthetic_exchange,economics,tabpfn_ts,exchange_1,2025-02-21 00:00:00,5.165289300870595,5.119373798370361
synthetic_exchange,economics,tabpfn_ts,exchange_1,2025-02-22 00:00:00,5.132005767025453,5.098302841186523
synthetic_exchange,economics,tabpfn_ts,exchange_1,2025-02-23 00:00:00,5.157453481402558,5.118061542510986
stock_provided,finance,dummy_mean,0002.HK_1h,2026-03-19 11:30:00,73.75,73.90729149182637
stock_provided,finance,dummy_mean,0002.HK_1h,2026-03-19 12:30:00,73.5999984741211,73.90729149182637
stock_provided,finance,dummy_mean,0002.HK_1h,2026-03-19 13:30:00,73.55000305175781,73.90729149182637
stock_provided,finance,dummy_mean,0002.HK_1h,2026-03-19 14:30:00,73.75,73.90729149182637
stock_provided,finance,dummy_mean,0002.HK_1h,2026-03-19 15:30:00,73.75,73.90729149182637
stock_provided,finance,dummy_mean,0002.HK_1h,2026-03-20 09:30:00,73.5999984741211,73.90729149182637
stock_provided,finance,dummy_mean,0002.HK_1h,2026-03-20 10:30:00,73.55000305175781,73.90729149182637
stock_provided,finance,dummy_mean,0002.HK_1h,2026-03-20 11:30:00,73.6500015258789,73.90729149182637
stock_provided,finance,dummy_mean,0002.HK_1h,2026-03-20 12:30:00,73.55000305175781,73.90729149182637
stock_provided,finance,dummy_mean,0002.HK_1h,2026-03-20 13:30:00,73.5,73.90729149182637
stock_provided,finance,dummy_mean,0002.HK_1h,2026-03-20 14:30:00,73.6500015258789,73.90729149182637
stock_provided,finance,dummy_mean,0002.HK_1h,2026-03-20 15:30:00,73.5999984741211,73.90729149182637
stock_provided,finance,dummy_mean,0003.HK_1h,2026-03-19 11:30:00,7.360000133514404,7.460937509934108
stock_provided,finance,dummy_mean,0003.HK_1h,2026-03-19 12:30:00,7.380000114440918,7.460937509934108
stock_provided,finance,dummy_mean,0003.HK_1h,2026-03-19 13:30:00,7.389999866485596,7.460937509934108
stock_provided,finance,dummy_mean,0003.HK_1h,2026-03-19 14:30:00,7.389999866485596,7.460937509934108
stock_provided,finance,dummy_mean,0003.HK_1h,2026-03-19 15:30:00,7.420000076293945,7.460937509934108
stock_provided,finance,dummy_mean,0003.HK_1h,2026-03-20 09:30:00,7.389999866485596,7.460937509934108
stock_provided,finance,dummy_mean,0003.HK_1h,2026-03-20 10:30:00,7.349999904632568,7.460937509934108
stock_provided,finance,dummy_mean,0003.HK_1h,2026-03-20 11:30:00,7.340000152587891,7.460937509934108
stock_provided,finance,dummy_mean,0003.HK_1h,2026-03-20 12:30:00,7.349999904632568,7.460937509934108
stock_provided,finance,dummy_mean,0003.HK_1h,2026-03-20 13:30:00,7.320000171661377,7.460937509934108
stock_provided,finance,dummy_mean,0003.HK_1h,2026-03-20 14:30:00,7.329999923706055,7.460937509934108
stock_provided,finance,dummy_mean,0003.HK_1h,2026-03-20 15:30:00,7.340000152587891,7.460937509934108
stock_provided,finance,seasonal_naive,0002.HK_1h,2026-03-19 11:30:00,73.75,73.25
stock_provided,finance,seasonal_naive,0002.HK_1h,2026-03-19 12:30:00,73.5999984741211,73.25
stock_provided,finance,seasonal_naive,0002.HK_1h,2026-03-19 13:30:00,73.55000305175781,73.44999694824219
stock_provided,finance,seasonal_naive,0002.HK_1h,2026-03-19 14:30:00,73.75,73.75
stock_provided,finance,seasonal_naive,0002.HK_1h,2026-03-19 15:30:00,73.75,73.80000305175781
stock_provided,finance,seasonal_naive,0002.HK_1h,2026-03-20 09:30:00,73.5999984741211,73.8499984741211
stock_provided,finance,seasonal_naive,0002.HK_1h,2026-03-20 10:30:00,73.55000305175781,74.0999984741211
stock_provided,finance,seasonal_naive,0002.HK_1h,2026-03-20 11:30:00,73.6500015258789,74.30000305175781
stock_provided,finance,seasonal_naive,0002.HK_1h,2026-03-20 12:30:00,73.55000305175781,74.0999984741211
stock_provided,finance,seasonal_naive,0002.HK_1h,2026-03-20 13:30:00,73.5,74.30000305175781
stock_provided,finance,seasonal_naive,0002.HK_1h,2026-03-20 14:30:00,73.6500015258789,73.94999694824219
stock_provided,finance,seasonal_naive,0002.HK_1h,2026-03-20 15:30:00,73.5999984741211,73.6500015258789
stock_provided,finance,seasonal_naive,0003.HK_1h,2026-03-19 11:30:00,7.360000133514404,7.260000228881836
stock_provided,finance,seasonal_naive,0003.HK_1h,2026-03-19 12:30:00,7.380000114440918,7.269999980926514
stock_provided,finance,seasonal_naive,0003.HK_1h,2026-03-19 13:30:00,7.389999866485596,7.260000228881836
stock_provided,finance,seasonal_naive,0003.HK_1h,2026-03-19 14:30:00,7.389999866485596,7.25
stock_provided,finance,seasonal_naive,0003.HK_1h,2026-03-19 15:30:00,7.420000076293945,7.239999771118164
stock_provided,finance,seasonal_naive,0003.HK_1h,2026-03-20 09:30:00,7.389999866485596,7.239999771118164
stock_provided,finance,seasonal_naive,0003.HK_1h,2026-03-20 10:30:00,7.349999904632568,7.269999980926514
stock_provided,finance,seasonal_naive,0003.HK_1h,2026-03-20 11:30:00,7.340000152587891,7.289999961853027
stock_provided,finance,seasonal_naive,0003.HK_1h,2026-03-20 12:30:00,7.349999904632568,7.300000190734863
stock_provided,finance,seasonal_naive,0003.HK_1h,2026-03-20 13:30:00,7.320000171661377,7.289999961853027
stock_provided,finance,seasonal_naive,0003.HK_1h,2026-03-20 14:30:00,7.329999923706055,7.340000152587891
stock_provided,finance,seasonal_naive,0003.HK_1h,2026-03-20 15:30:00,7.340000152587891,7.340000152587891
stock_provided,finance,moving_average,0002.HK_1h,2026-03-19 11:30:00,73.75,73.4895830154419
stock_provided,finance,moving_average,0002.HK_1h,2026-03-19 12:30:00,73.5999984741211,73.4895830154419
stock_provided,finance,moving_average,0002.HK_1h,2026-03-19 13:30:00,73.55000305175781,73.4895830154419
stock_provided,finance,moving_average,0002.HK_1h,2026-03-19 14:30:00,73.75,73.4895830154419
stock_provided,finance,moving_average,0002.HK_1h,2026-03-19 15:30:00,73.75,73.4895830154419
stock_provided,finance,moving_average,0002.HK_1h,2026-03-20 09:30:00,73.5999984741211,73.4895830154419
stock_provided,finance,moving_average,0002.HK_1h,2026-03-20 10:30:00,73.55000305175781,73.4895830154419
stock_provided,finance,moving_average,0002.HK_1h,2026-03-20 11:30:00,73.6500015258789,73.4895830154419
stock_provided,finance,moving_average,0002.HK_1h,2026-03-20 12:30:00,73.55000305175781,73.4895830154419
stock_provided,finance,moving_average,0002.HK_1h,2026-03-20 13:30:00,73.5,73.4895830154419
stock_provided,finance,moving_average,0002.HK_1h,2026-03-20 14:30:00,73.6500015258789,73.4895830154419
stock_provided,finance,moving_average,0002.HK_1h,2026-03-20 15:30:00,73.5999984741211,73.4895830154419
stock_provided,finance,moving_average,0003.HK_1h,2026-03-19 11:30:00,7.360000133514404,7.304166674613953
stock_provided,finance,moving_average,0003.HK_1h,2026-03-19 12:30:00,7.380000114440918,7.304166674613953
stock_provided,finance,moving_average,0003.HK_1h,2026-03-19 13:30:00,7.389999866485596,7.304166674613953
stock_provided,finance,moving_average,0003.HK_1h,2026-03-19 14:30:00,7.389999866485596,7.304166674613953
stock_provided,finance,moving_average,0003.HK_1h,2026-03-19 15:30:00,7.420000076293945,7.304166674613953
stock_provided,finance,moving_average,0003.HK_1h,2026-03-20 09:30:00,7.389999866485596,7.304166674613953
stock_provided,finance,moving_average,0003.HK_1h,2026-03-20 10:30:00,7.349999904632568,7.304166674613953
stock_provided,finance,moving_average,0003.HK_1h,2026-03-20 11:30:00,7.340000152587891,7.304166674613953
stock_provided,finance,moving_average,0003.HK_1h,2026-03-20 12:30:00,7.349999904632568,7.304166674613953
stock_provided,finance,moving_average,0003.HK_1h,2026-03-20 13:30:00,7.320000171661377,7.304166674613953
stock_provided,finance,moving_average,0003.HK_1h,2026-03-20 14:30:00,7.329999923706055,7.304166674613953
stock_provided,finance,moving_average,0003.HK_1h,2026-03-20 15:30:00,7.340000152587891,7.304166674613953
stock_provided,finance,linear_trend,0002.HK_1h,2026-03-19 11:30:00,73.75,73.38696225484213
stock_provided,finance,linear_trend,0002.HK_1h,2026-03-19 12:30:00,73.5999984741211,73.37623381696616
stock_provided,finance,linear_trend,0002.HK_1h,2026-03-19 13:30:00,73.55000305175781,73.3655053790902
stock_provided,finance,linear_trend,0002.HK_1h,2026-03-19 14:30:00,73.75,73.35477694121424
stock_provided,finance,linear_trend,0002.HK_1h,2026-03-19 15:30:00,73.75,73.34404850333827
stock_provided,finance,linear_trend,0002.HK_1h,2026-03-20 09:30:00,73.5999984741211,73.3333200654623
stock_provided,finance,linear_trend,0002.HK_1h,2026-03-20 10:30:00,73.55000305175781,73.32259162758635
stock_provided,finance,linear_trend,0002.HK_1h,2026-03-20 11:30:00,73.6500015258789,73.31186318971038
stock_provided,finance,linear_trend,0002.HK_1h,2026-03-20 12:30:00,73.55000305175781,73.30113475183441
stock_provided,finance,linear_trend,0002.HK_1h,2026-03-20 13:30:00,73.5,73.29040631395846
stock_provided,finance,linear_trend,0002.HK_1h,2026-03-20 14:30:00,73.6500015258789,73.27967787608249
stock_provided,finance,linear_trend,0002.HK_1h,2026-03-20 15:30:00,73.5999984741211,73.26894943820652
stock_provided,finance,linear_trend,0003.HK_1h,2026-03-19 11:30:00,7.360000133514404,7.2893552283446
stock_provided,finance,linear_trend,0003.HK_1h,2026-03-19 12:30:00,7.380000114440918,7.285817449342755
stock_provided,finance,linear_trend,0003.HK_1h,2026-03-19 13:30:00,7.389999866485596,7.282279670340909
stock_provided,finance,linear_trend,0003.HK_1h,2026-03-19 14:30:00,7.389999866485596,7.278741891339063
stock_provided,finance,linear_trend,0003.HK_1h,2026-03-19 15:30:00,7.420000076293945,7.275204112337218
stock_provided,finance,linear_trend,0003.HK_1h,2026-03-20 09:30:00,7.389999866485596,7.271666333335372
stock_provided,finance,linear_trend,0003.HK_1h,2026-03-20 10:30:00,7.349999904632568,7.268128554333527
stock_provided,finance,linear_trend,0003.HK_1h,2026-03-20 11:30:00,7.340000152587891,7.264590775331682
stock_provided,finance,linear_trend,0003.HK_1h,2026-03-20 12:30:00,7.349999904632568,7.261052996329836
stock_provided,finance,linear_trend,0003.HK_1h,2026-03-20 13:30:00,7.320000171661377,7.25751521732799
stock_provided,finance,linear_trend,0003.HK_1h,2026-03-20 14:30:00,7.329999923706055,7.253977438326145
stock_provided,finance,linear_trend,0003.HK_1h,2026-03-20 15:30:00,7.340000152587891,7.250439659324299
stock_provided,finance,ridge_ar,0002.HK_1h,2026-03-19 11:30:00,73.75,73.65035047294289
stock_provided,finance,ridge_ar,0002.HK_1h,2026-03-19 12:30:00,73.5999984741211,73.7133954641167
stock_provided,finance,ridge_ar,0002.HK_1h,2026-03-19 13:30:00,73.55000305175781,73.77680878284897
stock_provided,finance,ridge_ar,0002.HK_1h,2026-03-19 14:30:00,73.75,73.8361807934721
stock_provided,finance,ridge_ar,0002.HK_1h,2026-03-19 15:30:00,73.75,73.93707468948787
stock_provided,finance,ridge_ar,0002.HK_1h,2026-03-20 09:30:00,73.5999984741211,73.98436268819047
stock_provided,finance,ridge_ar,0002.HK_1h,2026-03-20 10:30:00,73.55000305175781,74.02962058545512
stock_provided,finance,ridge_ar,0002.HK_1h,2026-03-20 11:30:00,73.6500015258789,74.05814890744446
stock_provided,finance,ridge_ar,0002.HK_1h,2026-03-20 12:30:00,73.55000305175781,74.06335288870896
stock_provided,finance,ridge_ar,0002.HK_1h,2026-03-20 13:30:00,73.5,74.09239017971288
stock_provided,finance,ridge_ar,0002.HK_1h,2026-03-20 14:30:00,73.6500015258789,74.11354779849623
stock_provided,finance,ridge_ar,0002.HK_1h,2026-03-20 15:30:00,73.5999984741211,74.1411302041298
stock_provided,finance,ridge_ar,0003.HK_1h,2026-03-19 11:30:00,7.360000133514404,7.327053859069949
stock_provided,finance,ridge_ar,0003.HK_1h,2026-03-19 12:30:00,7.380000114440918,7.32158016390295
stock_provided,finance,ridge_ar,0003.HK_1h,2026-03-19 13:30:00,7.389999866485596,7.323827645107291
stock_provided,finance,ridge_ar,0003.HK_1h,2026-03-19 14:30:00,7.389999866485596,7.3225886060336665
stock_provided,finance,ridge_ar,0003.HK_1h,2026-03-19 15:30:00,7.420000076293945,7.325658512203185
stock_provided,finance,ridge_ar,0003.HK_1h,2026-03-20 09:30:00,7.389999866485596,7.325825421387529
stock_provided,finance,ridge_ar,0003.HK_1h,2026-03-20 10:30:00,7.349999904632568,7.325198896667436
stock_provided,finance,ridge_ar,0003.HK_1h,2026-03-20 11:30:00,7.340000152587891,7.322599016309165
stock_provided,finance,ridge_ar,0003.HK_1h,2026-03-20 12:30:00,7.349999904632568,7.323730942328228
stock_provided,finance,ridge_ar,0003.HK_1h,2026-03-20 13:30:00,7.320000171661377,7.330575166801099
stock_provided,finance,ridge_ar,0003.HK_1h,2026-03-20 14:30:00,7.329999923706055,7.3332372700479205
stock_provided,finance,ridge_ar,0003.HK_1h,2026-03-20 15:30:00,7.340000152587891,7.3361087896570245
stock_provided,finance,hist_gradient_boosting_ar,0002.HK_1h,2026-03-19 11:30:00,73.75,73.57585702949557
stock_provided,finance,hist_gradient_boosting_ar,0002.HK_1h,2026-03-19 12:30:00,73.5999984741211,73.46364871687764
stock_provided,finance,hist_gradient_boosting_ar,0002.HK_1h,2026-03-19 13:30:00,73.55000305175781,73.46579825793228
stock_provided,finance,hist_gradient_boosting_ar,0002.HK_1h,2026-03-19 14:30:00,73.75,73.45320792092805
stock_provided,finance,hist_gradient_boosting_ar,0002.HK_1h,2026-03-19 15:30:00,73.75,73.44428752752633
stock_provided,finance,hist_gradient_boosting_ar,0002.HK_1h,2026-03-20 09:30:00,73.5999984741211,73.51919217702032
stock_provided,finance,hist_gradient_boosting_ar,0002.HK_1h,2026-03-20 10:30:00,73.55000305175781,73.57995406719155
stock_provided,finance,hist_gradient_boosting_ar,0002.HK_1h,2026-03-20 11:30:00,73.6500015258789,73.6092028971425
stock_provided,finance,hist_gradient_boosting_ar,0002.HK_1h,2026-03-20 12:30:00,73.55000305175781,73.5922258143906
stock_provided,finance,hist_gradient_boosting_ar,0002.HK_1h,2026-03-20 13:30:00,73.5,73.62200472450786
stock_provided,finance,hist_gradient_boosting_ar,0002.HK_1h,2026-03-20 14:30:00,73.6500015258789,73.67794002108637
stock_provided,finance,hist_gradient_boosting_ar,0002.HK_1h,2026-03-20 15:30:00,73.5999984741211,73.848815001754
stock_provided,finance,hist_gradient_boosting_ar,0003.HK_1h,2026-03-19 11:30:00,7.360000133514404,7.330372405766539
stock_provided,finance,hist_gradient_boosting_ar,0003.HK_1h,2026-03-19 12:30:00,7.380000114440918,7.333364658422574
stock_provided,finance,hist_gradient_boosting_ar,0003.HK_1h,2026-03-19 13:30:00,7.389999866485596,7.332821507268654
stock_provided,finance,hist_gradient_boosting_ar,0003.HK_1h,2026-03-19 14:30:00,7.389999866485596,7.329457657971068
stock_provided,finance,hist_gradient_boosting_ar,0003.HK_1h,2026-03-19 15:30:00,7.420000076293945,7.328914506817148
stock_provided,finance,hist_gradient_boosting_ar,0003.HK_1h,2026-03-20 09:30:00,7.389999866485596,7.328914506817148
stock_provided,finance,hist_gradient_boosting_ar,0003.HK_1h,2026-03-20 10:30:00,7.349999904632568,7.328914506817148
stock_provided,finance,hist_gradient_boosting_ar,0003.HK_1h,2026-03-20 11:30:00,7.340000152587891,7.328914506817148
stock_provided,finance,hist_gradient_boosting_ar,0003.HK_1h,2026-03-20 12:30:00,7.349999904632568,7.328914506817148
stock_provided,finance,hist_gradient_boosting_ar,0003.HK_1h,2026-03-20 13:30:00,7.320000171661377,7.328914506817148
stock_provided,finance,hist_gradient_boosting_ar,0003.HK_1h,2026-03-20 14:30:00,7.329999923706055,7.32814102465146
stock_provided,finance,hist_gradient_boosting_ar,0003.HK_1h,2026-03-20 15:30:00,7.340000152587891,7.318976740782996
stock_provided,finance,lightgbm_ar,0002.HK_1h,2026-03-19 11:30:00,73.75,73.43798186900317
stock_provided,finance,lightgbm_ar,0002.HK_1h,2026-03-19 12:30:00,73.5999984741211,73.42271628945879
stock_provided,finance,lightgbm_ar,0002.HK_1h,2026-03-19 13:30:00,73.55000305175781,73.488295239865
stock_provided,finance,lightgbm_ar,0002.HK_1h,2026-03-19 14:30:00,73.75,73.4436058922007
stock_provided,finance,lightgbm_ar,0002.HK_1h,2026-03-19 15:30:00,73.75,73.43410094120071
stock_provided,finance,lightgbm_ar,0002.HK_1h,2026-03-20 09:30:00,73.5999984741211,73.43337050838353
stock_provided,finance,lightgbm_ar,0002.HK_1h,2026-03-20 10:30:00,73.55000305175781,73.49508848264529
stock_provided,finance,lightgbm_ar,0002.HK_1h,2026-03-20 11:30:00,73.6500015258789,73.4849152315378
stock_provided,finance,lightgbm_ar,0002.HK_1h,2026-03-20 12:30:00,73.55000305175781,73.48152288123008
stock_provided,finance,lightgbm_ar,0002.HK_1h,2026-03-20 13:30:00,73.5,73.5168590051517
stock_provided,finance,lightgbm_ar,0002.HK_1h,2026-03-20 14:30:00,73.6500015258789,73.47563682074615
stock_provided,finance,lightgbm_ar,0002.HK_1h,2026-03-20 15:30:00,73.5999984741211,73.46405138606988
stock_provided,finance,lightgbm_ar,0003.HK_1h,2026-03-19 11:30:00,7.360000133514404,7.332299358099541
stock_provided,finance,lightgbm_ar,0003.HK_1h,2026-03-19 12:30:00,7.380000114440918,7.341218880855038
stock_provided,finance,lightgbm_ar,0003.HK_1h,2026-03-19 13:30:00,7.389999866485596,7.343545814962433
stock_provided,finance,lightgbm_ar,0003.HK_1h,2026-03-19 14:30:00,7.389999866485596,7.357520806117883
stock_provided,finance,lightgbm_ar,0003.HK_1h,2026-03-19 15:30:00,7.420000076293945,7.3810057538064155
stock_provided,finance,lightgbm_ar,0003.HK_1h,2026-03-20 09:30:00,7.389999866485596,7.373491491812717
stock_provided,finance,lightgbm_ar,0003.HK_1h,2026-03-20 10:30:00,7.349999904632568,7.373491491812717
stock_provided,finance,lightgbm_ar,0003.HK_1h,2026-03-20 11:30:00,7.340000152587891,7.376090405028756
stock_provided,finance,lightgbm_ar,0003.HK_1h,2026-03-20 12:30:00,7.349999904632568,7.376090405028756
stock_provided,finance,lightgbm_ar,0003.HK_1h,2026-03-20 13:30:00,7.320000171661377,7.376090405028756
stock_provided,finance,lightgbm_ar,0003.HK_1h,2026-03-20 14:30:00,7.329999923706055,7.3692705162616745
stock_provided,finance,lightgbm_ar,0003.HK_1h,2026-03-20 15:30:00,7.340000152587891,7.367940504952131
stock_provided,finance,xgboost_ar,0002.HK_1h,2026-03-19 11:30:00,73.75,73.7058121601381
stock_provided,finance,xgboost_ar,0002.HK_1h,2026-03-19 12:30:00,73.5999984741211,73.82824823405633
stock_provided,finance,xgboost_ar,0002.HK_1h,2026-03-19 13:30:00,73.55000305175781,73.88763565564551
stock_provided,finance,xgboost_ar,0002.HK_1h,2026-03-19 14:30:00,73.75,73.96783351931884
stock_provided,finance,xgboost_ar,0002.HK_1h,2026-03-19 15:30:00,73.75,74.05447162508614
stock_provided,finance,xgboost_ar,0002.HK_1h,2026-03-20 09:30:00,73.5999984741211,74.02131380733482
stock_provided,finance,xgboost_ar,0002.HK_1h,2026-03-20 10:30:00,73.55000305175781,74.02108112275407
stock_provided,finance,xgboost_ar,0002.HK_1h,2026-03-20 11:30:00,73.6500015258789,74.02876841143474
stock_provided,finance,xgboost_ar,0002.HK_1h,2026-03-20 12:30:00,73.55000305175781,74.02923719713954
stock_provided,finance,xgboost_ar,0002.HK_1h,2026-03-20 13:30:00,73.5,74.04429760394272
stock_provided,finance,xgboost_ar,0002.HK_1h,2026-03-20 14:30:00,73.6500015258789,74.08020596619161
stock_provided,finance,xgboost_ar,0002.HK_1h,2026-03-20 15:30:00,73.5999984741211,74.1105920587697
stock_provided,finance,xgboost_ar,0003.HK_1h,2026-03-19 11:30:00,7.360000133514404,7.329073047875089
stock_provided,finance,xgboost_ar,0003.HK_1h,2026-03-19 12:30:00,7.380000114440918,7.328798754744503
stock_provided,finance,xgboost_ar,0003.HK_1h,2026-03-19 13:30:00,7.389999866485596,7.32214776144774
stock_provided,finance,xgboost_ar,0003.HK_1h,2026-03-19 14:30:00,7.389999866485596,7.319179171055331
stock_provided,finance,xgboost_ar,0003.HK_1h,2026-03-19 15:30:00,7.420000076293945,7.303887203123447
stock_provided,finance,xgboost_ar,0003.HK_1h,2026-03-20 09:30:00,7.389999866485596,7.31753041940757
stock_provided,finance,xgboost_ar,0003.HK_1h,2026-03-20 10:30:00,7.349999904632568,7.314562289455814
stock_provided,finance,xgboost_ar,0003.HK_1h,2026-03-20 11:30:00,7.340000152587891,7.327825599034442
stock_provided,finance,xgboost_ar,0003.HK_1h,2026-03-20 12:30:00,7.349999904632568,7.3300436711615555
stock_provided,finance,xgboost_ar,0003.HK_1h,2026-03-20 13:30:00,7.320000171661377,7.338458540658239
stock_provided,finance,xgboost_ar,0003.HK_1h,2026-03-20 14:30:00,7.329999923706055,7.3443996783549235
stock_provided,finance,xgboost_ar,0003.HK_1h,2026-03-20 15:30:00,7.340000152587891,7.348150557417724
stock_provided,finance,tabpfn_ts,0002.HK_1h,2026-03-19 11:30:00,73.75,73.7440414428711
stock_provided,finance,tabpfn_ts,0002.HK_1h,2026-03-19 12:30:00,73.5999984741211,73.82176208496094
stock_provided,finance,tabpfn_ts,0002.HK_1h,2026-03-19 13:30:00,73.55000305175781,73.74272155761719
stock_provided,finance,tabpfn_ts,0002.HK_1h,2026-03-19 14:30:00,73.75,73.74897766113281
stock_provided,finance,tabpfn_ts,0002.HK_1h,2026-03-19 15:30:00,73.75,73.80926513671875
stock_provided,finance,tabpfn_ts,0002.HK_1h,2026-03-20 09:30:00,73.5999984741211,73.88134002685547
stock_provided,finance,tabpfn_ts,0002.HK_1h,2026-03-20 10:30:00,73.55000305175781,73.88264465332031
stock_provided,finance,tabpfn_ts,0002.HK_1h,2026-03-20 11:30:00,73.6500015258789,73.95376586914062
stock_provided,finance,tabpfn_ts,0002.HK_1h,2026-03-20 12:30:00,73.55000305175781,73.96765899658203
stock_provided,finance,tabpfn_ts,0002.HK_1h,2026-03-20 13:30:00,73.5,73.93893432617188
stock_provided,finance,tabpfn_ts,0002.HK_1h,2026-03-20 14:30:00,73.6500015258789,73.93634033203125
stock_provided,finance,tabpfn_ts,0002.HK_1h,2026-03-20 15:30:00,73.5999984741211,73.9561767578125
stock_provided,finance,tabpfn_ts,0003.HK_1h,2026-03-19 11:30:00,7.360000133514404,7.343285083770752
stock_provided,finance,tabpfn_ts,0003.HK_1h,2026-03-19 12:30:00,7.380000114440918,7.345519542694092
stock_provided,finance,tabpfn_ts,0003.HK_1h,2026-03-19 13:30:00,7.389999866485596,7.345055103302002
stock_provided,finance,tabpfn_ts,0003.HK_1h,2026-03-19 14:30:00,7.389999866485596,7.3474812507629395
stock_provided,finance,tabpfn_ts,0003.HK_1h,2026-03-19 15:30:00,7.420000076293945,7.348343372344971
stock_provided,finance,tabpfn_ts,0003.HK_1h,2026-03-20 09:30:00,7.389999866485596,7.344420909881592
stock_provided,finance,tabpfn_ts,0003.HK_1h,2026-03-20 10:30:00,7.349999904632568,7.3437089920043945
stock_provided,finance,tabpfn_ts,0003.HK_1h,2026-03-20 11:30:00,7.340000152587891,7.343764781951904
stock_provided,finance,tabpfn_ts,0003.HK_1h,2026-03-20 12:30:00,7.349999904632568,7.344106197357178
stock_provided,finance,tabpfn_ts,0003.HK_1h,2026-03-20 13:30:00,7.320000171661377,7.344093322753906
stock_provided,finance,tabpfn_ts,0003.HK_1h,2026-03-20 14:30:00,7.329999923706055,7.344046115875244
stock_provided,finance,tabpfn_ts,0003.HK_1h,2026-03-20 15:30:00,7.340000152587891,7.344620227813721
