dataset,domain,model,unique_id,ds,y,y_hat
synthetic_energy,energy,dummy_mean,energy_0,2024-01-10 12:00:00,14.560000000000015,12.63
synthetic_energy,energy,dummy_mean,energy_0,2024-01-10 13:00:00,13.93295238724371,12.63
synthetic_energy,energy,dummy_mean,energy_0,2024-01-10 14:00:00,13.34999999999999,12.63
synthetic_energy,energy,dummy_mean,energy_0,2024-01-10 15:00:00,12.852233047033636,12.63
synthetic_energy,energy,dummy_mean,energy_0,2024-01-10 16:00:00,12.474936490538903,12.63
synthetic_energy,energy,dummy_mean,energy_0,2024-01-10 17:00:00,12.245185434277328,12.63
synthetic_energy,energy,dummy_mean,energy_0,2024-01-10 18:00:00,12.18,12.63
synthetic_energy,energy,dummy_mean,energy_0,2024-01-10 19:00:00,12.285185434277327,12.63
synthetic_energy,energy,dummy_mean,energy_0,2024-01-10 20:00:00,12.554936490538902,12.63
synthetic_energy,energy,dummy_mean,energy_0,2024-01-10 21:00:00,12.972233047033619,12.63
synthetic_energy,energy,dummy_mean,energy_0,2024-01-10 22:00:00,13.50999999999999,12.63
synthetic_energy,energy,dummy_mean,energy_0,2024-01-10 23:00:00,14.132952387243687,12.63
synthetic_energy,energy,dummy_mean,energy_1,2024-01-10 12:00:00,15.560000000000015,13.63
synthetic_energy,energy,dummy_mean,energy_1,2024-01-10 13:00:00,14.93295238724371,13.63
synthetic_energy,energy,dummy_mean,energy_1,2024-01-10 14:00:00,14.34999999999999,13.63
synthetic_energy,energy,dummy_mean,energy_1,2024-01-10 15:00:00,13.852233047033636,13.63
synthetic_energy,energy,dummy_mean,energy_1,2024-01-10 16:00:00,13.474936490538905,13.63
synthetic_energy,energy,dummy_mean,energy_1,2024-01-10 17:00:00,13.245185434277328,13.63
synthetic_energy,energy,dummy_mean,energy_1,2024-01-10 18:00:00,13.18,13.63
synthetic_energy,energy,dummy_mean,energy_1,2024-01-10 19:00:00,13.285185434277327,13.63
synthetic_energy,energy,dummy_mean,energy_1,2024-01-10 20:00:00,13.5549364905389,13.63
synthetic_energy,energy,dummy_mean,energy_1,2024-01-10 21:00:00,13.972233047033619,13.63
synthetic_energy,energy,dummy_mean,energy_1,2024-01-10 22:00:00,14.50999999999999,13.63
synthetic_energy,energy,dummy_mean,energy_1,2024-01-10 23:00:00,15.132952387243687,13.63
synthetic_energy,energy,dummy_mean,energy_2,2024-01-10 12:00:00,16.560000000000016,14.63
synthetic_energy,energy,dummy_mean,energy_2,2024-01-10 13:00:00,15.93295238724371,14.63
synthetic_energy,energy,dummy_mean,energy_2,2024-01-10 14:00:00,15.34999999999999,14.63
synthetic_energy,energy,dummy_mean,energy_2,2024-01-10 15:00:00,14.852233047033636,14.63
synthetic_energy,energy,dummy_mean,energy_2,2024-01-10 16:00:00,14.474936490538905,14.63
synthetic_energy,energy,dummy_mean,energy_2,2024-01-10 17:00:00,14.245185434277328,14.63
synthetic_energy,energy,dummy_mean,energy_2,2024-01-10 18:00:00,14.18,14.63
synthetic_energy,energy,dummy_mean,energy_2,2024-01-10 19:00:00,14.285185434277327,14.63
synthetic_energy,energy,dummy_mean,energy_2,2024-01-10 20:00:00,14.5549364905389,14.63
synthetic_energy,energy,dummy_mean,energy_2,2024-01-10 21:00:00,14.972233047033619,14.63
synthetic_energy,energy,dummy_mean,energy_2,2024-01-10 22:00:00,15.50999999999999,14.63
synthetic_energy,energy,dummy_mean,energy_2,2024-01-10 23:00:00,16.132952387243687,14.63
synthetic_energy,energy,seasonal_naive,energy_0,2024-01-10 12:00:00,14.560000000000015,14.319999999999995
synthetic_energy,energy,seasonal_naive,energy_0,2024-01-10 13:00:00,13.93295238724371,14.987047612756283
synthetic_energy,energy,seasonal_naive,energy_0,2024-01-10 14:00:00,13.34999999999999,15.609999999999985
synthetic_energy,energy,seasonal_naive,energy_0,2024-01-10 15:00:00,12.852233047033636,16.14776695296637
synthetic_energy,energy,seasonal_naive,energy_0,2024-01-10 16:00:00,12.474936490538903,16.5650635094611
synthetic_energy,energy,seasonal_naive,energy_0,2024-01-10 17:00:00,12.245185434277328,16.834814565722667
synthetic_energy,energy,seasonal_naive,energy_0,2024-01-10 18:00:00,12.18,16.94
synthetic_energy,energy,seasonal_naive,energy_0,2024-01-10 19:00:00,12.285185434277327,16.87481456572267
synthetic_energy,energy,seasonal_naive,energy_0,2024-01-10 20:00:00,12.554936490538902,16.645063509461103
synthetic_energy,energy,seasonal_naive,energy_0,2024-01-10 21:00:00,12.972233047033619,16.267766952966376
synthetic_energy,energy,seasonal_naive,energy_0,2024-01-10 22:00:00,13.50999999999999,15.770000000000003
synthetic_energy,energy,seasonal_naive,energy_0,2024-01-10 23:00:00,14.132952387243687,15.18704761275632
synthetic_energy,energy,seasonal_naive,energy_1,2024-01-10 12:00:00,15.560000000000015,15.319999999999995
synthetic_energy,energy,seasonal_naive,energy_1,2024-01-10 13:00:00,14.93295238724371,15.987047612756283
synthetic_energy,energy,seasonal_naive,energy_1,2024-01-10 14:00:00,14.34999999999999,16.609999999999985
synthetic_energy,energy,seasonal_naive,energy_1,2024-01-10 15:00:00,13.852233047033636,17.14776695296637
synthetic_energy,energy,seasonal_naive,energy_1,2024-01-10 16:00:00,13.474936490538905,17.5650635094611
synthetic_energy,energy,seasonal_naive,energy_1,2024-01-10 17:00:00,13.245185434277328,17.834814565722667
synthetic_energy,energy,seasonal_naive,energy_1,2024-01-10 18:00:00,13.18,17.94
synthetic_energy,energy,seasonal_naive,energy_1,2024-01-10 19:00:00,13.285185434277327,17.87481456572267
synthetic_energy,energy,seasonal_naive,energy_1,2024-01-10 20:00:00,13.5549364905389,17.645063509461103
synthetic_energy,energy,seasonal_naive,energy_1,2024-01-10 21:00:00,13.972233047033619,17.267766952966376
synthetic_energy,energy,seasonal_naive,energy_1,2024-01-10 22:00:00,14.50999999999999,16.770000000000003
synthetic_energy,energy,seasonal_naive,energy_1,2024-01-10 23:00:00,15.132952387243687,16.18704761275632
synthetic_energy,energy,seasonal_naive,energy_2,2024-01-10 12:00:00,16.560000000000016,16.319999999999993
synthetic_energy,energy,seasonal_naive,energy_2,2024-01-10 13:00:00,15.93295238724371,16.987047612756285
synthetic_energy,energy,seasonal_naive,energy_2,2024-01-10 14:00:00,15.34999999999999,17.609999999999985
synthetic_energy,energy,seasonal_naive,energy_2,2024-01-10 15:00:00,14.852233047033636,18.14776695296637
synthetic_energy,energy,seasonal_naive,energy_2,2024-01-10 16:00:00,14.474936490538905,18.5650635094611
synthetic_energy,energy,seasonal_naive,energy_2,2024-01-10 17:00:00,14.245185434277328,18.834814565722667
synthetic_energy,energy,seasonal_naive,energy_2,2024-01-10 18:00:00,14.18,18.94
synthetic_energy,energy,seasonal_naive,energy_2,2024-01-10 19:00:00,14.285185434277327,18.87481456572267
synthetic_energy,energy,seasonal_naive,energy_2,2024-01-10 20:00:00,14.5549364905389,18.645063509461103
synthetic_energy,energy,seasonal_naive,energy_2,2024-01-10 21:00:00,14.972233047033619,18.267766952966376
synthetic_energy,energy,seasonal_naive,energy_2,2024-01-10 22:00:00,15.50999999999999,17.770000000000003
synthetic_energy,energy,seasonal_naive,energy_2,2024-01-10 23:00:00,16.132952387243687,17.18704761275632
synthetic_energy,energy,moving_average,energy_0,2024-01-10 12:00:00,14.560000000000015,14.310000000000002
synthetic_energy,energy,moving_average,energy_0,2024-01-10 13:00:00,13.93295238724371,14.310000000000002
synthetic_energy,energy,moving_average,energy_0,2024-01-10 14:00:00,13.34999999999999,14.310000000000002
synthetic_energy,energy,moving_average,energy_0,2024-01-10 15:00:00,12.852233047033636,14.310000000000002
synthetic_energy,energy,moving_average,energy_0,2024-01-10 16:00:00,12.474936490538903,14.310000000000002
synthetic_energy,energy,moving_average,energy_0,2024-01-10 17:00:00,12.245185434277328,14.310000000000002
synthetic_energy,energy,moving_average,energy_0,2024-01-10 18:00:00,12.18,14.310000000000002
synthetic_energy,energy,moving_average,energy_0,2024-01-10 19:00:00,12.285185434277327,14.310000000000002
synthetic_energy,energy,moving_average,energy_0,2024-01-10 20:00:00,12.554936490538902,14.310000000000002
synthetic_energy,energy,moving_average,energy_0,2024-01-10 21:00:00,12.972233047033619,14.310000000000002
synthetic_energy,energy,moving_average,energy_0,2024-01-10 22:00:00,13.50999999999999,14.310000000000002
synthetic_energy,energy,moving_average,energy_0,2024-01-10 23:00:00,14.132952387243687,14.310000000000002
synthetic_energy,energy,moving_average,energy_1,2024-01-10 12:00:00,15.560000000000015,15.310000000000002
synthetic_energy,energy,moving_average,energy_1,2024-01-10 13:00:00,14.93295238724371,15.310000000000002
synthetic_energy,energy,moving_average,energy_1,2024-01-10 14:00:00,14.34999999999999,15.310000000000002
synthetic_energy,energy,moving_average,energy_1,2024-01-10 15:00:00,13.852233047033636,15.310000000000002
synthetic_energy,energy,moving_average,energy_1,2024-01-10 16:00:00,13.474936490538905,15.310000000000002
synthetic_energy,energy,moving_average,energy_1,2024-01-10 17:00:00,13.245185434277328,15.310000000000002
synthetic_energy,energy,moving_average,energy_1,2024-01-10 18:00:00,13.18,15.310000000000002
synthetic_energy,energy,moving_average,energy_1,2024-01-10 19:00:00,13.285185434277327,15.310000000000002
synthetic_energy,energy,moving_average,energy_1,2024-01-10 20:00:00,13.5549364905389,15.310000000000002
synthetic_energy,energy,moving_average,energy_1,2024-01-10 21:00:00,13.972233047033619,15.310000000000002
synthetic_energy,energy,moving_average,energy_1,2024-01-10 22:00:00,14.50999999999999,15.310000000000002
synthetic_energy,energy,moving_average,energy_1,2024-01-10 23:00:00,15.132952387243687,15.310000000000002
synthetic_energy,energy,moving_average,energy_2,2024-01-10 12:00:00,16.560000000000016,16.310000000000002
synthetic_energy,energy,moving_average,energy_2,2024-01-10 13:00:00,15.93295238724371,16.310000000000002
synthetic_energy,energy,moving_average,energy_2,2024-01-10 14:00:00,15.34999999999999,16.310000000000002
synthetic_energy,energy,moving_average,energy_2,2024-01-10 15:00:00,14.852233047033636,16.310000000000002
synthetic_energy,energy,moving_average,energy_2,2024-01-10 16:00:00,14.474936490538905,16.310000000000002
synthetic_energy,energy,moving_average,energy_2,2024-01-10 17:00:00,14.245185434277328,16.310000000000002
synthetic_energy,energy,moving_average,energy_2,2024-01-10 18:00:00,14.18,16.310000000000002
synthetic_energy,energy,moving_average,energy_2,2024-01-10 19:00:00,14.285185434277327,16.310000000000002
synthetic_energy,energy,moving_average,energy_2,2024-01-10 20:00:00,14.5549364905389,16.310000000000002
synthetic_energy,energy,moving_average,energy_2,2024-01-10 21:00:00,14.972233047033619,16.310000000000002
synthetic_energy,energy,moving_average,energy_2,2024-01-10 22:00:00,15.50999999999999,16.310000000000002
synthetic_energy,energy,moving_average,energy_2,2024-01-10 23:00:00,16.132952387243687,16.310000000000002
synthetic_energy,energy,linear_trend,energy_0,2024-01-10 12:00:00,14.560000000000015,14.858262596049418
synthetic_energy,energy,linear_trend,energy_0,2024-01-10 13:00:00,13.93295238724371,14.881353400153557
synthetic_energy,energy,linear_trend,energy_0,2024-01-10 14:00:00,13.34999999999999,14.904444204257697
synthetic_energy,energy,linear_trend,energy_0,2024-01-10 15:00:00,12.852233047033636,14.927535008361836
synthetic_energy,energy,linear_trend,energy_0,2024-01-10 16:00:00,12.474936490538903,14.950625812465974
synthetic_energy,energy,linear_trend,energy_0,2024-01-10 17:00:00,12.245185434277328,14.973716616570112
synthetic_energy,energy,linear_trend,energy_0,2024-01-10 18:00:00,12.18,14.996807420674251
synthetic_energy,energy,linear_trend,energy_0,2024-01-10 19:00:00,12.285185434277327,15.019898224778391
synthetic_energy,energy,linear_trend,energy_0,2024-01-10 20:00:00,12.554936490538902,15.04298902888253
synthetic_energy,energy,linear_trend,energy_0,2024-01-10 21:00:00,12.972233047033619,15.06607983298667
synthetic_energy,energy,linear_trend,energy_0,2024-01-10 22:00:00,13.50999999999999,15.089170637090808
synthetic_energy,energy,linear_trend,energy_0,2024-01-10 23:00:00,14.132952387243687,15.112261441194947
synthetic_energy,energy,linear_trend,energy_1,2024-01-10 12:00:00,15.560000000000015,15.858262596049421
synthetic_energy,energy,linear_trend,energy_1,2024-01-10 13:00:00,14.93295238724371,15.881353400153559
synthetic_energy,energy,linear_trend,energy_1,2024-01-10 14:00:00,14.34999999999999,15.904444204257699
synthetic_energy,energy,linear_trend,energy_1,2024-01-10 15:00:00,13.852233047033636,15.927535008361836
synthetic_energy,energy,linear_trend,energy_1,2024-01-10 16:00:00,13.474936490538905,15.950625812465976
synthetic_energy,energy,linear_trend,energy_1,2024-01-10 17:00:00,13.245185434277328,15.973716616570115
synthetic_energy,energy,linear_trend,energy_1,2024-01-10 18:00:00,13.18,15.996807420674255
synthetic_energy,energy,linear_trend,energy_1,2024-01-10 19:00:00,13.285185434277327,16.019898224778395
synthetic_energy,energy,linear_trend,energy_1,2024-01-10 20:00:00,13.5549364905389,16.042989028882534
synthetic_energy,energy,linear_trend,energy_1,2024-01-10 21:00:00,13.972233047033619,16.066079832986674
synthetic_energy,energy,linear_trend,energy_1,2024-01-10 22:00:00,14.50999999999999,16.08917063709081
synthetic_energy,energy,linear_trend,energy_1,2024-01-10 23:00:00,15.132952387243687,16.11226144119495
synthetic_energy,energy,linear_trend,energy_2,2024-01-10 12:00:00,16.560000000000016,16.858262596049418
synthetic_energy,energy,linear_trend,energy_2,2024-01-10 13:00:00,15.93295238724371,16.881353400153557
synthetic_energy,energy,linear_trend,energy_2,2024-01-10 14:00:00,15.34999999999999,16.904444204257693
synthetic_energy,energy,linear_trend,energy_2,2024-01-10 15:00:00,14.852233047033636,16.927535008361833
synthetic_energy,energy,linear_trend,energy_2,2024-01-10 16:00:00,14.474936490538905,16.950625812465972
synthetic_energy,energy,linear_trend,energy_2,2024-01-10 17:00:00,14.245185434277328,16.973716616570112
synthetic_energy,energy,linear_trend,energy_2,2024-01-10 18:00:00,14.18,16.99680742067425
synthetic_energy,energy,linear_trend,energy_2,2024-01-10 19:00:00,14.285185434277327,17.01989822477839
synthetic_energy,energy,linear_trend,energy_2,2024-01-10 20:00:00,14.5549364905389,17.04298902888253
synthetic_energy,energy,linear_trend,energy_2,2024-01-10 21:00:00,14.972233047033619,17.066079832986667
synthetic_energy,energy,linear_trend,energy_2,2024-01-10 22:00:00,15.50999999999999,17.089170637090806
synthetic_energy,energy,linear_trend,energy_2,2024-01-10 23:00:00,16.132952387243687,17.112261441194946
synthetic_energy,energy,ridge_ar,energy_0,2024-01-10 12:00:00,14.560000000000015,14.570370838584182
synthetic_energy,energy,ridge_ar,energy_0,2024-01-10 13:00:00,13.93295238724371,13.946196429216798
synthetic_energy,energy,ridge_ar,energy_0,2024-01-10 14:00:00,13.34999999999999,13.364786181980554
synthetic_energy,energy,ridge_ar,energy_0,2024-01-10 15:00:00,12.852233047033636,12.867462649079874
synthetic_energy,energy,ridge_ar,energy_0,2024-01-10 16:00:00,12.474936490538903,12.489415360866243
synthetic_energy,energy,ridge_ar,energy_0,2024-01-10 17:00:00,12.245185434277328,12.259397426515669
synthetic_energy,energy,ridge_ar,energy_0,2024-01-10 18:00:00,12.18,12.195939442093497
synthetic_energy,energy,ridge_ar,energy_0,2024-01-10 19:00:00,12.285185434277327,12.30674953253303
synthetic_energy,energy,ridge_ar,energy_0,2024-01-10 20:00:00,12.554936490538902,12.588158830168735
synthetic_energy,energy,ridge_ar,energy_0,2024-01-10 21:00:00,12.972233047033619,13.024788892581777
synthetic_energy,energy,ridge_ar,energy_0,2024-01-10 22:00:00,13.50999999999999,13.589516954972694
synthetic_energy,energy,ridge_ar,energy_0,2024-01-10 23:00:00,14.132952387243687,14.243671030602309
synthetic_energy,energy,ridge_ar,energy_1,2024-01-10 12:00:00,15.560000000000015,15.57037083858418
synthetic_energy,energy,ridge_ar,energy_1,2024-01-10 13:00:00,14.93295238724371,14.946196429216796
synthetic_energy,energy,ridge_ar,energy_1,2024-01-10 14:00:00,14.34999999999999,14.364786181980552
synthetic_energy,energy,ridge_ar,energy_1,2024-01-10 15:00:00,13.852233047033636,13.86746264907987
synthetic_energy,energy,ridge_ar,energy_1,2024-01-10 16:00:00,13.474936490538905,13.489415360866237
synthetic_energy,energy,ridge_ar,energy_1,2024-01-10 17:00:00,13.245185434277328,13.25939742651566
synthetic_energy,energy,ridge_ar,energy_1,2024-01-10 18:00:00,13.18,13.195939442093486
synthetic_energy,energy,ridge_ar,energy_1,2024-01-10 19:00:00,13.285185434277327,13.306749532533011
synthetic_energy,energy,ridge_ar,energy_1,2024-01-10 20:00:00,13.5549364905389,13.588158830168712
synthetic_energy,energy,ridge_ar,energy_1,2024-01-10 21:00:00,13.972233047033619,14.02478889258174
synthetic_energy,energy,ridge_ar,energy_1,2024-01-10 22:00:00,14.50999999999999,14.589516954972643
synthetic_energy,energy,ridge_ar,energy_1,2024-01-10 23:00:00,15.132952387243687,15.243671030602242
synthetic_energy,energy,ridge_ar,energy_2,2024-01-10 12:00:00,16.560000000000016,16.570370838584182
synthetic_energy,energy,ridge_ar,energy_2,2024-01-10 13:00:00,15.93295238724371,15.946196429216796
synthetic_energy,energy,ridge_ar,energy_2,2024-01-10 14:00:00,15.34999999999999,15.364786181980552
synthetic_energy,energy,ridge_ar,energy_2,2024-01-10 15:00:00,14.852233047033636,14.86746264907987
synthetic_energy,energy,ridge_ar,energy_2,2024-01-10 16:00:00,14.474936490538905,14.489415360866237
synthetic_energy,energy,ridge_ar,energy_2,2024-01-10 17:00:00,14.245185434277328,14.25939742651566
synthetic_energy,energy,ridge_ar,energy_2,2024-01-10 18:00:00,14.18,14.195939442093485
synthetic_energy,energy,ridge_ar,energy_2,2024-01-10 19:00:00,14.285185434277327,14.30674953253301
synthetic_energy,energy,ridge_ar,energy_2,2024-01-10 20:00:00,14.5549364905389,14.588158830168709
synthetic_energy,energy,ridge_ar,energy_2,2024-01-10 21:00:00,14.972233047033619,15.024788892581736
synthetic_energy,energy,ridge_ar,energy_2,2024-01-10 22:00:00,15.50999999999999,15.58951695497264
synthetic_energy,energy,ridge_ar,energy_2,2024-01-10 23:00:00,16.132952387243687,16.243671030602236
synthetic_energy,energy,hist_gradient_boosting_ar,energy_0,2024-01-10 12:00:00,14.560000000000015,14.66334909203843
synthetic_energy,energy,hist_gradient_boosting_ar,energy_0,2024-01-10 13:00:00,13.93295238724371,13.98746683414914
synthetic_energy,energy,hist_gradient_boosting_ar,energy_0,2024-01-10 14:00:00,13.34999999999999,13.402711711587854
synthetic_energy,energy,hist_gradient_boosting_ar,energy_0,2024-01-10 15:00:00,12.852233047033636,12.87100687721426
synthetic_energy,energy,hist_gradient_boosting_ar,energy_0,2024-01-10 16:00:00,12.474936490538903,12.496520668412522
synthetic_energy,energy,hist_gradient_boosting_ar,energy_0,2024-01-10 17:00:00,12.245185434277328,12.283822955267924
synthetic_energy,energy,hist_gradient_boosting_ar,energy_0,2024-01-10 18:00:00,12.18,12.165330973862764
synthetic_energy,energy,hist_gradient_boosting_ar,energy_0,2024-01-10 19:00:00,12.285185434277327,12.2818619646303
synthetic_energy,energy,hist_gradient_boosting_ar,energy_0,2024-01-10 20:00:00,12.554936490538902,12.57774026582227
synthetic_energy,energy,hist_gradient_boosting_ar,energy_0,2024-01-10 21:00:00,12.972233047033619,12.963359908115061
synthetic_energy,energy,hist_gradient_boosting_ar,energy_0,2024-01-10 22:00:00,13.50999999999999,13.59374389472228
synthetic_energy,energy,hist_gradient_boosting_ar,energy_0,2024-01-10 23:00:00,14.132952387243687,14.20163518128689
synthetic_energy,energy,hist_gradient_boosting_ar,energy_1,2024-01-10 12:00:00,15.560000000000015,15.66334909203843
synthetic_energy,energy,hist_gradient_boosting_ar,energy_1,2024-01-10 13:00:00,14.93295238724371,14.987466834149139
synthetic_energy,energy,hist_gradient_boosting_ar,energy_1,2024-01-10 14:00:00,14.34999999999999,14.402711711587854
synthetic_energy,energy,hist_gradient_boosting_ar,energy_1,2024-01-10 15:00:00,13.852233047033636,13.87100687721426
synthetic_energy,energy,hist_gradient_boosting_ar,energy_1,2024-01-10 16:00:00,13.474936490538905,13.496520668412522
synthetic_energy,energy,hist_gradient_boosting_ar,energy_1,2024-01-10 17:00:00,13.245185434277328,13.283822955267924
synthetic_energy,energy,hist_gradient_boosting_ar,energy_1,2024-01-10 18:00:00,13.18,13.165330973862764
synthetic_energy,energy,hist_gradient_boosting_ar,energy_1,2024-01-10 19:00:00,13.285185434277327,13.2818619646303
synthetic_energy,energy,hist_gradient_boosting_ar,energy_1,2024-01-10 20:00:00,13.5549364905389,13.57774026582227
synthetic_energy,energy,hist_gradient_boosting_ar,energy_1,2024-01-10 21:00:00,13.972233047033619,13.963359908115061
synthetic_energy,energy,hist_gradient_boosting_ar,energy_1,2024-01-10 22:00:00,14.50999999999999,14.59374389472228
synthetic_energy,energy,hist_gradient_boosting_ar,energy_1,2024-01-10 23:00:00,15.132952387243687,15.20163518128689
synthetic_energy,energy,hist_gradient_boosting_ar,energy_2,2024-01-10 12:00:00,16.560000000000016,16.66334909203843
synthetic_energy,energy,hist_gradient_boosting_ar,energy_2,2024-01-10 13:00:00,15.93295238724371,15.987466834149139
synthetic_energy,energy,hist_gradient_boosting_ar,energy_2,2024-01-10 14:00:00,15.34999999999999,15.402711711587854
synthetic_energy,energy,hist_gradient_boosting_ar,energy_2,2024-01-10 15:00:00,14.852233047033636,14.87100687721426
synthetic_energy,energy,hist_gradient_boosting_ar,energy_2,2024-01-10 16:00:00,14.474936490538905,14.496520668412522
synthetic_energy,energy,hist_gradient_boosting_ar,energy_2,2024-01-10 17:00:00,14.245185434277328,14.283822955267924
synthetic_energy,energy,hist_gradient_boosting_ar,energy_2,2024-01-10 18:00:00,14.18,14.165330973862764
synthetic_energy,energy,hist_gradient_boosting_ar,energy_2,2024-01-10 19:00:00,14.285185434277327,14.2818619646303
synthetic_energy,energy,hist_gradient_boosting_ar,energy_2,2024-01-10 20:00:00,14.5549364905389,14.57774026582227
synthetic_energy,energy,hist_gradient_boosting_ar,energy_2,2024-01-10 21:00:00,14.972233047033619,14.963359908115061
synthetic_energy,energy,hist_gradient_boosting_ar,energy_2,2024-01-10 22:00:00,15.50999999999999,15.59374389472228
synthetic_energy,energy,hist_gradient_boosting_ar,energy_2,2024-01-10 23:00:00,16.132952387243687,16.20163518128689
synthetic_energy,energy,lightgbm_ar,energy_0,2024-01-10 12:00:00,14.560000000000015,14.577509709246375
synthetic_energy,energy,lightgbm_ar,energy_0,2024-01-10 13:00:00,13.93295238724371,13.97452096112878
synthetic_energy,energy,lightgbm_ar,energy_0,2024-01-10 14:00:00,13.34999999999999,13.379325930184896
synthetic_energy,energy,lightgbm_ar,energy_0,2024-01-10 15:00:00,12.852233047033636,12.929870529762956
synthetic_energy,energy,lightgbm_ar,energy_0,2024-01-10 16:00:00,12.474936490538903,12.476144002171827
synthetic_energy,energy,lightgbm_ar,energy_0,2024-01-10 17:00:00,12.245185434277328,12.221428078569982
synthetic_energy,energy,lightgbm_ar,energy_0,2024-01-10 18:00:00,12.18,12.136841778871634
synthetic_energy,energy,lightgbm_ar,energy_0,2024-01-10 19:00:00,12.285185434277327,12.291994763611752
synthetic_energy,energy,lightgbm_ar,energy_0,2024-01-10 20:00:00,12.554936490538902,12.505484085124696
synthetic_energy,energy,lightgbm_ar,energy_0,2024-01-10 21:00:00,12.972233047033619,12.91764406812847
synthetic_energy,energy,lightgbm_ar,energy_0,2024-01-10 22:00:00,13.50999999999999,13.54802957957251
synthetic_energy,energy,lightgbm_ar,energy_0,2024-01-10 23:00:00,14.132952387243687,14.182921569150107
synthetic_energy,energy,lightgbm_ar,energy_1,2024-01-10 12:00:00,15.560000000000015,15.577509709246375
synthetic_energy,energy,lightgbm_ar,energy_1,2024-01-10 13:00:00,14.93295238724371,14.97452096112878
synthetic_energy,energy,lightgbm_ar,energy_1,2024-01-10 14:00:00,14.34999999999999,14.379325930184896
synthetic_energy,energy,lightgbm_ar,energy_1,2024-01-10 15:00:00,13.852233047033636,13.929870529762956
synthetic_energy,energy,lightgbm_ar,energy_1,2024-01-10 16:00:00,13.474936490538905,13.476144002171827
synthetic_energy,energy,lightgbm_ar,energy_1,2024-01-10 17:00:00,13.245185434277328,13.221428078569982
synthetic_energy,energy,lightgbm_ar,energy_1,2024-01-10 18:00:00,13.18,13.136841778871634
synthetic_energy,energy,lightgbm_ar,energy_1,2024-01-10 19:00:00,13.285185434277327,13.291994763611752
synthetic_energy,energy,lightgbm_ar,energy_1,2024-01-10 20:00:00,13.5549364905389,13.505484085124696
synthetic_energy,energy,lightgbm_ar,energy_1,2024-01-10 21:00:00,13.972233047033619,13.91764406812847
synthetic_energy,energy,lightgbm_ar,energy_1,2024-01-10 22:00:00,14.50999999999999,14.54802957957251
synthetic_energy,energy,lightgbm_ar,energy_1,2024-01-10 23:00:00,15.132952387243687,15.182921569150107
synthetic_energy,energy,lightgbm_ar,energy_2,2024-01-10 12:00:00,16.560000000000016,16.577509709246375
synthetic_energy,energy,lightgbm_ar,energy_2,2024-01-10 13:00:00,15.93295238724371,15.97452096112878
synthetic_energy,energy,lightgbm_ar,energy_2,2024-01-10 14:00:00,15.34999999999999,15.379325930184896
synthetic_energy,energy,lightgbm_ar,energy_2,2024-01-10 15:00:00,14.852233047033636,14.929870529762956
synthetic_energy,energy,lightgbm_ar,energy_2,2024-01-10 16:00:00,14.474936490538905,14.476144002171827
synthetic_energy,energy,lightgbm_ar,energy_2,2024-01-10 17:00:00,14.245185434277328,14.221428078569982
synthetic_energy,energy,lightgbm_ar,energy_2,2024-01-10 18:00:00,14.18,14.136841778871634
synthetic_energy,energy,lightgbm_ar,energy_2,2024-01-10 19:00:00,14.285185434277327,14.291994763611752
synthetic_energy,energy,lightgbm_ar,energy_2,2024-01-10 20:00:00,14.5549364905389,14.505484085124696
synthetic_energy,energy,lightgbm_ar,energy_2,2024-01-10 21:00:00,14.972233047033619,14.91764406812847
synthetic_energy,energy,lightgbm_ar,energy_2,2024-01-10 22:00:00,15.50999999999999,15.54802957957251
synthetic_energy,energy,lightgbm_ar,energy_2,2024-01-10 23:00:00,16.132952387243687,16.182921569150107
synthetic_energy,energy,xgboost_ar,energy_0,2024-01-10 12:00:00,14.560000000000015,14.638143568781715
synthetic_energy,energy,xgboost_ar,energy_0,2024-01-10 13:00:00,13.93295238724371,13.838805492949598
synthetic_energy,energy,xgboost_ar,energy_0,2024-01-10 14:00:00,13.34999999999999,13.290929647700546
synthetic_energy,energy,xgboost_ar,energy_0,2024-01-10 15:00:00,12.852233047033636,12.796533963814447
synthetic_energy,energy,xgboost_ar,energy_0,2024-01-10 16:00:00,12.474936490538903,12.397853251389916
synthetic_energy,energy,xgboost_ar,energy_0,2024-01-10 17:00:00,12.245185434277328,12.217047945285952
synthetic_energy,energy,xgboost_ar,energy_0,2024-01-10 18:00:00,12.18,12.12480075299039
synthetic_energy,energy,xgboost_ar,energy_0,2024-01-10 19:00:00,12.285185434277327,12.206250055672726
synthetic_energy,energy,xgboost_ar,energy_0,2024-01-10 20:00:00,12.554936490538902,12.481180145565743
synthetic_energy,energy,xgboost_ar,energy_0,2024-01-10 21:00:00,12.972233047033619,12.850548278065654
synthetic_energy,energy,xgboost_ar,energy_0,2024-01-10 22:00:00,13.50999999999999,13.280500698356095
synthetic_energy,energy,xgboost_ar,energy_0,2024-01-10 23:00:00,14.132952387243687,14.085288197026324
synthetic_energy,energy,xgboost_ar,energy_1,2024-01-10 12:00:00,15.560000000000015,15.638143568781715
synthetic_energy,energy,xgboost_ar,energy_1,2024-01-10 13:00:00,14.93295238724371,14.838805492949598
synthetic_energy,energy,xgboost_ar,energy_1,2024-01-10 14:00:00,14.34999999999999,14.290929647700546
synthetic_energy,energy,xgboost_ar,energy_1,2024-01-10 15:00:00,13.852233047033636,13.796533963814447
synthetic_energy,energy,xgboost_ar,energy_1,2024-01-10 16:00:00,13.474936490538905,13.397853251389916
synthetic_energy,energy,xgboost_ar,energy_1,2024-01-10 17:00:00,13.245185434277328,13.217047945285952
synthetic_energy,energy,xgboost_ar,energy_1,2024-01-10 18:00:00,13.18,13.12480075299039
synthetic_energy,energy,xgboost_ar,energy_1,2024-01-10 19:00:00,13.285185434277327,13.206250055672726
synthetic_energy,energy,xgboost_ar,energy_1,2024-01-10 20:00:00,13.5549364905389,13.481180145565743
synthetic_energy,energy,xgboost_ar,energy_1,2024-01-10 21:00:00,13.972233047033619,13.850548278065654
synthetic_energy,energy,xgboost_ar,energy_1,2024-01-10 22:00:00,14.50999999999999,14.280500698356095
synthetic_energy,energy,xgboost_ar,energy_1,2024-01-10 23:00:00,15.132952387243687,15.085288197026324
synthetic_energy,energy,xgboost_ar,energy_2,2024-01-10 12:00:00,16.560000000000016,16.638143568781715
synthetic_energy,energy,xgboost_ar,energy_2,2024-01-10 13:00:00,15.93295238724371,15.838805492949598
synthetic_energy,energy,xgboost_ar,energy_2,2024-01-10 14:00:00,15.34999999999999,15.290929647700546
synthetic_energy,energy,xgboost_ar,energy_2,2024-01-10 15:00:00,14.852233047033636,14.796533963814447
synthetic_energy,energy,xgboost_ar,energy_2,2024-01-10 16:00:00,14.474936490538905,14.397853251389916
synthetic_energy,energy,xgboost_ar,energy_2,2024-01-10 17:00:00,14.245185434277328,14.217047945285952
synthetic_energy,energy,xgboost_ar,energy_2,2024-01-10 18:00:00,14.18,14.12480075299039
synthetic_energy,energy,xgboost_ar,energy_2,2024-01-10 19:00:00,14.285185434277327,14.206250055672726
synthetic_energy,energy,xgboost_ar,energy_2,2024-01-10 20:00:00,14.5549364905389,14.481180145565743
synthetic_energy,energy,xgboost_ar,energy_2,2024-01-10 21:00:00,14.972233047033619,14.850548278065654
synthetic_energy,energy,xgboost_ar,energy_2,2024-01-10 22:00:00,15.50999999999999,15.280500698356095
synthetic_energy,energy,xgboost_ar,energy_2,2024-01-10 23:00:00,16.132952387243687,16.085288197026323
synthetic_energy,energy,tabpfn_ts,energy_0,2024-01-10 12:00:00,14.560000000000015,14.5689058303833
synthetic_energy,energy,tabpfn_ts,energy_0,2024-01-10 13:00:00,13.93295238724371,13.956331253051758
synthetic_energy,energy,tabpfn_ts,energy_0,2024-01-10 14:00:00,13.34999999999999,13.364971160888672
synthetic_energy,energy,tabpfn_ts,energy_0,2024-01-10 15:00:00,12.852233047033636,12.840475082397461
synthetic_energy,energy,tabpfn_ts,energy_0,2024-01-10 16:00:00,12.474936490538903,12.458438873291016
synthetic_energy,energy,tabpfn_ts,energy_0,2024-01-10 17:00:00,12.245185434277328,12.242409706115723
synthetic_energy,energy,tabpfn_ts,energy_0,2024-01-10 18:00:00,12.18,12.210702896118164
synthetic_energy,energy,tabpfn_ts,energy_0,2024-01-10 19:00:00,12.285185434277327,12.263856887817383
synthetic_energy,energy,tabpfn_ts,energy_0,2024-01-10 20:00:00,12.554936490538902,12.483556747436523
synthetic_energy,energy,tabpfn_ts,energy_0,2024-01-10 21:00:00,12.972233047033619,12.906261444091797
synthetic_energy,energy,tabpfn_ts,energy_0,2024-01-10 22:00:00,13.50999999999999,13.43870735168457
synthetic_energy,energy,tabpfn_ts,energy_0,2024-01-10 23:00:00,14.132952387243687,14.03717041015625
synthetic_energy,energy,tabpfn_ts,energy_1,2024-01-10 12:00:00,15.560000000000015,15.5689058303833
synthetic_energy,energy,tabpfn_ts,energy_1,2024-01-10 13:00:00,14.93295238724371,14.956331253051758
synthetic_energy,energy,tabpfn_ts,energy_1,2024-01-10 14:00:00,14.34999999999999,14.364971160888672
synthetic_energy,energy,tabpfn_ts,energy_1,2024-01-10 15:00:00,13.852233047033636,13.840475082397461
synthetic_energy,energy,tabpfn_ts,energy_1,2024-01-10 16:00:00,13.474936490538905,13.458438873291016
synthetic_energy,energy,tabpfn_ts,energy_1,2024-01-10 17:00:00,13.245185434277328,13.242409706115723
synthetic_energy,energy,tabpfn_ts,energy_1,2024-01-10 18:00:00,13.18,13.210702896118164
synthetic_energy,energy,tabpfn_ts,energy_1,2024-01-10 19:00:00,13.285185434277327,13.263856887817383
synthetic_energy,energy,tabpfn_ts,energy_1,2024-01-10 20:00:00,13.5549364905389,13.483556747436523
synthetic_energy,energy,tabpfn_ts,energy_1,2024-01-10 21:00:00,13.972233047033619,13.906261444091797
synthetic_energy,energy,tabpfn_ts,energy_1,2024-01-10 22:00:00,14.50999999999999,14.43870735168457
synthetic_energy,energy,tabpfn_ts,energy_1,2024-01-10 23:00:00,15.132952387243687,15.03717041015625
synthetic_energy,energy,tabpfn_ts,energy_2,2024-01-10 12:00:00,16.560000000000016,16.568904876708984
synthetic_energy,energy,tabpfn_ts,energy_2,2024-01-10 13:00:00,15.93295238724371,15.956331253051758
synthetic_energy,energy,tabpfn_ts,energy_2,2024-01-10 14:00:00,15.34999999999999,15.364971160888672
synthetic_energy,energy,tabpfn_ts,energy_2,2024-01-10 15:00:00,14.852233047033636,14.840475082397461
synthetic_energy,energy,tabpfn_ts,energy_2,2024-01-10 16:00:00,14.474936490538905,14.458438873291016
synthetic_energy,energy,tabpfn_ts,energy_2,2024-01-10 17:00:00,14.245185434277328,14.242409706115723
synthetic_energy,energy,tabpfn_ts,energy_2,2024-01-10 18:00:00,14.18,14.210702896118164
synthetic_energy,energy,tabpfn_ts,energy_2,2024-01-10 19:00:00,14.285185434277327,14.263856887817383
synthetic_energy,energy,tabpfn_ts,energy_2,2024-01-10 20:00:00,14.5549364905389,14.483556747436523
synthetic_energy,energy,tabpfn_ts,energy_2,2024-01-10 21:00:00,14.972233047033619,14.906261444091797
synthetic_energy,energy,tabpfn_ts,energy_2,2024-01-10 22:00:00,15.50999999999999,15.43870735168457
synthetic_energy,energy,tabpfn_ts,energy_2,2024-01-10 23:00:00,16.132952387243687,16.03717041015625
synthetic_traffic,traffic,dummy_mean,traffic_0,2024-01-10 12:00:00,32.345494447404135,30.35491519113135
synthetic_traffic,traffic,dummy_mean,traffic_0,2024-01-10 13:00:00,30.20336280861623,30.35491519113135
synthetic_traffic,traffic,dummy_mean,traffic_0,2024-01-10 14:00:00,28.19915561548945,30.35491519113135
synthetic_traffic,traffic,dummy_mean,traffic_0,2024-01-10 15:00:00,26.46446609406727,30.35491519113135
synthetic_traffic,traffic,dummy_mean,traffic_0,2024-01-10 16:00:00,25.11231498303725,30.35491519113135
synthetic_traffic,traffic,dummy_mean,traffic_0,2024-01-10 17:00:00,24.229455623521815,30.35491519113135
synthetic_traffic,traffic,dummy_mean,traffic_0,2024-01-10 18:00:00,23.870469405576202,30.35491519113135
synthetic_traffic,traffic,dummy_mean,traffic_0,2024-01-10 19:00:00,24.054053946407954,30.35491519113135
synthetic_traffic,traffic,dummy_mean,traffic_0,2024-01-10 20:00:00,24.761756943915355,30.35491519113135
synthetic_traffic,traffic,dummy_mean,traffic_0,2024-01-10 21:00:00,25.939241980053595,30.35491519113135
synthetic_traffic,traffic,dummy_mean,traffic_0,2024-01-10 22:00:00,27.499999999999968,30.35491519113135
synthetic_traffic,traffic,dummy_mean,traffic_0,2024-01-10 23:00:00,29.33125352399899,30.35491519113135
synthetic_traffic,traffic,dummy_mean,traffic_1,2024-01-10 12:00:00,33.345494447404135,31.35491519113135
synthetic_traffic,traffic,dummy_mean,traffic_1,2024-01-10 13:00:00,31.20336280861623,31.35491519113135
synthetic_traffic,traffic,dummy_mean,traffic_1,2024-01-10 14:00:00,29.19915561548945,31.35491519113135
synthetic_traffic,traffic,dummy_mean,traffic_1,2024-01-10 15:00:00,27.46446609406727,31.35491519113135
synthetic_traffic,traffic,dummy_mean,traffic_1,2024-01-10 16:00:00,26.11231498303725,31.35491519113135
synthetic_traffic,traffic,dummy_mean,traffic_1,2024-01-10 17:00:00,25.229455623521815,31.35491519113135
synthetic_traffic,traffic,dummy_mean,traffic_1,2024-01-10 18:00:00,24.870469405576202,31.35491519113135
synthetic_traffic,traffic,dummy_mean,traffic_1,2024-01-10 19:00:00,25.054053946407954,31.35491519113135
synthetic_traffic,traffic,dummy_mean,traffic_1,2024-01-10 20:00:00,25.761756943915355,31.35491519113135
synthetic_traffic,traffic,dummy_mean,traffic_1,2024-01-10 21:00:00,26.939241980053595,31.35491519113135
synthetic_traffic,traffic,dummy_mean,traffic_1,2024-01-10 22:00:00,28.499999999999968,31.35491519113135
synthetic_traffic,traffic,dummy_mean,traffic_1,2024-01-10 23:00:00,30.33125352399899,31.35491519113135
synthetic_traffic,traffic,dummy_mean,traffic_2,2024-01-10 12:00:00,34.345494447404135,32.35491519113135
synthetic_traffic,traffic,dummy_mean,traffic_2,2024-01-10 13:00:00,32.203362808616234,32.35491519113135
synthetic_traffic,traffic,dummy_mean,traffic_2,2024-01-10 14:00:00,30.19915561548945,32.35491519113135
synthetic_traffic,traffic,dummy_mean,traffic_2,2024-01-10 15:00:00,28.46446609406727,32.35491519113135
synthetic_traffic,traffic,dummy_mean,traffic_2,2024-01-10 16:00:00,27.11231498303725,32.35491519113135
synthetic_traffic,traffic,dummy_mean,traffic_2,2024-01-10 17:00:00,26.229455623521815,32.35491519113135
synthetic_traffic,traffic,dummy_mean,traffic_2,2024-01-10 18:00:00,25.870469405576202,32.35491519113135
synthetic_traffic,traffic,dummy_mean,traffic_2,2024-01-10 19:00:00,26.054053946407954,32.35491519113135
synthetic_traffic,traffic,dummy_mean,traffic_2,2024-01-10 20:00:00,26.761756943915355,32.35491519113135
synthetic_traffic,traffic,dummy_mean,traffic_2,2024-01-10 21:00:00,27.939241980053595,32.35491519113135
synthetic_traffic,traffic,dummy_mean,traffic_2,2024-01-10 22:00:00,29.499999999999968,32.35491519113135
synthetic_traffic,traffic,dummy_mean,traffic_2,2024-01-10 23:00:00,31.33125352399899,32.35491519113135
synthetic_traffic,traffic,seasonal_naive,traffic_0,2024-01-10 12:00:00,32.345494447404135,32.92478373654545
synthetic_traffic,traffic,seasonal_naive,traffic_0,2024-01-10 13:00:00,30.20336280861623,34.96832983968731
synthetic_traffic,traffic,seasonal_naive,traffic_0,2024-01-10 14:00:00,28.19915561548945,36.86671841735838
synthetic_traffic,traffic,seasonal_naive,traffic_0,2024-01-10 15:00:00,26.46446609406727,38.48850424041749
synthetic_traffic,traffic,seasonal_naive,traffic_0,2024-01-10 16:00:00,25.11231498303725,39.720824476208136
synthetic_traffic,traffic,seasonal_naive,traffic_0,2024-01-10 17:00:00,24.229455623521815,40.47709337792247
synthetic_traffic,traffic,seasonal_naive,traffic_0,2024-01-10 18:00:00,23.870469405576202,40.702906603707255
synthetic_traffic,traffic,seasonal_naive,traffic_0,2024-01-10 19:00:00,24.054053946407954,40.37975279082637
synthetic_traffic,traffic,seasonal_naive,traffic_0,2024-01-10 20:00:00,24.761756943915355,39.526279441628844
synthetic_traffic,traffic,seasonal_naive,traffic_0,2024-01-10 21:00:00,25.939241980053595,38.197026847177256
synthetic_traffic,traffic,seasonal_naive,traffic_0,2024-01-10 22:00:00,27.499999999999968,36.478716322947996
synthetic_traffic,traffic,seasonal_naive,traffic_0,2024-01-10 23:00:00,29.33125352399899,34.48434570012023
synthetic_traffic,traffic,seasonal_naive,traffic_1,2024-01-10 12:00:00,33.345494447404135,33.92478373654545
synthetic_traffic,traffic,seasonal_naive,traffic_1,2024-01-10 13:00:00,31.20336280861623,35.96832983968731
synthetic_traffic,traffic,seasonal_naive,traffic_1,2024-01-10 14:00:00,29.19915561548945,37.86671841735838
synthetic_traffic,traffic,seasonal_naive,traffic_1,2024-01-10 15:00:00,27.46446609406727,39.48850424041749
synthetic_traffic,traffic,seasonal_naive,traffic_1,2024-01-10 16:00:00,26.11231498303725,40.720824476208136
synthetic_traffic,traffic,seasonal_naive,traffic_1,2024-01-10 17:00:00,25.229455623521815,41.47709337792247
synthetic_traffic,traffic,seasonal_naive,traffic_1,2024-01-10 18:00:00,24.870469405576202,41.702906603707255
synthetic_traffic,traffic,seasonal_naive,traffic_1,2024-01-10 19:00:00,25.054053946407954,41.37975279082637
synthetic_traffic,traffic,seasonal_naive,traffic_1,2024-01-10 20:00:00,25.761756943915355,40.526279441628844
synthetic_traffic,traffic,seasonal_naive,traffic_1,2024-01-10 21:00:00,26.939241980053595,39.197026847177256
synthetic_traffic,traffic,seasonal_naive,traffic_1,2024-01-10 22:00:00,28.499999999999968,37.478716322947996
synthetic_traffic,traffic,seasonal_naive,traffic_1,2024-01-10 23:00:00,30.33125352399899,35.48434570012023
synthetic_traffic,traffic,seasonal_naive,traffic_2,2024-01-10 12:00:00,34.345494447404135,34.92478373654545
synthetic_traffic,traffic,seasonal_naive,traffic_2,2024-01-10 13:00:00,32.203362808616234,36.96832983968731
synthetic_traffic,traffic,seasonal_naive,traffic_2,2024-01-10 14:00:00,30.19915561548945,38.86671841735838
synthetic_traffic,traffic,seasonal_naive,traffic_2,2024-01-10 15:00:00,28.46446609406727,40.48850424041749
synthetic_traffic,traffic,seasonal_naive,traffic_2,2024-01-10 16:00:00,27.11231498303725,41.720824476208136
synthetic_traffic,traffic,seasonal_naive,traffic_2,2024-01-10 17:00:00,26.229455623521815,42.47709337792247
synthetic_traffic,traffic,seasonal_naive,traffic_2,2024-01-10 18:00:00,25.870469405576202,42.702906603707255
synthetic_traffic,traffic,seasonal_naive,traffic_2,2024-01-10 19:00:00,26.054053946407954,42.37975279082637
synthetic_traffic,traffic,seasonal_naive,traffic_2,2024-01-10 20:00:00,26.761756943915355,41.526279441628844
synthetic_traffic,traffic,seasonal_naive,traffic_2,2024-01-10 21:00:00,27.939241980053595,40.197026847177256
synthetic_traffic,traffic,seasonal_naive,traffic_2,2024-01-10 22:00:00,29.499999999999968,38.478716322947996
synthetic_traffic,traffic,seasonal_naive,traffic_2,2024-01-10 23:00:00,31.33125352399899,36.48434570012023
synthetic_traffic,traffic,moving_average,traffic_0,2024-01-10 12:00:00,32.345494447404135,32.839321529050785
synthetic_traffic,traffic,moving_average,traffic_0,2024-01-10 13:00:00,30.20336280861623,32.839321529050785
synthetic_traffic,traffic,moving_average,traffic_0,2024-01-10 14:00:00,28.19915561548945,32.839321529050785
synthetic_traffic,traffic,moving_average,traffic_0,2024-01-10 15:00:00,26.46446609406727,32.839321529050785
synthetic_traffic,traffic,moving_average,traffic_0,2024-01-10 16:00:00,25.11231498303725,32.839321529050785
synthetic_traffic,traffic,moving_average,traffic_0,2024-01-10 17:00:00,24.229455623521815,32.839321529050785
synthetic_traffic,traffic,moving_average,traffic_0,2024-01-10 18:00:00,23.870469405576202,32.839321529050785
synthetic_traffic,traffic,moving_average,traffic_0,2024-01-10 19:00:00,24.054053946407954,32.839321529050785
synthetic_traffic,traffic,moving_average,traffic_0,2024-01-10 20:00:00,24.761756943915355,32.839321529050785
synthetic_traffic,traffic,moving_average,traffic_0,2024-01-10 21:00:00,25.939241980053595,32.839321529050785
synthetic_traffic,traffic,moving_average,traffic_0,2024-01-10 22:00:00,27.499999999999968,32.839321529050785
synthetic_traffic,traffic,moving_average,traffic_0,2024-01-10 23:00:00,29.33125352399899,32.839321529050785
synthetic_traffic,traffic,moving_average,traffic_1,2024-01-10 12:00:00,33.345494447404135,33.839321529050785
synthetic_traffic,traffic,moving_average,traffic_1,2024-01-10 13:00:00,31.20336280861623,33.839321529050785
synthetic_traffic,traffic,moving_average,traffic_1,2024-01-10 14:00:00,29.19915561548945,33.839321529050785
synthetic_traffic,traffic,moving_average,traffic_1,2024-01-10 15:00:00,27.46446609406727,33.839321529050785
synthetic_traffic,traffic,moving_average,traffic_1,2024-01-10 16:00:00,26.11231498303725,33.839321529050785
synthetic_traffic,traffic,moving_average,traffic_1,2024-01-10 17:00:00,25.229455623521815,33.839321529050785
synthetic_traffic,traffic,moving_average,traffic_1,2024-01-10 18:00:00,24.870469405576202,33.839321529050785
synthetic_traffic,traffic,moving_average,traffic_1,2024-01-10 19:00:00,25.054053946407954,33.839321529050785
synthetic_traffic,traffic,moving_average,traffic_1,2024-01-10 20:00:00,25.761756943915355,33.839321529050785
synthetic_traffic,traffic,moving_average,traffic_1,2024-01-10 21:00:00,26.939241980053595,33.839321529050785
synthetic_traffic,traffic,moving_average,traffic_1,2024-01-10 22:00:00,28.499999999999968,33.839321529050785
synthetic_traffic,traffic,moving_average,traffic_1,2024-01-10 23:00:00,30.33125352399899,33.839321529050785
synthetic_traffic,traffic,moving_average,traffic_2,2024-01-10 12:00:00,34.345494447404135,34.839321529050785
synthetic_traffic,traffic,moving_average,traffic_2,2024-01-10 13:00:00,32.203362808616234,34.839321529050785
synthetic_traffic,traffic,moving_average,traffic_2,2024-01-10 14:00:00,30.19915561548945,34.839321529050785
synthetic_traffic,traffic,moving_average,traffic_2,2024-01-10 15:00:00,28.46446609406727,34.839321529050785
synthetic_traffic,traffic,moving_average,traffic_2,2024-01-10 16:00:00,27.11231498303725,34.839321529050785
synthetic_traffic,traffic,moving_average,traffic_2,2024-01-10 17:00:00,26.229455623521815,34.839321529050785
synthetic_traffic,traffic,moving_average,traffic_2,2024-01-10 18:00:00,25.870469405576202,34.839321529050785
synthetic_traffic,traffic,moving_average,traffic_2,2024-01-10 19:00:00,26.054053946407954,34.839321529050785
synthetic_traffic,traffic,moving_average,traffic_2,2024-01-10 20:00:00,26.761756943915355,34.839321529050785
synthetic_traffic,traffic,moving_average,traffic_2,2024-01-10 21:00:00,27.939241980053595,34.839321529050785
synthetic_traffic,traffic,moving_average,traffic_2,2024-01-10 22:00:00,29.499999999999968,34.839321529050785
synthetic_traffic,traffic,moving_average,traffic_2,2024-01-10 23:00:00,31.33125352399899,34.839321529050785
synthetic_traffic,traffic,linear_trend,traffic_0,2024-01-10 12:00:00,32.345494447404135,31.710897615840448
synthetic_traffic,traffic,linear_trend,traffic_0,2024-01-10 13:00:00,30.20336280861623,31.724949247184583
synthetic_traffic,traffic,linear_trend,traffic_0,2024-01-10 14:00:00,28.19915561548945,31.73900087852872
synthetic_traffic,traffic,linear_trend,traffic_0,2024-01-10 15:00:00,26.46446609406727,31.753052509872855
synthetic_traffic,traffic,linear_trend,traffic_0,2024-01-10 16:00:00,25.11231498303725,31.76710414121699
synthetic_traffic,traffic,linear_trend,traffic_0,2024-01-10 17:00:00,24.229455623521815,31.781155772561128
synthetic_traffic,traffic,linear_trend,traffic_0,2024-01-10 18:00:00,23.870469405576202,31.795207403905263
synthetic_traffic,traffic,linear_trend,traffic_0,2024-01-10 19:00:00,24.054053946407954,31.809259035249397
synthetic_traffic,traffic,linear_trend,traffic_0,2024-01-10 20:00:00,24.761756943915355,31.823310666593535
synthetic_traffic,traffic,linear_trend,traffic_0,2024-01-10 21:00:00,25.939241980053595,31.83736229793767
synthetic_traffic,traffic,linear_trend,traffic_0,2024-01-10 22:00:00,27.499999999999968,31.851413929281804
synthetic_traffic,traffic,linear_trend,traffic_0,2024-01-10 23:00:00,29.33125352399899,31.865465560625942
synthetic_traffic,traffic,linear_trend,traffic_1,2024-01-10 12:00:00,33.345494447404135,32.71089761584044
synthetic_traffic,traffic,linear_trend,traffic_1,2024-01-10 13:00:00,31.20336280861623,32.724949247184576
synthetic_traffic,traffic,linear_trend,traffic_1,2024-01-10 14:00:00,29.19915561548945,32.73900087852871
synthetic_traffic,traffic,linear_trend,traffic_1,2024-01-10 15:00:00,27.46446609406727,32.753052509872845
synthetic_traffic,traffic,linear_trend,traffic_1,2024-01-10 16:00:00,26.11231498303725,32.767104141216976
synthetic_traffic,traffic,linear_trend,traffic_1,2024-01-10 17:00:00,25.229455623521815,32.781155772561114
synthetic_traffic,traffic,linear_trend,traffic_1,2024-01-10 18:00:00,24.870469405576202,32.79520740390525
synthetic_traffic,traffic,linear_trend,traffic_1,2024-01-10 19:00:00,25.054053946407954,32.80925903524938
synthetic_traffic,traffic,linear_trend,traffic_1,2024-01-10 20:00:00,25.761756943915355,32.82331066659352
synthetic_traffic,traffic,linear_trend,traffic_1,2024-01-10 21:00:00,26.939241980053595,32.83736229793766
synthetic_traffic,traffic,linear_trend,traffic_1,2024-01-10 22:00:00,28.499999999999968,32.85141392928179
synthetic_traffic,traffic,linear_trend,traffic_1,2024-01-10 23:00:00,30.33125352399899,32.86546556062593
synthetic_traffic,traffic,linear_trend,traffic_2,2024-01-10 12:00:00,34.345494447404135,33.71089761584044
synthetic_traffic,traffic,linear_trend,traffic_2,2024-01-10 13:00:00,32.203362808616234,33.724949247184576
synthetic_traffic,traffic,linear_trend,traffic_2,2024-01-10 14:00:00,30.19915561548945,33.739000878528714
synthetic_traffic,traffic,linear_trend,traffic_2,2024-01-10 15:00:00,28.46446609406727,33.753052509872845
synthetic_traffic,traffic,linear_trend,traffic_2,2024-01-10 16:00:00,27.11231498303725,33.76710414121698
synthetic_traffic,traffic,linear_trend,traffic_2,2024-01-10 17:00:00,26.229455623521815,33.78115577256112
synthetic_traffic,traffic,linear_trend,traffic_2,2024-01-10 18:00:00,25.870469405576202,33.79520740390525
synthetic_traffic,traffic,linear_trend,traffic_2,2024-01-10 19:00:00,26.054053946407954,33.80925903524939
synthetic_traffic,traffic,linear_trend,traffic_2,2024-01-10 20:00:00,26.761756943915355,33.82331066659353
synthetic_traffic,traffic,linear_trend,traffic_2,2024-01-10 21:00:00,27.939241980053595,33.83736229793766
synthetic_traffic,traffic,linear_trend,traffic_2,2024-01-10 22:00:00,29.499999999999968,33.8514139292818
synthetic_traffic,traffic,linear_trend,traffic_2,2024-01-10 23:00:00,31.33125352399899,33.865465560625935
synthetic_traffic,traffic,ridge_ar,traffic_0,2024-01-10 12:00:00,32.345494447404135,32.41100995252136
synthetic_traffic,traffic,ridge_ar,traffic_0,2024-01-10 13:00:00,30.20336280861623,30.34221091315046
synthetic_traffic,traffic,ridge_ar,traffic_0,2024-01-10 14:00:00,28.19915561548945,28.43289317886007
synthetic_traffic,traffic,ridge_ar,traffic_0,2024-01-10 15:00:00,26.46446609406727,26.783379081053017
synthetic_traffic,traffic,ridge_ar,traffic_0,2024-01-10 16:00:00,25.11231498303725,25.50787074846412
synthetic_traffic,traffic,ridge_ar,traffic_0,2024-01-10 17:00:00,24.229455623521815,24.680709125256243
synthetic_traffic,traffic,ridge_ar,traffic_0,2024-01-10 18:00:00,23.870469405576202,24.360183916809476
synthetic_traffic,traffic,ridge_ar,traffic_0,2024-01-10 19:00:00,24.054053946407954,24.565538096474477
synthetic_traffic,traffic,ridge_ar,traffic_0,2024-01-10 20:00:00,24.761756943915355,25.28622334209425
synthetic_traffic,traffic,ridge_ar,traffic_0,2024-01-10 21:00:00,25.939241980053595,26.474545683538043
synthetic_traffic,traffic,ridge_ar,traffic_0,2024-01-10 22:00:00,27.499999999999968,28.052788224266326
synthetic_traffic,traffic,ridge_ar,traffic_0,2024-01-10 23:00:00,29.33125352399899,29.91530782993173
synthetic_traffic,traffic,ridge_ar,traffic_1,2024-01-10 12:00:00,33.345494447404135,33.41100995252136
synthetic_traffic,traffic,ridge_ar,traffic_1,2024-01-10 13:00:00,31.20336280861623,31.34221091315046
synthetic_traffic,traffic,ridge_ar,traffic_1,2024-01-10 14:00:00,29.19915561548945,29.43289317886007
synthetic_traffic,traffic,ridge_ar,traffic_1,2024-01-10 15:00:00,27.46446609406727,27.783379081053017
synthetic_traffic,traffic,ridge_ar,traffic_1,2024-01-10 16:00:00,26.11231498303725,26.50787074846412
synthetic_traffic,traffic,ridge_ar,traffic_1,2024-01-10 17:00:00,25.229455623521815,25.680709125256243
synthetic_traffic,traffic,ridge_ar,traffic_1,2024-01-10 18:00:00,24.870469405576202,25.360183916809476
synthetic_traffic,traffic,ridge_ar,traffic_1,2024-01-10 19:00:00,25.054053946407954,25.565538096474477
synthetic_traffic,traffic,ridge_ar,traffic_1,2024-01-10 20:00:00,25.761756943915355,26.28622334209425
synthetic_traffic,traffic,ridge_ar,traffic_1,2024-01-10 21:00:00,26.939241980053595,27.474545683538043
synthetic_traffic,traffic,ridge_ar,traffic_1,2024-01-10 22:00:00,28.499999999999968,29.052788224266326
synthetic_traffic,traffic,ridge_ar,traffic_1,2024-01-10 23:00:00,30.33125352399899,30.91530782993173
synthetic_traffic,traffic,ridge_ar,traffic_2,2024-01-10 12:00:00,34.345494447404135,34.41100995252136
synthetic_traffic,traffic,ridge_ar,traffic_2,2024-01-10 13:00:00,32.203362808616234,32.34221091315046
synthetic_traffic,traffic,ridge_ar,traffic_2,2024-01-10 14:00:00,30.19915561548945,30.432893178860073
synthetic_traffic,traffic,ridge_ar,traffic_2,2024-01-10 15:00:00,28.46446609406727,28.783379081053017
synthetic_traffic,traffic,ridge_ar,traffic_2,2024-01-10 16:00:00,27.11231498303725,27.507870748464125
synthetic_traffic,traffic,ridge_ar,traffic_2,2024-01-10 17:00:00,26.229455623521815,26.680709125256243
synthetic_traffic,traffic,ridge_ar,traffic_2,2024-01-10 18:00:00,25.870469405576202,26.36018391680948
synthetic_traffic,traffic,ridge_ar,traffic_2,2024-01-10 19:00:00,26.054053946407954,26.565538096474477
synthetic_traffic,traffic,ridge_ar,traffic_2,2024-01-10 20:00:00,26.761756943915355,27.286223342094253
synthetic_traffic,traffic,ridge_ar,traffic_2,2024-01-10 21:00:00,27.939241980053595,28.474545683538047
synthetic_traffic,traffic,ridge_ar,traffic_2,2024-01-10 22:00:00,29.499999999999968,30.05278822426633
synthetic_traffic,traffic,ridge_ar,traffic_2,2024-01-10 23:00:00,31.33125352399899,31.915307829931734
synthetic_traffic,traffic,hist_gradient_boosting_ar,traffic_0,2024-01-10 12:00:00,32.345494447404135,32.46168765851852
synthetic_traffic,traffic,hist_gradient_boosting_ar,traffic_0,2024-01-10 13:00:00,30.20336280861623,30.54514766774268
synthetic_traffic,traffic,hist_gradient_boosting_ar,traffic_0,2024-01-10 14:00:00,28.19915561548945,28.256011856929277
synthetic_traffic,traffic,hist_gradient_boosting_ar,traffic_0,2024-01-10 15:00:00,26.46446609406727,27.006535632069568
synthetic_traffic,traffic,hist_gradient_boosting_ar,traffic_0,2024-01-10 16:00:00,25.11231498303725,25.29778015159042
synthetic_traffic,traffic,hist_gradient_boosting_ar,traffic_0,2024-01-10 17:00:00,24.229455623521815,24.347683416759786
synthetic_traffic,traffic,hist_gradient_boosting_ar,traffic_0,2024-01-10 18:00:00,23.870469405576202,24.418204301702836
synthetic_traffic,traffic,hist_gradient_boosting_ar,traffic_0,2024-01-10 19:00:00,24.054053946407954,24.72276711926201
synthetic_traffic,traffic,hist_gradient_boosting_ar,traffic_0,2024-01-10 20:00:00,24.761756943915355,24.90196891601215
synthetic_traffic,traffic,hist_gradient_boosting_ar,traffic_0,2024-01-10 21:00:00,25.939241980053595,25.611871207365837
synthetic_traffic,traffic,hist_gradient_boosting_ar,traffic_0,2024-01-10 22:00:00,27.499999999999968,27.142290097960117
synthetic_traffic,traffic,hist_gradient_boosting_ar,traffic_0,2024-01-10 23:00:00,29.33125352399899,29.38927977059086
synthetic_traffic,traffic,hist_gradient_boosting_ar,traffic_1,2024-01-10 12:00:00,33.345494447404135,33.46168765851852
synthetic_traffic,traffic,hist_gradient_boosting_ar,traffic_1,2024-01-10 13:00:00,31.20336280861623,31.54514766774268
synthetic_traffic,traffic,hist_gradient_boosting_ar,traffic_1,2024-01-10 14:00:00,29.19915561548945,29.256011856929277
synthetic_traffic,traffic,hist_gradient_boosting_ar,traffic_1,2024-01-10 15:00:00,27.46446609406727,28.006535632069568
synthetic_traffic,traffic,hist_gradient_boosting_ar,traffic_1,2024-01-10 16:00:00,26.11231498303725,26.29778015159042
synthetic_traffic,traffic,hist_gradient_boosting_ar,traffic_1,2024-01-10 17:00:00,25.229455623521815,25.347683416759786
synthetic_traffic,traffic,hist_gradient_boosting_ar,traffic_1,2024-01-10 18:00:00,24.870469405576202,25.418204301702836
synthetic_traffic,traffic,hist_gradient_boosting_ar,traffic_1,2024-01-10 19:00:00,25.054053946407954,25.72276711926201
synthetic_traffic,traffic,hist_gradient_boosting_ar,traffic_1,2024-01-10 20:00:00,25.761756943915355,25.90196891601215
synthetic_traffic,traffic,hist_gradient_boosting_ar,traffic_1,2024-01-10 21:00:00,26.939241980053595,26.611871207365837
synthetic_traffic,traffic,hist_gradient_boosting_ar,traffic_1,2024-01-10 22:00:00,28.499999999999968,28.142290097960117
synthetic_traffic,traffic,hist_gradient_boosting_ar,traffic_1,2024-01-10 23:00:00,30.33125352399899,30.38927977059086
synthetic_traffic,traffic,hist_gradient_boosting_ar,traffic_2,2024-01-10 12:00:00,34.345494447404135,34.461687658518514
synthetic_traffic,traffic,hist_gradient_boosting_ar,traffic_2,2024-01-10 13:00:00,32.203362808616234,32.545147667742675
synthetic_traffic,traffic,hist_gradient_boosting_ar,traffic_2,2024-01-10 14:00:00,30.19915561548945,30.25601185692927
synthetic_traffic,traffic,hist_gradient_boosting_ar,traffic_2,2024-01-10 15:00:00,28.46446609406727,29.006535632069564
synthetic_traffic,traffic,hist_gradient_boosting_ar,traffic_2,2024-01-10 16:00:00,27.11231498303725,27.297780151590416
synthetic_traffic,traffic,hist_gradient_boosting_ar,traffic_2,2024-01-10 17:00:00,26.229455623521815,26.328893069629697
synthetic_traffic,traffic,hist_gradient_boosting_ar,traffic_2,2024-01-10 18:00:00,25.870469405576202,26.418204301702833
synthetic_traffic,traffic,hist_gradient_boosting_ar,traffic_2,2024-01-10 19:00:00,26.054053946407954,26.70397677213192
synthetic_traffic,traffic,hist_gradient_boosting_ar,traffic_2,2024-01-10 20:00:00,26.761756943915355,26.901968916012144
synthetic_traffic,traffic,hist_gradient_boosting_ar,traffic_2,2024-01-10 21:00:00,27.939241980053595,27.611871207365834
synthetic_traffic,traffic,hist_gradient_boosting_ar,traffic_2,2024-01-10 22:00:00,29.499999999999968,29.142290097960114
synthetic_traffic,traffic,hist_gradient_boosting_ar,traffic_2,2024-01-10 23:00:00,31.33125352399899,31.389279770590857
synthetic_traffic,traffic,lightgbm_ar,traffic_0,2024-01-10 12:00:00,32.345494447404135,32.351214107759844
synthetic_traffic,traffic,lightgbm_ar,traffic_0,2024-01-10 13:00:00,30.20336280861623,30.1917539077154
synthetic_traffic,traffic,lightgbm_ar,traffic_0,2024-01-10 14:00:00,28.19915561548945,28.003737030719197
synthetic_traffic,traffic,lightgbm_ar,traffic_0,2024-01-10 15:00:00,26.46446609406727,26.37571111334502
synthetic_traffic,traffic,lightgbm_ar,traffic_0,2024-01-10 16:00:00,25.11231498303725,25.113423335719716
synthetic_traffic,traffic,lightgbm_ar,traffic_0,2024-01-10 17:00:00,24.229455623521815,24.410874657730957
synthetic_traffic,traffic,lightgbm_ar,traffic_0,2024-01-10 18:00:00,23.870469405576202,24.388712155525397
synthetic_traffic,traffic,lightgbm_ar,traffic_0,2024-01-10 19:00:00,24.054053946407954,24.69521889098176
synthetic_traffic,traffic,lightgbm_ar,traffic_0,2024-01-10 20:00:00,24.761756943915355,25.224163915817794
synthetic_traffic,traffic,lightgbm_ar,traffic_0,2024-01-10 21:00:00,25.939241980053595,26.84115018754221
synthetic_traffic,traffic,lightgbm_ar,traffic_0,2024-01-10 22:00:00,27.499999999999968,28.531581209791128
synthetic_traffic,traffic,lightgbm_ar,traffic_0,2024-01-10 23:00:00,29.33125352399899,29.964214876032123
synthetic_traffic,traffic,lightgbm_ar,traffic_1,2024-01-10 12:00:00,33.345494447404135,33.351214107759844
synthetic_traffic,traffic,lightgbm_ar,traffic_1,2024-01-10 13:00:00,31.20336280861623,31.1917539077154
synthetic_traffic,traffic,lightgbm_ar,traffic_1,2024-01-10 14:00:00,29.19915561548945,29.003737030719197
synthetic_traffic,traffic,lightgbm_ar,traffic_1,2024-01-10 15:00:00,27.46446609406727,27.37571111334502
synthetic_traffic,traffic,lightgbm_ar,traffic_1,2024-01-10 16:00:00,26.11231498303725,26.113423335719716
synthetic_traffic,traffic,lightgbm_ar,traffic_1,2024-01-10 17:00:00,25.229455623521815,25.410874657730957
synthetic_traffic,traffic,lightgbm_ar,traffic_1,2024-01-10 18:00:00,24.870469405576202,25.388712155525397
synthetic_traffic,traffic,lightgbm_ar,traffic_1,2024-01-10 19:00:00,25.054053946407954,25.69521889098176
synthetic_traffic,traffic,lightgbm_ar,traffic_1,2024-01-10 20:00:00,25.761756943915355,26.224163915817794
synthetic_traffic,traffic,lightgbm_ar,traffic_1,2024-01-10 21:00:00,26.939241980053595,27.84115018754221
synthetic_traffic,traffic,lightgbm_ar,traffic_1,2024-01-10 22:00:00,28.499999999999968,29.531581209791128
synthetic_traffic,traffic,lightgbm_ar,traffic_1,2024-01-10 23:00:00,30.33125352399899,30.964214876032123
synthetic_traffic,traffic,lightgbm_ar,traffic_2,2024-01-10 12:00:00,34.345494447404135,34.351214107759844
synthetic_traffic,traffic,lightgbm_ar,traffic_2,2024-01-10 13:00:00,32.203362808616234,32.191753907715395
synthetic_traffic,traffic,lightgbm_ar,traffic_2,2024-01-10 14:00:00,30.19915561548945,30.003737030719194
synthetic_traffic,traffic,lightgbm_ar,traffic_2,2024-01-10 15:00:00,28.46446609406727,28.375711113345012
synthetic_traffic,traffic,lightgbm_ar,traffic_2,2024-01-10 16:00:00,27.11231498303725,27.11342333571971
synthetic_traffic,traffic,lightgbm_ar,traffic_2,2024-01-10 17:00:00,26.229455623521815,26.403075355439107
synthetic_traffic,traffic,lightgbm_ar,traffic_2,2024-01-10 18:00:00,25.870469405576202,26.374282698577296
synthetic_traffic,traffic,lightgbm_ar,traffic_2,2024-01-10 19:00:00,26.054053946407954,26.695665368376048
synthetic_traffic,traffic,lightgbm_ar,traffic_2,2024-01-10 20:00:00,26.761756943915355,27.233238082359147
synthetic_traffic,traffic,lightgbm_ar,traffic_2,2024-01-10 21:00:00,27.939241980053595,28.841150187542205
synthetic_traffic,traffic,lightgbm_ar,traffic_2,2024-01-10 22:00:00,29.499999999999968,30.531581209791124
synthetic_traffic,traffic,lightgbm_ar,traffic_2,2024-01-10 23:00:00,31.33125352399899,31.96421487603212
synthetic_traffic,traffic,xgboost_ar,traffic_0,2024-01-10 12:00:00,32.345494447404135,32.416925093934275
synthetic_traffic,traffic,xgboost_ar,traffic_0,2024-01-10 13:00:00,30.20336280861623,30.1387126963351
synthetic_traffic,traffic,xgboost_ar,traffic_0,2024-01-10 14:00:00,28.19915561548945,27.92595435003845
synthetic_traffic,traffic,xgboost_ar,traffic_0,2024-01-10 15:00:00,26.46446609406727,26.240015732975905
synthetic_traffic,traffic,xgboost_ar,traffic_0,2024-01-10 16:00:00,25.11231498303725,25.16285579856233
synthetic_traffic,traffic,xgboost_ar,traffic_0,2024-01-10 17:00:00,24.229455623521815,24.279191539392414
synthetic_traffic,traffic,xgboost_ar,traffic_0,2024-01-10 18:00:00,23.870469405576202,24.21298965026468
synthetic_traffic,traffic,xgboost_ar,traffic_0,2024-01-10 19:00:00,24.054053946407954,24.242864560536557
synthetic_traffic,traffic,xgboost_ar,traffic_0,2024-01-10 20:00:00,24.761756943915355,25.107657132412836
synthetic_traffic,traffic,xgboost_ar,traffic_0,2024-01-10 21:00:00,25.939241980053595,26.147913572336627
synthetic_traffic,traffic,xgboost_ar,traffic_0,2024-01-10 22:00:00,27.499999999999968,27.874034571460278
synthetic_traffic,traffic,xgboost_ar,traffic_0,2024-01-10 23:00:00,29.33125352399899,30.249174888897738
synthetic_traffic,traffic,xgboost_ar,traffic_1,2024-01-10 12:00:00,33.345494447404135,33.416925093934275
synthetic_traffic,traffic,xgboost_ar,traffic_1,2024-01-10 13:00:00,31.20336280861623,31.1387126963351
synthetic_traffic,traffic,xgboost_ar,traffic_1,2024-01-10 14:00:00,29.19915561548945,28.92595435003845
synthetic_traffic,traffic,xgboost_ar,traffic_1,2024-01-10 15:00:00,27.46446609406727,27.240015732975905
synthetic_traffic,traffic,xgboost_ar,traffic_1,2024-01-10 16:00:00,26.11231498303725,26.16285579856233
synthetic_traffic,traffic,xgboost_ar,traffic_1,2024-01-10 17:00:00,25.229455623521815,25.279191539392414
synthetic_traffic,traffic,xgboost_ar,traffic_1,2024-01-10 18:00:00,24.870469405576202,25.21298965026468
synthetic_traffic,traffic,xgboost_ar,traffic_1,2024-01-10 19:00:00,25.054053946407954,25.242864560536557
synthetic_traffic,traffic,xgboost_ar,traffic_1,2024-01-10 20:00:00,25.761756943915355,26.107657132412836
synthetic_traffic,traffic,xgboost_ar,traffic_1,2024-01-10 21:00:00,26.939241980053595,27.147913572336627
synthetic_traffic,traffic,xgboost_ar,traffic_1,2024-01-10 22:00:00,28.499999999999968,28.874034571460278
synthetic_traffic,traffic,xgboost_ar,traffic_1,2024-01-10 23:00:00,30.33125352399899,31.249174888897738
synthetic_traffic,traffic,xgboost_ar,traffic_2,2024-01-10 12:00:00,34.345494447404135,34.416925093934275
synthetic_traffic,traffic,xgboost_ar,traffic_2,2024-01-10 13:00:00,32.203362808616234,32.1387126963351
synthetic_traffic,traffic,xgboost_ar,traffic_2,2024-01-10 14:00:00,30.19915561548945,29.925954350038445
synthetic_traffic,traffic,xgboost_ar,traffic_2,2024-01-10 15:00:00,28.46446609406727,28.240015732975902
synthetic_traffic,traffic,xgboost_ar,traffic_2,2024-01-10 16:00:00,27.11231498303725,27.162855798562326
synthetic_traffic,traffic,xgboost_ar,traffic_2,2024-01-10 17:00:00,26.229455623521815,26.279191539392407
synthetic_traffic,traffic,xgboost_ar,traffic_2,2024-01-10 18:00:00,25.870469405576202,26.212989650264678
synthetic_traffic,traffic,xgboost_ar,traffic_2,2024-01-10 19:00:00,26.054053946407954,26.242864560536553
synthetic_traffic,traffic,xgboost_ar,traffic_2,2024-01-10 20:00:00,26.761756943915355,27.107657132412832
synthetic_traffic,traffic,xgboost_ar,traffic_2,2024-01-10 21:00:00,27.939241980053595,28.14791357233662
synthetic_traffic,traffic,xgboost_ar,traffic_2,2024-01-10 22:00:00,29.499999999999968,29.874034571460275
synthetic_traffic,traffic,xgboost_ar,traffic_2,2024-01-10 23:00:00,31.33125352399899,32.249174888897734
synthetic_traffic,traffic,tabpfn_ts,traffic_0,2024-01-10 12:00:00,32.345494447404135,32.012577056884766
synthetic_traffic,traffic,tabpfn_ts,traffic_0,2024-01-10 13:00:00,30.20336280861623,29.927410125732422
synthetic_traffic,traffic,tabpfn_ts,traffic_0,2024-01-10 14:00:00,28.19915561548945,27.969242095947266
synthetic_traffic,traffic,tabpfn_ts,traffic_0,2024-01-10 15:00:00,26.46446609406727,26.074331283569336
synthetic_traffic,traffic,tabpfn_ts,traffic_0,2024-01-10 16:00:00,25.11231498303725,24.66848373413086
synthetic_traffic,traffic,tabpfn_ts,traffic_0,2024-01-10 17:00:00,24.229455623521815,23.769868850708008
synthetic_traffic,traffic,tabpfn_ts,traffic_0,2024-01-10 18:00:00,23.870469405576202,23.380346298217773
synthetic_traffic,traffic,tabpfn_ts,traffic_0,2024-01-10 19:00:00,24.054053946407954,23.644805908203125
synthetic_traffic,traffic,tabpfn_ts,traffic_0,2024-01-10 20:00:00,24.761756943915355,24.514863967895508
synthetic_traffic,traffic,tabpfn_ts,traffic_0,2024-01-10 21:00:00,25.939241980053595,25.873144149780273
synthetic_traffic,traffic,tabpfn_ts,traffic_0,2024-01-10 22:00:00,27.499999999999968,27.69198989868164
synthetic_traffic,traffic,tabpfn_ts,traffic_0,2024-01-10 23:00:00,29.33125352399899,29.60630226135254
synthetic_traffic,traffic,tabpfn_ts,traffic_1,2024-01-10 12:00:00,33.345494447404135,33.012577056884766
synthetic_traffic,traffic,tabpfn_ts,traffic_1,2024-01-10 13:00:00,31.20336280861623,30.927410125732422
synthetic_traffic,traffic,tabpfn_ts,traffic_1,2024-01-10 14:00:00,29.19915561548945,28.969242095947266
synthetic_traffic,traffic,tabpfn_ts,traffic_1,2024-01-10 15:00:00,27.46446609406727,27.074331283569336
synthetic_traffic,traffic,tabpfn_ts,traffic_1,2024-01-10 16:00:00,26.11231498303725,25.66848373413086
synthetic_traffic,traffic,tabpfn_ts,traffic_1,2024-01-10 17:00:00,25.229455623521815,24.769868850708008
synthetic_traffic,traffic,tabpfn_ts,traffic_1,2024-01-10 18:00:00,24.870469405576202,24.380346298217773
synthetic_traffic,traffic,tabpfn_ts,traffic_1,2024-01-10 19:00:00,25.054053946407954,24.644805908203125
synthetic_traffic,traffic,tabpfn_ts,traffic_1,2024-01-10 20:00:00,25.761756943915355,25.514863967895508
synthetic_traffic,traffic,tabpfn_ts,traffic_1,2024-01-10 21:00:00,26.939241980053595,26.873144149780273
synthetic_traffic,traffic,tabpfn_ts,traffic_1,2024-01-10 22:00:00,28.499999999999968,28.69198989868164
synthetic_traffic,traffic,tabpfn_ts,traffic_1,2024-01-10 23:00:00,30.33125352399899,30.60630226135254
synthetic_traffic,traffic,tabpfn_ts,traffic_2,2024-01-10 12:00:00,34.345494447404135,34.012577056884766
synthetic_traffic,traffic,tabpfn_ts,traffic_2,2024-01-10 13:00:00,32.203362808616234,31.927410125732422
synthetic_traffic,traffic,tabpfn_ts,traffic_2,2024-01-10 14:00:00,30.19915561548945,29.969242095947266
synthetic_traffic,traffic,tabpfn_ts,traffic_2,2024-01-10 15:00:00,28.46446609406727,28.074331283569336
synthetic_traffic,traffic,tabpfn_ts,traffic_2,2024-01-10 16:00:00,27.11231498303725,26.66848373413086
synthetic_traffic,traffic,tabpfn_ts,traffic_2,2024-01-10 17:00:00,26.229455623521815,25.769868850708008
synthetic_traffic,traffic,tabpfn_ts,traffic_2,2024-01-10 18:00:00,25.870469405576202,25.380346298217773
synthetic_traffic,traffic,tabpfn_ts,traffic_2,2024-01-10 19:00:00,26.054053946407954,25.644805908203125
synthetic_traffic,traffic,tabpfn_ts,traffic_2,2024-01-10 20:00:00,26.761756943915355,26.514863967895508
synthetic_traffic,traffic,tabpfn_ts,traffic_2,2024-01-10 21:00:00,27.939241980053595,27.873144149780273
synthetic_traffic,traffic,tabpfn_ts,traffic_2,2024-01-10 22:00:00,29.499999999999968,29.69198989868164
synthetic_traffic,traffic,tabpfn_ts,traffic_2,2024-01-10 23:00:00,31.33125352399899,31.60630226135254
synthetic_weather,weather,dummy_mean,weather_0,2024-01-09 06:00:00,23.5,18.508193410444523
synthetic_weather,weather,dummy_mean,weather_0,2024-01-09 06:10:00,23.48764498441539,18.508193410444523
synthetic_weather,weather,dummy_mean,weather_0,2024-01-09 06:20:00,23.450819800851686,18.508193410444523
synthetic_weather,weather,dummy_mean,weather_0,2024-01-09 06:30:00,23.39023700876128,18.508193410444523
synthetic_weather,weather,dummy_mean,weather_0,2024-01-09 06:40:00,23.307060986620538,18.508193410444523
synthetic_weather,weather,dummy_mean,weather_0,2024-01-09 06:50:00,23.20287384044295,18.508193410444523
synthetic_weather,weather,dummy_mean,weather_0,2024-01-09 07:00:00,23.07962913144536,18.508193410444523
synthetic_weather,weather,dummy_mean,weather_0,2024-01-09 07:10:00,22.93959482540397,18.508193410444523
synthetic_weather,weather,dummy_mean,weather_0,2024-01-09 07:20:00,22.78528719276301,18.508193410444523
synthetic_weather,weather,dummy_mean,weather_0,2024-01-09 07:30:00,22.61939766255644,18.508193410444523
synthetic_weather,weather,dummy_mean,weather_0,2024-01-09 07:40:00,22.444714846349797,18.508193410444523
synthetic_weather,weather,dummy_mean,weather_0,2024-01-09 07:50:00,22.26404409422829,18.508193410444523
synthetic_weather,weather,dummy_mean,weather_1,2024-01-09 06:00:00,24.5,19.508193410444523
synthetic_weather,weather,dummy_mean,weather_1,2024-01-09 06:10:00,24.48764498441539,19.508193410444523
synthetic_weather,weather,dummy_mean,weather_1,2024-01-09 06:20:00,24.450819800851686,19.508193410444523
synthetic_weather,weather,dummy_mean,weather_1,2024-01-09 06:30:00,24.39023700876128,19.508193410444523
synthetic_weather,weather,dummy_mean,weather_1,2024-01-09 06:40:00,24.307060986620538,19.508193410444523
synthetic_weather,weather,dummy_mean,weather_1,2024-01-09 06:50:00,24.20287384044295,19.508193410444523
synthetic_weather,weather,dummy_mean,weather_1,2024-01-09 07:00:00,24.07962913144536,19.508193410444523
synthetic_weather,weather,dummy_mean,weather_1,2024-01-09 07:10:00,23.93959482540397,19.508193410444523
synthetic_weather,weather,dummy_mean,weather_1,2024-01-09 07:20:00,23.78528719276301,19.508193410444523
synthetic_weather,weather,dummy_mean,weather_1,2024-01-09 07:30:00,23.61939766255644,19.508193410444523
synthetic_weather,weather,dummy_mean,weather_1,2024-01-09 07:40:00,23.444714846349797,19.508193410444523
synthetic_weather,weather,dummy_mean,weather_1,2024-01-09 07:50:00,23.26404409422829,19.508193410444523
synthetic_weather,weather,seasonal_naive,weather_0,2024-01-09 06:00:00,23.5,22.080127018922212
synthetic_weather,weather,seasonal_naive,weather_0,2024-01-09 06:10:00,23.48764498441539,22.264044094228257
synthetic_weather,weather,seasonal_naive,weather_0,2024-01-09 06:20:00,23.450819800851686,22.444714846349765
synthetic_weather,weather,seasonal_naive,weather_0,2024-01-09 06:30:00,23.39023700876128,22.619397662556413
synthetic_weather,weather,seasonal_naive,weather_0,2024-01-09 06:40:00,23.307060986620538,22.785287192763008
synthetic_weather,weather,seasonal_naive,weather_0,2024-01-09 06:50:00,23.20287384044295,22.93959482540397
synthetic_weather,weather,seasonal_naive,weather_0,2024-01-09 07:00:00,23.07962913144536,23.079629131445337
synthetic_weather,weather,seasonal_naive,weather_0,2024-01-09 07:10:00,22.93959482540397,23.20287384044293
synthetic_weather,weather,seasonal_naive,weather_0,2024-01-09 07:20:00,22.78528719276301,23.307060986620524
synthetic_weather,weather,seasonal_naive,weather_0,2024-01-09 07:30:00,22.61939766255644,23.390237008761265
synthetic_weather,weather,seasonal_naive,weather_0,2024-01-09 07:40:00,22.444714846349797,23.450819800851676
synthetic_weather,weather,seasonal_naive,weather_0,2024-01-09 07:50:00,22.26404409422829,23.48764498441539
synthetic_weather,weather,seasonal_naive,weather_1,2024-01-09 06:00:00,24.5,23.080127018922212
synthetic_weather,weather,seasonal_naive,weather_1,2024-01-09 06:10:00,24.48764498441539,23.264044094228257
synthetic_weather,weather,seasonal_naive,weather_1,2024-01-09 06:20:00,24.450819800851686,23.444714846349765
synthetic_weather,weather,seasonal_naive,weather_1,2024-01-09 06:30:00,24.39023700876128,23.619397662556413
synthetic_weather,weather,seasonal_naive,weather_1,2024-01-09 06:40:00,24.307060986620538,23.785287192763008
synthetic_weather,weather,seasonal_naive,weather_1,2024-01-09 06:50:00,24.20287384044295,23.93959482540397
synthetic_weather,weather,seasonal_naive,weather_1,2024-01-09 07:00:00,24.07962913144536,24.079629131445337
synthetic_weather,weather,seasonal_naive,weather_1,2024-01-09 07:10:00,23.93959482540397,24.20287384044293
synthetic_weather,weather,seasonal_naive,weather_1,2024-01-09 07:20:00,23.78528719276301,24.307060986620524
synthetic_weather,weather,seasonal_naive,weather_1,2024-01-09 07:30:00,23.61939766255644,24.390237008761265
synthetic_weather,weather,seasonal_naive,weather_1,2024-01-09 07:40:00,23.444714846349797,24.450819800851676
synthetic_weather,weather,seasonal_naive,weather_1,2024-01-09 07:50:00,23.26404409422829,24.48764498441539
synthetic_weather,weather,moving_average,weather_0,2024-01-09 06:00:00,23.5,21.96349070729001
synthetic_weather,weather,moving_average,weather_0,2024-01-09 06:10:00,23.48764498441539,21.96349070729001
synthetic_weather,weather,moving_average,weather_0,2024-01-09 06:20:00,23.450819800851686,21.96349070729001
synthetic_weather,weather,moving_average,weather_0,2024-01-09 06:30:00,23.39023700876128,21.96349070729001
synthetic_weather,weather,moving_average,weather_0,2024-01-09 06:40:00,23.307060986620538,21.96349070729001
synthetic_weather,weather,moving_average,weather_0,2024-01-09 06:50:00,23.20287384044295,21.96349070729001
synthetic_weather,weather,moving_average,weather_0,2024-01-09 07:00:00,23.07962913144536,21.96349070729001
synthetic_weather,weather,moving_average,weather_0,2024-01-09 07:10:00,22.93959482540397,21.96349070729001
synthetic_weather,weather,moving_average,weather_0,2024-01-09 07:20:00,22.78528719276301,21.96349070729001
synthetic_weather,weather,moving_average,weather_0,2024-01-09 07:30:00,22.61939766255644,21.96349070729001
synthetic_weather,weather,moving_average,weather_0,2024-01-09 07:40:00,22.444714846349797,21.96349070729001
synthetic_weather,weather,moving_average,weather_0,2024-01-09 07:50:00,22.26404409422829,21.96349070729001
synthetic_weather,weather,moving_average,weather_1,2024-01-09 06:00:00,24.5,22.96349070729001
synthetic_weather,weather,moving_average,weather_1,2024-01-09 06:10:00,24.48764498441539,22.96349070729001
synthetic_weather,weather,moving_average,weather_1,2024-01-09 06:20:00,24.450819800851686,22.96349070729001
synthetic_weather,weather,moving_average,weather_1,2024-01-09 06:30:00,24.39023700876128,22.96349070729001
synthetic_weather,weather,moving_average,weather_1,2024-01-09 06:40:00,24.307060986620538,22.96349070729001
synthetic_weather,weather,moving_average,weather_1,2024-01-09 06:50:00,24.20287384044295,22.96349070729001
synthetic_weather,weather,moving_average,weather_1,2024-01-09 07:00:00,24.07962913144536,22.96349070729001
synthetic_weather,weather,moving_average,weather_1,2024-01-09 07:10:00,23.93959482540397,22.96349070729001
synthetic_weather,weather,moving_average,weather_1,2024-01-09 07:20:00,23.78528719276301,22.96349070729001
synthetic_weather,weather,moving_average,weather_1,2024-01-09 07:30:00,23.61939766255644,22.96349070729001
synthetic_weather,weather,moving_average,weather_1,2024-01-09 07:40:00,23.444714846349797,22.96349070729001
synthetic_weather,weather,moving_average,weather_1,2024-01-09 07:50:00,23.26404409422829,22.96349070729001
synthetic_weather,weather,linear_trend,weather_0,2024-01-09 06:00:00,23.5,17.54589660883074
synthetic_weather,weather,linear_trend,weather_0,2024-01-09 06:10:00,23.48764498441539,17.53592462124925
synthetic_weather,weather,linear_trend,weather_0,2024-01-09 06:20:00,23.450819800851686,17.525952633667764
synthetic_weather,weather,linear_trend,weather_0,2024-01-09 06:30:00,23.39023700876128,17.515980646086273
synthetic_weather,weather,linear_trend,weather_0,2024-01-09 06:40:00,23.307060986620538,17.506008658504783
synthetic_weather,weather,linear_trend,weather_0,2024-01-09 06:50:00,23.20287384044295,17.496036670923292
synthetic_weather,weather,linear_trend,weather_0,2024-01-09 07:00:00,23.07962913144536,17.4860646833418
synthetic_weather,weather,linear_trend,weather_0,2024-01-09 07:10:00,22.93959482540397,17.47609269576031
synthetic_weather,weather,linear_trend,weather_0,2024-01-09 07:20:00,22.78528719276301,17.466120708178824
synthetic_weather,weather,linear_trend,weather_0,2024-01-09 07:30:00,22.61939766255644,17.456148720597334
synthetic_weather,weather,linear_trend,weather_0,2024-01-09 07:40:00,22.444714846349797,17.446176733015843
synthetic_weather,weather,linear_trend,weather_0,2024-01-09 07:50:00,22.26404409422829,17.436204745434353
synthetic_weather,weather,linear_trend,weather_1,2024-01-09 06:00:00,24.5,18.54589660883074
synthetic_weather,weather,linear_trend,weather_1,2024-01-09 06:10:00,24.48764498441539,18.53592462124925
synthetic_weather,weather,linear_trend,weather_1,2024-01-09 06:20:00,24.450819800851686,18.52595263366776
synthetic_weather,weather,linear_trend,weather_1,2024-01-09 06:30:00,24.39023700876128,18.51598064608627
synthetic_weather,weather,linear_trend,weather_1,2024-01-09 06:40:00,24.307060986620538,18.506008658504783
synthetic_weather,weather,linear_trend,weather_1,2024-01-09 06:50:00,24.20287384044295,18.496036670923292
synthetic_weather,weather,linear_trend,weather_1,2024-01-09 07:00:00,24.07962913144536,18.4860646833418
synthetic_weather,weather,linear_trend,weather_1,2024-01-09 07:10:00,23.93959482540397,18.47609269576031
synthetic_weather,weather,linear_trend,weather_1,2024-01-09 07:20:00,23.78528719276301,18.46612070817882
synthetic_weather,weather,linear_trend,weather_1,2024-01-09 07:30:00,23.61939766255644,18.456148720597334
synthetic_weather,weather,linear_trend,weather_1,2024-01-09 07:40:00,23.444714846349797,18.446176733015843
synthetic_weather,weather,linear_trend,weather_1,2024-01-09 07:50:00,23.26404409422829,18.436204745434353
synthetic_weather,weather,ridge_ar,weather_0,2024-01-09 06:00:00,23.5,23.583702021599443
synthetic_weather,weather,ridge_ar,weather_0,2024-01-09 06:10:00,23.48764498441539,23.63347825808469
synthetic_weather,weather,ridge_ar,weather_0,2024-01-09 06:20:00,23.450819800851686,23.675633518834776
synthetic_weather,weather,ridge_ar,weather_0,2024-01-09 06:30:00,23.39023700876128,23.710956077640684
synthetic_weather,weather,ridge_ar,weather_0,2024-01-09 06:40:00,23.307060986620538,23.730373074565698
synthetic_weather,weather,ridge_ar,weather_0,2024-01-09 06:50:00,23.20287384044295,23.738709263176798
synthetic_weather,weather,ridge_ar,weather_0,2024-01-09 07:00:00,23.07962913144536,23.73575617591114
synthetic_weather,weather,ridge_ar,weather_0,2024-01-09 07:10:00,22.93959482540397,23.721512412494334
synthetic_weather,weather,ridge_ar,weather_0,2024-01-09 07:20:00,22.78528719276301,23.697382075247404
synthetic_weather,weather,ridge_ar,weather_0,2024-01-09 07:30:00,22.61939766255644,23.664388067635947
synthetic_weather,weather,ridge_ar,weather_0,2024-01-09 07:40:00,22.444714846349797,23.62386854560733
synthetic_weather,weather,ridge_ar,weather_0,2024-01-09 07:50:00,22.26404409422829,23.57745010362376
synthetic_weather,weather,ridge_ar,weather_1,2024-01-09 06:00:00,24.5,24.583702021599443
synthetic_weather,weather,ridge_ar,weather_1,2024-01-09 06:10:00,24.48764498441539,24.63347825808469
synthetic_weather,weather,ridge_ar,weather_1,2024-01-09 06:20:00,24.450819800851686,24.675633518834776
synthetic_weather,weather,ridge_ar,weather_1,2024-01-09 06:30:00,24.39023700876128,24.710956077640684
synthetic_weather,weather,ridge_ar,weather_1,2024-01-09 06:40:00,24.307060986620538,24.730373074565698
synthetic_weather,weather,ridge_ar,weather_1,2024-01-09 06:50:00,24.20287384044295,24.738709263176798
synthetic_weather,weather,ridge_ar,weather_1,2024-01-09 07:00:00,24.07962913144536,24.73575617591114
synthetic_weather,weather,ridge_ar,weather_1,2024-01-09 07:10:00,23.93959482540397,24.721512412494334
synthetic_weather,weather,ridge_ar,weather_1,2024-01-09 07:20:00,23.78528719276301,24.697382075247404
synthetic_weather,weather,ridge_ar,weather_1,2024-01-09 07:30:00,23.61939766255644,24.664388067635947
synthetic_weather,weather,ridge_ar,weather_1,2024-01-09 07:40:00,23.444714846349797,24.62386854560733
synthetic_weather,weather,ridge_ar,weather_1,2024-01-09 07:50:00,23.26404409422829,24.57745010362376
synthetic_weather,weather,hist_gradient_boosting_ar,weather_0,2024-01-09 06:00:00,23.5,23.47163412244799
synthetic_weather,weather,hist_gradient_boosting_ar,weather_0,2024-01-09 06:10:00,23.48764498441539,23.47163412244799
synthetic_weather,weather,hist_gradient_boosting_ar,weather_0,2024-01-09 06:20:00,23.450819800851686,23.447736519521435
synthetic_weather,weather,hist_gradient_boosting_ar,weather_0,2024-01-09 06:30:00,23.39023700876128,23.417283469260454
synthetic_weather,weather,hist_gradient_boosting_ar,weather_0,2024-01-09 06:40:00,23.307060986620538,23.248020569510302
synthetic_weather,weather,hist_gradient_boosting_ar,weather_0,2024-01-09 06:50:00,23.20287384044295,23.14842829274746
synthetic_weather,weather,hist_gradient_boosting_ar,weather_0,2024-01-09 07:00:00,23.07962913144536,23.035887121413992
synthetic_weather,weather,hist_gradient_boosting_ar,weather_0,2024-01-09 07:10:00,22.93959482540397,22.94705863874994
synthetic_weather,weather,hist_gradient_boosting_ar,weather_0,2024-01-09 07:20:00,22.78528719276301,22.785994507254067
synthetic_weather,weather,hist_gradient_boosting_ar,weather_0,2024-01-09 07:30:00,22.61939766255644,22.58094099218642
synthetic_weather,weather,hist_gradient_boosting_ar,weather_0,2024-01-09 07:40:00,22.444714846349797,22.434073164585033
synthetic_weather,weather,hist_gradient_boosting_ar,weather_0,2024-01-09 07:50:00,22.26404409422829,22.255779164782687
synthetic_weather,weather,hist_gradient_boosting_ar,weather_1,2024-01-09 06:00:00,24.5,24.47163412244799
synthetic_weather,weather,hist_gradient_boosting_ar,weather_1,2024-01-09 06:10:00,24.48764498441539,24.47163412244799
synthetic_weather,weather,hist_gradient_boosting_ar,weather_1,2024-01-09 06:20:00,24.450819800851686,24.447736519521435
synthetic_weather,weather,hist_gradient_boosting_ar,weather_1,2024-01-09 06:30:00,24.39023700876128,24.417283469260454
synthetic_weather,weather,hist_gradient_boosting_ar,weather_1,2024-01-09 06:40:00,24.307060986620538,24.248020569510302
synthetic_weather,weather,hist_gradient_boosting_ar,weather_1,2024-01-09 06:50:00,24.20287384044295,24.14842829274746
synthetic_weather,weather,hist_gradient_boosting_ar,weather_1,2024-01-09 07:00:00,24.07962913144536,24.035887121413992
synthetic_weather,weather,hist_gradient_boosting_ar,weather_1,2024-01-09 07:10:00,23.93959482540397,23.94705863874994
synthetic_weather,weather,hist_gradient_boosting_ar,weather_1,2024-01-09 07:20:00,23.78528719276301,23.785994507254067
synthetic_weather,weather,hist_gradient_boosting_ar,weather_1,2024-01-09 07:30:00,23.61939766255644,23.58094099218642
synthetic_weather,weather,hist_gradient_boosting_ar,weather_1,2024-01-09 07:40:00,23.444714846349797,23.434073164585033
synthetic_weather,weather,hist_gradient_boosting_ar,weather_1,2024-01-09 07:50:00,23.26404409422829,23.255779164782687
synthetic_weather,weather,lightgbm_ar,weather_0,2024-01-09 06:00:00,23.5,23.494001031748954
synthetic_weather,weather,lightgbm_ar,weather_0,2024-01-09 06:10:00,23.48764498441539,23.458347218658744
synthetic_weather,weather,lightgbm_ar,weather_0,2024-01-09 06:20:00,23.450819800851686,23.40871010894816
synthetic_weather,weather,lightgbm_ar,weather_0,2024-01-09 06:30:00,23.39023700876128,23.35957345760052
synthetic_weather,weather,lightgbm_ar,weather_0,2024-01-09 06:40:00,23.307060986620538,23.29310778247234
synthetic_weather,weather,lightgbm_ar,weather_0,2024-01-09 06:50:00,23.20287384044295,23.22433695013283
synthetic_weather,weather,lightgbm_ar,weather_0,2024-01-09 07:00:00,23.07962913144536,23.058253901581068
synthetic_weather,weather,lightgbm_ar,weather_0,2024-01-09 07:10:00,22.93959482540397,22.904132783606634
synthetic_weather,weather,lightgbm_ar,weather_0,2024-01-09 07:20:00,22.78528719276301,22.745397633557445
synthetic_weather,weather,lightgbm_ar,weather_0,2024-01-09 07:30:00,22.61939766255644,22.62365116356815
synthetic_weather,weather,lightgbm_ar,weather_0,2024-01-09 07:40:00,22.444714846349797,22.45491837774865
synthetic_weather,weather,lightgbm_ar,weather_0,2024-01-09 07:50:00,22.26404409422829,22.23777424854489
synthetic_weather,weather,lightgbm_ar,weather_1,2024-01-09 06:00:00,24.5,24.494001031748954
synthetic_weather,weather,lightgbm_ar,weather_1,2024-01-09 06:10:00,24.48764498441539,24.458347218658744
synthetic_weather,weather,lightgbm_ar,weather_1,2024-01-09 06:20:00,24.450819800851686,24.40871010894816
synthetic_weather,weather,lightgbm_ar,weather_1,2024-01-09 06:30:00,24.39023700876128,24.35957345760052
synthetic_weather,weather,lightgbm_ar,weather_1,2024-01-09 06:40:00,24.307060986620538,24.29310778247234
synthetic_weather,weather,lightgbm_ar,weather_1,2024-01-09 06:50:00,24.20287384044295,24.22433695013283
synthetic_weather,weather,lightgbm_ar,weather_1,2024-01-09 07:00:00,24.07962913144536,24.058253901581068
synthetic_weather,weather,lightgbm_ar,weather_1,2024-01-09 07:10:00,23.93959482540397,23.904132783606634
synthetic_weather,weather,lightgbm_ar,weather_1,2024-01-09 07:20:00,23.78528719276301,23.745397633557445
synthetic_weather,weather,lightgbm_ar,weather_1,2024-01-09 07:30:00,23.61939766255644,23.62365116356815
synthetic_weather,weather,lightgbm_ar,weather_1,2024-01-09 07:40:00,23.444714846349797,23.45491837774865
synthetic_weather,weather,lightgbm_ar,weather_1,2024-01-09 07:50:00,23.26404409422829,23.23777424854489
synthetic_weather,weather,xgboost_ar,weather_0,2024-01-09 06:00:00,23.5,23.47877549320532
synthetic_weather,weather,xgboost_ar,weather_0,2024-01-09 06:10:00,23.48764498441539,23.47794447367319
synthetic_weather,weather,xgboost_ar,weather_0,2024-01-09 06:20:00,23.450819800851686,23.436137611287144
synthetic_weather,weather,xgboost_ar,weather_0,2024-01-09 06:30:00,23.39023700876128,23.36503873198128
synthetic_weather,weather,xgboost_ar,weather_0,2024-01-09 06:40:00,23.307060986620538,23.263625104972654
synthetic_weather,weather,xgboost_ar,weather_0,2024-01-09 06:50:00,23.20287384044295,23.16958261309064
synthetic_weather,weather,xgboost_ar,weather_0,2024-01-09 07:00:00,23.07962913144536,22.99362905229121
synthetic_weather,weather,xgboost_ar,weather_0,2024-01-09 07:10:00,22.93959482540397,22.855869490369393
synthetic_weather,weather,xgboost_ar,weather_0,2024-01-09 07:20:00,22.78528719276301,22.649664137892366
synthetic_weather,weather,xgboost_ar,weather_0,2024-01-09 07:30:00,22.61939766255644,22.490362648832015
synthetic_weather,weather,xgboost_ar,weather_0,2024-01-09 07:40:00,22.444714846349797,22.325033221904462
synthetic_weather,weather,xgboost_ar,weather_0,2024-01-09 07:50:00,22.26404409422829,22.129942654127664
synthetic_weather,weather,xgboost_ar,weather_1,2024-01-09 06:00:00,24.5,24.47877549320532
synthetic_weather,weather,xgboost_ar,weather_1,2024-01-09 06:10:00,24.48764498441539,24.47794447367319
synthetic_weather,weather,xgboost_ar,weather_1,2024-01-09 06:20:00,24.450819800851686,24.436137611287144
synthetic_weather,weather,xgboost_ar,weather_1,2024-01-09 06:30:00,24.39023700876128,24.36503873198128
synthetic_weather,weather,xgboost_ar,weather_1,2024-01-09 06:40:00,24.307060986620538,24.263625104972654
synthetic_weather,weather,xgboost_ar,weather_1,2024-01-09 06:50:00,24.20287384044295,24.16958261309064
synthetic_weather,weather,xgboost_ar,weather_1,2024-01-09 07:00:00,24.07962913144536,23.99362905229121
synthetic_weather,weather,xgboost_ar,weather_1,2024-01-09 07:10:00,23.93959482540397,23.855869490369393
synthetic_weather,weather,xgboost_ar,weather_1,2024-01-09 07:20:00,23.78528719276301,23.649664137892366
synthetic_weather,weather,xgboost_ar,weather_1,2024-01-09 07:30:00,23.61939766255644,23.490362648832015
synthetic_weather,weather,xgboost_ar,weather_1,2024-01-09 07:40:00,23.444714846349797,23.325033221904462
synthetic_weather,weather,xgboost_ar,weather_1,2024-01-09 07:50:00,23.26404409422829,23.129942654127664
synthetic_weather,weather,tabpfn_ts,weather_0,2024-01-09 06:00:00,23.5,23.5256290435791
synthetic_weather,weather,tabpfn_ts,weather_0,2024-01-09 06:10:00,23.48764498441539,23.511171340942383
synthetic_weather,weather,tabpfn_ts,weather_0,2024-01-09 06:20:00,23.450819800851686,23.492961883544922
synthetic_weather,weather,tabpfn_ts,weather_0,2024-01-09 06:30:00,23.39023700876128,23.474365234375
synthetic_weather,weather,tabpfn_ts,weather_0,2024-01-09 06:40:00,23.307060986620538,23.42946434020996
synthetic_weather,weather,tabpfn_ts,weather_0,2024-01-09 06:50:00,23.20287384044295,23.39997100830078
synthetic_weather,weather,tabpfn_ts,weather_0,2024-01-09 07:00:00,23.07962913144536,23.287967681884766
synthetic_weather,weather,tabpfn_ts,weather_0,2024-01-09 07:10:00,22.93959482540397,23.234060287475586
synthetic_weather,weather,tabpfn_ts,weather_0,2024-01-09 07:20:00,22.78528719276301,23.2039852142334
synthetic_weather,weather,tabpfn_ts,weather_0,2024-01-09 07:30:00,22.61939766255644,23.177001953125
synthetic_weather,weather,tabpfn_ts,weather_0,2024-01-09 07:40:00,22.444714846349797,23.12323760986328
synthetic_weather,weather,tabpfn_ts,weather_0,2024-01-09 07:50:00,22.26404409422829,23.069013595581055
synthetic_weather,weather,tabpfn_ts,weather_1,2024-01-09 06:00:00,24.5,24.5256290435791
synthetic_weather,weather,tabpfn_ts,weather_1,2024-01-09 06:10:00,24.48764498441539,24.511171340942383
synthetic_weather,weather,tabpfn_ts,weather_1,2024-01-09 06:20:00,24.450819800851686,24.492961883544922
synthetic_weather,weather,tabpfn_ts,weather_1,2024-01-09 06:30:00,24.39023700876128,24.474365234375
synthetic_weather,weather,tabpfn_ts,weather_1,2024-01-09 06:40:00,24.307060986620538,24.42946434020996
synthetic_weather,weather,tabpfn_ts,weather_1,2024-01-09 06:50:00,24.20287384044295,24.39997100830078
synthetic_weather,weather,tabpfn_ts,weather_1,2024-01-09 07:00:00,24.07962913144536,24.287967681884766
synthetic_weather,weather,tabpfn_ts,weather_1,2024-01-09 07:10:00,23.93959482540397,24.234060287475586
synthetic_weather,weather,tabpfn_ts,weather_1,2024-01-09 07:20:00,23.78528719276301,24.2039852142334
synthetic_weather,weather,tabpfn_ts,weather_1,2024-01-09 07:30:00,23.61939766255644,24.177001953125
synthetic_weather,weather,tabpfn_ts,weather_1,2024-01-09 07:40:00,23.444714846349797,24.12323760986328
synthetic_weather,weather,tabpfn_ts,weather_1,2024-01-09 07:50:00,23.26404409422829,24.069013595581055
synthetic_exchange,economics,dummy_mean,exchange_0,2025-02-12 00:00:00,5.157994232974546,4.115
synthetic_exchange,economics,dummy_mean,exchange_0,2025-02-13 00:00:00,5.124710699129404,4.115
synthetic_exchange,economics,dummy_mean,exchange_0,2025-02-14 00:00:00,5.065289300870597,4.115
synthetic_exchange,economics,dummy_mean,exchange_0,2025-02-15 00:00:00,5.0320057670254545,4.115
synthetic_exchange,economics,dummy_mean,exchange_0,2025-02-16 00:00:00,5.057453481402556,4.115
synthetic_exchange,economics,dummy_mean,exchange_0,2025-02-17 00:00:00,5.129999999999998,4.115
synthetic_exchange,economics,dummy_mean,exchange_0,2025-02-18 00:00:00,5.2025465185974396,4.115
synthetic_exchange,economics,dummy_mean,exchange_0,2025-02-19 00:00:00,5.227994232974547,4.115
synthetic_exchange,economics,dummy_mean,exchange_0,2025-02-20 00:00:00,5.194710699129402,4.115
synthetic_exchange,economics,dummy_mean,exchange_0,2025-02-21 00:00:00,5.135289300870594,4.115
synthetic_exchange,economics,dummy_mean,exchange_0,2025-02-22 00:00:00,5.102005767025453,4.115
synthetic_exchange,economics,dummy_mean,exchange_0,2025-02-23 00:00:00,5.127453481402558,4.115
synthetic_exchange,economics,dummy_mean,exchange_1,2025-02-12 00:00:00,5.187994232974546,4.1450000000000005
synthetic_exchange,economics,dummy_mean,exchange_1,2025-02-13 00:00:00,5.154710699129404,4.1450000000000005
synthetic_exchange,economics,dummy_mean,exchange_1,2025-02-14 00:00:00,5.095289300870597,4.1450000000000005
synthetic_exchange,economics,dummy_mean,exchange_1,2025-02-15 00:00:00,5.062005767025455,4.1450000000000005
synthetic_exchange,economics,dummy_mean,exchange_1,2025-02-16 00:00:00,5.087453481402556,4.1450000000000005
synthetic_exchange,economics,dummy_mean,exchange_1,2025-02-17 00:00:00,5.159999999999998,4.1450000000000005
synthetic_exchange,economics,dummy_mean,exchange_1,2025-02-18 00:00:00,5.23254651859744,4.1450000000000005
synthetic_exchange,economics,dummy_mean,exchange_1,2025-02-19 00:00:00,5.257994232974547,4.1450000000000005
synthetic_exchange,economics,dummy_mean,exchange_1,2025-02-20 00:00:00,5.224710699129402,4.1450000000000005
synthetic_exchange,economics,dummy_mean,exchange_1,2025-02-21 00:00:00,5.165289300870595,4.1450000000000005
synthetic_exchange,economics,dummy_mean,exchange_1,2025-02-22 00:00:00,5.132005767025453,4.1450000000000005
synthetic_exchange,economics,dummy_mean,exchange_1,2025-02-23 00:00:00,5.157453481402558,4.1450000000000005
synthetic_exchange,economics,dummy_mean,exchange_2,2025-02-12 00:00:00,5.2179942329745455,4.175
synthetic_exchange,economics,dummy_mean,exchange_2,2025-02-13 00:00:00,5.184710699129403,4.175
synthetic_exchange,economics,dummy_mean,exchange_2,2025-02-14 00:00:00,5.125289300870596,4.175
synthetic_exchange,economics,dummy_mean,exchange_2,2025-02-15 00:00:00,5.092005767025454,4.175
synthetic_exchange,economics,dummy_mean,exchange_2,2025-02-16 00:00:00,5.117453481402555,4.175
synthetic_exchange,economics,dummy_mean,exchange_2,2025-02-17 00:00:00,5.189999999999998,4.175
synthetic_exchange,economics,dummy_mean,exchange_2,2025-02-18 00:00:00,5.262546518597439,4.175
synthetic_exchange,economics,dummy_mean,exchange_2,2025-02-19 00:00:00,5.287994232974547,4.175
synthetic_exchange,economics,dummy_mean,exchange_2,2025-02-20 00:00:00,5.254710699129402,4.175
synthetic_exchange,economics,dummy_mean,exchange_2,2025-02-21 00:00:00,5.195289300870594,4.175
synthetic_exchange,economics,dummy_mean,exchange_2,2025-02-22 00:00:00,5.162005767025453,4.175
synthetic_exchange,economics,dummy_mean,exchange_2,2025-02-23 00:00:00,5.1874534814025575,4.175
synthetic_exchange,economics,seasonal_naive,exchange_0,2025-02-12 00:00:00,5.157994232974546,4.9252893008705945
synthetic_exchange,economics,seasonal_naive,exchange_0,2025-02-13 00:00:00,5.124710699129404,4.892005767025455
synthetic_exchange,economics,seasonal_naive,exchange_0,2025-02-14 00:00:00,5.065289300870597,4.917453481402558
synthetic_exchange,economics,seasonal_naive,exchange_0,2025-02-15 00:00:00,5.0320057670254545,4.9899999999999975
synthetic_exchange,economics,seasonal_naive,exchange_0,2025-02-16 00:00:00,5.057453481402556,5.062546518597442
synthetic_exchange,economics,seasonal_naive,exchange_0,2025-02-17 00:00:00,5.129999999999998,5.0879942329745464
synthetic_exchange,economics,seasonal_naive,exchange_0,2025-02-18 00:00:00,5.2025465185974396,5.054710699129407
synthetic_exchange,economics,seasonal_naive,exchange_0,2025-02-19 00:00:00,5.227994232974547,4.9952893008706
synthetic_exchange,economics,seasonal_naive,exchange_0,2025-02-20 00:00:00,5.194710699129402,4.962005767025454
synthetic_exchange,economics,seasonal_naive,exchange_0,2025-02-21 00:00:00,5.135289300870594,4.987453481402556
synthetic_exchange,economics,seasonal_naive,exchange_0,2025-02-22 00:00:00,5.102005767025453,5.0600000000000005
synthetic_exchange,economics,seasonal_naive,exchange_0,2025-02-23 00:00:00,5.127453481402558,5.132546518597444
synthetic_exchange,economics,seasonal_naive,exchange_1,2025-02-12 00:00:00,5.187994232974546,4.955289300870595
synthetic_exchange,economics,seasonal_naive,exchange_1,2025-02-13 00:00:00,5.154710699129404,4.922005767025455
synthetic_exchange,economics,seasonal_naive,exchange_1,2025-02-14 00:00:00,5.095289300870597,4.947453481402558
synthetic_exchange,economics,seasonal_naive,exchange_1,2025-02-15 00:00:00,5.062005767025455,5.019999999999998
synthetic_exchange,economics,seasonal_naive,exchange_1,2025-02-16 00:00:00,5.087453481402556,5.092546518597442
synthetic_exchange,economics,seasonal_naive,exchange_1,2025-02-17 00:00:00,5.159999999999998,5.117994232974547
synthetic_exchange,economics,seasonal_naive,exchange_1,2025-02-18 00:00:00,5.23254651859744,5.084710699129407
synthetic_exchange,economics,seasonal_naive,exchange_1,2025-02-19 00:00:00,5.257994232974547,5.0252893008706
synthetic_exchange,economics,seasonal_naive,exchange_1,2025-02-20 00:00:00,5.224710699129402,4.9920057670254545
synthetic_exchange,economics,seasonal_naive,exchange_1,2025-02-21 00:00:00,5.165289300870595,5.017453481402557
synthetic_exchange,economics,seasonal_naive,exchange_1,2025-02-22 00:00:00,5.132005767025453,5.090000000000001
synthetic_exchange,economics,seasonal_naive,exchange_1,2025-02-23 00:00:00,5.157453481402558,5.162546518597444
synthetic_exchange,economics,seasonal_naive,exchange_2,2025-02-12 00:00:00,5.2179942329745455,4.985289300870594
synthetic_exchange,economics,seasonal_naive,exchange_2,2025-02-13 00:00:00,5.184710699129403,4.9520057670254545
synthetic_exchange,economics,seasonal_naive,exchange_2,2025-02-14 00:00:00,5.125289300870596,4.9774534814025575
synthetic_exchange,economics,seasonal_naive,exchange_2,2025-02-15 00:00:00,5.092005767025454,5.049999999999997
synthetic_exchange,economics,seasonal_naive,exchange_2,2025-02-16 00:00:00,5.117453481402555,5.122546518597441
synthetic_exchange,economics,seasonal_naive,exchange_2,2025-02-17 00:00:00,5.189999999999998,5.147994232974546
synthetic_exchange,economics,seasonal_naive,exchange_2,2025-02-18 00:00:00,5.262546518597439,5.1147106991294065
synthetic_exchange,economics,seasonal_naive,exchange_2,2025-02-19 00:00:00,5.287994232974547,5.0552893008706
synthetic_exchange,economics,seasonal_naive,exchange_2,2025-02-20 00:00:00,5.254710699129402,5.022005767025454
synthetic_exchange,economics,seasonal_naive,exchange_2,2025-02-21 00:00:00,5.195289300870594,5.047453481402556
synthetic_exchange,economics,seasonal_naive,exchange_2,2025-02-22 00:00:00,5.162005767025453,5.12
synthetic_exchange,economics,seasonal_naive,exchange_2,2025-02-23 00:00:00,5.1874534814025575,5.192546518597443
synthetic_exchange,economics,moving_average,exchange_0,2025-02-12 00:00:00,5.157994232974546,4.955000000000001
synthetic_exchange,economics,moving_average,exchange_0,2025-02-13 00:00:00,5.124710699129404,4.955000000000001
synthetic_exchange,economics,moving_average,exchange_0,2025-02-14 00:00:00,5.065289300870597,4.955000000000001
synthetic_exchange,economics,moving_average,exchange_0,2025-02-15 00:00:00,5.0320057670254545,4.955000000000001
synthetic_exchange,economics,moving_average,exchange_0,2025-02-16 00:00:00,5.057453481402556,4.955000000000001
synthetic_exchange,economics,moving_average,exchange_0,2025-02-17 00:00:00,5.129999999999998,4.955000000000001
synthetic_exchange,economics,moving_average,exchange_0,2025-02-18 00:00:00,5.2025465185974396,4.955000000000001
synthetic_exchange,economics,moving_average,exchange_0,2025-02-19 00:00:00,5.227994232974547,4.955000000000001
synthetic_exchange,economics,moving_average,exchange_0,2025-02-20 00:00:00,5.194710699129402,4.955000000000001
synthetic_exchange,economics,moving_average,exchange_0,2025-02-21 00:00:00,5.135289300870594,4.955000000000001
synthetic_exchange,economics,moving_average,exchange_0,2025-02-22 00:00:00,5.102005767025453,4.955000000000001
synthetic_exchange,economics,moving_average,exchange_0,2025-02-23 00:00:00,5.127453481402558,4.955000000000001
synthetic_exchange,economics,moving_average,exchange_1,2025-02-12 00:00:00,5.187994232974546,4.985
synthetic_exchange,economics,moving_average,exchange_1,2025-02-13 00:00:00,5.154710699129404,4.985
synthetic_exchange,economics,moving_average,exchange_1,2025-02-14 00:00:00,5.095289300870597,4.985
synthetic_exchange,economics,moving_average,exchange_1,2025-02-15 00:00:00,5.062005767025455,4.985
synthetic_exchange,economics,moving_average,exchange_1,2025-02-16 00:00:00,5.087453481402556,4.985
synthetic_exchange,economics,moving_average,exchange_1,2025-02-17 00:00:00,5.159999999999998,4.985
synthetic_exchange,economics,moving_average,exchange_1,2025-02-18 00:00:00,5.23254651859744,4.985
synthetic_exchange,economics,moving_average,exchange_1,2025-02-19 00:00:00,5.257994232974547,4.985
synthetic_exchange,economics,moving_average,exchange_1,2025-02-20 00:00:00,5.224710699129402,4.985
synthetic_exchange,economics,moving_average,exchange_1,2025-02-21 00:00:00,5.165289300870595,4.985
synthetic_exchange,economics,moving_average,exchange_1,2025-02-22 00:00:00,5.132005767025453,4.985
synthetic_exchange,economics,moving_average,exchange_1,2025-02-23 00:00:00,5.157453481402558,4.985
synthetic_exchange,economics,moving_average,exchange_2,2025-02-12 00:00:00,5.2179942329745455,5.015000000000001
synthetic_exchange,economics,moving_average,exchange_2,2025-02-13 00:00:00,5.184710699129403,5.015000000000001
synthetic_exchange,economics,moving_average,exchange_2,2025-02-14 00:00:00,5.125289300870596,5.015000000000001
synthetic_exchange,economics,moving_average,exchange_2,2025-02-15 00:00:00,5.092005767025454,5.015000000000001
synthetic_exchange,economics,moving_average,exchange_2,2025-02-16 00:00:00,5.117453481402555,5.015000000000001
synthetic_exchange,economics,moving_average,exchange_2,2025-02-17 00:00:00,5.189999999999998,5.015000000000001
synthetic_exchange,economics,moving_average,exchange_2,2025-02-18 00:00:00,5.262546518597439,5.015000000000001
synthetic_exchange,economics,moving_average,exchange_2,2025-02-19 00:00:00,5.287994232974547,5.015000000000001
synthetic_exchange,economics,moving_average,exchange_2,2025-02-20 00:00:00,5.254710699129402,5.015000000000001
synthetic_exchange,economics,moving_average,exchange_2,2025-02-21 00:00:00,5.195289300870594,5.015000000000001
synthetic_exchange,economics,moving_average,exchange_2,2025-02-22 00:00:00,5.162005767025453,5.015000000000001
synthetic_exchange,economics,moving_average,exchange_2,2025-02-23 00:00:00,5.1874534814025575,5.015000000000001
synthetic_exchange,economics,linear_trend,exchange_0,2025-02-12 00:00:00,5.157994232974546,5.079386106559886
synthetic_exchange,economics,linear_trend,exchange_0,2025-02-13 00:00:00,5.124710699129404,5.089379744969833
synthetic_exchange,economics,linear_trend,exchange_0,2025-02-14 00:00:00,5.065289300870597,5.09937338337978
synthetic_exchange,economics,linear_trend,exchange_0,2025-02-15 00:00:00,5.0320057670254545,5.109367021789727
synthetic_exchange,economics,linear_trend,exchange_0,2025-02-16 00:00:00,5.057453481402556,5.119360660199674
synthetic_exchange,economics,linear_trend,exchange_0,2025-02-17 00:00:00,5.129999999999998,5.129354298609621
synthetic_exchange,economics,linear_trend,exchange_0,2025-02-18 00:00:00,5.2025465185974396,5.1393479370195685
synthetic_exchange,economics,linear_trend,exchange_0,2025-02-19 00:00:00,5.227994232974547,5.149341575429515
synthetic_exchange,economics,linear_trend,exchange_0,2025-02-20 00:00:00,5.194710699129402,5.159335213839462
synthetic_exchange,economics,linear_trend,exchange_0,2025-02-21 00:00:00,5.135289300870594,5.169328852249409
synthetic_exchange,economics,linear_trend,exchange_0,2025-02-22 00:00:00,5.102005767025453,5.179322490659356
synthetic_exchange,economics,linear_trend,exchange_0,2025-02-23 00:00:00,5.127453481402558,5.189316129069303
synthetic_exchange,economics,linear_trend,exchange_1,2025-02-12 00:00:00,5.187994232974546,5.109386106559887
synthetic_exchange,economics,linear_trend,exchange_1,2025-02-13 00:00:00,5.154710699129404,5.119379744969834
synthetic_exchange,economics,linear_trend,exchange_1,2025-02-14 00:00:00,5.095289300870597,5.129373383379781
synthetic_exchange,economics,linear_trend,exchange_1,2025-02-15 00:00:00,5.062005767025455,5.139367021789728
synthetic_exchange,economics,linear_trend,exchange_1,2025-02-16 00:00:00,5.087453481402556,5.149360660199675
synthetic_exchange,economics,linear_trend,exchange_1,2025-02-17 00:00:00,5.159999999999998,5.159354298609623
synthetic_exchange,economics,linear_trend,exchange_1,2025-02-18 00:00:00,5.23254651859744,5.16934793701957
synthetic_exchange,economics,linear_trend,exchange_1,2025-02-19 00:00:00,5.257994232974547,5.1793415754295165
synthetic_exchange,economics,linear_trend,exchange_1,2025-02-20 00:00:00,5.224710699129402,5.189335213839463
synthetic_exchange,economics,linear_trend,exchange_1,2025-02-21 00:00:00,5.165289300870595,5.19932885224941
synthetic_exchange,economics,linear_trend,exchange_1,2025-02-22 00:00:00,5.132005767025453,5.209322490659357
synthetic_exchange,economics,linear_trend,exchange_1,2025-02-23 00:00:00,5.157453481402558,5.219316129069304
synthetic_exchange,economics,linear_trend,exchange_2,2025-02-12 00:00:00,5.2179942329745455,5.139386106559886
synthetic_exchange,economics,linear_trend,exchange_2,2025-02-13 00:00:00,5.184710699129403,5.149379744969833
synthetic_exchange,economics,linear_trend,exchange_2,2025-02-14 00:00:00,5.125289300870596,5.15937338337978
synthetic_exchange,economics,linear_trend,exchange_2,2025-02-15 00:00:00,5.092005767025454,5.169367021789727
synthetic_exchange,economics,linear_trend,exchange_2,2025-02-16 00:00:00,5.117453481402555,5.179360660199674
synthetic_exchange,economics,linear_trend,exchange_2,2025-02-17 00:00:00,5.189999999999998,5.18935429860962
synthetic_exchange,economics,linear_trend,exchange_2,2025-02-18 00:00:00,5.262546518597439,5.199347937019567
synthetic_exchange,economics,linear_trend,exchange_2,2025-02-19 00:00:00,5.287994232974547,5.209341575429515
synthetic_exchange,economics,linear_trend,exchange_2,2025-02-20 00:00:00,5.254710699129402,5.219335213839462
synthetic_exchange,economics,linear_trend,exchange_2,2025-02-21 00:00:00,5.195289300870594,5.229328852249409
synthetic_exchange,economics,linear_trend,exchange_2,2025-02-22 00:00:00,5.162005767025453,5.239322490659356
synthetic_exchange,economics,linear_trend,exchange_2,2025-02-23 00:00:00,5.1874534814025575,5.249316129069303
synthetic_exchange,economics,ridge_ar,exchange_0,2025-02-12 00:00:00,5.157994232974546,5.167974686493321
synthetic_exchange,economics,ridge_ar,exchange_0,2025-02-13 00:00:00,5.124710699129404,5.083189301503777
synthetic_exchange,economics,ridge_ar,exchange_0,2025-02-14 00:00:00,5.065289300870597,5.117555536327197
synthetic_exchange,economics,ridge_ar,exchange_0,2025-02-15 00:00:00,5.0320057670254545,5.007082288235507
synthetic_exchange,economics,ridge_ar,exchange_0,2025-02-16 00:00:00,5.057453481402556,5.026734403528544
synthetic_exchange,economics,ridge_ar,exchange_0,2025-02-17 00:00:00,5.129999999999998,5.099755982911248
synthetic_exchange,economics,ridge_ar,exchange_0,2025-02-18 00:00:00,5.2025465185974396,5.244458516520384
synthetic_exchange,economics,ridge_ar,exchange_0,2025-02-19 00:00:00,5.227994232974547,5.099521675800375
synthetic_exchange,economics,ridge_ar,exchange_0,2025-02-20 00:00:00,5.194710699129402,5.362938165545842
synthetic_exchange,economics,ridge_ar,exchange_0,2025-02-21 00:00:00,5.135289300870594,4.533954766214148
synthetic_exchange,economics,ridge_ar,exchange_0,2025-02-22 00:00:00,5.102005767025453,2.278898384789731
synthetic_exchange,economics,ridge_ar,exchange_0,2025-02-23 00:00:00,5.127453481402558,-18.567679347809502
synthetic_exchange,economics,ridge_ar,exchange_1,2025-02-12 00:00:00,5.187994232974546,5.197974686493322
synthetic_exchange,economics,ridge_ar,exchange_1,2025-02-13 00:00:00,5.154710699129404,5.113189301503775
synthetic_exchange,economics,ridge_ar,exchange_1,2025-02-14 00:00:00,5.095289300870597,5.1475555363272
synthetic_exchange,economics,ridge_ar,exchange_1,2025-02-15 00:00:00,5.062005767025455,5.037082288235505
synthetic_exchange,economics,ridge_ar,exchange_1,2025-02-16 00:00:00,5.087453481402556,5.056734403528541
synthetic_exchange,economics,ridge_ar,exchange_1,2025-02-17 00:00:00,5.159999999999998,5.129755982911246
synthetic_exchange,economics,ridge_ar,exchange_1,2025-02-18 00:00:00,5.23254651859744,5.2744585165203866
synthetic_exchange,economics,ridge_ar,exchange_1,2025-02-19 00:00:00,5.257994232974547,5.129521675800365
synthetic_exchange,economics,ridge_ar,exchange_1,2025-02-20 00:00:00,5.224710699129402,5.392938165545843
synthetic_exchange,economics,ridge_ar,exchange_1,2025-02-21 00:00:00,5.165289300870595,4.563954766214143
synthetic_exchange,economics,ridge_ar,exchange_1,2025-02-22 00:00:00,5.132005767025453,2.308898384789692
synthetic_exchange,economics,ridge_ar,exchange_1,2025-02-23 00:00:00,5.157453481402558,-18.537679347809874
synthetic_exchange,economics,ridge_ar,exchange_2,2025-02-12 00:00:00,5.2179942329745455,5.227974686493318
synthetic_exchange,economics,ridge_ar,exchange_2,2025-02-13 00:00:00,5.184710699129403,5.143189301503783
synthetic_exchange,economics,ridge_ar,exchange_2,2025-02-14 00:00:00,5.125289300870596,5.177555536327191
synthetic_exchange,economics,ridge_ar,exchange_2,2025-02-15 00:00:00,5.092005767025454,5.067082288235516
synthetic_exchange,economics,ridge_ar,exchange_2,2025-02-16 00:00:00,5.117453481402555,5.0867344035285535
synthetic_exchange,economics,ridge_ar,exchange_2,2025-02-17 00:00:00,5.189999999999998,5.159755982911253
synthetic_exchange,economics,ridge_ar,exchange_2,2025-02-18 00:00:00,5.262546518597439,5.304458516520379
synthetic_exchange,economics,ridge_ar,exchange_2,2025-02-19 00:00:00,5.287994232974547,5.159521675800397
synthetic_exchange,economics,ridge_ar,exchange_2,2025-02-20 00:00:00,5.254710699129402,5.422938165545846
synthetic_exchange,economics,ridge_ar,exchange_2,2025-02-21 00:00:00,5.195289300870594,4.593954766214138
synthetic_exchange,economics,ridge_ar,exchange_2,2025-02-22 00:00:00,5.162005767025453,2.3388983847896436
synthetic_exchange,economics,ridge_ar,exchange_2,2025-02-23 00:00:00,5.1874534814025575,-18.50767934781036
synthetic_exchange,economics,hist_gradient_boosting_ar,exchange_0,2025-02-12 00:00:00,5.157994232974546,5.079801179984829
synthetic_exchange,economics,hist_gradient_boosting_ar,exchange_0,2025-02-13 00:00:00,5.124710699129404,5.078749154760538
synthetic_exchange,economics,hist_gradient_boosting_ar,exchange_0,2025-02-14 00:00:00,5.065289300870597,5.079801179984829
synthetic_exchange,economics,hist_gradient_boosting_ar,exchange_0,2025-02-15 00:00:00,5.0320057670254545,5.079801179984829
synthetic_exchange,economics,hist_gradient_boosting_ar,exchange_0,2025-02-16 00:00:00,5.057453481402556,5.079801179984829
synthetic_exchange,economics,hist_gradient_boosting_ar,exchange_0,2025-02-17 00:00:00,5.129999999999998,5.079801179984829
synthetic_exchange,economics,hist_gradient_boosting_ar,exchange_0,2025-02-18 00:00:00,5.2025465185974396,5.079801179984829
synthetic_exchange,economics,hist_gradient_boosting_ar,exchange_0,2025-02-19 00:00:00,5.227994232974547,5.079801179984829
synthetic_exchange,economics,hist_gradient_boosting_ar,exchange_0,2025-02-20 00:00:00,5.194710699129402,5.079801179984829
synthetic_exchange,economics,hist_gradient_boosting_ar,exchange_0,2025-02-21 00:00:00,5.135289300870594,5.079801179984829
synthetic_exchange,economics,hist_gradient_boosting_ar,exchange_0,2025-02-22 00:00:00,5.102005767025453,5.079801179984829
synthetic_exchange,economics,hist_gradient_boosting_ar,exchange_0,2025-02-23 00:00:00,5.127453481402558,5.079801179984829
synthetic_exchange,economics,hist_gradient_boosting_ar,exchange_1,2025-02-12 00:00:00,5.187994232974546,5.10980117998483
synthetic_exchange,economics,hist_gradient_boosting_ar,exchange_1,2025-02-13 00:00:00,5.154710699129404,5.108749154760539
synthetic_exchange,economics,hist_gradient_boosting_ar,exchange_1,2025-02-14 00:00:00,5.095289300870597,5.10980117998483
synthetic_exchange,economics,hist_gradient_boosting_ar,exchange_1,2025-02-15 00:00:00,5.062005767025455,5.10980117998483
synthetic_exchange,economics,hist_gradient_boosting_ar,exchange_1,2025-02-16 00:00:00,5.087453481402556,5.10980117998483
synthetic_exchange,economics,hist_gradient_boosting_ar,exchange_1,2025-02-17 00:00:00,5.159999999999998,5.10980117998483
synthetic_exchange,economics,hist_gradient_boosting_ar,exchange_1,2025-02-18 00:00:00,5.23254651859744,5.10980117998483
synthetic_exchange,economics,hist_gradient_boosting_ar,exchange_1,2025-02-19 00:00:00,5.257994232974547,5.10980117998483
synthetic_exchange,economics,hist_gradient_boosting_ar,exchange_1,2025-02-20 00:00:00,5.224710699129402,5.10980117998483
synthetic_exchange,economics,hist_gradient_boosting_ar,exchange_1,2025-02-21 00:00:00,5.165289300870595,5.10980117998483
synthetic_exchange,economics,hist_gradient_boosting_ar,exchange_1,2025-02-22 00:00:00,5.132005767025453,5.10980117998483
synthetic_exchange,economics,hist_gradient_boosting_ar,exchange_1,2025-02-23 00:00:00,5.157453481402558,5.10980117998483
synthetic_exchange,economics,hist_gradient_boosting_ar,exchange_2,2025-02-12 00:00:00,5.2179942329745455,5.139801179984828
synthetic_exchange,economics,hist_gradient_boosting_ar,exchange_2,2025-02-13 00:00:00,5.184710699129403,5.1387491547605375
synthetic_exchange,economics,hist_gradient_boosting_ar,exchange_2,2025-02-14 00:00:00,5.125289300870596,5.139801179984828
synthetic_exchange,economics,hist_gradient_boosting_ar,exchange_2,2025-02-15 00:00:00,5.092005767025454,5.139801179984828
synthetic_exchange,economics,hist_gradient_boosting_ar,exchange_2,2025-02-16 00:00:00,5.117453481402555,5.139801179984828
synthetic_exchange,economics,hist_gradient_boosting_ar,exchange_2,2025-02-17 00:00:00,5.189999999999998,5.139801179984828
synthetic_exchange,economics,hist_gradient_boosting_ar,exchange_2,2025-02-18 00:00:00,5.262546518597439,5.139801179984828
synthetic_exchange,economics,hist_gradient_boosting_ar,exchange_2,2025-02-19 00:00:00,5.287994232974547,5.139801179984828
synthetic_exchange,economics,hist_gradient_boosting_ar,exchange_2,2025-02-20 00:00:00,5.254710699129402,5.139801179984828
synthetic_exchange,economics,hist_gradient_boosting_ar,exchange_2,2025-02-21 00:00:00,5.195289300870594,5.139801179984828
synthetic_exchange,economics,hist_gradient_boosting_ar,exchange_2,2025-02-22 00:00:00,5.162005767025453,5.139801179984828
synthetic_exchange,economics,hist_gradient_boosting_ar,exchange_2,2025-02-23 00:00:00,5.1874534814025575,5.139801179984828
synthetic_exchange,economics,lightgbm_ar,exchange_0,2025-02-12 00:00:00,5.157994232974546,5.074751322726022
synthetic_exchange,economics,lightgbm_ar,exchange_0,2025-02-13 00:00:00,5.124710699129404,5.056764628998896
synthetic_exchange,economics,lightgbm_ar,exchange_0,2025-02-14 00:00:00,5.065289300870597,5.056764628998896
synthetic_exchange,economics,lightgbm_ar,exchange_0,2025-02-15 00:00:00,5.0320057670254545,5.076308386013277
synthetic_exchange,economics,lightgbm_ar,exchange_0,2025-02-16 00:00:00,5.057453481402556,5.076308386013277
synthetic_exchange,economics,lightgbm_ar,exchange_0,2025-02-17 00:00:00,5.129999999999998,5.076308386013277
synthetic_exchange,economics,lightgbm_ar,exchange_0,2025-02-18 00:00:00,5.2025465185974396,5.076308386013277
synthetic_exchange,economics,lightgbm_ar,exchange_0,2025-02-19 00:00:00,5.227994232974547,5.076308386013277
synthetic_exchange,economics,lightgbm_ar,exchange_0,2025-02-20 00:00:00,5.194710699129402,5.076308386013277
synthetic_exchange,economics,lightgbm_ar,exchange_0,2025-02-21 00:00:00,5.135289300870594,5.076308386013277
synthetic_exchange,economics,lightgbm_ar,exchange_0,2025-02-22 00:00:00,5.102005767025453,5.076308386013277
synthetic_exchange,economics,lightgbm_ar,exchange_0,2025-02-23 00:00:00,5.127453481402558,5.076308386013277
synthetic_exchange,economics,lightgbm_ar,exchange_1,2025-02-12 00:00:00,5.187994232974546,5.104751322726022
synthetic_exchange,economics,lightgbm_ar,exchange_1,2025-02-13 00:00:00,5.154710699129404,5.086764628998896
synthetic_exchange,economics,lightgbm_ar,exchange_1,2025-02-14 00:00:00,5.095289300870597,5.086764628998896
synthetic_exchange,economics,lightgbm_ar,exchange_1,2025-02-15 00:00:00,5.062005767025455,5.106308386013278
synthetic_exchange,economics,lightgbm_ar,exchange_1,2025-02-16 00:00:00,5.087453481402556,5.106308386013278
synthetic_exchange,economics,lightgbm_ar,exchange_1,2025-02-17 00:00:00,5.159999999999998,5.106308386013278
synthetic_exchange,economics,lightgbm_ar,exchange_1,2025-02-18 00:00:00,5.23254651859744,5.106308386013278
synthetic_exchange,economics,lightgbm_ar,exchange_1,2025-02-19 00:00:00,5.257994232974547,5.106308386013278
synthetic_exchange,economics,lightgbm_ar,exchange_1,2025-02-20 00:00:00,5.224710699129402,5.106308386013278
synthetic_exchange,economics,lightgbm_ar,exchange_1,2025-02-21 00:00:00,5.165289300870595,5.106308386013278
synthetic_exchange,economics,lightgbm_ar,exchange_1,2025-02-22 00:00:00,5.132005767025453,5.106308386013278
synthetic_exchange,economics,lightgbm_ar,exchange_1,2025-02-23 00:00:00,5.157453481402558,5.106308386013278
synthetic_exchange,economics,lightgbm_ar,exchange_2,2025-02-12 00:00:00,5.2179942329745455,5.1347513227260215
synthetic_exchange,economics,lightgbm_ar,exchange_2,2025-02-13 00:00:00,5.184710699129403,5.116764628998895
synthetic_exchange,economics,lightgbm_ar,exchange_2,2025-02-14 00:00:00,5.125289300870596,5.116764628998895
synthetic_exchange,economics,lightgbm_ar,exchange_2,2025-02-15 00:00:00,5.092005767025454,5.136308386013276
synthetic_exchange,economics,lightgbm_ar,exchange_2,2025-02-16 00:00:00,5.117453481402555,5.136308386013276
synthetic_exchange,economics,lightgbm_ar,exchange_2,2025-02-17 00:00:00,5.189999999999998,5.136308386013276
synthetic_exchange,economics,lightgbm_ar,exchange_2,2025-02-18 00:00:00,5.262546518597439,5.136308386013276
synthetic_exchange,economics,lightgbm_ar,exchange_2,2025-02-19 00:00:00,5.287994232974547,5.136308386013276
synthetic_exchange,economics,lightgbm_ar,exchange_2,2025-02-20 00:00:00,5.254710699129402,5.136308386013276
synthetic_exchange,economics,lightgbm_ar,exchange_2,2025-02-21 00:00:00,5.195289300870594,5.136308386013276
synthetic_exchange,economics,lightgbm_ar,exchange_2,2025-02-22 00:00:00,5.162005767025453,5.136308386013276
synthetic_exchange,economics,lightgbm_ar,exchange_2,2025-02-23 00:00:00,5.1874534814025575,5.136308386013276
synthetic_exchange,economics,xgboost_ar,exchange_0,2025-02-12 00:00:00,5.157994232974546,5.098586428346588
synthetic_exchange,economics,xgboost_ar,exchange_0,2025-02-13 00:00:00,5.124710699129404,5.081805258380449
synthetic_exchange,economics,xgboost_ar,exchange_0,2025-02-14 00:00:00,5.065289300870597,5.06685735001035
synthetic_exchange,economics,xgboost_ar,exchange_0,2025-02-15 00:00:00,5.0320057670254545,5.0785326531338635
synthetic_exchange,economics,xgboost_ar,exchange_0,2025-02-16 00:00:00,5.057453481402556,5.087543053236393
synthetic_exchange,economics,xgboost_ar,exchange_0,2025-02-17 00:00:00,5.129999999999998,5.0885261556135895
synthetic_exchange,economics,xgboost_ar,exchange_0,2025-02-18 00:00:00,5.2025465185974396,5.085909106819852
synthetic_exchange,economics,xgboost_ar,exchange_0,2025-02-19 00:00:00,5.227994232974547,5.0939689268355455
synthetic_exchange,economics,xgboost_ar,exchange_0,2025-02-20 00:00:00,5.194710699129402,5.0594986176540075
synthetic_exchange,economics,xgboost_ar,exchange_0,2025-02-21 00:00:00,5.135289300870594,5.075323101307366
synthetic_exchange,economics,xgboost_ar,exchange_0,2025-02-22 00:00:00,5.102005767025453,5.0785326531338635
synthetic_exchange,economics,xgboost_ar,exchange_0,2025-02-23 00:00:00,5.127453481402558,5.095114441548484
synthetic_exchange,economics,xgboost_ar,exchange_1,2025-02-12 00:00:00,5.187994232974546,5.128586428346589
synthetic_exchange,economics,xgboost_ar,exchange_1,2025-02-13 00:00:00,5.154710699129404,5.11180525838045
synthetic_exchange,economics,xgboost_ar,exchange_1,2025-02-14 00:00:00,5.095289300870597,5.0968573500103505
synthetic_exchange,economics,xgboost_ar,exchange_1,2025-02-15 00:00:00,5.062005767025455,5.108532653133865
synthetic_exchange,economics,xgboost_ar,exchange_1,2025-02-16 00:00:00,5.087453481402556,5.117543053236394
synthetic_exchange,economics,xgboost_ar,exchange_1,2025-02-17 00:00:00,5.159999999999998,5.118526155613591
synthetic_exchange,economics,xgboost_ar,exchange_1,2025-02-18 00:00:00,5.23254651859744,5.115909106819852
synthetic_exchange,economics,xgboost_ar,exchange_1,2025-02-19 00:00:00,5.257994232974547,5.123968926835547
synthetic_exchange,economics,xgboost_ar,exchange_1,2025-02-20 00:00:00,5.224710699129402,5.089498617654009
synthetic_exchange,economics,xgboost_ar,exchange_1,2025-02-21 00:00:00,5.165289300870595,5.105323101307366
synthetic_exchange,economics,xgboost_ar,exchange_1,2025-02-22 00:00:00,5.132005767025453,5.108532653133865
synthetic_exchange,economics,xgboost_ar,exchange_1,2025-02-23 00:00:00,5.157453481402558,5.125114441548484
synthetic_exchange,economics,xgboost_ar,exchange_2,2025-02-12 00:00:00,5.2179942329745455,5.158586428346587
synthetic_exchange,economics,xgboost_ar,exchange_2,2025-02-13 00:00:00,5.184710699129403,5.141805258380448
synthetic_exchange,economics,xgboost_ar,exchange_2,2025-02-14 00:00:00,5.125289300870596,5.126857350010349
synthetic_exchange,economics,xgboost_ar,exchange_2,2025-02-15 00:00:00,5.092005767025454,5.138532653133863
synthetic_exchange,economics,xgboost_ar,exchange_2,2025-02-16 00:00:00,5.117453481402555,5.147543053236393
synthetic_exchange,economics,xgboost_ar,exchange_2,2025-02-17 00:00:00,5.189999999999998,5.148526155613589
synthetic_exchange,economics,xgboost_ar,exchange_2,2025-02-18 00:00:00,5.262546518597439,5.14590910681985
synthetic_exchange,economics,xgboost_ar,exchange_2,2025-02-19 00:00:00,5.287994232974547,5.153968926835545
synthetic_exchange,economics,xgboost_ar,exchange_2,2025-02-20 00:00:00,5.254710699129402,5.119498617654007
synthetic_exchange,economics,xgboost_ar,exchange_2,2025-02-21 00:00:00,5.195289300870594,5.135323101307365
synthetic_exchange,economics,xgboost_ar,exchange_2,2025-02-22 00:00:00,5.162005767025453,5.138532653133863
synthetic_exchange,economics,xgboost_ar,exchange_2,2025-02-23 00:00:00,5.1874534814025575,5.155114441548482
synthetic_exchange,economics,tabpfn_ts,exchange_0,2025-02-12 00:00:00,5.157994232974546,5.140713214874268
synthetic_exchange,economics,tabpfn_ts,exchange_0,2025-02-13 00:00:00,5.124710699129404,5.127207279205322
synthetic_exchange,economics,tabpfn_ts,exchange_0,2025-02-14 00:00:00,5.065289300870597,5.061701774597168
synthetic_exchange,economics,tabpfn_ts,exchange_0,2025-02-15 00:00:00,5.0320057670254545,5.0519609451293945
synthetic_exchange,economics,tabpfn_ts,exchange_0,2025-02-16 00:00:00,5.057453481402556,5.075497150421143
synthetic_exchange,economics,tabpfn_ts,exchange_0,2025-02-17 00:00:00,5.129999999999998,5.116063594818115
synthetic_exchange,economics,tabpfn_ts,exchange_0,2025-02-18 00:00:00,5.2025465185974396,5.168286323547363
synthetic_exchange,economics,tabpfn_ts,exchange_0,2025-02-19 00:00:00,5.227994232974547,5.194613456726074
synthetic_exchange,economics,tabpfn_ts,exchange_0,2025-02-20 00:00:00,5.194710699129402,5.176485538482666
synthetic_exchange,economics,tabpfn_ts,exchange_0,2025-02-21 00:00:00,5.135289300870594,5.112006187438965
synthetic_exchange,economics,tabpfn_ts,exchange_0,2025-02-22 00:00:00,5.102005767025453,5.104276180267334
synthetic_exchange,economics,tabpfn_ts,exchange_0,2025-02-23 00:00:00,5.127453481402558,5.127140045166016
synthetic_exchange,economics,tabpfn_ts,exchange_1,2025-02-12 00:00:00,5.187994232974546,5.170713424682617
synthetic_exchange,economics,tabpfn_ts,exchange_1,2025-02-13 00:00:00,5.154710699129404,5.157207489013672
synthetic_exchange,economics,tabpfn_ts,exchange_1,2025-02-14 00:00:00,5.095289300870597,5.091701984405518
synthetic_exchange,economics,tabpfn_ts,exchange_1,2025-02-15 00:00:00,5.062005767025455,5.081961154937744
synthetic_exchange,economics,tabpfn_ts,exchange_1,2025-02-16 00:00:00,5.087453481402556,5.10549783706665
synthetic_exchange,economics,tabpfn_ts,exchange_1,2025-02-17 00:00:00,5.159999999999998,5.146063804626465
synthetic_exchange,economics,tabpfn_ts,exchange_1,2025-02-18 00:00:00,5.23254651859744,5.198286533355713
synthetic_exchange,economics,tabpfn_ts,exchange_1,2025-02-19 00:00:00,5.257994232974547,5.224613666534424
synthetic_exchange,economics,tabpfn_ts,exchange_1,2025-02-20 00:00:00,5.224710699129402,5.206485748291016
synthetic_exchange,economics,tabpfn_ts,exchange_1,2025-02-21 00:00:00,5.165289300870595,5.1420063972473145
synthetic_exchange,economics,tabpfn_ts,exchange_1,2025-02-22 00:00:00,5.132005767025453,5.134276390075684
synthetic_exchange,economics,tabpfn_ts,exchange_1,2025-02-23 00:00:00,5.157453481402558,5.157140254974365
synthetic_exchange,economics,tabpfn_ts,exchange_2,2025-02-12 00:00:00,5.2179942329745455,5.200713634490967
synthetic_exchange,economics,tabpfn_ts,exchange_2,2025-02-13 00:00:00,5.184710699129403,5.1872076988220215
synthetic_exchange,economics,tabpfn_ts,exchange_2,2025-02-14 00:00:00,5.125289300870596,5.121702194213867
synthetic_exchange,economics,tabpfn_ts,exchange_2,2025-02-15 00:00:00,5.092005767025454,5.111961364746094
synthetic_exchange,economics,tabpfn_ts,exchange_2,2025-02-16 00:00:00,5.117453481402555,5.135497570037842
synthetic_exchange,economics,tabpfn_ts,exchange_2,2025-02-17 00:00:00,5.189999999999998,5.1760640144348145
synthetic_exchange,economics,tabpfn_ts,exchange_2,2025-02-18 00:00:00,5.262546518597439,5.2282867431640625
synthetic_exchange,economics,tabpfn_ts,exchange_2,2025-02-19 00:00:00,5.287994232974547,5.254613876342773
synthetic_exchange,economics,tabpfn_ts,exchange_2,2025-02-20 00:00:00,5.254710699129402,5.236485958099365
synthetic_exchange,economics,tabpfn_ts,exchange_2,2025-02-21 00:00:00,5.195289300870594,5.172006607055664
synthetic_exchange,economics,tabpfn_ts,exchange_2,2025-02-22 00:00:00,5.162005767025453,5.164276599884033
synthetic_exchange,economics,tabpfn_ts,exchange_2,2025-02-23 00:00:00,5.1874534814025575,5.187140464782715
stock_provided,finance,dummy_mean,0002.HK_1h,2026-03-19 11:30:00,73.75,74.87682290871938
stock_provided,finance,dummy_mean,0002.HK_1h,2026-03-19 12:30:00,73.5999984741211,74.87682290871938
stock_provided,finance,dummy_mean,0002.HK_1h,2026-03-19 13:30:00,73.55000305175781,74.87682290871938
stock_provided,finance,dummy_mean,0002.HK_1h,2026-03-19 14:30:00,73.75,74.87682290871938
stock_provided,finance,dummy_mean,0002.HK_1h,2026-03-19 15:30:00,73.75,74.87682290871938
stock_provided,finance,dummy_mean,0002.HK_1h,2026-03-20 09:30:00,73.5999984741211,74.87682290871938
stock_provided,finance,dummy_mean,0002.HK_1h,2026-03-20 10:30:00,73.55000305175781,74.87682290871938
stock_provided,finance,dummy_mean,0002.HK_1h,2026-03-20 11:30:00,73.6500015258789,74.87682290871938
stock_provided,finance,dummy_mean,0002.HK_1h,2026-03-20 12:30:00,73.55000305175781,74.87682290871938
stock_provided,finance,dummy_mean,0002.HK_1h,2026-03-20 13:30:00,73.5,74.87682290871938
stock_provided,finance,dummy_mean,0002.HK_1h,2026-03-20 14:30:00,73.6500015258789,74.87682290871938
stock_provided,finance,dummy_mean,0002.HK_1h,2026-03-20 15:30:00,73.5999984741211,74.87682290871938
stock_provided,finance,dummy_mean,0003.HK_1h,2026-03-19 11:30:00,7.360000133514404,7.53848959505558
stock_provided,finance,dummy_mean,0003.HK_1h,2026-03-19 12:30:00,7.380000114440918,7.53848959505558
stock_provided,finance,dummy_mean,0003.HK_1h,2026-03-19 13:30:00,7.389999866485596,7.53848959505558
stock_provided,finance,dummy_mean,0003.HK_1h,2026-03-19 14:30:00,7.389999866485596,7.53848959505558
stock_provided,finance,dummy_mean,0003.HK_1h,2026-03-19 15:30:00,7.420000076293945,7.53848959505558
stock_provided,finance,dummy_mean,0003.HK_1h,2026-03-20 09:30:00,7.389999866485596,7.53848959505558
stock_provided,finance,dummy_mean,0003.HK_1h,2026-03-20 10:30:00,7.349999904632568,7.53848959505558
stock_provided,finance,dummy_mean,0003.HK_1h,2026-03-20 11:30:00,7.340000152587891,7.53848959505558
stock_provided,finance,dummy_mean,0003.HK_1h,2026-03-20 12:30:00,7.349999904632568,7.53848959505558
stock_provided,finance,dummy_mean,0003.HK_1h,2026-03-20 13:30:00,7.320000171661377,7.53848959505558
stock_provided,finance,dummy_mean,0003.HK_1h,2026-03-20 14:30:00,7.329999923706055,7.53848959505558
stock_provided,finance,dummy_mean,0003.HK_1h,2026-03-20 15:30:00,7.340000152587891,7.53848959505558
stock_provided,finance,dummy_mean,0006.HK_1h,2026-03-19 11:30:00,62.04999923706055,62.027864495913185
stock_provided,finance,dummy_mean,0006.HK_1h,2026-03-19 12:30:00,62.400001525878906,62.027864495913185
stock_provided,finance,dummy_mean,0006.HK_1h,2026-03-19 13:30:00,62.20000076293945,62.027864495913185
stock_provided,finance,dummy_mean,0006.HK_1h,2026-03-19 14:30:00,62.25,62.027864495913185
stock_provided,finance,dummy_mean,0006.HK_1h,2026-03-19 15:30:00,62.0,62.027864495913185
stock_provided,finance,dummy_mean,0006.HK_1h,2026-03-20 09:30:00,61.900001525878906,62.027864495913185
stock_provided,finance,dummy_mean,0006.HK_1h,2026-03-20 10:30:00,62.0,62.027864495913185
stock_provided,finance,dummy_mean,0006.HK_1h,2026-03-20 11:30:00,62.09999847412109,62.027864495913185
stock_provided,finance,dummy_mean,0006.HK_1h,2026-03-20 12:30:00,61.95000076293945,62.027864495913185
stock_provided,finance,dummy_mean,0006.HK_1h,2026-03-20 13:30:00,61.900001525878906,62.027864495913185
stock_provided,finance,dummy_mean,0006.HK_1h,2026-03-20 14:30:00,61.900001525878906,62.027864495913185
stock_provided,finance,dummy_mean,0006.HK_1h,2026-03-20 15:30:00,61.79999923706055,62.027864495913185
stock_provided,finance,seasonal_naive,0002.HK_1h,2026-03-19 11:30:00,73.75,73.25
stock_provided,finance,seasonal_naive,0002.HK_1h,2026-03-19 12:30:00,73.5999984741211,73.25
stock_provided,finance,seasonal_naive,0002.HK_1h,2026-03-19 13:30:00,73.55000305175781,73.44999694824219
stock_provided,finance,seasonal_naive,0002.HK_1h,2026-03-19 14:30:00,73.75,73.75
stock_provided,finance,seasonal_naive,0002.HK_1h,2026-03-19 15:30:00,73.75,73.80000305175781
stock_provided,finance,seasonal_naive,0002.HK_1h,2026-03-20 09:30:00,73.5999984741211,73.8499984741211
stock_provided,finance,seasonal_naive,0002.HK_1h,2026-03-20 10:30:00,73.55000305175781,74.0999984741211
stock_provided,finance,seasonal_naive,0002.HK_1h,2026-03-20 11:30:00,73.6500015258789,74.30000305175781
stock_provided,finance,seasonal_naive,0002.HK_1h,2026-03-20 12:30:00,73.55000305175781,74.0999984741211
stock_provided,finance,seasonal_naive,0002.HK_1h,2026-03-20 13:30:00,73.5,74.30000305175781
stock_provided,finance,seasonal_naive,0002.HK_1h,2026-03-20 14:30:00,73.6500015258789,73.94999694824219
stock_provided,finance,seasonal_naive,0002.HK_1h,2026-03-20 15:30:00,73.5999984741211,73.6500015258789
stock_provided,finance,seasonal_naive,0003.HK_1h,2026-03-19 11:30:00,7.360000133514404,7.260000228881836
stock_provided,finance,seasonal_naive,0003.HK_1h,2026-03-19 12:30:00,7.380000114440918,7.269999980926514
stock_provided,finance,seasonal_naive,0003.HK_1h,2026-03-19 13:30:00,7.389999866485596,7.260000228881836
stock_provided,finance,seasonal_naive,0003.HK_1h,2026-03-19 14:30:00,7.389999866485596,7.25
stock_provided,finance,seasonal_naive,0003.HK_1h,2026-03-19 15:30:00,7.420000076293945,7.239999771118164
stock_provided,finance,seasonal_naive,0003.HK_1h,2026-03-20 09:30:00,7.389999866485596,7.239999771118164
stock_provided,finance,seasonal_naive,0003.HK_1h,2026-03-20 10:30:00,7.349999904632568,7.269999980926514
stock_provided,finance,seasonal_naive,0003.HK_1h,2026-03-20 11:30:00,7.340000152587891,7.289999961853027
stock_provided,finance,seasonal_naive,0003.HK_1h,2026-03-20 12:30:00,7.349999904632568,7.300000190734863
stock_provided,finance,seasonal_naive,0003.HK_1h,2026-03-20 13:30:00,7.320000171661377,7.289999961853027
stock_provided,finance,seasonal_naive,0003.HK_1h,2026-03-20 14:30:00,7.329999923706055,7.340000152587891
stock_provided,finance,seasonal_naive,0003.HK_1h,2026-03-20 15:30:00,7.340000152587891,7.340000152587891
stock_provided,finance,seasonal_naive,0006.HK_1h,2026-03-19 11:30:00,62.04999923706055,61.5
stock_provided,finance,seasonal_naive,0006.HK_1h,2026-03-19 12:30:00,62.400001525878906,61.34999847412109
stock_provided,finance,seasonal_naive,0006.HK_1h,2026-03-19 13:30:00,62.20000076293945,61.45000076293945
stock_provided,finance,seasonal_naive,0006.HK_1h,2026-03-19 14:30:00,62.25,61.900001525878906
stock_provided,finance,seasonal_naive,0006.HK_1h,2026-03-19 15:30:00,62.0,61.84999847412109
stock_provided,finance,seasonal_naive,0006.HK_1h,2026-03-20 09:30:00,61.900001525878906,61.900001525878906
stock_provided,finance,seasonal_naive,0006.HK_1h,2026-03-20 10:30:00,62.0,62.20000076293945
stock_provided,finance,seasonal_naive,0006.HK_1h,2026-03-20 11:30:00,62.09999847412109,62.54999923706055
stock_provided,finance,seasonal_naive,0006.HK_1h,2026-03-20 12:30:00,61.95000076293945,62.25
stock_provided,finance,seasonal_naive,0006.HK_1h,2026-03-20 13:30:00,61.900001525878906,62.25
stock_provided,finance,seasonal_naive,0006.HK_1h,2026-03-20 14:30:00,61.900001525878906,62.45000076293945
stock_provided,finance,seasonal_naive,0006.HK_1h,2026-03-20 15:30:00,61.79999923706055,61.95000076293945
stock_provided,finance,moving_average,0002.HK_1h,2026-03-19 11:30:00,73.75,73.4895830154419
stock_provided,finance,moving_average,0002.HK_1h,2026-03-19 12:30:00,73.5999984741211,73.4895830154419
stock_provided,finance,moving_average,0002.HK_1h,2026-03-19 13:30:00,73.55000305175781,73.4895830154419
stock_provided,finance,moving_average,0002.HK_1h,2026-03-19 14:30:00,73.75,73.4895830154419
stock_provided,finance,moving_average,0002.HK_1h,2026-03-19 15:30:00,73.75,73.4895830154419
stock_provided,finance,moving_average,0002.HK_1h,2026-03-20 09:30:00,73.5999984741211,73.4895830154419
stock_provided,finance,moving_average,0002.HK_1h,2026-03-20 10:30:00,73.55000305175781,73.4895830154419
stock_provided,finance,moving_average,0002.HK_1h,2026-03-20 11:30:00,73.6500015258789,73.4895830154419
stock_provided,finance,moving_average,0002.HK_1h,2026-03-20 12:30:00,73.55000305175781,73.4895830154419
stock_provided,finance,moving_average,0002.HK_1h,2026-03-20 13:30:00,73.5,73.4895830154419
stock_provided,finance,moving_average,0002.HK_1h,2026-03-20 14:30:00,73.6500015258789,73.4895830154419
stock_provided,finance,moving_average,0002.HK_1h,2026-03-20 15:30:00,73.5999984741211,73.4895830154419
stock_provided,finance,moving_average,0003.HK_1h,2026-03-19 11:30:00,7.360000133514404,7.304166674613953
stock_provided,finance,moving_average,0003.HK_1h,2026-03-19 12:30:00,7.380000114440918,7.304166674613953
stock_provided,finance,moving_average,0003.HK_1h,2026-03-19 13:30:00,7.389999866485596,7.304166674613953
stock_provided,finance,moving_average,0003.HK_1h,2026-03-19 14:30:00,7.389999866485596,7.304166674613953
stock_provided,finance,moving_average,0003.HK_1h,2026-03-19 15:30:00,7.420000076293945,7.304166674613953
stock_provided,finance,moving_average,0003.HK_1h,2026-03-20 09:30:00,7.389999866485596,7.304166674613953
stock_provided,finance,moving_average,0003.HK_1h,2026-03-20 10:30:00,7.349999904632568,7.304166674613953
stock_provided,finance,moving_average,0003.HK_1h,2026-03-20 11:30:00,7.340000152587891,7.304166674613953
stock_provided,finance,moving_average,0003.HK_1h,2026-03-20 12:30:00,7.349999904632568,7.304166674613953
stock_provided,finance,moving_average,0003.HK_1h,2026-03-20 13:30:00,7.320000171661377,7.304166674613953
stock_provided,finance,moving_average,0003.HK_1h,2026-03-20 14:30:00,7.329999923706055,7.304166674613953
stock_provided,finance,moving_average,0003.HK_1h,2026-03-20 15:30:00,7.340000152587891,7.304166674613953
stock_provided,finance,moving_average,0006.HK_1h,2026-03-19 11:30:00,62.04999923706055,61.633333365122475
stock_provided,finance,moving_average,0006.HK_1h,2026-03-19 12:30:00,62.400001525878906,61.633333365122475
stock_provided,finance,moving_average,0006.HK_1h,2026-03-19 13:30:00,62.20000076293945,61.633333365122475
stock_provided,finance,moving_average,0006.HK_1h,2026-03-19 14:30:00,62.25,61.633333365122475
stock_provided,finance,moving_average,0006.HK_1h,2026-03-19 15:30:00,62.0,61.633333365122475
stock_provided,finance,moving_average,0006.HK_1h,2026-03-20 09:30:00,61.900001525878906,61.633333365122475
stock_provided,finance,moving_average,0006.HK_1h,2026-03-20 10:30:00,62.0,61.633333365122475
stock_provided,finance,moving_average,0006.HK_1h,2026-03-20 11:30:00,62.09999847412109,61.633333365122475
stock_provided,finance,moving_average,0006.HK_1h,2026-03-20 12:30:00,61.95000076293945,61.633333365122475
stock_provided,finance,moving_average,0006.HK_1h,2026-03-20 13:30:00,61.900001525878906,61.633333365122475
stock_provided,finance,moving_average,0006.HK_1h,2026-03-20 14:30:00,61.900001525878906,61.633333365122475
stock_provided,finance,moving_average,0006.HK_1h,2026-03-20 15:30:00,61.79999923706055,61.633333365122475
stock_provided,finance,linear_trend,0002.HK_1h,2026-03-19 11:30:00,73.75,73.28125226643283
stock_provided,finance,linear_trend,0002.HK_1h,2026-03-19 12:30:00,73.5999984741211,73.26471785563193
stock_provided,finance,linear_trend,0002.HK_1h,2026-03-19 13:30:00,73.55000305175781,73.24818344483103
stock_provided,finance,linear_trend,0002.HK_1h,2026-03-19 14:30:00,73.75,73.23164903403014
stock_provided,finance,linear_trend,0002.HK_1h,2026-03-19 15:30:00,73.75,73.21511462322924
stock_provided,finance,linear_trend,0002.HK_1h,2026-03-20 09:30:00,73.5999984741211,73.19858021242834
stock_provided,finance,linear_trend,0002.HK_1h,2026-03-20 10:30:00,73.55000305175781,73.18204580162745
stock_provided,finance,linear_trend,0002.HK_1h,2026-03-20 11:30:00,73.6500015258789,73.16551139082655
stock_provided,finance,linear_trend,0002.HK_1h,2026-03-20 12:30:00,73.55000305175781,73.14897698002565
stock_provided,finance,linear_trend,0002.HK_1h,2026-03-20 13:30:00,73.5,73.13244256922475
stock_provided,finance,linear_trend,0002.HK_1h,2026-03-20 14:30:00,73.6500015258789,73.11590815842386
stock_provided,finance,linear_trend,0002.HK_1h,2026-03-20 15:30:00,73.5999984741211,73.09937374762296
stock_provided,finance,linear_trend,0003.HK_1h,2026-03-19 11:30:00,7.360000133514404,7.383711281871295
stock_provided,finance,linear_trend,0003.HK_1h,2026-03-19 12:30:00,7.380000114440918,7.382107361527416
stock_provided,finance,linear_trend,0003.HK_1h,2026-03-19 13:30:00,7.389999866485596,7.380503441183539
stock_provided,finance,linear_trend,0003.HK_1h,2026-03-19 14:30:00,7.389999866485596,7.37889952083966
stock_provided,finance,linear_trend,0003.HK_1h,2026-03-19 15:30:00,7.420000076293945,7.377295600495781
stock_provided,finance,linear_trend,0003.HK_1h,2026-03-20 09:30:00,7.389999866485596,7.375691680151903
stock_provided,finance,linear_trend,0003.HK_1h,2026-03-20 10:30:00,7.349999904632568,7.374087759808024
stock_provided,finance,linear_trend,0003.HK_1h,2026-03-20 11:30:00,7.340000152587891,7.372483839464145
stock_provided,finance,linear_trend,0003.HK_1h,2026-03-20 12:30:00,7.349999904632568,7.3708799191202665
stock_provided,finance,linear_trend,0003.HK_1h,2026-03-20 13:30:00,7.320000171661377,7.369275998776388
stock_provided,finance,linear_trend,0003.HK_1h,2026-03-20 14:30:00,7.329999923706055,7.367672078432509
stock_provided,finance,linear_trend,0003.HK_1h,2026-03-20 15:30:00,7.340000152587891,7.3660681580886305
stock_provided,finance,linear_trend,0006.HK_1h,2026-03-19 11:30:00,62.04999923706055,62.22179046455269
stock_provided,finance,linear_trend,0006.HK_1h,2026-03-19 12:30:00,62.400001525878906,62.22380006008264
stock_provided,finance,linear_trend,0006.HK_1h,2026-03-19 13:30:00,62.20000076293945,62.22580965561258
stock_provided,finance,linear_trend,0006.HK_1h,2026-03-19 14:30:00,62.25,62.22781925114252
stock_provided,finance,linear_trend,0006.HK_1h,2026-03-19 15:30:00,62.0,62.22982884667247
stock_provided,finance,linear_trend,0006.HK_1h,2026-03-20 09:30:00,61.900001525878906,62.23183844220241
stock_provided,finance,linear_trend,0006.HK_1h,2026-03-20 10:30:00,62.0,62.23384803773235
stock_provided,finance,linear_trend,0006.HK_1h,2026-03-20 11:30:00,62.09999847412109,62.23585763326229
stock_provided,finance,linear_trend,0006.HK_1h,2026-03-20 12:30:00,61.95000076293945,62.23786722879224
stock_provided,finance,linear_trend,0006.HK_1h,2026-03-20 13:30:00,61.900001525878906,62.23987682432218
stock_provided,finance,linear_trend,0006.HK_1h,2026-03-20 14:30:00,61.900001525878906,62.24188641985212
stock_provided,finance,linear_trend,0006.HK_1h,2026-03-20 15:30:00,61.79999923706055,62.24389601538207
stock_provided,finance,ridge_ar,0002.HK_1h,2026-03-19 11:30:00,73.75,73.63694132700049
stock_provided,finance,ridge_ar,0002.HK_1h,2026-03-19 12:30:00,73.5999984741211,73.6790058849752
stock_provided,finance,ridge_ar,0002.HK_1h,2026-03-19 13:30:00,73.55000305175781,73.72878071179751
stock_provided,finance,ridge_ar,0002.HK_1h,2026-03-19 14:30:00,73.75,73.7762862048559
stock_provided,finance,ridge_ar,0002.HK_1h,2026-03-19 15:30:00,73.75,73.83884240101203
stock_provided,finance,ridge_ar,0002.HK_1h,2026-03-20 09:30:00,73.5999984741211,73.88616926652904
stock_provided,finance,ridge_ar,0002.HK_1h,2026-03-20 10:30:00,73.55000305175781,73.93041052410159
stock_provided,finance,ridge_ar,0002.HK_1h,2026-03-20 11:30:00,73.6500015258789,73.9688611014076
stock_provided,finance,ridge_ar,0002.HK_1h,2026-03-20 12:30:00,73.55000305175781,73.99993853211573
stock_provided,finance,ridge_ar,0002.HK_1h,2026-03-20 13:30:00,73.5,74.03801193218447
stock_provided,finance,ridge_ar,0002.HK_1h,2026-03-20 14:30:00,73.6500015258789,74.0777038092774
stock_provided,finance,ridge_ar,0002.HK_1h,2026-03-20 15:30:00,73.5999984741211,74.12251875972572
stock_provided,finance,ridge_ar,0003.HK_1h,2026-03-19 11:30:00,7.360000133514404,7.338419889036105
stock_provided,finance,ridge_ar,0003.HK_1h,2026-03-19 12:30:00,7.380000114440918,7.339605619845528
stock_provided,finance,ridge_ar,0003.HK_1h,2026-03-19 13:30:00,7.389999866485596,7.343946803532106
stock_provided,finance,ridge_ar,0003.HK_1h,2026-03-19 14:30:00,7.389999866485596,7.34697166684076
stock_provided,finance,ridge_ar,0003.HK_1h,2026-03-19 15:30:00,7.420000076293945,7.351246787035409
stock_provided,finance,ridge_ar,0003.HK_1h,2026-03-20 09:30:00,7.389999866485596,7.354320885083203
stock_provided,finance,ridge_ar,0003.HK_1h,2026-03-20 10:30:00,7.349999904632568,7.356637760826736
stock_provided,finance,ridge_ar,0003.HK_1h,2026-03-20 11:30:00,7.340000152587891,7.357924509505758
stock_provided,finance,ridge_ar,0003.HK_1h,2026-03-20 12:30:00,7.349999904632568,7.360403735766603
stock_provided,finance,ridge_ar,0003.HK_1h,2026-03-20 13:30:00,7.320000171661377,7.365133677971484
stock_provided,finance,ridge_ar,0003.HK_1h,2026-03-20 14:30:00,7.329999923706055,7.3684296479463045
stock_provided,finance,ridge_ar,0003.HK_1h,2026-03-20 15:30:00,7.340000152587891,7.3716661471109735
stock_provided,finance,ridge_ar,0006.HK_1h,2026-03-19 11:30:00,62.04999923706055,61.867212170699084
stock_provided,finance,ridge_ar,0006.HK_1h,2026-03-19 12:30:00,62.400001525878906,61.86608137877878
stock_provided,finance,ridge_ar,0006.HK_1h,2026-03-19 13:30:00,62.20000076293945,61.8779353548859
stock_provided,finance,ridge_ar,0006.HK_1h,2026-03-19 14:30:00,62.25,61.88502548805114
stock_provided,finance,ridge_ar,0006.HK_1h,2026-03-19 15:30:00,62.0,61.91848155396126
stock_provided,finance,ridge_ar,0006.HK_1h,2026-03-20 09:30:00,61.900001525878906,61.93713370013445
stock_provided,finance,ridge_ar,0006.HK_1h,2026-03-20 10:30:00,62.0,61.95818783460784
stock_provided,finance,ridge_ar,0006.HK_1h,2026-03-20 11:30:00,62.09999847412109,61.97242047126294
stock_provided,finance,ridge_ar,0006.HK_1h,2026-03-20 12:30:00,61.95000076293945,61.97305875411241
stock_provided,finance,ridge_ar,0006.HK_1h,2026-03-20 13:30:00,61.900001525878906,61.97934778504076
stock_provided,finance,ridge_ar,0006.HK_1h,2026-03-20 14:30:00,61.900001525878906,61.98045963521325
stock_provided,finance,ridge_ar,0006.HK_1h,2026-03-20 15:30:00,61.79999923706055,61.992700978713486
stock_provided,finance,hist_gradient_boosting_ar,0002.HK_1h,2026-03-19 11:30:00,73.75,73.63787344681708
stock_provided,finance,hist_gradient_boosting_ar,0002.HK_1h,2026-03-19 12:30:00,73.5999984741211,73.89397711748258
stock_provided,finance,hist_gradient_boosting_ar,0002.HK_1h,2026-03-19 13:30:00,73.55000305175781,73.91613948731616
stock_provided,finance,hist_gradient_boosting_ar,0002.HK_1h,2026-03-19 14:30:00,73.75,73.90621299038922
stock_provided,finance,hist_gradient_boosting_ar,0002.HK_1h,2026-03-19 15:30:00,73.75,73.83225938282443
stock_provided,finance,hist_gradient_boosting_ar,0002.HK_1h,2026-03-20 09:30:00,73.5999984741211,73.87908151327703
stock_provided,finance,hist_gradient_boosting_ar,0002.HK_1h,2026-03-20 10:30:00,73.55000305175781,73.85962620880292
stock_provided,finance,hist_gradient_boosting_ar,0002.HK_1h,2026-03-20 11:30:00,73.6500015258789,73.83177267912154
stock_provided,finance,hist_gradient_boosting_ar,0002.HK_1h,2026-03-20 12:30:00,73.55000305175781,73.91372779305199
stock_provided,finance,hist_gradient_boosting_ar,0002.HK_1h,2026-03-20 13:30:00,73.5,73.93990679565314
stock_provided,finance,hist_gradient_boosting_ar,0002.HK_1h,2026-03-20 14:30:00,73.6500015258789,73.91343246800854
stock_provided,finance,hist_gradient_boosting_ar,0002.HK_1h,2026-03-20 15:30:00,73.5999984741211,74.02632889878313
stock_provided,finance,hist_gradient_boosting_ar,0003.HK_1h,2026-03-19 11:30:00,7.360000133514404,7.3288926862103
stock_provided,finance,hist_gradient_boosting_ar,0003.HK_1h,2026-03-19 12:30:00,7.380000114440918,7.312838529547346
stock_provided,finance,hist_gradient_boosting_ar,0003.HK_1h,2026-03-19 13:30:00,7.389999866485596,7.309237624300265
stock_provided,finance,hist_gradient_boosting_ar,0003.HK_1h,2026-03-19 14:30:00,7.389999866485596,7.309237624300265
stock_provided,finance,hist_gradient_boosting_ar,0003.HK_1h,2026-03-19 15:30:00,7.420000076293945,7.309237624300265
stock_provided,finance,hist_gradient_boosting_ar,0003.HK_1h,2026-03-20 09:30:00,7.389999866485596,7.309237624300265
stock_provided,finance,hist_gradient_boosting_ar,0003.HK_1h,2026-03-20 10:30:00,7.349999904632568,7.309237624300265
stock_provided,finance,hist_gradient_boosting_ar,0003.HK_1h,2026-03-20 11:30:00,7.340000152587891,7.309237624300265
stock_provided,finance,hist_gradient_boosting_ar,0003.HK_1h,2026-03-20 12:30:00,7.349999904632568,7.309237624300265
stock_provided,finance,hist_gradient_boosting_ar,0003.HK_1h,2026-03-20 13:30:00,7.320000171661377,7.309237624300265
stock_provided,finance,hist_gradient_boosting_ar,0003.HK_1h,2026-03-20 14:30:00,7.329999923706055,7.309237624300265
stock_provided,finance,hist_gradient_boosting_ar,0003.HK_1h,2026-03-20 15:30:00,7.340000152587891,7.309237624300265
stock_provided,finance,hist_gradient_boosting_ar,0006.HK_1h,2026-03-19 11:30:00,62.04999923706055,61.57927617897873
stock_provided,finance,hist_gradient_boosting_ar,0006.HK_1h,2026-03-19 12:30:00,62.400001525878906,61.4295683098226
stock_provided,finance,hist_gradient_boosting_ar,0006.HK_1h,2026-03-19 13:30:00,62.20000076293945,61.42415034698062
stock_provided,finance,hist_gradient_boosting_ar,0006.HK_1h,2026-03-19 14:30:00,62.25,61.76377322357468
stock_provided,finance,hist_gradient_boosting_ar,0006.HK_1h,2026-03-19 15:30:00,62.0,61.75343820282987
stock_provided,finance,hist_gradient_boosting_ar,0006.HK_1h,2026-03-20 09:30:00,61.900001525878906,61.691689527011995
stock_provided,finance,hist_gradient_boosting_ar,0006.HK_1h,2026-03-20 10:30:00,62.0,61.57588885709881
stock_provided,finance,hist_gradient_boosting_ar,0006.HK_1h,2026-03-20 11:30:00,62.09999847412109,61.616809902913054
stock_provided,finance,hist_gradient_boosting_ar,0006.HK_1h,2026-03-20 12:30:00,61.95000076293945,61.52316561470077
stock_provided,finance,hist_gradient_boosting_ar,0006.HK_1h,2026-03-20 13:30:00,61.900001525878906,61.58489502481203
stock_provided,finance,hist_gradient_boosting_ar,0006.HK_1h,2026-03-20 14:30:00,61.900001525878906,61.70611500834215
stock_provided,finance,hist_gradient_boosting_ar,0006.HK_1h,2026-03-20 15:30:00,61.79999923706055,61.560433499213794
stock_provided,finance,lightgbm_ar,0002.HK_1h,2026-03-19 11:30:00,73.75,73.59211580575922
stock_provided,finance,lightgbm_ar,0002.HK_1h,2026-03-19 12:30:00,73.5999984741211,73.60080514601243
stock_provided,finance,lightgbm_ar,0002.HK_1h,2026-03-19 13:30:00,73.55000305175781,73.62684483207957
stock_provided,finance,lightgbm_ar,0002.HK_1h,2026-03-19 14:30:00,73.75,73.70965444735063
stock_provided,finance,lightgbm_ar,0002.HK_1h,2026-03-19 15:30:00,73.75,73.80893577887876
stock_provided,finance,lightgbm_ar,0002.HK_1h,2026-03-20 09:30:00,73.5999984741211,73.9012508706892
stock_provided,finance,lightgbm_ar,0002.HK_1h,2026-03-20 10:30:00,73.55000305175781,73.9429649468669
stock_provided,finance,lightgbm_ar,0002.HK_1h,2026-03-20 11:30:00,73.6500015258789,73.76378810200181
stock_provided,finance,lightgbm_ar,0002.HK_1h,2026-03-20 12:30:00,73.55000305175781,73.65871868218338
stock_provided,finance,lightgbm_ar,0002.HK_1h,2026-03-20 13:30:00,73.5,73.96189353070551
stock_provided,finance,lightgbm_ar,0002.HK_1h,2026-03-20 14:30:00,73.6500015258789,73.96958355106509
stock_provided,finance,lightgbm_ar,0002.HK_1h,2026-03-20 15:30:00,73.5999984741211,74.01208807539061
stock_provided,finance,lightgbm_ar,0003.HK_1h,2026-03-19 11:30:00,7.360000133514404,7.35462874308231
stock_provided,finance,lightgbm_ar,0003.HK_1h,2026-03-19 12:30:00,7.380000114440918,7.370977241058292
stock_provided,finance,lightgbm_ar,0003.HK_1h,2026-03-19 13:30:00,7.389999866485596,7.386971530126063
stock_provided,finance,lightgbm_ar,0003.HK_1h,2026-03-19 14:30:00,7.389999866485596,7.4052833646951335
stock_provided,finance,lightgbm_ar,0003.HK_1h,2026-03-19 15:30:00,7.420000076293945,7.42692784794247
stock_provided,finance,lightgbm_ar,0003.HK_1h,2026-03-20 09:30:00,7.389999866485596,7.437302470705157
stock_provided,finance,lightgbm_ar,0003.HK_1h,2026-03-20 10:30:00,7.349999904632568,7.445307066768316
stock_provided,finance,lightgbm_ar,0003.HK_1h,2026-03-20 11:30:00,7.340000152587891,7.459061767298604
stock_provided,finance,lightgbm_ar,0003.HK_1h,2026-03-20 12:30:00,7.349999904632568,7.468397540471
stock_provided,finance,lightgbm_ar,0003.HK_1h,2026-03-20 13:30:00,7.320000171661377,7.469447146068477
stock_provided,finance,lightgbm_ar,0003.HK_1h,2026-03-20 14:30:00,7.329999923706055,7.471996791736628
stock_provided,finance,lightgbm_ar,0003.HK_1h,2026-03-20 15:30:00,7.340000152587891,7.469786889728619
stock_provided,finance,lightgbm_ar,0006.HK_1h,2026-03-19 11:30:00,62.04999923706055,61.72614014576877
stock_provided,finance,lightgbm_ar,0006.HK_1h,2026-03-19 12:30:00,62.400001525878906,61.71024624233817
stock_provided,finance,lightgbm_ar,0006.HK_1h,2026-03-19 13:30:00,62.20000076293945,61.63938787216734
stock_provided,finance,lightgbm_ar,0006.HK_1h,2026-03-19 14:30:00,62.25,61.54197131496757
stock_provided,finance,lightgbm_ar,0006.HK_1h,2026-03-19 15:30:00,62.0,61.56224118628832
stock_provided,finance,lightgbm_ar,0006.HK_1h,2026-03-20 09:30:00,61.900001525878906,61.623926729586
stock_provided,finance,lightgbm_ar,0006.HK_1h,2026-03-20 10:30:00,62.0,61.67810157320628
stock_provided,finance,lightgbm_ar,0006.HK_1h,2026-03-20 11:30:00,62.09999847412109,61.800552363177125
stock_provided,finance,lightgbm_ar,0006.HK_1h,2026-03-20 12:30:00,61.95000076293945,61.821442100361146
stock_provided,finance,lightgbm_ar,0006.HK_1h,2026-03-20 13:30:00,61.900001525878906,61.87532131160345
stock_provided,finance,lightgbm_ar,0006.HK_1h,2026-03-20 14:30:00,61.900001525878906,61.875020160445956
stock_provided,finance,lightgbm_ar,0006.HK_1h,2026-03-20 15:30:00,61.79999923706055,61.864753832688386
stock_provided,finance,xgboost_ar,0002.HK_1h,2026-03-19 11:30:00,73.75,73.83513000800778
stock_provided,finance,xgboost_ar,0002.HK_1h,2026-03-19 12:30:00,73.5999984741211,73.91671727011153
stock_provided,finance,xgboost_ar,0002.HK_1h,2026-03-19 13:30:00,73.55000305175781,73.97317046736534
stock_provided,finance,xgboost_ar,0002.HK_1h,2026-03-19 14:30:00,73.75,73.99275456551916
stock_provided,finance,xgboost_ar,0002.HK_1h,2026-03-19 15:30:00,73.75,73.93331221322357
stock_provided,finance,xgboost_ar,0002.HK_1h,2026-03-20 09:30:00,73.5999984741211,73.93555574197256
stock_provided,finance,xgboost_ar,0002.HK_1h,2026-03-20 10:30:00,73.55000305175781,74.06434485552285
stock_provided,finance,xgboost_ar,0002.HK_1h,2026-03-20 11:30:00,73.6500015258789,74.0851800465686
stock_provided,finance,xgboost_ar,0002.HK_1h,2026-03-20 12:30:00,73.55000305175781,74.07747024777038
stock_provided,finance,xgboost_ar,0002.HK_1h,2026-03-20 13:30:00,73.5,74.0231359133011
stock_provided,finance,xgboost_ar,0002.HK_1h,2026-03-20 14:30:00,73.6500015258789,74.03409245408186
stock_provided,finance,xgboost_ar,0002.HK_1h,2026-03-20 15:30:00,73.5999984741211,73.88084748604513
stock_provided,finance,xgboost_ar,0003.HK_1h,2026-03-19 11:30:00,7.360000133514404,7.335722601949733
stock_provided,finance,xgboost_ar,0003.HK_1h,2026-03-19 12:30:00,7.380000114440918,7.337762143878226
stock_provided,finance,xgboost_ar,0003.HK_1h,2026-03-19 13:30:00,7.389999866485596,7.344377834547951
stock_provided,finance,xgboost_ar,0003.HK_1h,2026-03-19 14:30:00,7.389999866485596,7.347857099396267
stock_provided,finance,xgboost_ar,0003.HK_1h,2026-03-19 15:30:00,7.420000076293945,7.34876799176985
stock_provided,finance,xgboost_ar,0003.HK_1h,2026-03-20 09:30:00,7.389999866485596,7.34805430575271
stock_provided,finance,xgboost_ar,0003.HK_1h,2026-03-20 10:30:00,7.349999904632568,7.34805430575271
stock_provided,finance,xgboost_ar,0003.HK_1h,2026-03-20 11:30:00,7.340000152587891,7.347280001356285
stock_provided,finance,xgboost_ar,0003.HK_1h,2026-03-20 12:30:00,7.349999904632568,7.347280001356285
stock_provided,finance,xgboost_ar,0003.HK_1h,2026-03-20 13:30:00,7.320000171661377,7.348178673926836
stock_provided,finance,xgboost_ar,0003.HK_1h,2026-03-20 14:30:00,7.329999923706055,7.348178673926836
stock_provided,finance,xgboost_ar,0003.HK_1h,2026-03-20 15:30:00,7.340000152587891,7.348178673926836
stock_provided,finance,xgboost_ar,0006.HK_1h,2026-03-19 11:30:00,62.04999923706055,61.754595732933836
stock_provided,finance,xgboost_ar,0006.HK_1h,2026-03-19 12:30:00,62.400001525878906,61.552722555293634
stock_provided,finance,xgboost_ar,0006.HK_1h,2026-03-19 13:30:00,62.20000076293945,61.53543642957593
stock_provided,finance,xgboost_ar,0006.HK_1h,2026-03-19 14:30:00,62.25,61.55180840291208
stock_provided,finance,xgboost_ar,0006.HK_1h,2026-03-19 15:30:00,62.0,61.6286197280043
stock_provided,finance,xgboost_ar,0006.HK_1h,2026-03-20 09:30:00,61.900001525878906,61.609763735723504
stock_provided,finance,xgboost_ar,0006.HK_1h,2026-03-20 10:30:00,62.0,61.61523230047568
stock_provided,finance,xgboost_ar,0006.HK_1h,2026-03-20 11:30:00,62.09999847412109,61.70516715024143
stock_provided,finance,xgboost_ar,0006.HK_1h,2026-03-20 12:30:00,61.95000076293945,61.65050251720629
stock_provided,finance,xgboost_ar,0006.HK_1h,2026-03-20 13:30:00,61.900001525878906,61.635942543524195
stock_provided,finance,xgboost_ar,0006.HK_1h,2026-03-20 14:30:00,61.900001525878906,61.7176000846827
stock_provided,finance,xgboost_ar,0006.HK_1h,2026-03-20 15:30:00,61.79999923706055,61.64078524977136
stock_provided,finance,tabpfn_ts,0002.HK_1h,2026-03-19 11:30:00,73.75,73.89627075195312
stock_provided,finance,tabpfn_ts,0002.HK_1h,2026-03-19 12:30:00,73.5999984741211,73.85424041748047
stock_provided,finance,tabpfn_ts,0002.HK_1h,2026-03-19 13:30:00,73.55000305175781,73.83651733398438
stock_provided,finance,tabpfn_ts,0002.HK_1h,2026-03-19 14:30:00,73.75,73.79864501953125
stock_provided,finance,tabpfn_ts,0002.HK_1h,2026-03-19 15:30:00,73.75,73.79954528808594
stock_provided,finance,tabpfn_ts,0002.HK_1h,2026-03-20 09:30:00,73.5999984741211,73.8102798461914
stock_provided,finance,tabpfn_ts,0002.HK_1h,2026-03-20 10:30:00,73.55000305175781,73.8270492553711
stock_provided,finance,tabpfn_ts,0002.HK_1h,2026-03-20 11:30:00,73.6500015258789,73.84285736083984
stock_provided,finance,tabpfn_ts,0002.HK_1h,2026-03-20 12:30:00,73.55000305175781,73.83171844482422
stock_provided,finance,tabpfn_ts,0002.HK_1h,2026-03-20 13:30:00,73.5,73.82561492919922
stock_provided,finance,tabpfn_ts,0002.HK_1h,2026-03-20 14:30:00,73.6500015258789,73.84400177001953
stock_provided,finance,tabpfn_ts,0002.HK_1h,2026-03-20 15:30:00,73.5999984741211,73.84622192382812
stock_provided,finance,tabpfn_ts,0003.HK_1h,2026-03-19 11:30:00,7.360000133514404,7.340128421783447
stock_provided,finance,tabpfn_ts,0003.HK_1h,2026-03-19 12:30:00,7.380000114440918,7.341101169586182
stock_provided,finance,tabpfn_ts,0003.HK_1h,2026-03-19 13:30:00,7.389999866485596,7.341824531555176
stock_provided,finance,tabpfn_ts,0003.HK_1h,2026-03-19 14:30:00,7.389999866485596,7.341022968292236
stock_provided,finance,tabpfn_ts,0003.HK_1h,2026-03-19 15:30:00,7.420000076293945,7.340747833251953
stock_provided,finance,tabpfn_ts,0003.HK_1h,2026-03-20 09:30:00,7.389999866485596,7.3470845222473145
stock_provided,finance,tabpfn_ts,0003.HK_1h,2026-03-20 10:30:00,7.349999904632568,7.347396373748779
stock_provided,finance,tabpfn_ts,0003.HK_1h,2026-03-20 11:30:00,7.340000152587891,7.347322940826416
stock_provided,finance,tabpfn_ts,0003.HK_1h,2026-03-20 12:30:00,7.349999904632568,7.345517635345459
stock_provided,finance,tabpfn_ts,0003.HK_1h,2026-03-20 13:30:00,7.320000171661377,7.343911647796631
stock_provided,finance,tabpfn_ts,0003.HK_1h,2026-03-20 14:30:00,7.329999923706055,7.343789577484131
stock_provided,finance,tabpfn_ts,0003.HK_1h,2026-03-20 15:30:00,7.340000152587891,7.34316349029541
stock_provided,finance,tabpfn_ts,0006.HK_1h,2026-03-19 11:30:00,62.04999923706055,62.19187545776367
stock_provided,finance,tabpfn_ts,0006.HK_1h,2026-03-19 12:30:00,62.400001525878906,62.20619201660156
stock_provided,finance,tabpfn_ts,0006.HK_1h,2026-03-19 13:30:00,62.20000076293945,62.24489212036133
stock_provided,finance,tabpfn_ts,0006.HK_1h,2026-03-19 14:30:00,62.25,62.276058197021484
stock_provided,finance,tabpfn_ts,0006.HK_1h,2026-03-19 15:30:00,62.0,62.323219299316406
stock_provided,finance,tabpfn_ts,0006.HK_1h,2026-03-20 09:30:00,61.900001525878906,62.38523864746094
stock_provided,finance,tabpfn_ts,0006.HK_1h,2026-03-20 10:30:00,62.0,62.40109634399414
stock_provided,finance,tabpfn_ts,0006.HK_1h,2026-03-20 11:30:00,62.09999847412109,62.33176040649414
stock_provided,finance,tabpfn_ts,0006.HK_1h,2026-03-20 12:30:00,61.95000076293945,62.25303268432617
stock_provided,finance,tabpfn_ts,0006.HK_1h,2026-03-20 13:30:00,61.900001525878906,62.17577362060547
stock_provided,finance,tabpfn_ts,0006.HK_1h,2026-03-20 14:30:00,61.900001525878906,62.10360336303711
stock_provided,finance,tabpfn_ts,0006.HK_1h,2026-03-20 15:30:00,61.79999923706055,62.025970458984375
