dataset,domain,model,unique_id,ds,y,y_hat
synthetic_energy,energy,dummy_mean,energy_0,2024-01-10 00:00:00,14.319999999999995,13.35
synthetic_energy,energy,dummy_mean,energy_0,2024-01-10 01:00:00,14.987047612756283,13.35
synthetic_energy,energy,dummy_mean,energy_0,2024-01-10 02:00:00,15.609999999999985,13.35
synthetic_energy,energy,dummy_mean,energy_0,2024-01-10 03:00:00,16.14776695296637,13.35
synthetic_energy,energy,dummy_mean,energy_0,2024-01-10 04:00:00,16.5650635094611,13.35
synthetic_energy,energy,dummy_mean,energy_0,2024-01-10 05:00:00,16.834814565722667,13.35
synthetic_energy,energy,dummy_mean,energy_0,2024-01-10 06:00:00,16.94,13.35
synthetic_energy,energy,dummy_mean,energy_0,2024-01-10 07:00:00,16.87481456572267,13.35
synthetic_energy,energy,dummy_mean,energy_0,2024-01-10 08:00:00,16.645063509461103,13.35
synthetic_energy,energy,dummy_mean,energy_0,2024-01-10 09:00:00,16.267766952966376,13.35
synthetic_energy,energy,dummy_mean,energy_0,2024-01-10 10:00:00,15.770000000000003,13.35
synthetic_energy,energy,dummy_mean,energy_0,2024-01-10 11:00:00,15.18704761275632,13.35
synthetic_energy,energy,dummy_mean,energy_0,2024-01-10 12:00:00,14.560000000000015,13.35
synthetic_energy,energy,dummy_mean,energy_0,2024-01-10 13:00:00,13.93295238724371,13.35
synthetic_energy,energy,dummy_mean,energy_0,2024-01-10 14:00:00,13.34999999999999,13.35
synthetic_energy,energy,dummy_mean,energy_0,2024-01-10 15:00:00,12.852233047033636,13.35
synthetic_energy,energy,dummy_mean,energy_0,2024-01-10 16:00:00,12.474936490538903,13.35
synthetic_energy,energy,dummy_mean,energy_0,2024-01-10 17:00:00,12.245185434277328,13.35
synthetic_energy,energy,dummy_mean,energy_0,2024-01-10 18:00:00,12.18,13.35
synthetic_energy,energy,dummy_mean,energy_0,2024-01-10 19:00:00,12.285185434277327,13.35
synthetic_energy,energy,dummy_mean,energy_0,2024-01-10 20:00:00,12.554936490538902,13.35
synthetic_energy,energy,dummy_mean,energy_0,2024-01-10 21:00:00,12.972233047033619,13.35
synthetic_energy,energy,dummy_mean,energy_0,2024-01-10 22:00:00,13.50999999999999,13.35
synthetic_energy,energy,dummy_mean,energy_0,2024-01-10 23:00:00,14.132952387243687,13.35
synthetic_energy,energy,dummy_mean,energy_1,2024-01-10 00:00:00,15.319999999999995,14.35
synthetic_energy,energy,dummy_mean,energy_1,2024-01-10 01:00:00,15.987047612756283,14.35
synthetic_energy,energy,dummy_mean,energy_1,2024-01-10 02:00:00,16.609999999999985,14.35
synthetic_energy,energy,dummy_mean,energy_1,2024-01-10 03:00:00,17.14776695296637,14.35
synthetic_energy,energy,dummy_mean,energy_1,2024-01-10 04:00:00,17.5650635094611,14.35
synthetic_energy,energy,dummy_mean,energy_1,2024-01-10 05:00:00,17.834814565722667,14.35
synthetic_energy,energy,dummy_mean,energy_1,2024-01-10 06:00:00,17.94,14.35
synthetic_energy,energy,dummy_mean,energy_1,2024-01-10 07:00:00,17.87481456572267,14.35
synthetic_energy,energy,dummy_mean,energy_1,2024-01-10 08:00:00,17.645063509461103,14.35
synthetic_energy,energy,dummy_mean,energy_1,2024-01-10 09:00:00,17.267766952966376,14.35
synthetic_energy,energy,dummy_mean,energy_1,2024-01-10 10:00:00,16.770000000000003,14.35
synthetic_energy,energy,dummy_mean,energy_1,2024-01-10 11:00:00,16.18704761275632,14.35
synthetic_energy,energy,dummy_mean,energy_1,2024-01-10 12:00:00,15.560000000000015,14.35
synthetic_energy,energy,dummy_mean,energy_1,2024-01-10 13:00:00,14.93295238724371,14.35
synthetic_energy,energy,dummy_mean,energy_1,2024-01-10 14:00:00,14.34999999999999,14.35
synthetic_energy,energy,dummy_mean,energy_1,2024-01-10 15:00:00,13.852233047033636,14.35
synthetic_energy,energy,dummy_mean,energy_1,2024-01-10 16:00:00,13.474936490538905,14.35
synthetic_energy,energy,dummy_mean,energy_1,2024-01-10 17:00:00,13.245185434277328,14.35
synthetic_energy,energy,dummy_mean,energy_1,2024-01-10 18:00:00,13.18,14.35
synthetic_energy,energy,dummy_mean,energy_1,2024-01-10 19:00:00,13.285185434277327,14.35
synthetic_energy,energy,dummy_mean,energy_1,2024-01-10 20:00:00,13.5549364905389,14.35
synthetic_energy,energy,dummy_mean,energy_1,2024-01-10 21:00:00,13.972233047033619,14.35
synthetic_energy,energy,dummy_mean,energy_1,2024-01-10 22:00:00,14.50999999999999,14.35
synthetic_energy,energy,dummy_mean,energy_1,2024-01-10 23:00:00,15.132952387243687,14.35
synthetic_energy,energy,dummy_mean,energy_2,2024-01-10 00:00:00,16.319999999999993,15.35
synthetic_energy,energy,dummy_mean,energy_2,2024-01-10 01:00:00,16.987047612756285,15.35
synthetic_energy,energy,dummy_mean,energy_2,2024-01-10 02:00:00,17.609999999999985,15.35
synthetic_energy,energy,dummy_mean,energy_2,2024-01-10 03:00:00,18.14776695296637,15.35
synthetic_energy,energy,dummy_mean,energy_2,2024-01-10 04:00:00,18.5650635094611,15.35
synthetic_energy,energy,dummy_mean,energy_2,2024-01-10 05:00:00,18.834814565722667,15.35
synthetic_energy,energy,dummy_mean,energy_2,2024-01-10 06:00:00,18.94,15.35
synthetic_energy,energy,dummy_mean,energy_2,2024-01-10 07:00:00,18.87481456572267,15.35
synthetic_energy,energy,dummy_mean,energy_2,2024-01-10 08:00:00,18.645063509461103,15.35
synthetic_energy,energy,dummy_mean,energy_2,2024-01-10 09:00:00,18.267766952966376,15.35
synthetic_energy,energy,dummy_mean,energy_2,2024-01-10 10:00:00,17.770000000000003,15.35
synthetic_energy,energy,dummy_mean,energy_2,2024-01-10 11:00:00,17.18704761275632,15.35
synthetic_energy,energy,dummy_mean,energy_2,2024-01-10 12:00:00,16.560000000000016,15.35
synthetic_energy,energy,dummy_mean,energy_2,2024-01-10 13:00:00,15.93295238724371,15.35
synthetic_energy,energy,dummy_mean,energy_2,2024-01-10 14:00:00,15.34999999999999,15.35
synthetic_energy,energy,dummy_mean,energy_2,2024-01-10 15:00:00,14.852233047033636,15.35
synthetic_energy,energy,dummy_mean,energy_2,2024-01-10 16:00:00,14.474936490538905,15.35
synthetic_energy,energy,dummy_mean,energy_2,2024-01-10 17:00:00,14.245185434277328,15.35
synthetic_energy,energy,dummy_mean,energy_2,2024-01-10 18:00:00,14.18,15.35
synthetic_energy,energy,dummy_mean,energy_2,2024-01-10 19:00:00,14.285185434277327,15.35
synthetic_energy,energy,dummy_mean,energy_2,2024-01-10 20:00:00,14.5549364905389,15.35
synthetic_energy,energy,dummy_mean,energy_2,2024-01-10 21:00:00,14.972233047033619,15.35
synthetic_energy,energy,dummy_mean,energy_2,2024-01-10 22:00:00,15.50999999999999,15.35
synthetic_energy,energy,dummy_mean,energy_2,2024-01-10 23:00:00,16.132952387243687,15.35
synthetic_energy,energy,seasonal_naive,energy_0,2024-01-10 00:00:00,14.319999999999995,13.839999999999995
synthetic_energy,energy,seasonal_naive,energy_0,2024-01-10 01:00:00,14.987047612756283,14.5070476127563
synthetic_energy,energy,seasonal_naive,energy_0,2024-01-10 02:00:00,15.609999999999985,15.129999999999985
synthetic_energy,energy,seasonal_naive,energy_0,2024-01-10 03:00:00,16.14776695296637,15.66776695296636
synthetic_energy,energy,seasonal_naive,energy_0,2024-01-10 04:00:00,16.5650635094611,16.085063509461094
synthetic_energy,energy,seasonal_naive,energy_0,2024-01-10 05:00:00,16.834814565722667,16.354814565722666
synthetic_energy,energy,seasonal_naive,energy_0,2024-01-10 06:00:00,16.94,16.46
synthetic_energy,energy,seasonal_naive,energy_0,2024-01-10 07:00:00,16.87481456572267,16.39481456572267
synthetic_energy,energy,seasonal_naive,energy_0,2024-01-10 08:00:00,16.645063509461103,16.165063509461092
synthetic_energy,energy,seasonal_naive,energy_0,2024-01-10 09:00:00,16.267766952966376,15.787766952966376
synthetic_energy,energy,seasonal_naive,energy_0,2024-01-10 10:00:00,15.770000000000003,15.290000000000003
synthetic_energy,energy,seasonal_naive,energy_0,2024-01-10 11:00:00,15.18704761275632,14.707047612756302
synthetic_energy,energy,seasonal_naive,energy_0,2024-01-10 12:00:00,14.560000000000015,14.080000000000014
synthetic_energy,energy,seasonal_naive,energy_0,2024-01-10 13:00:00,13.93295238724371,13.452952387243707
synthetic_energy,energy,seasonal_naive,energy_0,2024-01-10 14:00:00,13.34999999999999,12.870000000000005
synthetic_energy,energy,seasonal_naive,energy_0,2024-01-10 15:00:00,12.852233047033636,12.372233047033646
synthetic_energy,energy,seasonal_naive,energy_0,2024-01-10 16:00:00,12.474936490538903,11.994936490538903
synthetic_energy,energy,seasonal_naive,energy_0,2024-01-10 17:00:00,12.245185434277328,11.765185434277328
synthetic_energy,energy,seasonal_naive,energy_0,2024-01-10 18:00:00,12.18,11.7
synthetic_energy,energy,seasonal_naive,energy_0,2024-01-10 19:00:00,12.285185434277327,11.805185434277327
synthetic_energy,energy,seasonal_naive,energy_0,2024-01-10 20:00:00,12.554936490538902,12.074936490538903
synthetic_energy,energy,seasonal_naive,energy_0,2024-01-10 21:00:00,12.972233047033619,12.492233047033633
synthetic_energy,energy,seasonal_naive,energy_0,2024-01-10 22:00:00,13.50999999999999,13.02999999999999
synthetic_energy,energy,seasonal_naive,energy_0,2024-01-10 23:00:00,14.132952387243687,13.65295238724369
synthetic_energy,energy,seasonal_naive,energy_1,2024-01-10 00:00:00,15.319999999999995,14.839999999999995
synthetic_energy,energy,seasonal_naive,energy_1,2024-01-10 01:00:00,15.987047612756283,15.5070476127563
synthetic_energy,energy,seasonal_naive,energy_1,2024-01-10 02:00:00,16.609999999999985,16.129999999999985
synthetic_energy,energy,seasonal_naive,energy_1,2024-01-10 03:00:00,17.14776695296637,16.66776695296636
synthetic_energy,energy,seasonal_naive,energy_1,2024-01-10 04:00:00,17.5650635094611,17.085063509461094
synthetic_energy,energy,seasonal_naive,energy_1,2024-01-10 05:00:00,17.834814565722667,17.354814565722666
synthetic_energy,energy,seasonal_naive,energy_1,2024-01-10 06:00:00,17.94,17.46
synthetic_energy,energy,seasonal_naive,energy_1,2024-01-10 07:00:00,17.87481456572267,17.39481456572267
synthetic_energy,energy,seasonal_naive,energy_1,2024-01-10 08:00:00,17.645063509461103,17.165063509461092
synthetic_energy,energy,seasonal_naive,energy_1,2024-01-10 09:00:00,17.267766952966376,16.787766952966376
synthetic_energy,energy,seasonal_naive,energy_1,2024-01-10 10:00:00,16.770000000000003,16.290000000000003
synthetic_energy,energy,seasonal_naive,energy_1,2024-01-10 11:00:00,16.18704761275632,15.707047612756302
synthetic_energy,energy,seasonal_naive,energy_1,2024-01-10 12:00:00,15.560000000000015,15.080000000000014
synthetic_energy,energy,seasonal_naive,energy_1,2024-01-10 13:00:00,14.93295238724371,14.452952387243707
synthetic_energy,energy,seasonal_naive,energy_1,2024-01-10 14:00:00,14.34999999999999,13.870000000000005
synthetic_energy,energy,seasonal_naive,energy_1,2024-01-10 15:00:00,13.852233047033636,13.372233047033646
synthetic_energy,energy,seasonal_naive,energy_1,2024-01-10 16:00:00,13.474936490538905,12.994936490538903
synthetic_energy,energy,seasonal_naive,energy_1,2024-01-10 17:00:00,13.245185434277328,12.765185434277328
synthetic_energy,energy,seasonal_naive,energy_1,2024-01-10 18:00:00,13.18,12.7
synthetic_energy,energy,seasonal_naive,energy_1,2024-01-10 19:00:00,13.285185434277327,12.805185434277327
synthetic_energy,energy,seasonal_naive,energy_1,2024-01-10 20:00:00,13.5549364905389,13.074936490538903
synthetic_energy,energy,seasonal_naive,energy_1,2024-01-10 21:00:00,13.972233047033619,13.492233047033633
synthetic_energy,energy,seasonal_naive,energy_1,2024-01-10 22:00:00,14.50999999999999,14.02999999999999
synthetic_energy,energy,seasonal_naive,energy_1,2024-01-10 23:00:00,15.132952387243687,14.65295238724369
synthetic_energy,energy,seasonal_naive,energy_2,2024-01-10 00:00:00,16.319999999999993,15.839999999999995
synthetic_energy,energy,seasonal_naive,energy_2,2024-01-10 01:00:00,16.987047612756285,16.507047612756303
synthetic_energy,energy,seasonal_naive,energy_2,2024-01-10 02:00:00,17.609999999999985,17.129999999999985
synthetic_energy,energy,seasonal_naive,energy_2,2024-01-10 03:00:00,18.14776695296637,17.66776695296636
synthetic_energy,energy,seasonal_naive,energy_2,2024-01-10 04:00:00,18.5650635094611,18.085063509461094
synthetic_energy,energy,seasonal_naive,energy_2,2024-01-10 05:00:00,18.834814565722667,18.354814565722666
synthetic_energy,energy,seasonal_naive,energy_2,2024-01-10 06:00:00,18.94,18.46
synthetic_energy,energy,seasonal_naive,energy_2,2024-01-10 07:00:00,18.87481456572267,18.39481456572267
synthetic_energy,energy,seasonal_naive,energy_2,2024-01-10 08:00:00,18.645063509461103,18.165063509461092
synthetic_energy,energy,seasonal_naive,energy_2,2024-01-10 09:00:00,18.267766952966376,17.787766952966376
synthetic_energy,energy,seasonal_naive,energy_2,2024-01-10 10:00:00,17.770000000000003,17.290000000000003
synthetic_energy,energy,seasonal_naive,energy_2,2024-01-10 11:00:00,17.18704761275632,16.707047612756302
synthetic_energy,energy,seasonal_naive,energy_2,2024-01-10 12:00:00,16.560000000000016,16.080000000000013
synthetic_energy,energy,seasonal_naive,energy_2,2024-01-10 13:00:00,15.93295238724371,15.452952387243707
synthetic_energy,energy,seasonal_naive,energy_2,2024-01-10 14:00:00,15.34999999999999,14.870000000000005
synthetic_energy,energy,seasonal_naive,energy_2,2024-01-10 15:00:00,14.852233047033636,14.372233047033646
synthetic_energy,energy,seasonal_naive,energy_2,2024-01-10 16:00:00,14.474936490538905,13.994936490538903
synthetic_energy,energy,seasonal_naive,energy_2,2024-01-10 17:00:00,14.245185434277328,13.765185434277328
synthetic_energy,energy,seasonal_naive,energy_2,2024-01-10 18:00:00,14.18,13.7
synthetic_energy,energy,seasonal_naive,energy_2,2024-01-10 19:00:00,14.285185434277327,13.805185434277327
synthetic_energy,energy,seasonal_naive,energy_2,2024-01-10 20:00:00,14.5549364905389,14.074936490538903
synthetic_energy,energy,seasonal_naive,energy_2,2024-01-10 21:00:00,14.972233047033619,14.492233047033633
synthetic_energy,energy,seasonal_naive,energy_2,2024-01-10 22:00:00,15.50999999999999,15.02999999999999
synthetic_energy,energy,seasonal_naive,energy_2,2024-01-10 23:00:00,16.132952387243687,15.65295238724369
synthetic_energy,energy,moving_average,energy_0,2024-01-10 00:00:00,14.319999999999995,14.07
synthetic_energy,energy,moving_average,energy_0,2024-01-10 01:00:00,14.987047612756283,14.07
synthetic_energy,energy,moving_average,energy_0,2024-01-10 02:00:00,15.609999999999985,14.07
synthetic_energy,energy,moving_average,energy_0,2024-01-10 03:00:00,16.14776695296637,14.07
synthetic_energy,energy,moving_average,energy_0,2024-01-10 04:00:00,16.5650635094611,14.07
synthetic_energy,energy,moving_average,energy_0,2024-01-10 05:00:00,16.834814565722667,14.07
synthetic_energy,energy,moving_average,energy_0,2024-01-10 06:00:00,16.94,14.07
synthetic_energy,energy,moving_average,energy_0,2024-01-10 07:00:00,16.87481456572267,14.07
synthetic_energy,energy,moving_average,energy_0,2024-01-10 08:00:00,16.645063509461103,14.07
synthetic_energy,energy,moving_average,energy_0,2024-01-10 09:00:00,16.267766952966376,14.07
synthetic_energy,energy,moving_average,energy_0,2024-01-10 10:00:00,15.770000000000003,14.07
synthetic_energy,energy,moving_average,energy_0,2024-01-10 11:00:00,15.18704761275632,14.07
synthetic_energy,energy,moving_average,energy_0,2024-01-10 12:00:00,14.560000000000015,14.07
synthetic_energy,energy,moving_average,energy_0,2024-01-10 13:00:00,13.93295238724371,14.07
synthetic_energy,energy,moving_average,energy_0,2024-01-10 14:00:00,13.34999999999999,14.07
synthetic_energy,energy,moving_average,energy_0,2024-01-10 15:00:00,12.852233047033636,14.07
synthetic_energy,energy,moving_average,energy_0,2024-01-10 16:00:00,12.474936490538903,14.07
synthetic_energy,energy,moving_average,energy_0,2024-01-10 17:00:00,12.245185434277328,14.07
synthetic_energy,energy,moving_average,energy_0,2024-01-10 18:00:00,12.18,14.07
synthetic_energy,energy,moving_average,energy_0,2024-01-10 19:00:00,12.285185434277327,14.07
synthetic_energy,energy,moving_average,energy_0,2024-01-10 20:00:00,12.554936490538902,14.07
synthetic_energy,energy,moving_average,energy_0,2024-01-10 21:00:00,12.972233047033619,14.07
synthetic_energy,energy,moving_average,energy_0,2024-01-10 22:00:00,13.50999999999999,14.07
synthetic_energy,energy,moving_average,energy_0,2024-01-10 23:00:00,14.132952387243687,14.07
synthetic_energy,energy,moving_average,energy_1,2024-01-10 00:00:00,15.319999999999995,15.07
synthetic_energy,energy,moving_average,energy_1,2024-01-10 01:00:00,15.987047612756283,15.07
synthetic_energy,energy,moving_average,energy_1,2024-01-10 02:00:00,16.609999999999985,15.07
synthetic_energy,energy,moving_average,energy_1,2024-01-10 03:00:00,17.14776695296637,15.07
synthetic_energy,energy,moving_average,energy_1,2024-01-10 04:00:00,17.5650635094611,15.07
synthetic_energy,energy,moving_average,energy_1,2024-01-10 05:00:00,17.834814565722667,15.07
synthetic_energy,energy,moving_average,energy_1,2024-01-10 06:00:00,17.94,15.07
synthetic_energy,energy,moving_average,energy_1,2024-01-10 07:00:00,17.87481456572267,15.07
synthetic_energy,energy,moving_average,energy_1,2024-01-10 08:00:00,17.645063509461103,15.07
synthetic_energy,energy,moving_average,energy_1,2024-01-10 09:00:00,17.267766952966376,15.07
synthetic_energy,energy,moving_average,energy_1,2024-01-10 10:00:00,16.770000000000003,15.07
synthetic_energy,energy,moving_average,energy_1,2024-01-10 11:00:00,16.18704761275632,15.07
synthetic_energy,energy,moving_average,energy_1,2024-01-10 12:00:00,15.560000000000015,15.07
synthetic_energy,energy,moving_average,energy_1,2024-01-10 13:00:00,14.93295238724371,15.07
synthetic_energy,energy,moving_average,energy_1,2024-01-10 14:00:00,14.34999999999999,15.07
synthetic_energy,energy,moving_average,energy_1,2024-01-10 15:00:00,13.852233047033636,15.07
synthetic_energy,energy,moving_average,energy_1,2024-01-10 16:00:00,13.474936490538905,15.07
synthetic_energy,energy,moving_average,energy_1,2024-01-10 17:00:00,13.245185434277328,15.07
synthetic_energy,energy,moving_average,energy_1,2024-01-10 18:00:00,13.18,15.07
synthetic_energy,energy,moving_average,energy_1,2024-01-10 19:00:00,13.285185434277327,15.07
synthetic_energy,energy,moving_average,energy_1,2024-01-10 20:00:00,13.5549364905389,15.07
synthetic_energy,energy,moving_average,energy_1,2024-01-10 21:00:00,13.972233047033619,15.07
synthetic_energy,energy,moving_average,energy_1,2024-01-10 22:00:00,14.50999999999999,15.07
synthetic_energy,energy,moving_average,energy_1,2024-01-10 23:00:00,15.132952387243687,15.07
synthetic_energy,energy,moving_average,energy_2,2024-01-10 00:00:00,16.319999999999993,16.07
synthetic_energy,energy,moving_average,energy_2,2024-01-10 01:00:00,16.987047612756285,16.07
synthetic_energy,energy,moving_average,energy_2,2024-01-10 02:00:00,17.609999999999985,16.07
synthetic_energy,energy,moving_average,energy_2,2024-01-10 03:00:00,18.14776695296637,16.07
synthetic_energy,energy,moving_average,energy_2,2024-01-10 04:00:00,18.5650635094611,16.07
synthetic_energy,energy,moving_average,energy_2,2024-01-10 05:00:00,18.834814565722667,16.07
synthetic_energy,energy,moving_average,energy_2,2024-01-10 06:00:00,18.94,16.07
synthetic_energy,energy,moving_average,energy_2,2024-01-10 07:00:00,18.87481456572267,16.07
synthetic_energy,energy,moving_average,energy_2,2024-01-10 08:00:00,18.645063509461103,16.07
synthetic_energy,energy,moving_average,energy_2,2024-01-10 09:00:00,18.267766952966376,16.07
synthetic_energy,energy,moving_average,energy_2,2024-01-10 10:00:00,17.770000000000003,16.07
synthetic_energy,energy,moving_average,energy_2,2024-01-10 11:00:00,17.18704761275632,16.07
synthetic_energy,energy,moving_average,energy_2,2024-01-10 12:00:00,16.560000000000016,16.07
synthetic_energy,energy,moving_average,energy_2,2024-01-10 13:00:00,15.93295238724371,16.07
synthetic_energy,energy,moving_average,energy_2,2024-01-10 14:00:00,15.34999999999999,16.07
synthetic_energy,energy,moving_average,energy_2,2024-01-10 15:00:00,14.852233047033636,16.07
synthetic_energy,energy,moving_average,energy_2,2024-01-10 16:00:00,14.474936490538905,16.07
synthetic_energy,energy,moving_average,energy_2,2024-01-10 17:00:00,14.245185434277328,16.07
synthetic_energy,energy,moving_average,energy_2,2024-01-10 18:00:00,14.18,16.07
synthetic_energy,energy,moving_average,energy_2,2024-01-10 19:00:00,14.285185434277327,16.07
synthetic_energy,energy,moving_average,energy_2,2024-01-10 20:00:00,14.5549364905389,16.07
synthetic_energy,energy,moving_average,energy_2,2024-01-10 21:00:00,14.972233047033619,16.07
synthetic_energy,energy,moving_average,energy_2,2024-01-10 22:00:00,15.50999999999999,16.07
synthetic_energy,energy,moving_average,energy_2,2024-01-10 23:00:00,16.132952387243687,16.07
synthetic_energy,energy,linear_trend,energy_0,2024-01-10 00:00:00,14.319999999999995,13.720335201626963
synthetic_energy,energy,linear_trend,energy_0,2024-01-10 01:00:00,14.987047612756283,13.727970978980096
synthetic_energy,energy,linear_trend,energy_0,2024-01-10 02:00:00,15.609999999999985,13.735606756333228
synthetic_energy,energy,linear_trend,energy_0,2024-01-10 03:00:00,16.14776695296637,13.743242533686361
synthetic_energy,energy,linear_trend,energy_0,2024-01-10 04:00:00,16.5650635094611,13.750878311039495
synthetic_energy,energy,linear_trend,energy_0,2024-01-10 05:00:00,16.834814565722667,13.758514088392628
synthetic_energy,energy,linear_trend,energy_0,2024-01-10 06:00:00,16.94,13.766149865745762
synthetic_energy,energy,linear_trend,energy_0,2024-01-10 07:00:00,16.87481456572267,13.773785643098895
synthetic_energy,energy,linear_trend,energy_0,2024-01-10 08:00:00,16.645063509461103,13.781421420452029
synthetic_energy,energy,linear_trend,energy_0,2024-01-10 09:00:00,16.267766952966376,13.78905719780516
synthetic_energy,energy,linear_trend,energy_0,2024-01-10 10:00:00,15.770000000000003,13.796692975158294
synthetic_energy,energy,linear_trend,energy_0,2024-01-10 11:00:00,15.18704761275632,13.804328752511427
synthetic_energy,energy,linear_trend,energy_0,2024-01-10 12:00:00,14.560000000000015,13.81196452986456
synthetic_energy,energy,linear_trend,energy_0,2024-01-10 13:00:00,13.93295238724371,13.819600307217694
synthetic_energy,energy,linear_trend,energy_0,2024-01-10 14:00:00,13.34999999999999,13.827236084570828
synthetic_energy,energy,linear_trend,energy_0,2024-01-10 15:00:00,12.852233047033636,13.834871861923961
synthetic_energy,energy,linear_trend,energy_0,2024-01-10 16:00:00,12.474936490538903,13.842507639277093
synthetic_energy,energy,linear_trend,energy_0,2024-01-10 17:00:00,12.245185434277328,13.850143416630226
synthetic_energy,energy,linear_trend,energy_0,2024-01-10 18:00:00,12.18,13.85777919398336
synthetic_energy,energy,linear_trend,energy_0,2024-01-10 19:00:00,12.285185434277327,13.865414971336493
synthetic_energy,energy,linear_trend,energy_0,2024-01-10 20:00:00,12.554936490538902,13.873050748689627
synthetic_energy,energy,linear_trend,energy_0,2024-01-10 21:00:00,12.972233047033619,13.88068652604276
synthetic_energy,energy,linear_trend,energy_0,2024-01-10 22:00:00,13.50999999999999,13.888322303395892
synthetic_energy,energy,linear_trend,energy_0,2024-01-10 23:00:00,14.132952387243687,13.895958080749025
synthetic_energy,energy,linear_trend,energy_1,2024-01-10 00:00:00,15.319999999999995,14.720335201626966
synthetic_energy,energy,linear_trend,energy_1,2024-01-10 01:00:00,15.987047612756283,14.7279709789801
synthetic_energy,energy,linear_trend,energy_1,2024-01-10 02:00:00,16.609999999999985,14.735606756333233
synthetic_energy,energy,linear_trend,energy_1,2024-01-10 03:00:00,17.14776695296637,14.743242533686367
synthetic_energy,energy,linear_trend,energy_1,2024-01-10 04:00:00,17.5650635094611,14.7508783110395
synthetic_energy,energy,linear_trend,energy_1,2024-01-10 05:00:00,17.834814565722667,14.758514088392634
synthetic_energy,energy,linear_trend,energy_1,2024-01-10 06:00:00,17.94,14.766149865745767
synthetic_energy,energy,linear_trend,energy_1,2024-01-10 07:00:00,17.87481456572267,14.773785643098899
synthetic_energy,energy,linear_trend,energy_1,2024-01-10 08:00:00,17.645063509461103,14.781421420452032
synthetic_energy,energy,linear_trend,energy_1,2024-01-10 09:00:00,17.267766952966376,14.789057197805166
synthetic_energy,energy,linear_trend,energy_1,2024-01-10 10:00:00,16.770000000000003,14.7966929751583
synthetic_energy,energy,linear_trend,energy_1,2024-01-10 11:00:00,16.18704761275632,14.804328752511433
synthetic_energy,energy,linear_trend,energy_1,2024-01-10 12:00:00,15.560000000000015,14.811964529864566
synthetic_energy,energy,linear_trend,energy_1,2024-01-10 13:00:00,14.93295238724371,14.8196003072177
synthetic_energy,energy,linear_trend,energy_1,2024-01-10 14:00:00,14.34999999999999,14.827236084570833
synthetic_energy,energy,linear_trend,energy_1,2024-01-10 15:00:00,13.852233047033636,14.834871861923967
synthetic_energy,energy,linear_trend,energy_1,2024-01-10 16:00:00,13.474936490538905,14.842507639277098
synthetic_energy,energy,linear_trend,energy_1,2024-01-10 17:00:00,13.245185434277328,14.850143416630232
synthetic_energy,energy,linear_trend,energy_1,2024-01-10 18:00:00,13.18,14.857779193983365
synthetic_energy,energy,linear_trend,energy_1,2024-01-10 19:00:00,13.285185434277327,14.865414971336499
synthetic_energy,energy,linear_trend,energy_1,2024-01-10 20:00:00,13.5549364905389,14.873050748689632
synthetic_energy,energy,linear_trend,energy_1,2024-01-10 21:00:00,13.972233047033619,14.880686526042766
synthetic_energy,energy,linear_trend,energy_1,2024-01-10 22:00:00,14.50999999999999,14.8883223033959
synthetic_energy,energy,linear_trend,energy_1,2024-01-10 23:00:00,15.132952387243687,14.895958080749033
synthetic_energy,energy,linear_trend,energy_2,2024-01-10 00:00:00,16.319999999999993,15.720335201626964
synthetic_energy,energy,linear_trend,energy_2,2024-01-10 01:00:00,16.987047612756285,15.727970978980098
synthetic_energy,energy,linear_trend,energy_2,2024-01-10 02:00:00,17.609999999999985,15.73560675633323
synthetic_energy,energy,linear_trend,energy_2,2024-01-10 03:00:00,18.14776695296637,15.743242533686363
synthetic_energy,energy,linear_trend,energy_2,2024-01-10 04:00:00,18.5650635094611,15.750878311039497
synthetic_energy,energy,linear_trend,energy_2,2024-01-10 05:00:00,18.834814565722667,15.75851408839263
synthetic_energy,energy,linear_trend,energy_2,2024-01-10 06:00:00,18.94,15.766149865745763
synthetic_energy,energy,linear_trend,energy_2,2024-01-10 07:00:00,18.87481456572267,15.773785643098897
synthetic_energy,energy,linear_trend,energy_2,2024-01-10 08:00:00,18.645063509461103,15.78142142045203
synthetic_energy,energy,linear_trend,energy_2,2024-01-10 09:00:00,18.267766952966376,15.789057197805164
synthetic_energy,energy,linear_trend,energy_2,2024-01-10 10:00:00,17.770000000000003,15.796692975158297
synthetic_energy,energy,linear_trend,energy_2,2024-01-10 11:00:00,17.18704761275632,15.804328752511429
synthetic_energy,energy,linear_trend,energy_2,2024-01-10 12:00:00,16.560000000000016,15.811964529864563
synthetic_energy,energy,linear_trend,energy_2,2024-01-10 13:00:00,15.93295238724371,15.819600307217696
synthetic_energy,energy,linear_trend,energy_2,2024-01-10 14:00:00,15.34999999999999,15.82723608457083
synthetic_energy,energy,linear_trend,energy_2,2024-01-10 15:00:00,14.852233047033636,15.834871861923963
synthetic_energy,energy,linear_trend,energy_2,2024-01-10 16:00:00,14.474936490538905,15.842507639277096
synthetic_energy,energy,linear_trend,energy_2,2024-01-10 17:00:00,14.245185434277328,15.85014341663023
synthetic_energy,energy,linear_trend,energy_2,2024-01-10 18:00:00,14.18,15.857779193983363
synthetic_energy,energy,linear_trend,energy_2,2024-01-10 19:00:00,14.285185434277327,15.865414971336495
synthetic_energy,energy,linear_trend,energy_2,2024-01-10 20:00:00,14.5549364905389,15.873050748689629
synthetic_energy,energy,linear_trend,energy_2,2024-01-10 21:00:00,14.972233047033619,15.880686526042762
synthetic_energy,energy,linear_trend,energy_2,2024-01-10 22:00:00,15.50999999999999,15.888322303395896
synthetic_energy,energy,linear_trend,energy_2,2024-01-10 23:00:00,16.132952387243687,15.895958080749029
synthetic_energy,energy,ridge_ar,energy_0,2024-01-10 00:00:00,14.319999999999995,14.323117139437482
synthetic_energy,energy,ridge_ar,energy_0,2024-01-10 01:00:00,14.987047612756283,14.989703739866194
synthetic_energy,energy,ridge_ar,energy_0,2024-01-10 02:00:00,15.609999999999985,15.60991125137995
synthetic_energy,energy,ridge_ar,energy_0,2024-01-10 03:00:00,16.14776695296637,16.143057985744544
synthetic_energy,energy,ridge_ar,energy_0,2024-01-10 04:00:00,16.5650635094611,16.555101785409203
synthetic_energy,energy,ridge_ar,energy_0,2024-01-10 05:00:00,16.834814565722667,16.820874580667848
synthetic_energy,energy,ridge_ar,energy_0,2024-01-10 06:00:00,16.94,16.924816513986602
synthetic_energy,energy,ridge_ar,energy_0,2024-01-10 07:00:00,16.87481456572267,16.861767424468898
synthetic_energy,energy,ridge_ar,energy_0,2024-01-10 08:00:00,16.645063509461103,16.637243069156323
synthetic_energy,energy,ridge_ar,energy_0,2024-01-10 09:00:00,16.267766952966376,16.26725110435605
synthetic_energy,energy,ridge_ar,energy_0,2024-01-10 10:00:00,15.770000000000003,15.777526170199515
synthetic_energy,energy,ridge_ar,energy_0,2024-01-10 11:00:00,15.18704761275632,15.202055586465322
synthetic_energy,energy,ridge_ar,energy_0,2024-01-10 12:00:00,14.560000000000015,14.580934551516327
synthetic_energy,energy,ridge_ar,energy_0,2024-01-10 13:00:00,13.93295238724371,13.95769802150052
synthetic_energy,energy,ridge_ar,energy_0,2024-01-10 14:00:00,13.34999999999999,13.376347065862491
synthetic_energy,energy,ridge_ar,energy_0,2024-01-10 15:00:00,12.852233047033636,12.878311547552471
synthetic_energy,energy,ridge_ar,energy_0,2024-01-10 16:00:00,12.474936490538903,12.49957845011021
synthetic_energy,energy,ridge_ar,energy_0,2024-01-10 17:00:00,12.245185434277328,12.268183661776575
synthetic_energy,energy,ridge_ar,energy_0,2024-01-10 18:00:00,12.18,12.202223273872796
synthetic_energy,energy,ridge_ar,energy_0,2024-01-10 19:00:00,12.285185434277327,12.308495692955843
synthetic_energy,energy,ridge_ar,energy_0,2024-01-10 20:00:00,12.554936490538902,12.581847749668622
synthetic_energy,energy,ridge_ar,energy_0,2024-01-10 21:00:00,12.972233047033619,13.005278880179223
synthetic_energy,energy,ridge_ar,energy_0,2024-01-10 22:00:00,13.50999999999999,13.550864086796514
synthetic_energy,energy,ridge_ar,energy_0,2024-01-10 23:00:00,14.132952387243687,14.181570062632728
synthetic_energy,energy,ridge_ar,energy_1,2024-01-10 00:00:00,15.319999999999995,15.32311713943748
synthetic_energy,energy,ridge_ar,energy_1,2024-01-10 01:00:00,15.987047612756283,15.989703739866194
synthetic_energy,energy,ridge_ar,energy_1,2024-01-10 02:00:00,16.609999999999985,16.609911251379952
synthetic_energy,energy,ridge_ar,energy_1,2024-01-10 03:00:00,17.14776695296637,17.143057985744544
synthetic_energy,energy,ridge_ar,energy_1,2024-01-10 04:00:00,17.5650635094611,17.555101785409203
synthetic_energy,energy,ridge_ar,energy_1,2024-01-10 05:00:00,17.834814565722667,17.820874580667848
synthetic_energy,energy,ridge_ar,energy_1,2024-01-10 06:00:00,17.94,17.924816513986602
synthetic_energy,energy,ridge_ar,energy_1,2024-01-10 07:00:00,17.87481456572267,17.861767424468894
synthetic_energy,energy,ridge_ar,energy_1,2024-01-10 08:00:00,17.645063509461103,17.637243069156327
synthetic_energy,energy,ridge_ar,energy_1,2024-01-10 09:00:00,17.267766952966376,17.26725110435605
synthetic_energy,energy,ridge_ar,energy_1,2024-01-10 10:00:00,16.770000000000003,16.777526170199515
synthetic_energy,energy,ridge_ar,energy_1,2024-01-10 11:00:00,16.18704761275632,16.20205558646532
synthetic_energy,energy,ridge_ar,energy_1,2024-01-10 12:00:00,15.560000000000015,15.580934551516327
synthetic_energy,energy,ridge_ar,energy_1,2024-01-10 13:00:00,14.93295238724371,14.95769802150052
synthetic_energy,energy,ridge_ar,energy_1,2024-01-10 14:00:00,14.34999999999999,14.376347065862491
synthetic_energy,energy,ridge_ar,energy_1,2024-01-10 15:00:00,13.852233047033636,13.878311547552471
synthetic_energy,energy,ridge_ar,energy_1,2024-01-10 16:00:00,13.474936490538905,13.49957845011021
synthetic_energy,energy,ridge_ar,energy_1,2024-01-10 17:00:00,13.245185434277328,13.268183661776575
synthetic_energy,energy,ridge_ar,energy_1,2024-01-10 18:00:00,13.18,13.202223273872795
synthetic_energy,energy,ridge_ar,energy_1,2024-01-10 19:00:00,13.285185434277327,13.308495692955841
synthetic_energy,energy,ridge_ar,energy_1,2024-01-10 20:00:00,13.5549364905389,13.581847749668622
synthetic_energy,energy,ridge_ar,energy_1,2024-01-10 21:00:00,13.972233047033619,14.00527888017922
synthetic_energy,energy,ridge_ar,energy_1,2024-01-10 22:00:00,14.50999999999999,14.550864086796512
synthetic_energy,energy,ridge_ar,energy_1,2024-01-10 23:00:00,15.132952387243687,15.181570062632728
synthetic_energy,energy,ridge_ar,energy_2,2024-01-10 00:00:00,16.319999999999993,16.323117139437482
synthetic_energy,energy,ridge_ar,energy_2,2024-01-10 01:00:00,16.987047612756285,16.989703739866194
synthetic_energy,energy,ridge_ar,energy_2,2024-01-10 02:00:00,17.609999999999985,17.609911251379952
synthetic_energy,energy,ridge_ar,energy_2,2024-01-10 03:00:00,18.14776695296637,18.143057985744544
synthetic_energy,energy,ridge_ar,energy_2,2024-01-10 04:00:00,18.5650635094611,18.555101785409203
synthetic_energy,energy,ridge_ar,energy_2,2024-01-10 05:00:00,18.834814565722667,18.820874580667848
synthetic_energy,energy,ridge_ar,energy_2,2024-01-10 06:00:00,18.94,18.924816513986606
synthetic_energy,energy,ridge_ar,energy_2,2024-01-10 07:00:00,18.87481456572267,18.861767424468894
synthetic_energy,energy,ridge_ar,energy_2,2024-01-10 08:00:00,18.645063509461103,18.637243069156323
synthetic_energy,energy,ridge_ar,energy_2,2024-01-10 09:00:00,18.267766952966376,18.26725110435605
synthetic_energy,energy,ridge_ar,energy_2,2024-01-10 10:00:00,17.770000000000003,17.777526170199515
synthetic_energy,energy,ridge_ar,energy_2,2024-01-10 11:00:00,17.18704761275632,17.20205558646532
synthetic_energy,energy,ridge_ar,energy_2,2024-01-10 12:00:00,16.560000000000016,16.580934551516325
synthetic_energy,energy,ridge_ar,energy_2,2024-01-10 13:00:00,15.93295238724371,15.957698021500521
synthetic_energy,energy,ridge_ar,energy_2,2024-01-10 14:00:00,15.34999999999999,15.376347065862493
synthetic_energy,energy,ridge_ar,energy_2,2024-01-10 15:00:00,14.852233047033636,14.878311547552473
synthetic_energy,energy,ridge_ar,energy_2,2024-01-10 16:00:00,14.474936490538905,14.499578450110212
synthetic_energy,energy,ridge_ar,energy_2,2024-01-10 17:00:00,14.245185434277328,14.268183661776577
synthetic_energy,energy,ridge_ar,energy_2,2024-01-10 18:00:00,14.18,14.202223273872796
synthetic_energy,energy,ridge_ar,energy_2,2024-01-10 19:00:00,14.285185434277327,14.308495692955844
synthetic_energy,energy,ridge_ar,energy_2,2024-01-10 20:00:00,14.5549364905389,14.581847749668626
synthetic_energy,energy,ridge_ar,energy_2,2024-01-10 21:00:00,14.972233047033619,15.005278880179224
synthetic_energy,energy,ridge_ar,energy_2,2024-01-10 22:00:00,15.50999999999999,15.550864086796516
synthetic_energy,energy,ridge_ar,energy_2,2024-01-10 23:00:00,16.132952387243687,16.181570062632733
synthetic_energy,energy,hist_gradient_boosting_ar,energy_0,2024-01-10 00:00:00,14.319999999999995,14.22466265967847
synthetic_energy,energy,hist_gradient_boosting_ar,energy_0,2024-01-10 01:00:00,14.987047612756283,15.177870109995588
synthetic_energy,energy,hist_gradient_boosting_ar,energy_0,2024-01-10 02:00:00,15.609999999999985,15.645929488841057
synthetic_energy,energy,hist_gradient_boosting_ar,energy_0,2024-01-10 03:00:00,16.14776695296637,16.141664169658043
synthetic_energy,energy,hist_gradient_boosting_ar,energy_0,2024-01-10 04:00:00,16.5650635094611,16.272638362574355
synthetic_energy,energy,hist_gradient_boosting_ar,energy_0,2024-01-10 05:00:00,16.834814565722667,16.301530075597583
synthetic_energy,energy,hist_gradient_boosting_ar,energy_0,2024-01-10 06:00:00,16.94,16.301530075597583
synthetic_energy,energy,hist_gradient_boosting_ar,energy_0,2024-01-10 07:00:00,16.87481456572267,16.301530075597583
synthetic_energy,energy,hist_gradient_boosting_ar,energy_0,2024-01-10 08:00:00,16.645063509461103,16.301530075597583
synthetic_energy,energy,hist_gradient_boosting_ar,energy_0,2024-01-10 09:00:00,16.267766952966376,16.301530075597583
synthetic_energy,energy,hist_gradient_boosting_ar,energy_0,2024-01-10 10:00:00,15.770000000000003,15.840073849241389
synthetic_energy,energy,hist_gradient_boosting_ar,energy_0,2024-01-10 11:00:00,15.18704761275632,15.197825216035996
synthetic_energy,energy,hist_gradient_boosting_ar,energy_0,2024-01-10 12:00:00,14.560000000000015,14.447256471487872
synthetic_energy,energy,hist_gradient_boosting_ar,energy_0,2024-01-10 13:00:00,13.93295238724371,13.957710708413828
synthetic_energy,energy,hist_gradient_boosting_ar,energy_0,2024-01-10 14:00:00,13.34999999999999,13.281709533383582
synthetic_energy,energy,hist_gradient_boosting_ar,energy_0,2024-01-10 15:00:00,12.852233047033636,12.827885879116556
synthetic_energy,energy,hist_gradient_boosting_ar,energy_0,2024-01-10 16:00:00,12.474936490538903,12.553238871250143
synthetic_energy,energy,hist_gradient_boosting_ar,energy_0,2024-01-10 17:00:00,12.245185434277328,12.472341768478177
synthetic_energy,energy,hist_gradient_boosting_ar,energy_0,2024-01-10 18:00:00,12.18,12.193324827384835
synthetic_energy,energy,hist_gradient_boosting_ar,energy_0,2024-01-10 19:00:00,12.285185434277327,12.457903162277102
synthetic_energy,energy,hist_gradient_boosting_ar,energy_0,2024-01-10 20:00:00,12.554936490538902,12.595027725912917
synthetic_energy,energy,hist_gradient_boosting_ar,energy_0,2024-01-10 21:00:00,12.972233047033619,13.011390550989407
synthetic_energy,energy,hist_gradient_boosting_ar,energy_0,2024-01-10 22:00:00,13.50999999999999,13.593360443527818
synthetic_energy,energy,hist_gradient_boosting_ar,energy_0,2024-01-10 23:00:00,14.132952387243687,14.074075678563128
synthetic_energy,energy,hist_gradient_boosting_ar,energy_1,2024-01-10 00:00:00,15.319999999999995,15.22466265967847
synthetic_energy,energy,hist_gradient_boosting_ar,energy_1,2024-01-10 01:00:00,15.987047612756283,16.177870109995588
synthetic_energy,energy,hist_gradient_boosting_ar,energy_1,2024-01-10 02:00:00,16.609999999999985,16.645929488841055
synthetic_energy,energy,hist_gradient_boosting_ar,energy_1,2024-01-10 03:00:00,17.14776695296637,17.141664169658043
synthetic_energy,energy,hist_gradient_boosting_ar,energy_1,2024-01-10 04:00:00,17.5650635094611,17.272638362574355
synthetic_energy,energy,hist_gradient_boosting_ar,energy_1,2024-01-10 05:00:00,17.834814565722667,17.301530075597583
synthetic_energy,energy,hist_gradient_boosting_ar,energy_1,2024-01-10 06:00:00,17.94,17.301530075597583
synthetic_energy,energy,hist_gradient_boosting_ar,energy_1,2024-01-10 07:00:00,17.87481456572267,17.301530075597583
synthetic_energy,energy,hist_gradient_boosting_ar,energy_1,2024-01-10 08:00:00,17.645063509461103,17.301530075597583
synthetic_energy,energy,hist_gradient_boosting_ar,energy_1,2024-01-10 09:00:00,17.267766952966376,17.301530075597583
synthetic_energy,energy,hist_gradient_boosting_ar,energy_1,2024-01-10 10:00:00,16.770000000000003,16.84007384924139
synthetic_energy,energy,hist_gradient_boosting_ar,energy_1,2024-01-10 11:00:00,16.18704761275632,16.197825216035998
synthetic_energy,energy,hist_gradient_boosting_ar,energy_1,2024-01-10 12:00:00,15.560000000000015,15.447256471487872
synthetic_energy,energy,hist_gradient_boosting_ar,energy_1,2024-01-10 13:00:00,14.93295238724371,14.957710708413828
synthetic_energy,energy,hist_gradient_boosting_ar,energy_1,2024-01-10 14:00:00,14.34999999999999,14.281709533383582
synthetic_energy,energy,hist_gradient_boosting_ar,energy_1,2024-01-10 15:00:00,13.852233047033636,13.827885879116556
synthetic_energy,energy,hist_gradient_boosting_ar,energy_1,2024-01-10 16:00:00,13.474936490538905,13.553238871250143
synthetic_energy,energy,hist_gradient_boosting_ar,energy_1,2024-01-10 17:00:00,13.245185434277328,13.472341768478177
synthetic_energy,energy,hist_gradient_boosting_ar,energy_1,2024-01-10 18:00:00,13.18,13.193324827384835
synthetic_energy,energy,hist_gradient_boosting_ar,energy_1,2024-01-10 19:00:00,13.285185434277327,13.457903162277102
synthetic_energy,energy,hist_gradient_boosting_ar,energy_1,2024-01-10 20:00:00,13.5549364905389,13.595027725912917
synthetic_energy,energy,hist_gradient_boosting_ar,energy_1,2024-01-10 21:00:00,13.972233047033619,14.011390550989407
synthetic_energy,energy,hist_gradient_boosting_ar,energy_1,2024-01-10 22:00:00,14.50999999999999,14.593360443527818
synthetic_energy,energy,hist_gradient_boosting_ar,energy_1,2024-01-10 23:00:00,15.132952387243687,15.074075678563128
synthetic_energy,energy,hist_gradient_boosting_ar,energy_2,2024-01-10 00:00:00,16.319999999999993,16.224662659678472
synthetic_energy,energy,hist_gradient_boosting_ar,energy_2,2024-01-10 01:00:00,16.987047612756285,17.177870109995588
synthetic_energy,energy,hist_gradient_boosting_ar,energy_2,2024-01-10 02:00:00,17.609999999999985,17.645929488841055
synthetic_energy,energy,hist_gradient_boosting_ar,energy_2,2024-01-10 03:00:00,18.14776695296637,18.141664169658043
synthetic_energy,energy,hist_gradient_boosting_ar,energy_2,2024-01-10 04:00:00,18.5650635094611,18.272638362574355
synthetic_energy,energy,hist_gradient_boosting_ar,energy_2,2024-01-10 05:00:00,18.834814565722667,18.301530075597583
synthetic_energy,energy,hist_gradient_boosting_ar,energy_2,2024-01-10 06:00:00,18.94,18.301530075597583
synthetic_energy,energy,hist_gradient_boosting_ar,energy_2,2024-01-10 07:00:00,18.87481456572267,18.301530075597583
synthetic_energy,energy,hist_gradient_boosting_ar,energy_2,2024-01-10 08:00:00,18.645063509461103,18.301530075597583
synthetic_energy,energy,hist_gradient_boosting_ar,energy_2,2024-01-10 09:00:00,18.267766952966376,18.301530075597583
synthetic_energy,energy,hist_gradient_boosting_ar,energy_2,2024-01-10 10:00:00,17.770000000000003,17.84007384924139
synthetic_energy,energy,hist_gradient_boosting_ar,energy_2,2024-01-10 11:00:00,17.18704761275632,17.197825216035998
synthetic_energy,energy,hist_gradient_boosting_ar,energy_2,2024-01-10 12:00:00,16.560000000000016,16.447256471487872
synthetic_energy,energy,hist_gradient_boosting_ar,energy_2,2024-01-10 13:00:00,15.93295238724371,15.957710708413828
synthetic_energy,energy,hist_gradient_boosting_ar,energy_2,2024-01-10 14:00:00,15.34999999999999,15.281709533383582
synthetic_energy,energy,hist_gradient_boosting_ar,energy_2,2024-01-10 15:00:00,14.852233047033636,14.827885879116556
synthetic_energy,energy,hist_gradient_boosting_ar,energy_2,2024-01-10 16:00:00,14.474936490538905,14.553238871250143
synthetic_energy,energy,hist_gradient_boosting_ar,energy_2,2024-01-10 17:00:00,14.245185434277328,14.472341768478177
synthetic_energy,energy,hist_gradient_boosting_ar,energy_2,2024-01-10 18:00:00,14.18,14.193324827384835
synthetic_energy,energy,hist_gradient_boosting_ar,energy_2,2024-01-10 19:00:00,14.285185434277327,14.457903162277102
synthetic_energy,energy,hist_gradient_boosting_ar,energy_2,2024-01-10 20:00:00,14.5549364905389,14.595027725912917
synthetic_energy,energy,hist_gradient_boosting_ar,energy_2,2024-01-10 21:00:00,14.972233047033619,15.011390550989407
synthetic_energy,energy,hist_gradient_boosting_ar,energy_2,2024-01-10 22:00:00,15.50999999999999,15.593360443527818
synthetic_energy,energy,hist_gradient_boosting_ar,energy_2,2024-01-10 23:00:00,16.132952387243687,16.074075678563126
synthetic_energy,energy,lightgbm_ar,energy_0,2024-01-10 00:00:00,14.319999999999995,14.26727727811622
synthetic_energy,energy,lightgbm_ar,energy_0,2024-01-10 01:00:00,14.987047612756283,15.128576955323384
synthetic_energy,energy,lightgbm_ar,energy_0,2024-01-10 02:00:00,15.609999999999985,15.60482870804667
synthetic_energy,energy,lightgbm_ar,energy_0,2024-01-10 03:00:00,16.14776695296637,16.263856177732777
synthetic_energy,energy,lightgbm_ar,energy_0,2024-01-10 04:00:00,16.5650635094611,16.356805966494335
synthetic_energy,energy,lightgbm_ar,energy_0,2024-01-10 05:00:00,16.834814565722667,16.413020096150063
synthetic_energy,energy,lightgbm_ar,energy_0,2024-01-10 06:00:00,16.94,16.372093492490848
synthetic_energy,energy,lightgbm_ar,energy_0,2024-01-10 07:00:00,16.87481456572267,16.380895937852955
synthetic_energy,energy,lightgbm_ar,energy_0,2024-01-10 08:00:00,16.645063509461103,16.36701382059091
synthetic_energy,energy,lightgbm_ar,energy_0,2024-01-10 09:00:00,16.267766952966376,16.353069367214395
synthetic_energy,energy,lightgbm_ar,energy_0,2024-01-10 10:00:00,15.770000000000003,15.7291332937289
synthetic_energy,energy,lightgbm_ar,energy_0,2024-01-10 11:00:00,15.18704761275632,15.185356778503706
synthetic_energy,energy,lightgbm_ar,energy_0,2024-01-10 12:00:00,14.560000000000015,14.50986386599639
synthetic_energy,energy,lightgbm_ar,energy_0,2024-01-10 13:00:00,13.93295238724371,13.849212596466073
synthetic_energy,energy,lightgbm_ar,energy_0,2024-01-10 14:00:00,13.34999999999999,13.36045177321782
synthetic_energy,energy,lightgbm_ar,energy_0,2024-01-10 15:00:00,12.852233047033636,12.854641002986321
synthetic_energy,energy,lightgbm_ar,energy_0,2024-01-10 16:00:00,12.474936490538903,12.473086379978593
synthetic_energy,energy,lightgbm_ar,energy_0,2024-01-10 17:00:00,12.245185434277328,12.369099779428955
synthetic_energy,energy,lightgbm_ar,energy_0,2024-01-10 18:00:00,12.18,12.07729772544904
synthetic_energy,energy,lightgbm_ar,energy_0,2024-01-10 19:00:00,12.285185434277327,12.363105792794586
synthetic_energy,energy,lightgbm_ar,energy_0,2024-01-10 20:00:00,12.554936490538902,12.54132062174242
synthetic_energy,energy,lightgbm_ar,energy_0,2024-01-10 21:00:00,12.972233047033619,12.974110439809314
synthetic_energy,energy,lightgbm_ar,energy_0,2024-01-10 22:00:00,13.50999999999999,13.45201083888561
synthetic_energy,energy,lightgbm_ar,energy_0,2024-01-10 23:00:00,14.132952387243687,14.078503536865863
synthetic_energy,energy,lightgbm_ar,energy_1,2024-01-10 00:00:00,15.319999999999995,15.26727727811622
synthetic_energy,energy,lightgbm_ar,energy_1,2024-01-10 01:00:00,15.987047612756283,16.128576955323382
synthetic_energy,energy,lightgbm_ar,energy_1,2024-01-10 02:00:00,16.609999999999985,16.60482870804667
synthetic_energy,energy,lightgbm_ar,energy_1,2024-01-10 03:00:00,17.14776695296637,17.263856177732777
synthetic_energy,energy,lightgbm_ar,energy_1,2024-01-10 04:00:00,17.5650635094611,17.356805966494335
synthetic_energy,energy,lightgbm_ar,energy_1,2024-01-10 05:00:00,17.834814565722667,17.413020096150063
synthetic_energy,energy,lightgbm_ar,energy_1,2024-01-10 06:00:00,17.94,17.372093492490848
synthetic_energy,energy,lightgbm_ar,energy_1,2024-01-10 07:00:00,17.87481456572267,17.380895937852955
synthetic_energy,energy,lightgbm_ar,energy_1,2024-01-10 08:00:00,17.645063509461103,17.367013820590913
synthetic_energy,energy,lightgbm_ar,energy_1,2024-01-10 09:00:00,17.267766952966376,17.3530693672144
synthetic_energy,energy,lightgbm_ar,energy_1,2024-01-10 10:00:00,16.770000000000003,16.7291332937289
synthetic_energy,energy,lightgbm_ar,energy_1,2024-01-10 11:00:00,16.18704761275632,16.185356778503706
synthetic_energy,energy,lightgbm_ar,energy_1,2024-01-10 12:00:00,15.560000000000015,15.50986386599639
synthetic_energy,energy,lightgbm_ar,energy_1,2024-01-10 13:00:00,14.93295238724371,14.849212596466073
synthetic_energy,energy,lightgbm_ar,energy_1,2024-01-10 14:00:00,14.34999999999999,14.36045177321782
synthetic_energy,energy,lightgbm_ar,energy_1,2024-01-10 15:00:00,13.852233047033636,13.854641002986321
synthetic_energy,energy,lightgbm_ar,energy_1,2024-01-10 16:00:00,13.474936490538905,13.473086379978593
synthetic_energy,energy,lightgbm_ar,energy_1,2024-01-10 17:00:00,13.245185434277328,13.369099779428955
synthetic_energy,energy,lightgbm_ar,energy_1,2024-01-10 18:00:00,13.18,13.07729772544904
synthetic_energy,energy,lightgbm_ar,energy_1,2024-01-10 19:00:00,13.285185434277327,13.363105792794586
synthetic_energy,energy,lightgbm_ar,energy_1,2024-01-10 20:00:00,13.5549364905389,13.54132062174242
synthetic_energy,energy,lightgbm_ar,energy_1,2024-01-10 21:00:00,13.972233047033619,13.974110439809314
synthetic_energy,energy,lightgbm_ar,energy_1,2024-01-10 22:00:00,14.50999999999999,14.45201083888561
synthetic_energy,energy,lightgbm_ar,energy_1,2024-01-10 23:00:00,15.132952387243687,15.078503536865863
synthetic_energy,energy,lightgbm_ar,energy_2,2024-01-10 00:00:00,16.319999999999993,16.26727727811622
synthetic_energy,energy,lightgbm_ar,energy_2,2024-01-10 01:00:00,16.987047612756285,17.128576955323382
synthetic_energy,energy,lightgbm_ar,energy_2,2024-01-10 02:00:00,17.609999999999985,17.60482870804667
synthetic_energy,energy,lightgbm_ar,energy_2,2024-01-10 03:00:00,18.14776695296637,18.263856177732777
synthetic_energy,energy,lightgbm_ar,energy_2,2024-01-10 04:00:00,18.5650635094611,18.356805966494335
synthetic_energy,energy,lightgbm_ar,energy_2,2024-01-10 05:00:00,18.834814565722667,18.413020096150063
synthetic_energy,energy,lightgbm_ar,energy_2,2024-01-10 06:00:00,18.94,18.372093492490848
synthetic_energy,energy,lightgbm_ar,energy_2,2024-01-10 07:00:00,18.87481456572267,18.380895937852955
synthetic_energy,energy,lightgbm_ar,energy_2,2024-01-10 08:00:00,18.645063509461103,18.367013820590913
synthetic_energy,energy,lightgbm_ar,energy_2,2024-01-10 09:00:00,18.267766952966376,18.3530693672144
synthetic_energy,energy,lightgbm_ar,energy_2,2024-01-10 10:00:00,17.770000000000003,17.7291332937289
synthetic_energy,energy,lightgbm_ar,energy_2,2024-01-10 11:00:00,17.18704761275632,17.185356778503706
synthetic_energy,energy,lightgbm_ar,energy_2,2024-01-10 12:00:00,16.560000000000016,16.50986386599639
synthetic_energy,energy,lightgbm_ar,energy_2,2024-01-10 13:00:00,15.93295238724371,15.849212596466073
synthetic_energy,energy,lightgbm_ar,energy_2,2024-01-10 14:00:00,15.34999999999999,15.36045177321782
synthetic_energy,energy,lightgbm_ar,energy_2,2024-01-10 15:00:00,14.852233047033636,14.854641002986321
synthetic_energy,energy,lightgbm_ar,energy_2,2024-01-10 16:00:00,14.474936490538905,14.473086379978593
synthetic_energy,energy,lightgbm_ar,energy_2,2024-01-10 17:00:00,14.245185434277328,14.369099779428955
synthetic_energy,energy,lightgbm_ar,energy_2,2024-01-10 18:00:00,14.18,14.07729772544904
synthetic_energy,energy,lightgbm_ar,energy_2,2024-01-10 19:00:00,14.285185434277327,14.363105792794586
synthetic_energy,energy,lightgbm_ar,energy_2,2024-01-10 20:00:00,14.5549364905389,14.54132062174242
synthetic_energy,energy,lightgbm_ar,energy_2,2024-01-10 21:00:00,14.972233047033619,14.974110439809314
synthetic_energy,energy,lightgbm_ar,energy_2,2024-01-10 22:00:00,15.50999999999999,15.45201083888561
synthetic_energy,energy,lightgbm_ar,energy_2,2024-01-10 23:00:00,16.132952387243687,16.078503536865863
synthetic_energy,energy,xgboost_ar,energy_0,2024-01-10 00:00:00,14.319999999999995,14.226672635796966
synthetic_energy,energy,xgboost_ar,energy_0,2024-01-10 01:00:00,14.987047612756283,14.809139844675562
synthetic_energy,energy,xgboost_ar,energy_0,2024-01-10 02:00:00,15.609999999999985,15.603802759633622
synthetic_energy,energy,xgboost_ar,energy_0,2024-01-10 03:00:00,16.14776695296637,16.082819763749534
synthetic_energy,energy,xgboost_ar,energy_0,2024-01-10 04:00:00,16.5650635094611,16.44674524153378
synthetic_energy,energy,xgboost_ar,energy_0,2024-01-10 05:00:00,16.834814565722667,16.431036174163488
synthetic_energy,energy,xgboost_ar,energy_0,2024-01-10 06:00:00,16.94,16.429482887174284
synthetic_energy,energy,xgboost_ar,energy_0,2024-01-10 07:00:00,16.87481456572267,16.429482887174284
synthetic_energy,energy,xgboost_ar,energy_0,2024-01-10 08:00:00,16.645063509461103,16.429482887174284
synthetic_energy,energy,xgboost_ar,energy_0,2024-01-10 09:00:00,16.267766952966376,16.161979917333646
synthetic_energy,energy,xgboost_ar,energy_0,2024-01-10 10:00:00,15.770000000000003,15.683617093216805
synthetic_energy,energy,xgboost_ar,energy_0,2024-01-10 11:00:00,15.18704761275632,15.129734488710314
synthetic_energy,energy,xgboost_ar,energy_0,2024-01-10 12:00:00,14.560000000000015,14.509814173189469
synthetic_energy,energy,xgboost_ar,energy_0,2024-01-10 13:00:00,13.93295238724371,13.823325107032288
synthetic_energy,energy,xgboost_ar,energy_0,2024-01-10 14:00:00,13.34999999999999,13.173321128777086
synthetic_energy,energy,xgboost_ar,energy_0,2024-01-10 15:00:00,12.852233047033636,12.553525645837247
synthetic_energy,energy,xgboost_ar,energy_0,2024-01-10 16:00:00,12.474936490538903,12.391527684920657
synthetic_energy,energy,xgboost_ar,energy_0,2024-01-10 17:00:00,12.245185434277328,12.078141933693264
synthetic_energy,energy,xgboost_ar,energy_0,2024-01-10 18:00:00,12.18,12.078141933693264
synthetic_energy,energy,xgboost_ar,energy_0,2024-01-10 19:00:00,12.285185434277327,12.078141933693264
synthetic_energy,energy,xgboost_ar,energy_0,2024-01-10 20:00:00,12.554936490538902,12.55106476480444
synthetic_energy,energy,xgboost_ar,energy_0,2024-01-10 21:00:00,12.972233047033619,12.86739276399328
synthetic_energy,energy,xgboost_ar,energy_0,2024-01-10 22:00:00,13.50999999999999,13.45317743450877
synthetic_energy,energy,xgboost_ar,energy_0,2024-01-10 23:00:00,14.132952387243687,14.069371556062833
synthetic_energy,energy,xgboost_ar,energy_1,2024-01-10 00:00:00,15.319999999999995,15.226672635796966
synthetic_energy,energy,xgboost_ar,energy_1,2024-01-10 01:00:00,15.987047612756283,15.809139844675562
synthetic_energy,energy,xgboost_ar,energy_1,2024-01-10 02:00:00,16.609999999999985,16.603802759633624
synthetic_energy,energy,xgboost_ar,energy_1,2024-01-10 03:00:00,17.14776695296637,17.082819763749534
synthetic_energy,energy,xgboost_ar,energy_1,2024-01-10 04:00:00,17.5650635094611,17.44674524153378
synthetic_energy,energy,xgboost_ar,energy_1,2024-01-10 05:00:00,17.834814565722667,17.431036174163488
synthetic_energy,energy,xgboost_ar,energy_1,2024-01-10 06:00:00,17.94,17.429482887174284
synthetic_energy,energy,xgboost_ar,energy_1,2024-01-10 07:00:00,17.87481456572267,17.429482887174284
synthetic_energy,energy,xgboost_ar,energy_1,2024-01-10 08:00:00,17.645063509461103,17.429482887174284
synthetic_energy,energy,xgboost_ar,energy_1,2024-01-10 09:00:00,17.267766952966376,17.161979917333646
synthetic_energy,energy,xgboost_ar,energy_1,2024-01-10 10:00:00,16.770000000000003,16.683617093216807
synthetic_energy,energy,xgboost_ar,energy_1,2024-01-10 11:00:00,16.18704761275632,16.129734488710316
synthetic_energy,energy,xgboost_ar,energy_1,2024-01-10 12:00:00,15.560000000000015,15.509814173189469
synthetic_energy,energy,xgboost_ar,energy_1,2024-01-10 13:00:00,14.93295238724371,14.823325107032288
synthetic_energy,energy,xgboost_ar,energy_1,2024-01-10 14:00:00,14.34999999999999,14.173321128777086
synthetic_energy,energy,xgboost_ar,energy_1,2024-01-10 15:00:00,13.852233047033636,13.553525645837247
synthetic_energy,energy,xgboost_ar,energy_1,2024-01-10 16:00:00,13.474936490538905,13.391527684920657
synthetic_energy,energy,xgboost_ar,energy_1,2024-01-10 17:00:00,13.245185434277328,13.078141933693264
synthetic_energy,energy,xgboost_ar,energy_1,2024-01-10 18:00:00,13.18,13.078141933693264
synthetic_energy,energy,xgboost_ar,energy_1,2024-01-10 19:00:00,13.285185434277327,13.078141933693264
synthetic_energy,energy,xgboost_ar,energy_1,2024-01-10 20:00:00,13.5549364905389,13.55106476480444
synthetic_energy,energy,xgboost_ar,energy_1,2024-01-10 21:00:00,13.972233047033619,13.86739276399328
synthetic_energy,energy,xgboost_ar,energy_1,2024-01-10 22:00:00,14.50999999999999,14.45317743450877
synthetic_energy,energy,xgboost_ar,energy_1,2024-01-10 23:00:00,15.132952387243687,15.069371556062833
synthetic_energy,energy,xgboost_ar,energy_2,2024-01-10 00:00:00,16.319999999999993,16.226672635796966
synthetic_energy,energy,xgboost_ar,energy_2,2024-01-10 01:00:00,16.987047612756285,16.809139844675563
synthetic_energy,energy,xgboost_ar,energy_2,2024-01-10 02:00:00,17.609999999999985,17.603802759633624
synthetic_energy,energy,xgboost_ar,energy_2,2024-01-10 03:00:00,18.14776695296637,18.082819763749534
synthetic_energy,energy,xgboost_ar,energy_2,2024-01-10 04:00:00,18.5650635094611,18.44674524153378
synthetic_energy,energy,xgboost_ar,energy_2,2024-01-10 05:00:00,18.834814565722667,18.431036174163488
synthetic_energy,energy,xgboost_ar,energy_2,2024-01-10 06:00:00,18.94,18.429482887174284
synthetic_energy,energy,xgboost_ar,energy_2,2024-01-10 07:00:00,18.87481456572267,18.429482887174284
synthetic_energy,energy,xgboost_ar,energy_2,2024-01-10 08:00:00,18.645063509461103,18.429482887174284
synthetic_energy,energy,xgboost_ar,energy_2,2024-01-10 09:00:00,18.267766952966376,18.161979917333646
synthetic_energy,energy,xgboost_ar,energy_2,2024-01-10 10:00:00,17.770000000000003,17.683617093216807
synthetic_energy,energy,xgboost_ar,energy_2,2024-01-10 11:00:00,17.18704761275632,17.129734488710316
synthetic_energy,energy,xgboost_ar,energy_2,2024-01-10 12:00:00,16.560000000000016,16.50981417318947
synthetic_energy,energy,xgboost_ar,energy_2,2024-01-10 13:00:00,15.93295238724371,15.823325107032288
synthetic_energy,energy,xgboost_ar,energy_2,2024-01-10 14:00:00,15.34999999999999,15.173321128777086
synthetic_energy,energy,xgboost_ar,energy_2,2024-01-10 15:00:00,14.852233047033636,14.553525645837247
synthetic_energy,energy,xgboost_ar,energy_2,2024-01-10 16:00:00,14.474936490538905,14.391527684920657
synthetic_energy,energy,xgboost_ar,energy_2,2024-01-10 17:00:00,14.245185434277328,14.078141933693264
synthetic_energy,energy,xgboost_ar,energy_2,2024-01-10 18:00:00,14.18,14.078141933693264
synthetic_energy,energy,xgboost_ar,energy_2,2024-01-10 19:00:00,14.285185434277327,14.078141933693264
synthetic_energy,energy,xgboost_ar,energy_2,2024-01-10 20:00:00,14.5549364905389,14.55106476480444
synthetic_energy,energy,xgboost_ar,energy_2,2024-01-10 21:00:00,14.972233047033619,14.86739276399328
synthetic_energy,energy,xgboost_ar,energy_2,2024-01-10 22:00:00,15.50999999999999,15.45317743450877
synthetic_energy,energy,xgboost_ar,energy_2,2024-01-10 23:00:00,16.132952387243687,16.069371556062833
synthetic_energy,energy,tabpfn_ts,energy_0,2024-01-10 00:00:00,14.319999999999995,14.1072416305542
synthetic_energy,energy,tabpfn_ts,energy_0,2024-01-10 01:00:00,14.987047612756283,14.78597354888916
synthetic_energy,energy,tabpfn_ts,energy_0,2024-01-10 02:00:00,15.609999999999985,15.46294116973877
synthetic_energy,energy,tabpfn_ts,energy_0,2024-01-10 03:00:00,16.14776695296637,16.070131301879883
synthetic_energy,energy,tabpfn_ts,energy_0,2024-01-10 04:00:00,16.5650635094611,16.45127296447754
synthetic_energy,energy,tabpfn_ts,energy_0,2024-01-10 05:00:00,16.834814565722667,16.680553436279297
synthetic_energy,energy,tabpfn_ts,energy_0,2024-01-10 06:00:00,16.94,16.772682189941406
synthetic_energy,energy,tabpfn_ts,energy_0,2024-01-10 07:00:00,16.87481456572267,16.705596923828125
synthetic_energy,energy,tabpfn_ts,energy_0,2024-01-10 08:00:00,16.645063509461103,16.513883590698242
synthetic_energy,energy,tabpfn_ts,energy_0,2024-01-10 09:00:00,16.267766952966376,16.140331268310547
synthetic_energy,energy,tabpfn_ts,energy_0,2024-01-10 10:00:00,15.770000000000003,15.603050231933594
synthetic_energy,energy,tabpfn_ts,energy_0,2024-01-10 11:00:00,15.18704761275632,14.957038879394531
synthetic_energy,energy,tabpfn_ts,energy_0,2024-01-10 12:00:00,14.560000000000015,14.312630653381348
synthetic_energy,energy,tabpfn_ts,energy_0,2024-01-10 13:00:00,13.93295238724371,13.711226463317871
synthetic_energy,energy,tabpfn_ts,energy_0,2024-01-10 14:00:00,13.34999999999999,13.082096099853516
synthetic_energy,energy,tabpfn_ts,energy_0,2024-01-10 15:00:00,12.852233047033636,12.586277961730957
synthetic_energy,energy,tabpfn_ts,energy_0,2024-01-10 16:00:00,12.474936490538903,12.212937355041504
synthetic_energy,energy,tabpfn_ts,energy_0,2024-01-10 17:00:00,12.245185434277328,11.96673583984375
synthetic_energy,energy,tabpfn_ts,energy_0,2024-01-10 18:00:00,12.18,11.881025314331055
synthetic_energy,energy,tabpfn_ts,energy_0,2024-01-10 19:00:00,12.285185434277327,11.967745780944824
synthetic_energy,energy,tabpfn_ts,energy_0,2024-01-10 20:00:00,12.554936490538902,12.19731616973877
synthetic_energy,energy,tabpfn_ts,energy_0,2024-01-10 21:00:00,12.972233047033619,12.600102424621582
synthetic_energy,energy,tabpfn_ts,energy_0,2024-01-10 22:00:00,13.50999999999999,13.145269393920898
synthetic_energy,energy,tabpfn_ts,energy_0,2024-01-10 23:00:00,14.132952387243687,13.818703651428223
synthetic_energy,energy,tabpfn_ts,energy_1,2024-01-10 00:00:00,15.319999999999995,15.1072416305542
synthetic_energy,energy,tabpfn_ts,energy_1,2024-01-10 01:00:00,15.987047612756283,15.78597354888916
synthetic_energy,energy,tabpfn_ts,energy_1,2024-01-10 02:00:00,16.609999999999985,16.462940216064453
synthetic_energy,energy,tabpfn_ts,energy_1,2024-01-10 03:00:00,17.14776695296637,17.070131301879883
synthetic_energy,energy,tabpfn_ts,energy_1,2024-01-10 04:00:00,17.5650635094611,17.45127296447754
synthetic_energy,energy,tabpfn_ts,energy_1,2024-01-10 05:00:00,17.834814565722667,17.680553436279297
synthetic_energy,energy,tabpfn_ts,energy_1,2024-01-10 06:00:00,17.94,17.772682189941406
synthetic_energy,energy,tabpfn_ts,energy_1,2024-01-10 07:00:00,17.87481456572267,17.705596923828125
synthetic_energy,energy,tabpfn_ts,energy_1,2024-01-10 08:00:00,17.645063509461103,17.513883590698242
synthetic_energy,energy,tabpfn_ts,energy_1,2024-01-10 09:00:00,17.267766952966376,17.140331268310547
synthetic_energy,energy,tabpfn_ts,energy_1,2024-01-10 10:00:00,16.770000000000003,16.603050231933594
synthetic_energy,energy,tabpfn_ts,energy_1,2024-01-10 11:00:00,16.18704761275632,15.957038879394531
synthetic_energy,energy,tabpfn_ts,energy_1,2024-01-10 12:00:00,15.560000000000015,15.312630653381348
synthetic_energy,energy,tabpfn_ts,energy_1,2024-01-10 13:00:00,14.93295238724371,14.711226463317871
synthetic_energy,energy,tabpfn_ts,energy_1,2024-01-10 14:00:00,14.34999999999999,14.082096099853516
synthetic_energy,energy,tabpfn_ts,energy_1,2024-01-10 15:00:00,13.852233047033636,13.586277961730957
synthetic_energy,energy,tabpfn_ts,energy_1,2024-01-10 16:00:00,13.474936490538905,13.212937355041504
synthetic_energy,energy,tabpfn_ts,energy_1,2024-01-10 17:00:00,13.245185434277328,12.96673583984375
synthetic_energy,energy,tabpfn_ts,energy_1,2024-01-10 18:00:00,13.18,12.881025314331055
synthetic_energy,energy,tabpfn_ts,energy_1,2024-01-10 19:00:00,13.285185434277327,12.967745780944824
synthetic_energy,energy,tabpfn_ts,energy_1,2024-01-10 20:00:00,13.5549364905389,13.19731616973877
synthetic_energy,energy,tabpfn_ts,energy_1,2024-01-10 21:00:00,13.972233047033619,13.600102424621582
synthetic_energy,energy,tabpfn_ts,energy_1,2024-01-10 22:00:00,14.50999999999999,14.145269393920898
synthetic_energy,energy,tabpfn_ts,energy_1,2024-01-10 23:00:00,15.132952387243687,14.818703651428223
synthetic_energy,energy,tabpfn_ts,energy_2,2024-01-10 00:00:00,16.319999999999993,16.107240676879883
synthetic_energy,energy,tabpfn_ts,energy_2,2024-01-10 01:00:00,16.987047612756285,16.785972595214844
synthetic_energy,energy,tabpfn_ts,energy_2,2024-01-10 02:00:00,17.609999999999985,17.462940216064453
synthetic_energy,energy,tabpfn_ts,energy_2,2024-01-10 03:00:00,18.14776695296637,18.070131301879883
synthetic_energy,energy,tabpfn_ts,energy_2,2024-01-10 04:00:00,18.5650635094611,18.45127296447754
synthetic_energy,energy,tabpfn_ts,energy_2,2024-01-10 05:00:00,18.834814565722667,18.680553436279297
synthetic_energy,energy,tabpfn_ts,energy_2,2024-01-10 06:00:00,18.94,18.772682189941406
synthetic_energy,energy,tabpfn_ts,energy_2,2024-01-10 07:00:00,18.87481456572267,18.705596923828125
synthetic_energy,energy,tabpfn_ts,energy_2,2024-01-10 08:00:00,18.645063509461103,18.513883590698242
synthetic_energy,energy,tabpfn_ts,energy_2,2024-01-10 09:00:00,18.267766952966376,18.140331268310547
synthetic_energy,energy,tabpfn_ts,energy_2,2024-01-10 10:00:00,17.770000000000003,17.603050231933594
synthetic_energy,energy,tabpfn_ts,energy_2,2024-01-10 11:00:00,17.18704761275632,16.95703887939453
synthetic_energy,energy,tabpfn_ts,energy_2,2024-01-10 12:00:00,16.560000000000016,16.312631607055664
synthetic_energy,energy,tabpfn_ts,energy_2,2024-01-10 13:00:00,15.93295238724371,15.711226463317871
synthetic_energy,energy,tabpfn_ts,energy_2,2024-01-10 14:00:00,15.34999999999999,15.082096099853516
synthetic_energy,energy,tabpfn_ts,energy_2,2024-01-10 15:00:00,14.852233047033636,14.586277961730957
synthetic_energy,energy,tabpfn_ts,energy_2,2024-01-10 16:00:00,14.474936490538905,14.212937355041504
synthetic_energy,energy,tabpfn_ts,energy_2,2024-01-10 17:00:00,14.245185434277328,13.96673583984375
synthetic_energy,energy,tabpfn_ts,energy_2,2024-01-10 18:00:00,14.18,13.881025314331055
synthetic_energy,energy,tabpfn_ts,energy_2,2024-01-10 19:00:00,14.285185434277327,13.967745780944824
synthetic_energy,energy,tabpfn_ts,energy_2,2024-01-10 20:00:00,14.5549364905389,14.19731616973877
synthetic_energy,energy,tabpfn_ts,energy_2,2024-01-10 21:00:00,14.972233047033619,14.600102424621582
synthetic_energy,energy,tabpfn_ts,energy_2,2024-01-10 22:00:00,15.50999999999999,15.145269393920898
synthetic_energy,energy,tabpfn_ts,energy_2,2024-01-10 23:00:00,16.132952387243687,15.818703651428223
synthetic_traffic,traffic,dummy_mean,traffic_0,2024-01-10 00:00:00,32.92478373654545,29.969533502744316
synthetic_traffic,traffic,dummy_mean,traffic_0,2024-01-10 01:00:00,34.96832983968731,29.969533502744316
synthetic_traffic,traffic,dummy_mean,traffic_0,2024-01-10 02:00:00,36.86671841735838,29.969533502744316
synthetic_traffic,traffic,dummy_mean,traffic_0,2024-01-10 03:00:00,38.48850424041749,29.969533502744316
synthetic_traffic,traffic,dummy_mean,traffic_0,2024-01-10 04:00:00,39.720824476208136,29.969533502744316
synthetic_traffic,traffic,dummy_mean,traffic_0,2024-01-10 05:00:00,40.47709337792247,29.969533502744316
synthetic_traffic,traffic,dummy_mean,traffic_0,2024-01-10 06:00:00,40.702906603707255,29.969533502744316
synthetic_traffic,traffic,dummy_mean,traffic_0,2024-01-10 07:00:00,40.37975279082637,29.969533502744316
synthetic_traffic,traffic,dummy_mean,traffic_0,2024-01-10 08:00:00,39.526279441628844,29.969533502744316
synthetic_traffic,traffic,dummy_mean,traffic_0,2024-01-10 09:00:00,38.197026847177256,29.969533502744316
synthetic_traffic,traffic,dummy_mean,traffic_0,2024-01-10 10:00:00,36.478716322947996,29.969533502744316
synthetic_traffic,traffic,dummy_mean,traffic_0,2024-01-10 11:00:00,34.48434570012023,29.969533502744316
synthetic_traffic,traffic,dummy_mean,traffic_0,2024-01-10 12:00:00,32.345494447404135,29.969533502744316
synthetic_traffic,traffic,dummy_mean,traffic_0,2024-01-10 13:00:00,30.20336280861623,29.969533502744316
synthetic_traffic,traffic,dummy_mean,traffic_0,2024-01-10 14:00:00,28.19915561548945,29.969533502744316
synthetic_traffic,traffic,dummy_mean,traffic_0,2024-01-10 15:00:00,26.46446609406727,29.969533502744316
synthetic_traffic,traffic,dummy_mean,traffic_0,2024-01-10 16:00:00,25.11231498303725,29.969533502744316
synthetic_traffic,traffic,dummy_mean,traffic_0,2024-01-10 17:00:00,24.229455623521815,29.969533502744316
synthetic_traffic,traffic,dummy_mean,traffic_0,2024-01-10 18:00:00,23.870469405576202,29.969533502744316
synthetic_traffic,traffic,dummy_mean,traffic_0,2024-01-10 19:00:00,24.054053946407954,29.969533502744316
synthetic_traffic,traffic,dummy_mean,traffic_0,2024-01-10 20:00:00,24.761756943915355,29.969533502744316
synthetic_traffic,traffic,dummy_mean,traffic_0,2024-01-10 21:00:00,25.939241980053595,29.969533502744316
synthetic_traffic,traffic,dummy_mean,traffic_0,2024-01-10 22:00:00,27.499999999999968,29.969533502744316
synthetic_traffic,traffic,dummy_mean,traffic_0,2024-01-10 23:00:00,29.33125352399899,29.969533502744316
synthetic_traffic,traffic,dummy_mean,traffic_1,2024-01-10 00:00:00,33.92478373654545,30.969533502744316
synthetic_traffic,traffic,dummy_mean,traffic_1,2024-01-10 01:00:00,35.96832983968731,30.969533502744316
synthetic_traffic,traffic,dummy_mean,traffic_1,2024-01-10 02:00:00,37.86671841735838,30.969533502744316
synthetic_traffic,traffic,dummy_mean,traffic_1,2024-01-10 03:00:00,39.48850424041749,30.969533502744316
synthetic_traffic,traffic,dummy_mean,traffic_1,2024-01-10 04:00:00,40.720824476208136,30.969533502744316
synthetic_traffic,traffic,dummy_mean,traffic_1,2024-01-10 05:00:00,41.47709337792247,30.969533502744316
synthetic_traffic,traffic,dummy_mean,traffic_1,2024-01-10 06:00:00,41.702906603707255,30.969533502744316
synthetic_traffic,traffic,dummy_mean,traffic_1,2024-01-10 07:00:00,41.37975279082637,30.969533502744316
synthetic_traffic,traffic,dummy_mean,traffic_1,2024-01-10 08:00:00,40.526279441628844,30.969533502744316
synthetic_traffic,traffic,dummy_mean,traffic_1,2024-01-10 09:00:00,39.197026847177256,30.969533502744316
synthetic_traffic,traffic,dummy_mean,traffic_1,2024-01-10 10:00:00,37.478716322947996,30.969533502744316
synthetic_traffic,traffic,dummy_mean,traffic_1,2024-01-10 11:00:00,35.48434570012023,30.969533502744316
synthetic_traffic,traffic,dummy_mean,traffic_1,2024-01-10 12:00:00,33.345494447404135,30.969533502744316
synthetic_traffic,traffic,dummy_mean,traffic_1,2024-01-10 13:00:00,31.20336280861623,30.969533502744316
synthetic_traffic,traffic,dummy_mean,traffic_1,2024-01-10 14:00:00,29.19915561548945,30.969533502744316
synthetic_traffic,traffic,dummy_mean,traffic_1,2024-01-10 15:00:00,27.46446609406727,30.969533502744316
synthetic_traffic,traffic,dummy_mean,traffic_1,2024-01-10 16:00:00,26.11231498303725,30.969533502744316
synthetic_traffic,traffic,dummy_mean,traffic_1,2024-01-10 17:00:00,25.229455623521815,30.969533502744316
synthetic_traffic,traffic,dummy_mean,traffic_1,2024-01-10 18:00:00,24.870469405576202,30.969533502744316
synthetic_traffic,traffic,dummy_mean,traffic_1,2024-01-10 19:00:00,25.054053946407954,30.969533502744316
synthetic_traffic,traffic,dummy_mean,traffic_1,2024-01-10 20:00:00,25.761756943915355,30.969533502744316
synthetic_traffic,traffic,dummy_mean,traffic_1,2024-01-10 21:00:00,26.939241980053595,30.969533502744316
synthetic_traffic,traffic,dummy_mean,traffic_1,2024-01-10 22:00:00,28.499999999999968,30.969533502744316
synthetic_traffic,traffic,dummy_mean,traffic_1,2024-01-10 23:00:00,30.33125352399899,30.969533502744316
synthetic_traffic,traffic,dummy_mean,traffic_2,2024-01-10 00:00:00,34.92478373654545,31.969533502744316
synthetic_traffic,traffic,dummy_mean,traffic_2,2024-01-10 01:00:00,36.96832983968731,31.969533502744316
synthetic_traffic,traffic,dummy_mean,traffic_2,2024-01-10 02:00:00,38.86671841735838,31.969533502744316
synthetic_traffic,traffic,dummy_mean,traffic_2,2024-01-10 03:00:00,40.48850424041749,31.969533502744316
synthetic_traffic,traffic,dummy_mean,traffic_2,2024-01-10 04:00:00,41.720824476208136,31.969533502744316
synthetic_traffic,traffic,dummy_mean,traffic_2,2024-01-10 05:00:00,42.47709337792247,31.969533502744316
synthetic_traffic,traffic,dummy_mean,traffic_2,2024-01-10 06:00:00,42.702906603707255,31.969533502744316
synthetic_traffic,traffic,dummy_mean,traffic_2,2024-01-10 07:00:00,42.37975279082637,31.969533502744316
synthetic_traffic,traffic,dummy_mean,traffic_2,2024-01-10 08:00:00,41.526279441628844,31.969533502744316
synthetic_traffic,traffic,dummy_mean,traffic_2,2024-01-10 09:00:00,40.197026847177256,31.969533502744316
synthetic_traffic,traffic,dummy_mean,traffic_2,2024-01-10 10:00:00,38.478716322947996,31.969533502744316
synthetic_traffic,traffic,dummy_mean,traffic_2,2024-01-10 11:00:00,36.48434570012023,31.969533502744316
synthetic_traffic,traffic,dummy_mean,traffic_2,2024-01-10 12:00:00,34.345494447404135,31.969533502744316
synthetic_traffic,traffic,dummy_mean,traffic_2,2024-01-10 13:00:00,32.203362808616234,31.969533502744316
synthetic_traffic,traffic,dummy_mean,traffic_2,2024-01-10 14:00:00,30.19915561548945,31.969533502744316
synthetic_traffic,traffic,dummy_mean,traffic_2,2024-01-10 15:00:00,28.46446609406727,31.969533502744316
synthetic_traffic,traffic,dummy_mean,traffic_2,2024-01-10 16:00:00,27.11231498303725,31.969533502744316
synthetic_traffic,traffic,dummy_mean,traffic_2,2024-01-10 17:00:00,26.229455623521815,31.969533502744316
synthetic_traffic,traffic,dummy_mean,traffic_2,2024-01-10 18:00:00,25.870469405576202,31.969533502744316
synthetic_traffic,traffic,dummy_mean,traffic_2,2024-01-10 19:00:00,26.054053946407954,31.969533502744316
synthetic_traffic,traffic,dummy_mean,traffic_2,2024-01-10 20:00:00,26.761756943915355,31.969533502744316
synthetic_traffic,traffic,dummy_mean,traffic_2,2024-01-10 21:00:00,27.939241980053595,31.969533502744316
synthetic_traffic,traffic,dummy_mean,traffic_2,2024-01-10 22:00:00,29.499999999999968,31.969533502744316
synthetic_traffic,traffic,dummy_mean,traffic_2,2024-01-10 23:00:00,31.33125352399899,31.969533502744316
synthetic_traffic,traffic,seasonal_naive,traffic_0,2024-01-10 00:00:00,32.92478373654545,32.34549444740407
synthetic_traffic,traffic,seasonal_naive,traffic_0,2024-01-10 01:00:00,34.96832983968731,34.484345700120166
synthetic_traffic,traffic,seasonal_naive,traffic_0,2024-01-10 02:00:00,36.86671841735838,36.47871632294794
synthetic_traffic,traffic,seasonal_naive,traffic_0,2024-01-10 03:00:00,38.48850424041749,38.197026847177206
synthetic_traffic,traffic,seasonal_naive,traffic_0,2024-01-10 04:00:00,39.720824476208136,39.526279441628816
synthetic_traffic,traffic,seasonal_naive,traffic_0,2024-01-10 05:00:00,40.47709337792247,40.37975279082636
synthetic_traffic,traffic,seasonal_naive,traffic_0,2024-01-10 06:00:00,40.702906603707255,40.702906603707255
synthetic_traffic,traffic,seasonal_naive,traffic_0,2024-01-10 07:00:00,40.37975279082637,40.47709337792247
synthetic_traffic,traffic,seasonal_naive,traffic_0,2024-01-10 08:00:00,39.526279441628844,39.720824476208115
synthetic_traffic,traffic,seasonal_naive,traffic_0,2024-01-10 09:00:00,38.197026847177256,38.4885042404175
synthetic_traffic,traffic,seasonal_naive,traffic_0,2024-01-10 10:00:00,36.478716322947996,36.86671841735843
synthetic_traffic,traffic,seasonal_naive,traffic_0,2024-01-10 11:00:00,34.48434570012023,34.96832983968737
synthetic_traffic,traffic,seasonal_naive,traffic_0,2024-01-10 12:00:00,32.345494447404135,32.924783736545514
synthetic_traffic,traffic,seasonal_naive,traffic_0,2024-01-10 13:00:00,30.20336280861623,30.87714705887973
synthetic_traffic,traffic,seasonal_naive,traffic_0,2024-01-10 14:00:00,28.19915561548945,28.966492478675402
synthetic_traffic,traffic,seasonal_naive,traffic_0,2024-01-10 15:00:00,26.46446609406727,27.324282380187395
synthetic_traffic,traffic,seasonal_naive,traffic_0,2024-01-10 16:00:00,25.11231498303725,26.06340816126803
synthetic_traffic,traffic,seasonal_naive,traffic_0,2024-01-10 17:00:00,24.229455623521815,25.270495504052647
synthetic_traffic,traffic,seasonal_naive,traffic_0,2024-01-10 18:00:00,23.870469405576202,25.0
synthetic_traffic,traffic,seasonal_naive,traffic_0,2024-01-10 19:00:00,24.054053946407954,25.270495504052647
synthetic_traffic,traffic,seasonal_naive,traffic_0,2024-01-10 20:00:00,24.761756943915355,26.063408161268026
synthetic_traffic,traffic,seasonal_naive,traffic_0,2024-01-10 21:00:00,25.939241980053595,27.324282380187352
synthetic_traffic,traffic,seasonal_naive,traffic_0,2024-01-10 22:00:00,27.499999999999968,28.96649247867535
synthetic_traffic,traffic,seasonal_naive,traffic_0,2024-01-10 23:00:00,29.33125352399899,30.87714705887967
synthetic_traffic,traffic,seasonal_naive,traffic_1,2024-01-10 00:00:00,33.92478373654545,33.34549444740407
synthetic_traffic,traffic,seasonal_naive,traffic_1,2024-01-10 01:00:00,35.96832983968731,35.484345700120166
synthetic_traffic,traffic,seasonal_naive,traffic_1,2024-01-10 02:00:00,37.86671841735838,37.47871632294794
synthetic_traffic,traffic,seasonal_naive,traffic_1,2024-01-10 03:00:00,39.48850424041749,39.197026847177206
synthetic_traffic,traffic,seasonal_naive,traffic_1,2024-01-10 04:00:00,40.720824476208136,40.526279441628816
synthetic_traffic,traffic,seasonal_naive,traffic_1,2024-01-10 05:00:00,41.47709337792247,41.37975279082636
synthetic_traffic,traffic,seasonal_naive,traffic_1,2024-01-10 06:00:00,41.702906603707255,41.702906603707255
synthetic_traffic,traffic,seasonal_naive,traffic_1,2024-01-10 07:00:00,41.37975279082637,41.47709337792247
synthetic_traffic,traffic,seasonal_naive,traffic_1,2024-01-10 08:00:00,40.526279441628844,40.720824476208115
synthetic_traffic,traffic,seasonal_naive,traffic_1,2024-01-10 09:00:00,39.197026847177256,39.4885042404175
synthetic_traffic,traffic,seasonal_naive,traffic_1,2024-01-10 10:00:00,37.478716322947996,37.86671841735843
synthetic_traffic,traffic,seasonal_naive,traffic_1,2024-01-10 11:00:00,35.48434570012023,35.96832983968737
synthetic_traffic,traffic,seasonal_naive,traffic_1,2024-01-10 12:00:00,33.345494447404135,33.924783736545514
synthetic_traffic,traffic,seasonal_naive,traffic_1,2024-01-10 13:00:00,31.20336280861623,31.87714705887973
synthetic_traffic,traffic,seasonal_naive,traffic_1,2024-01-10 14:00:00,29.19915561548945,29.966492478675402
synthetic_traffic,traffic,seasonal_naive,traffic_1,2024-01-10 15:00:00,27.46446609406727,28.324282380187395
synthetic_traffic,traffic,seasonal_naive,traffic_1,2024-01-10 16:00:00,26.11231498303725,27.06340816126803
synthetic_traffic,traffic,seasonal_naive,traffic_1,2024-01-10 17:00:00,25.229455623521815,26.270495504052647
synthetic_traffic,traffic,seasonal_naive,traffic_1,2024-01-10 18:00:00,24.870469405576202,26.0
synthetic_traffic,traffic,seasonal_naive,traffic_1,2024-01-10 19:00:00,25.054053946407954,26.270495504052647
synthetic_traffic,traffic,seasonal_naive,traffic_1,2024-01-10 20:00:00,25.761756943915355,27.063408161268026
synthetic_traffic,traffic,seasonal_naive,traffic_1,2024-01-10 21:00:00,26.939241980053595,28.324282380187352
synthetic_traffic,traffic,seasonal_naive,traffic_1,2024-01-10 22:00:00,28.499999999999968,29.96649247867535
synthetic_traffic,traffic,seasonal_naive,traffic_1,2024-01-10 23:00:00,30.33125352399899,31.87714705887967
synthetic_traffic,traffic,seasonal_naive,traffic_2,2024-01-10 00:00:00,34.92478373654545,34.34549444740407
synthetic_traffic,traffic,seasonal_naive,traffic_2,2024-01-10 01:00:00,36.96832983968731,36.484345700120166
synthetic_traffic,traffic,seasonal_naive,traffic_2,2024-01-10 02:00:00,38.86671841735838,38.47871632294794
synthetic_traffic,traffic,seasonal_naive,traffic_2,2024-01-10 03:00:00,40.48850424041749,40.197026847177206
synthetic_traffic,traffic,seasonal_naive,traffic_2,2024-01-10 04:00:00,41.720824476208136,41.526279441628816
synthetic_traffic,traffic,seasonal_naive,traffic_2,2024-01-10 05:00:00,42.47709337792247,42.37975279082636
synthetic_traffic,traffic,seasonal_naive,traffic_2,2024-01-10 06:00:00,42.702906603707255,42.702906603707255
synthetic_traffic,traffic,seasonal_naive,traffic_2,2024-01-10 07:00:00,42.37975279082637,42.47709337792247
synthetic_traffic,traffic,seasonal_naive,traffic_2,2024-01-10 08:00:00,41.526279441628844,41.720824476208115
synthetic_traffic,traffic,seasonal_naive,traffic_2,2024-01-10 09:00:00,40.197026847177256,40.4885042404175
synthetic_traffic,traffic,seasonal_naive,traffic_2,2024-01-10 10:00:00,38.478716322947996,38.86671841735843
synthetic_traffic,traffic,seasonal_naive,traffic_2,2024-01-10 11:00:00,36.48434570012023,36.96832983968737
synthetic_traffic,traffic,seasonal_naive,traffic_2,2024-01-10 12:00:00,34.345494447404135,34.924783736545514
synthetic_traffic,traffic,seasonal_naive,traffic_2,2024-01-10 13:00:00,32.203362808616234,32.87714705887973
synthetic_traffic,traffic,seasonal_naive,traffic_2,2024-01-10 14:00:00,30.19915561548945,30.966492478675402
synthetic_traffic,traffic,seasonal_naive,traffic_2,2024-01-10 15:00:00,28.46446609406727,29.324282380187395
synthetic_traffic,traffic,seasonal_naive,traffic_2,2024-01-10 16:00:00,27.11231498303725,28.06340816126803
synthetic_traffic,traffic,seasonal_naive,traffic_2,2024-01-10 17:00:00,26.229455623521815,27.270495504052647
synthetic_traffic,traffic,seasonal_naive,traffic_2,2024-01-10 18:00:00,25.870469405576202,27.0
synthetic_traffic,traffic,seasonal_naive,traffic_2,2024-01-10 19:00:00,26.054053946407954,27.270495504052647
synthetic_traffic,traffic,seasonal_naive,traffic_2,2024-01-10 20:00:00,26.761756943915355,28.063408161268026
synthetic_traffic,traffic,seasonal_naive,traffic_2,2024-01-10 21:00:00,27.939241980053595,29.324282380187352
synthetic_traffic,traffic,seasonal_naive,traffic_2,2024-01-10 22:00:00,29.499999999999968,30.96649247867535
synthetic_traffic,traffic,seasonal_naive,traffic_2,2024-01-10 23:00:00,31.33125352399899,32.87714705887967
synthetic_traffic,traffic,moving_average,traffic_0,2024-01-10 00:00:00,32.92478373654545,32.81518447533656
synthetic_traffic,traffic,moving_average,traffic_0,2024-01-10 01:00:00,34.96832983968731,32.81518447533656
synthetic_traffic,traffic,moving_average,traffic_0,2024-01-10 02:00:00,36.86671841735838,32.81518447533656
synthetic_traffic,traffic,moving_average,traffic_0,2024-01-10 03:00:00,38.48850424041749,32.81518447533656
synthetic_traffic,traffic,moving_average,traffic_0,2024-01-10 04:00:00,39.720824476208136,32.81518447533656
synthetic_traffic,traffic,moving_average,traffic_0,2024-01-10 05:00:00,40.47709337792247,32.81518447533656
synthetic_traffic,traffic,moving_average,traffic_0,2024-01-10 06:00:00,40.702906603707255,32.81518447533656
synthetic_traffic,traffic,moving_average,traffic_0,2024-01-10 07:00:00,40.37975279082637,32.81518447533656
synthetic_traffic,traffic,moving_average,traffic_0,2024-01-10 08:00:00,39.526279441628844,32.81518447533656
synthetic_traffic,traffic,moving_average,traffic_0,2024-01-10 09:00:00,38.197026847177256,32.81518447533656
synthetic_traffic,traffic,moving_average,traffic_0,2024-01-10 10:00:00,36.478716322947996,32.81518447533656
synthetic_traffic,traffic,moving_average,traffic_0,2024-01-10 11:00:00,34.48434570012023,32.81518447533656
synthetic_traffic,traffic,moving_average,traffic_0,2024-01-10 12:00:00,32.345494447404135,32.81518447533656
synthetic_traffic,traffic,moving_average,traffic_0,2024-01-10 13:00:00,30.20336280861623,32.81518447533656
synthetic_traffic,traffic,moving_average,traffic_0,2024-01-10 14:00:00,28.19915561548945,32.81518447533656
synthetic_traffic,traffic,moving_average,traffic_0,2024-01-10 15:00:00,26.46446609406727,32.81518447533656
synthetic_traffic,traffic,moving_average,traffic_0,2024-01-10 16:00:00,25.11231498303725,32.81518447533656
synthetic_traffic,traffic,moving_average,traffic_0,2024-01-10 17:00:00,24.229455623521815,32.81518447533656
synthetic_traffic,traffic,moving_average,traffic_0,2024-01-10 18:00:00,23.870469405576202,32.81518447533656
synthetic_traffic,traffic,moving_average,traffic_0,2024-01-10 19:00:00,24.054053946407954,32.81518447533656
synthetic_traffic,traffic,moving_average,traffic_0,2024-01-10 20:00:00,24.761756943915355,32.81518447533656
synthetic_traffic,traffic,moving_average,traffic_0,2024-01-10 21:00:00,25.939241980053595,32.81518447533656
synthetic_traffic,traffic,moving_average,traffic_0,2024-01-10 22:00:00,27.499999999999968,32.81518447533656
synthetic_traffic,traffic,moving_average,traffic_0,2024-01-10 23:00:00,29.33125352399899,32.81518447533656
synthetic_traffic,traffic,moving_average,traffic_1,2024-01-10 00:00:00,33.92478373654545,33.81518447533656
synthetic_traffic,traffic,moving_average,traffic_1,2024-01-10 01:00:00,35.96832983968731,33.81518447533656
synthetic_traffic,traffic,moving_average,traffic_1,2024-01-10 02:00:00,37.86671841735838,33.81518447533656
synthetic_traffic,traffic,moving_average,traffic_1,2024-01-10 03:00:00,39.48850424041749,33.81518447533656
synthetic_traffic,traffic,moving_average,traffic_1,2024-01-10 04:00:00,40.720824476208136,33.81518447533656
synthetic_traffic,traffic,moving_average,traffic_1,2024-01-10 05:00:00,41.47709337792247,33.81518447533656
synthetic_traffic,traffic,moving_average,traffic_1,2024-01-10 06:00:00,41.702906603707255,33.81518447533656
synthetic_traffic,traffic,moving_average,traffic_1,2024-01-10 07:00:00,41.37975279082637,33.81518447533656
synthetic_traffic,traffic,moving_average,traffic_1,2024-01-10 08:00:00,40.526279441628844,33.81518447533656
synthetic_traffic,traffic,moving_average,traffic_1,2024-01-10 09:00:00,39.197026847177256,33.81518447533656
synthetic_traffic,traffic,moving_average,traffic_1,2024-01-10 10:00:00,37.478716322947996,33.81518447533656
synthetic_traffic,traffic,moving_average,traffic_1,2024-01-10 11:00:00,35.48434570012023,33.81518447533656
synthetic_traffic,traffic,moving_average,traffic_1,2024-01-10 12:00:00,33.345494447404135,33.81518447533656
synthetic_traffic,traffic,moving_average,traffic_1,2024-01-10 13:00:00,31.20336280861623,33.81518447533656
synthetic_traffic,traffic,moving_average,traffic_1,2024-01-10 14:00:00,29.19915561548945,33.81518447533656
synthetic_traffic,traffic,moving_average,traffic_1,2024-01-10 15:00:00,27.46446609406727,33.81518447533656
synthetic_traffic,traffic,moving_average,traffic_1,2024-01-10 16:00:00,26.11231498303725,33.81518447533656
synthetic_traffic,traffic,moving_average,traffic_1,2024-01-10 17:00:00,25.229455623521815,33.81518447533656
synthetic_traffic,traffic,moving_average,traffic_1,2024-01-10 18:00:00,24.870469405576202,33.81518447533656
synthetic_traffic,traffic,moving_average,traffic_1,2024-01-10 19:00:00,25.054053946407954,33.81518447533656
synthetic_traffic,traffic,moving_average,traffic_1,2024-01-10 20:00:00,25.761756943915355,33.81518447533656
synthetic_traffic,traffic,moving_average,traffic_1,2024-01-10 21:00:00,26.939241980053595,33.81518447533656
synthetic_traffic,traffic,moving_average,traffic_1,2024-01-10 22:00:00,28.499999999999968,33.81518447533656
synthetic_traffic,traffic,moving_average,traffic_1,2024-01-10 23:00:00,30.33125352399899,33.81518447533656
synthetic_traffic,traffic,moving_average,traffic_2,2024-01-10 00:00:00,34.92478373654545,34.81518447533656
synthetic_traffic,traffic,moving_average,traffic_2,2024-01-10 01:00:00,36.96832983968731,34.81518447533656
synthetic_traffic,traffic,moving_average,traffic_2,2024-01-10 02:00:00,38.86671841735838,34.81518447533656
synthetic_traffic,traffic,moving_average,traffic_2,2024-01-10 03:00:00,40.48850424041749,34.81518447533656
synthetic_traffic,traffic,moving_average,traffic_2,2024-01-10 04:00:00,41.720824476208136,34.81518447533656
synthetic_traffic,traffic,moving_average,traffic_2,2024-01-10 05:00:00,42.47709337792247,34.81518447533656
synthetic_traffic,traffic,moving_average,traffic_2,2024-01-10 06:00:00,42.702906603707255,34.81518447533656
synthetic_traffic,traffic,moving_average,traffic_2,2024-01-10 07:00:00,42.37975279082637,34.81518447533656
synthetic_traffic,traffic,moving_average,traffic_2,2024-01-10 08:00:00,41.526279441628844,34.81518447533656
synthetic_traffic,traffic,moving_average,traffic_2,2024-01-10 09:00:00,40.197026847177256,34.81518447533656
synthetic_traffic,traffic,moving_average,traffic_2,2024-01-10 10:00:00,38.478716322947996,34.81518447533656
synthetic_traffic,traffic,moving_average,traffic_2,2024-01-10 11:00:00,36.48434570012023,34.81518447533656
synthetic_traffic,traffic,moving_average,traffic_2,2024-01-10 12:00:00,34.345494447404135,34.81518447533656
synthetic_traffic,traffic,moving_average,traffic_2,2024-01-10 13:00:00,32.203362808616234,34.81518447533656
synthetic_traffic,traffic,moving_average,traffic_2,2024-01-10 14:00:00,30.19915561548945,34.81518447533656
synthetic_traffic,traffic,moving_average,traffic_2,2024-01-10 15:00:00,28.46446609406727,34.81518447533656
synthetic_traffic,traffic,moving_average,traffic_2,2024-01-10 16:00:00,27.11231498303725,34.81518447533656
synthetic_traffic,traffic,moving_average,traffic_2,2024-01-10 17:00:00,26.229455623521815,34.81518447533656
synthetic_traffic,traffic,moving_average,traffic_2,2024-01-10 18:00:00,25.870469405576202,34.81518447533656
synthetic_traffic,traffic,moving_average,traffic_2,2024-01-10 19:00:00,26.054053946407954,34.81518447533656
synthetic_traffic,traffic,moving_average,traffic_2,2024-01-10 20:00:00,26.761756943915355,34.81518447533656
synthetic_traffic,traffic,moving_average,traffic_2,2024-01-10 21:00:00,27.939241980053595,34.81518447533656
synthetic_traffic,traffic,moving_average,traffic_2,2024-01-10 22:00:00,29.499999999999968,34.81518447533656
synthetic_traffic,traffic,moving_average,traffic_2,2024-01-10 23:00:00,31.33125352399899,34.81518447533656
synthetic_traffic,traffic,linear_trend,traffic_0,2024-01-10 00:00:00,32.92478373654545,31.928465113471024
synthetic_traffic,traffic,linear_trend,traffic_0,2024-01-10 01:00:00,34.96832983968731,31.968855455960234
synthetic_traffic,traffic,linear_trend,traffic_0,2024-01-10 02:00:00,36.86671841735838,32.00924579844944
synthetic_traffic,traffic,linear_trend,traffic_0,2024-01-10 03:00:00,38.48850424041749,32.04963614093865
synthetic_traffic,traffic,linear_trend,traffic_0,2024-01-10 04:00:00,39.720824476208136,32.09002648342786
synthetic_traffic,traffic,linear_trend,traffic_0,2024-01-10 05:00:00,40.47709337792247,32.130416825917074
synthetic_traffic,traffic,linear_trend,traffic_0,2024-01-10 06:00:00,40.702906603707255,32.170807168406284
synthetic_traffic,traffic,linear_trend,traffic_0,2024-01-10 07:00:00,40.37975279082637,32.211197510895495
synthetic_traffic,traffic,linear_trend,traffic_0,2024-01-10 08:00:00,39.526279441628844,32.251587853384706
synthetic_traffic,traffic,linear_trend,traffic_0,2024-01-10 09:00:00,38.197026847177256,32.29197819587392
synthetic_traffic,traffic,linear_trend,traffic_0,2024-01-10 10:00:00,36.478716322947996,32.33236853836313
synthetic_traffic,traffic,linear_trend,traffic_0,2024-01-10 11:00:00,34.48434570012023,32.37275888085234
synthetic_traffic,traffic,linear_trend,traffic_0,2024-01-10 12:00:00,32.345494447404135,32.41314922334155
synthetic_traffic,traffic,linear_trend,traffic_0,2024-01-10 13:00:00,30.20336280861623,32.45353956583076
synthetic_traffic,traffic,linear_trend,traffic_0,2024-01-10 14:00:00,28.19915561548945,32.49392990831997
synthetic_traffic,traffic,linear_trend,traffic_0,2024-01-10 15:00:00,26.46446609406727,32.53432025080918
synthetic_traffic,traffic,linear_trend,traffic_0,2024-01-10 16:00:00,25.11231498303725,32.57471059329839
synthetic_traffic,traffic,linear_trend,traffic_0,2024-01-10 17:00:00,24.229455623521815,32.615100935787595
synthetic_traffic,traffic,linear_trend,traffic_0,2024-01-10 18:00:00,23.870469405576202,32.65549127827681
synthetic_traffic,traffic,linear_trend,traffic_0,2024-01-10 19:00:00,24.054053946407954,32.695881620766016
synthetic_traffic,traffic,linear_trend,traffic_0,2024-01-10 20:00:00,24.761756943915355,32.73627196325523
synthetic_traffic,traffic,linear_trend,traffic_0,2024-01-10 21:00:00,25.939241980053595,32.77666230574444
synthetic_traffic,traffic,linear_trend,traffic_0,2024-01-10 22:00:00,27.499999999999968,32.81705264823365
synthetic_traffic,traffic,linear_trend,traffic_0,2024-01-10 23:00:00,29.33125352399899,32.85744299072286
synthetic_traffic,traffic,linear_trend,traffic_1,2024-01-10 00:00:00,33.92478373654545,32.92846511347102
synthetic_traffic,traffic,linear_trend,traffic_1,2024-01-10 01:00:00,35.96832983968731,32.968855455960224
synthetic_traffic,traffic,linear_trend,traffic_1,2024-01-10 02:00:00,37.86671841735838,33.009245798449435
synthetic_traffic,traffic,linear_trend,traffic_1,2024-01-10 03:00:00,39.48850424041749,33.049636140938645
synthetic_traffic,traffic,linear_trend,traffic_1,2024-01-10 04:00:00,40.720824476208136,33.090026483427856
synthetic_traffic,traffic,linear_trend,traffic_1,2024-01-10 05:00:00,41.47709337792247,33.13041682591707
synthetic_traffic,traffic,linear_trend,traffic_1,2024-01-10 06:00:00,41.702906603707255,33.17080716840628
synthetic_traffic,traffic,linear_trend,traffic_1,2024-01-10 07:00:00,41.37975279082637,33.21119751089549
synthetic_traffic,traffic,linear_trend,traffic_1,2024-01-10 08:00:00,40.526279441628844,33.2515878533847
synthetic_traffic,traffic,linear_trend,traffic_1,2024-01-10 09:00:00,39.197026847177256,33.29197819587391
synthetic_traffic,traffic,linear_trend,traffic_1,2024-01-10 10:00:00,37.478716322947996,33.33236853836312
synthetic_traffic,traffic,linear_trend,traffic_1,2024-01-10 11:00:00,35.48434570012023,33.37275888085233
synthetic_traffic,traffic,linear_trend,traffic_1,2024-01-10 12:00:00,33.345494447404135,33.41314922334154
synthetic_traffic,traffic,linear_trend,traffic_1,2024-01-10 13:00:00,31.20336280861623,33.45353956583075
synthetic_traffic,traffic,linear_trend,traffic_1,2024-01-10 14:00:00,29.19915561548945,33.49392990831996
synthetic_traffic,traffic,linear_trend,traffic_1,2024-01-10 15:00:00,27.46446609406727,33.534320250809174
synthetic_traffic,traffic,linear_trend,traffic_1,2024-01-10 16:00:00,26.11231498303725,33.57471059329838
synthetic_traffic,traffic,linear_trend,traffic_1,2024-01-10 17:00:00,25.229455623521815,33.615100935787595
synthetic_traffic,traffic,linear_trend,traffic_1,2024-01-10 18:00:00,24.870469405576202,33.6554912782768
synthetic_traffic,traffic,linear_trend,traffic_1,2024-01-10 19:00:00,25.054053946407954,33.69588162076601
synthetic_traffic,traffic,linear_trend,traffic_1,2024-01-10 20:00:00,25.761756943915355,33.73627196325522
synthetic_traffic,traffic,linear_trend,traffic_1,2024-01-10 21:00:00,26.939241980053595,33.77666230574443
synthetic_traffic,traffic,linear_trend,traffic_1,2024-01-10 22:00:00,28.499999999999968,33.81705264823364
synthetic_traffic,traffic,linear_trend,traffic_1,2024-01-10 23:00:00,30.33125352399899,33.85744299072285
synthetic_traffic,traffic,linear_trend,traffic_2,2024-01-10 00:00:00,34.92478373654545,33.92846511347102
synthetic_traffic,traffic,linear_trend,traffic_2,2024-01-10 01:00:00,36.96832983968731,33.968855455960224
synthetic_traffic,traffic,linear_trend,traffic_2,2024-01-10 02:00:00,38.86671841735838,34.009245798449435
synthetic_traffic,traffic,linear_trend,traffic_2,2024-01-10 03:00:00,40.48850424041749,34.049636140938645
synthetic_traffic,traffic,linear_trend,traffic_2,2024-01-10 04:00:00,41.720824476208136,34.090026483427856
synthetic_traffic,traffic,linear_trend,traffic_2,2024-01-10 05:00:00,42.47709337792247,34.13041682591707
synthetic_traffic,traffic,linear_trend,traffic_2,2024-01-10 06:00:00,42.702906603707255,34.17080716840628
synthetic_traffic,traffic,linear_trend,traffic_2,2024-01-10 07:00:00,42.37975279082637,34.21119751089549
synthetic_traffic,traffic,linear_trend,traffic_2,2024-01-10 08:00:00,41.526279441628844,34.2515878533847
synthetic_traffic,traffic,linear_trend,traffic_2,2024-01-10 09:00:00,40.197026847177256,34.29197819587391
synthetic_traffic,traffic,linear_trend,traffic_2,2024-01-10 10:00:00,38.478716322947996,34.33236853836312
synthetic_traffic,traffic,linear_trend,traffic_2,2024-01-10 11:00:00,36.48434570012023,34.37275888085233
synthetic_traffic,traffic,linear_trend,traffic_2,2024-01-10 12:00:00,34.345494447404135,34.41314922334154
synthetic_traffic,traffic,linear_trend,traffic_2,2024-01-10 13:00:00,32.203362808616234,34.45353956583075
synthetic_traffic,traffic,linear_trend,traffic_2,2024-01-10 14:00:00,30.19915561548945,34.49392990831996
synthetic_traffic,traffic,linear_trend,traffic_2,2024-01-10 15:00:00,28.46446609406727,34.534320250809174
synthetic_traffic,traffic,linear_trend,traffic_2,2024-01-10 16:00:00,27.11231498303725,34.574710593298384
synthetic_traffic,traffic,linear_trend,traffic_2,2024-01-10 17:00:00,26.229455623521815,34.615100935787595
synthetic_traffic,traffic,linear_trend,traffic_2,2024-01-10 18:00:00,25.870469405576202,34.6554912782768
synthetic_traffic,traffic,linear_trend,traffic_2,2024-01-10 19:00:00,26.054053946407954,34.695881620766016
synthetic_traffic,traffic,linear_trend,traffic_2,2024-01-10 20:00:00,26.761756943915355,34.73627196325522
synthetic_traffic,traffic,linear_trend,traffic_2,2024-01-10 21:00:00,27.939241980053595,34.77666230574443
synthetic_traffic,traffic,linear_trend,traffic_2,2024-01-10 22:00:00,29.499999999999968,34.81705264823364
synthetic_traffic,traffic,linear_trend,traffic_2,2024-01-10 23:00:00,31.33125352399899,34.85744299072285
synthetic_traffic,traffic,ridge_ar,traffic_0,2024-01-10 00:00:00,32.92478373654545,32.99232198210962
synthetic_traffic,traffic,ridge_ar,traffic_0,2024-01-10 01:00:00,34.96832983968731,35.122062459962855
synthetic_traffic,traffic,ridge_ar,traffic_0,2024-01-10 02:00:00,36.86671841735838,37.16308470667151
synthetic_traffic,traffic,ridge_ar,traffic_0,2024-01-10 03:00:00,38.48850424041749,38.990138725237166
synthetic_traffic,traffic,ridge_ar,traffic_0,2024-01-10 04:00:00,39.720824476208136,40.48444589052897
synthetic_traffic,traffic,ridge_ar,traffic_0,2024-01-10 05:00:00,40.47709337792247,41.548660837354184
synthetic_traffic,traffic,ridge_ar,traffic_0,2024-01-10 06:00:00,40.702906603707255,42.1089510610993
synthetic_traffic,traffic,ridge_ar,traffic_0,2024-01-10 07:00:00,40.37975279082637,42.12572310730728
synthetic_traffic,traffic,ridge_ar,traffic_0,2024-01-10 08:00:00,39.526279441628844,41.59925562248922
synthetic_traffic,traffic,ridge_ar,traffic_0,2024-01-10 09:00:00,38.197026847177256,40.570497320024565
synthetic_traffic,traffic,ridge_ar,traffic_0,2024-01-10 10:00:00,36.478716322947996,39.11787818813952
synthetic_traffic,traffic,ridge_ar,traffic_0,2024-01-10 11:00:00,34.48434570012023,37.35034003000351
synthetic_traffic,traffic,ridge_ar,traffic_0,2024-01-10 12:00:00,32.345494447404135,35.39809620746222
synthetic_traffic,traffic,ridge_ar,traffic_0,2024-01-10 13:00:00,30.20336280861623,33.40227456416339
synthetic_traffic,traffic,ridge_ar,traffic_0,2024-01-10 14:00:00,28.19915561548945,31.504255133472277
synthetic_traffic,traffic,ridge_ar,traffic_0,2024-01-10 15:00:00,26.46446609406727,29.835371072464433
synthetic_traffic,traffic,ridge_ar,traffic_0,2024-01-10 16:00:00,25.11231498303725,28.50755394582248
synthetic_traffic,traffic,ridge_ar,traffic_0,2024-01-10 17:00:00,24.229455623521815,27.605535068059524
synthetic_traffic,traffic,ridge_ar,traffic_0,2024-01-10 18:00:00,23.870469405576202,27.181288378773182
synthetic_traffic,traffic,ridge_ar,traffic_0,2024-01-10 19:00:00,24.054053946407954,27.251438922602617
synthetic_traffic,traffic,ridge_ar,traffic_0,2024-01-10 20:00:00,24.761756943915355,27.798252988266718
synthetic_traffic,traffic,ridge_ar,traffic_0,2024-01-10 21:00:00,25.939241980053595,28.774393301687407
synthetic_traffic,traffic,ridge_ar,traffic_0,2024-01-10 22:00:00,27.499999999999968,30.110724745364607
synthetic_traffic,traffic,ridge_ar,traffic_0,2024-01-10 23:00:00,29.33125352399899,31.725235134434637
synthetic_traffic,traffic,ridge_ar,traffic_1,2024-01-10 00:00:00,33.92478373654545,33.99232198210962
synthetic_traffic,traffic,ridge_ar,traffic_1,2024-01-10 01:00:00,35.96832983968731,36.122062459962855
synthetic_traffic,traffic,ridge_ar,traffic_1,2024-01-10 02:00:00,37.86671841735838,38.16308470667151
synthetic_traffic,traffic,ridge_ar,traffic_1,2024-01-10 03:00:00,39.48850424041749,39.990138725237166
synthetic_traffic,traffic,ridge_ar,traffic_1,2024-01-10 04:00:00,40.720824476208136,41.48444589052897
synthetic_traffic,traffic,ridge_ar,traffic_1,2024-01-10 05:00:00,41.47709337792247,42.548660837354184
synthetic_traffic,traffic,ridge_ar,traffic_1,2024-01-10 06:00:00,41.702906603707255,43.1089510610993
synthetic_traffic,traffic,ridge_ar,traffic_1,2024-01-10 07:00:00,41.37975279082637,43.12572310730728
synthetic_traffic,traffic,ridge_ar,traffic_1,2024-01-10 08:00:00,40.526279441628844,42.59925562248922
synthetic_traffic,traffic,ridge_ar,traffic_1,2024-01-10 09:00:00,39.197026847177256,41.570497320024565
synthetic_traffic,traffic,ridge_ar,traffic_1,2024-01-10 10:00:00,37.478716322947996,40.11787818813952
synthetic_traffic,traffic,ridge_ar,traffic_1,2024-01-10 11:00:00,35.48434570012023,38.35034003000351
synthetic_traffic,traffic,ridge_ar,traffic_1,2024-01-10 12:00:00,33.345494447404135,36.39809620746222
synthetic_traffic,traffic,ridge_ar,traffic_1,2024-01-10 13:00:00,31.20336280861623,34.40227456416339
synthetic_traffic,traffic,ridge_ar,traffic_1,2024-01-10 14:00:00,29.19915561548945,32.50425513347228
synthetic_traffic,traffic,ridge_ar,traffic_1,2024-01-10 15:00:00,27.46446609406727,30.835371072464433
synthetic_traffic,traffic,ridge_ar,traffic_1,2024-01-10 16:00:00,26.11231498303725,29.50755394582248
synthetic_traffic,traffic,ridge_ar,traffic_1,2024-01-10 17:00:00,25.229455623521815,28.605535068059524
synthetic_traffic,traffic,ridge_ar,traffic_1,2024-01-10 18:00:00,24.870469405576202,28.181288378773182
synthetic_traffic,traffic,ridge_ar,traffic_1,2024-01-10 19:00:00,25.054053946407954,28.251438922602617
synthetic_traffic,traffic,ridge_ar,traffic_1,2024-01-10 20:00:00,25.761756943915355,28.798252988266718
synthetic_traffic,traffic,ridge_ar,traffic_1,2024-01-10 21:00:00,26.939241980053595,29.774393301687407
synthetic_traffic,traffic,ridge_ar,traffic_1,2024-01-10 22:00:00,28.499999999999968,31.110724745364607
synthetic_traffic,traffic,ridge_ar,traffic_1,2024-01-10 23:00:00,30.33125352399899,32.725235134434634
synthetic_traffic,traffic,ridge_ar,traffic_2,2024-01-10 00:00:00,34.92478373654545,34.99232198210962
synthetic_traffic,traffic,ridge_ar,traffic_2,2024-01-10 01:00:00,36.96832983968731,37.122062459962855
synthetic_traffic,traffic,ridge_ar,traffic_2,2024-01-10 02:00:00,38.86671841735838,39.16308470667151
synthetic_traffic,traffic,ridge_ar,traffic_2,2024-01-10 03:00:00,40.48850424041749,40.990138725237166
synthetic_traffic,traffic,ridge_ar,traffic_2,2024-01-10 04:00:00,41.720824476208136,42.48444589052897
synthetic_traffic,traffic,ridge_ar,traffic_2,2024-01-10 05:00:00,42.47709337792247,43.548660837354184
synthetic_traffic,traffic,ridge_ar,traffic_2,2024-01-10 06:00:00,42.702906603707255,44.1089510610993
synthetic_traffic,traffic,ridge_ar,traffic_2,2024-01-10 07:00:00,42.37975279082637,44.12572310730728
synthetic_traffic,traffic,ridge_ar,traffic_2,2024-01-10 08:00:00,41.526279441628844,43.59925562248922
synthetic_traffic,traffic,ridge_ar,traffic_2,2024-01-10 09:00:00,40.197026847177256,42.570497320024565
synthetic_traffic,traffic,ridge_ar,traffic_2,2024-01-10 10:00:00,38.478716322947996,41.11787818813952
synthetic_traffic,traffic,ridge_ar,traffic_2,2024-01-10 11:00:00,36.48434570012023,39.35034003000351
synthetic_traffic,traffic,ridge_ar,traffic_2,2024-01-10 12:00:00,34.345494447404135,37.39809620746222
synthetic_traffic,traffic,ridge_ar,traffic_2,2024-01-10 13:00:00,32.203362808616234,35.40227456416339
synthetic_traffic,traffic,ridge_ar,traffic_2,2024-01-10 14:00:00,30.19915561548945,33.50425513347228
synthetic_traffic,traffic,ridge_ar,traffic_2,2024-01-10 15:00:00,28.46446609406727,31.835371072464433
synthetic_traffic,traffic,ridge_ar,traffic_2,2024-01-10 16:00:00,27.11231498303725,30.50755394582248
synthetic_traffic,traffic,ridge_ar,traffic_2,2024-01-10 17:00:00,26.229455623521815,29.605535068059524
synthetic_traffic,traffic,ridge_ar,traffic_2,2024-01-10 18:00:00,25.870469405576202,29.181288378773182
synthetic_traffic,traffic,ridge_ar,traffic_2,2024-01-10 19:00:00,26.054053946407954,29.251438922602617
synthetic_traffic,traffic,ridge_ar,traffic_2,2024-01-10 20:00:00,26.761756943915355,29.798252988266718
synthetic_traffic,traffic,ridge_ar,traffic_2,2024-01-10 21:00:00,27.939241980053595,30.774393301687407
synthetic_traffic,traffic,ridge_ar,traffic_2,2024-01-10 22:00:00,29.499999999999968,32.11072474536461
synthetic_traffic,traffic,ridge_ar,traffic_2,2024-01-10 23:00:00,31.33125352399899,33.725235134434634
synthetic_traffic,traffic,hist_gradient_boosting_ar,traffic_0,2024-01-10 00:00:00,32.92478373654545,34.89023945254929
synthetic_traffic,traffic,hist_gradient_boosting_ar,traffic_0,2024-01-10 01:00:00,34.96832983968731,36.57236695398594
synthetic_traffic,traffic,hist_gradient_boosting_ar,traffic_0,2024-01-10 02:00:00,36.86671841735838,38.65569833501703
synthetic_traffic,traffic,hist_gradient_boosting_ar,traffic_0,2024-01-10 03:00:00,38.48850424041749,39.5861718475726
synthetic_traffic,traffic,hist_gradient_boosting_ar,traffic_0,2024-01-10 04:00:00,39.720824476208136,39.90309540419222
synthetic_traffic,traffic,hist_gradient_boosting_ar,traffic_0,2024-01-10 05:00:00,40.47709337792247,39.93875746478889
synthetic_traffic,traffic,hist_gradient_boosting_ar,traffic_0,2024-01-10 06:00:00,40.702906603707255,39.93875746478889
synthetic_traffic,traffic,hist_gradient_boosting_ar,traffic_0,2024-01-10 07:00:00,40.37975279082637,39.93875746478889
synthetic_traffic,traffic,hist_gradient_boosting_ar,traffic_0,2024-01-10 08:00:00,39.526279441628844,39.88963259892834
synthetic_traffic,traffic,hist_gradient_boosting_ar,traffic_0,2024-01-10 09:00:00,38.197026847177256,39.88963259892834
synthetic_traffic,traffic,hist_gradient_boosting_ar,traffic_0,2024-01-10 10:00:00,36.478716322947996,39.88963259892834
synthetic_traffic,traffic,hist_gradient_boosting_ar,traffic_0,2024-01-10 11:00:00,34.48434570012023,37.93812496355551
synthetic_traffic,traffic,hist_gradient_boosting_ar,traffic_0,2024-01-10 12:00:00,32.345494447404135,35.35507290273673
synthetic_traffic,traffic,hist_gradient_boosting_ar,traffic_0,2024-01-10 13:00:00,30.20336280861623,33.64837530245696
synthetic_traffic,traffic,hist_gradient_boosting_ar,traffic_0,2024-01-10 14:00:00,28.19915561548945,31.603126135244395
synthetic_traffic,traffic,hist_gradient_boosting_ar,traffic_0,2024-01-10 15:00:00,26.46446609406727,29.645383565874592
synthetic_traffic,traffic,hist_gradient_boosting_ar,traffic_0,2024-01-10 16:00:00,25.11231498303725,27.739566881467265
synthetic_traffic,traffic,hist_gradient_boosting_ar,traffic_0,2024-01-10 17:00:00,24.229455623521815,27.739566881467265
synthetic_traffic,traffic,hist_gradient_boosting_ar,traffic_0,2024-01-10 18:00:00,23.870469405576202,27.815812116112074
synthetic_traffic,traffic,hist_gradient_boosting_ar,traffic_0,2024-01-10 19:00:00,24.054053946407954,27.97822313288107
synthetic_traffic,traffic,hist_gradient_boosting_ar,traffic_0,2024-01-10 20:00:00,24.761756943915355,28.302700149591615
synthetic_traffic,traffic,hist_gradient_boosting_ar,traffic_0,2024-01-10 21:00:00,25.939241980053595,29.584576811615317
synthetic_traffic,traffic,hist_gradient_boosting_ar,traffic_0,2024-01-10 22:00:00,27.499999999999968,31.049563994708393
synthetic_traffic,traffic,hist_gradient_boosting_ar,traffic_0,2024-01-10 23:00:00,29.33125352399899,33.3484281891707
synthetic_traffic,traffic,hist_gradient_boosting_ar,traffic_1,2024-01-10 00:00:00,33.92478373654545,35.89023945254929
synthetic_traffic,traffic,hist_gradient_boosting_ar,traffic_1,2024-01-10 01:00:00,35.96832983968731,37.57236695398594
synthetic_traffic,traffic,hist_gradient_boosting_ar,traffic_1,2024-01-10 02:00:00,37.86671841735838,39.65569833501703
synthetic_traffic,traffic,hist_gradient_boosting_ar,traffic_1,2024-01-10 03:00:00,39.48850424041749,40.5861718475726
synthetic_traffic,traffic,hist_gradient_boosting_ar,traffic_1,2024-01-10 04:00:00,40.720824476208136,40.90309540419222
synthetic_traffic,traffic,hist_gradient_boosting_ar,traffic_1,2024-01-10 05:00:00,41.47709337792247,40.93875746478889
synthetic_traffic,traffic,hist_gradient_boosting_ar,traffic_1,2024-01-10 06:00:00,41.702906603707255,40.93875746478889
synthetic_traffic,traffic,hist_gradient_boosting_ar,traffic_1,2024-01-10 07:00:00,41.37975279082637,40.93875746478889
synthetic_traffic,traffic,hist_gradient_boosting_ar,traffic_1,2024-01-10 08:00:00,40.526279441628844,40.88963259892834
synthetic_traffic,traffic,hist_gradient_boosting_ar,traffic_1,2024-01-10 09:00:00,39.197026847177256,40.88963259892834
synthetic_traffic,traffic,hist_gradient_boosting_ar,traffic_1,2024-01-10 10:00:00,37.478716322947996,40.88963259892834
synthetic_traffic,traffic,hist_gradient_boosting_ar,traffic_1,2024-01-10 11:00:00,35.48434570012023,38.93812496355551
synthetic_traffic,traffic,hist_gradient_boosting_ar,traffic_1,2024-01-10 12:00:00,33.345494447404135,36.35507290273673
synthetic_traffic,traffic,hist_gradient_boosting_ar,traffic_1,2024-01-10 13:00:00,31.20336280861623,34.64837530245696
synthetic_traffic,traffic,hist_gradient_boosting_ar,traffic_1,2024-01-10 14:00:00,29.19915561548945,32.603126135244395
synthetic_traffic,traffic,hist_gradient_boosting_ar,traffic_1,2024-01-10 15:00:00,27.46446609406727,30.645383565874592
synthetic_traffic,traffic,hist_gradient_boosting_ar,traffic_1,2024-01-10 16:00:00,26.11231498303725,28.739566881467265
synthetic_traffic,traffic,hist_gradient_boosting_ar,traffic_1,2024-01-10 17:00:00,25.229455623521815,28.739566881467265
synthetic_traffic,traffic,hist_gradient_boosting_ar,traffic_1,2024-01-10 18:00:00,24.870469405576202,28.815812116112074
synthetic_traffic,traffic,hist_gradient_boosting_ar,traffic_1,2024-01-10 19:00:00,25.054053946407954,28.97822313288107
synthetic_traffic,traffic,hist_gradient_boosting_ar,traffic_1,2024-01-10 20:00:00,25.761756943915355,29.302700149591615
synthetic_traffic,traffic,hist_gradient_boosting_ar,traffic_1,2024-01-10 21:00:00,26.939241980053595,30.584576811615317
synthetic_traffic,traffic,hist_gradient_boosting_ar,traffic_1,2024-01-10 22:00:00,28.499999999999968,32.04956399470839
synthetic_traffic,traffic,hist_gradient_boosting_ar,traffic_1,2024-01-10 23:00:00,30.33125352399899,34.3484281891707
synthetic_traffic,traffic,hist_gradient_boosting_ar,traffic_2,2024-01-10 00:00:00,34.92478373654545,36.89023945254929
synthetic_traffic,traffic,hist_gradient_boosting_ar,traffic_2,2024-01-10 01:00:00,36.96832983968731,38.57236695398594
synthetic_traffic,traffic,hist_gradient_boosting_ar,traffic_2,2024-01-10 02:00:00,38.86671841735838,40.65569833501703
synthetic_traffic,traffic,hist_gradient_boosting_ar,traffic_2,2024-01-10 03:00:00,40.48850424041749,41.5861718475726
synthetic_traffic,traffic,hist_gradient_boosting_ar,traffic_2,2024-01-10 04:00:00,41.720824476208136,41.90309540419222
synthetic_traffic,traffic,hist_gradient_boosting_ar,traffic_2,2024-01-10 05:00:00,42.47709337792247,41.93875746478889
synthetic_traffic,traffic,hist_gradient_boosting_ar,traffic_2,2024-01-10 06:00:00,42.702906603707255,41.93875746478889
synthetic_traffic,traffic,hist_gradient_boosting_ar,traffic_2,2024-01-10 07:00:00,42.37975279082637,41.93875746478889
synthetic_traffic,traffic,hist_gradient_boosting_ar,traffic_2,2024-01-10 08:00:00,41.526279441628844,41.88963259892834
synthetic_traffic,traffic,hist_gradient_boosting_ar,traffic_2,2024-01-10 09:00:00,40.197026847177256,41.88963259892834
synthetic_traffic,traffic,hist_gradient_boosting_ar,traffic_2,2024-01-10 10:00:00,38.478716322947996,41.88963259892834
synthetic_traffic,traffic,hist_gradient_boosting_ar,traffic_2,2024-01-10 11:00:00,36.48434570012023,39.93812496355551
synthetic_traffic,traffic,hist_gradient_boosting_ar,traffic_2,2024-01-10 12:00:00,34.345494447404135,37.35507290273673
synthetic_traffic,traffic,hist_gradient_boosting_ar,traffic_2,2024-01-10 13:00:00,32.203362808616234,35.64837530245696
synthetic_traffic,traffic,hist_gradient_boosting_ar,traffic_2,2024-01-10 14:00:00,30.19915561548945,33.603126135244395
synthetic_traffic,traffic,hist_gradient_boosting_ar,traffic_2,2024-01-10 15:00:00,28.46446609406727,31.645383565874592
synthetic_traffic,traffic,hist_gradient_boosting_ar,traffic_2,2024-01-10 16:00:00,27.11231498303725,29.739566881467265
synthetic_traffic,traffic,hist_gradient_boosting_ar,traffic_2,2024-01-10 17:00:00,26.229455623521815,29.739566881467265
synthetic_traffic,traffic,hist_gradient_boosting_ar,traffic_2,2024-01-10 18:00:00,25.870469405576202,29.815812116112074
synthetic_traffic,traffic,hist_gradient_boosting_ar,traffic_2,2024-01-10 19:00:00,26.054053946407954,29.97822313288107
synthetic_traffic,traffic,hist_gradient_boosting_ar,traffic_2,2024-01-10 20:00:00,26.761756943915355,30.302700149591615
synthetic_traffic,traffic,hist_gradient_boosting_ar,traffic_2,2024-01-10 21:00:00,27.939241980053595,31.584576811615317
synthetic_traffic,traffic,hist_gradient_boosting_ar,traffic_2,2024-01-10 22:00:00,29.499999999999968,33.04956399470839
synthetic_traffic,traffic,hist_gradient_boosting_ar,traffic_2,2024-01-10 23:00:00,31.33125352399899,35.3484281891707
synthetic_traffic,traffic,lightgbm_ar,traffic_0,2024-01-10 00:00:00,32.92478373654545,34.70427054980784
synthetic_traffic,traffic,lightgbm_ar,traffic_0,2024-01-10 01:00:00,34.96832983968731,36.30866604545461
synthetic_traffic,traffic,lightgbm_ar,traffic_0,2024-01-10 02:00:00,36.86671841735838,38.165636341743195
synthetic_traffic,traffic,lightgbm_ar,traffic_0,2024-01-10 03:00:00,38.48850424041749,40.00110189511804
synthetic_traffic,traffic,lightgbm_ar,traffic_0,2024-01-10 04:00:00,39.720824476208136,40.075030567217595
synthetic_traffic,traffic,lightgbm_ar,traffic_0,2024-01-10 05:00:00,40.47709337792247,40.16631197422184
synthetic_traffic,traffic,lightgbm_ar,traffic_0,2024-01-10 06:00:00,40.702906603707255,40.11815628885929
synthetic_traffic,traffic,lightgbm_ar,traffic_0,2024-01-10 07:00:00,40.37975279082637,40.13048324542381
synthetic_traffic,traffic,lightgbm_ar,traffic_0,2024-01-10 08:00:00,39.526279441628844,40.046406561789226
synthetic_traffic,traffic,lightgbm_ar,traffic_0,2024-01-10 09:00:00,38.197026847177256,40.02299364630389
synthetic_traffic,traffic,lightgbm_ar,traffic_0,2024-01-10 10:00:00,36.478716322947996,38.43741501491098
synthetic_traffic,traffic,lightgbm_ar,traffic_0,2024-01-10 11:00:00,34.48434570012023,37.146127978359075
synthetic_traffic,traffic,lightgbm_ar,traffic_0,2024-01-10 12:00:00,32.345494447404135,34.86500131108143
synthetic_traffic,traffic,lightgbm_ar,traffic_0,2024-01-10 13:00:00,30.20336280861623,33.04053799207496
synthetic_traffic,traffic,lightgbm_ar,traffic_0,2024-01-10 14:00:00,28.19915561548945,30.983695263175175
synthetic_traffic,traffic,lightgbm_ar,traffic_0,2024-01-10 15:00:00,26.46446609406727,29.094228870797917
synthetic_traffic,traffic,lightgbm_ar,traffic_0,2024-01-10 16:00:00,25.11231498303725,27.506834140508456
synthetic_traffic,traffic,lightgbm_ar,traffic_0,2024-01-10 17:00:00,24.229455623521815,27.37052219151319
synthetic_traffic,traffic,lightgbm_ar,traffic_0,2024-01-10 18:00:00,23.870469405576202,27.419925296745184
synthetic_traffic,traffic,lightgbm_ar,traffic_0,2024-01-10 19:00:00,24.054053946407954,27.371874076648613
synthetic_traffic,traffic,lightgbm_ar,traffic_0,2024-01-10 20:00:00,24.761756943915355,27.76101229978923
synthetic_traffic,traffic,lightgbm_ar,traffic_0,2024-01-10 21:00:00,25.939241980053595,29.177057262529033
synthetic_traffic,traffic,lightgbm_ar,traffic_0,2024-01-10 22:00:00,27.499999999999968,30.945003082382975
synthetic_traffic,traffic,lightgbm_ar,traffic_0,2024-01-10 23:00:00,29.33125352399899,33.29118168620068
synthetic_traffic,traffic,lightgbm_ar,traffic_1,2024-01-10 00:00:00,33.92478373654545,35.70427054980784
synthetic_traffic,traffic,lightgbm_ar,traffic_1,2024-01-10 01:00:00,35.96832983968731,37.30866604545461
synthetic_traffic,traffic,lightgbm_ar,traffic_1,2024-01-10 02:00:00,37.86671841735838,39.165636341743195
synthetic_traffic,traffic,lightgbm_ar,traffic_1,2024-01-10 03:00:00,39.48850424041749,41.00110189511804
synthetic_traffic,traffic,lightgbm_ar,traffic_1,2024-01-10 04:00:00,40.720824476208136,41.075030567217595
synthetic_traffic,traffic,lightgbm_ar,traffic_1,2024-01-10 05:00:00,41.47709337792247,41.16631197422184
synthetic_traffic,traffic,lightgbm_ar,traffic_1,2024-01-10 06:00:00,41.702906603707255,41.11815628885929
synthetic_traffic,traffic,lightgbm_ar,traffic_1,2024-01-10 07:00:00,41.37975279082637,41.13048324542381
synthetic_traffic,traffic,lightgbm_ar,traffic_1,2024-01-10 08:00:00,40.526279441628844,41.046406561789226
synthetic_traffic,traffic,lightgbm_ar,traffic_1,2024-01-10 09:00:00,39.197026847177256,41.02299364630389
synthetic_traffic,traffic,lightgbm_ar,traffic_1,2024-01-10 10:00:00,37.478716322947996,39.43741501491098
synthetic_traffic,traffic,lightgbm_ar,traffic_1,2024-01-10 11:00:00,35.48434570012023,38.146127978359075
synthetic_traffic,traffic,lightgbm_ar,traffic_1,2024-01-10 12:00:00,33.345494447404135,35.86500131108143
synthetic_traffic,traffic,lightgbm_ar,traffic_1,2024-01-10 13:00:00,31.20336280861623,34.04053799207496
synthetic_traffic,traffic,lightgbm_ar,traffic_1,2024-01-10 14:00:00,29.19915561548945,31.983695263175175
synthetic_traffic,traffic,lightgbm_ar,traffic_1,2024-01-10 15:00:00,27.46446609406727,30.094228870797917
synthetic_traffic,traffic,lightgbm_ar,traffic_1,2024-01-10 16:00:00,26.11231498303725,28.506834140508456
synthetic_traffic,traffic,lightgbm_ar,traffic_1,2024-01-10 17:00:00,25.229455623521815,28.37052219151319
synthetic_traffic,traffic,lightgbm_ar,traffic_1,2024-01-10 18:00:00,24.870469405576202,28.419925296745184
synthetic_traffic,traffic,lightgbm_ar,traffic_1,2024-01-10 19:00:00,25.054053946407954,28.371874076648613
synthetic_traffic,traffic,lightgbm_ar,traffic_1,2024-01-10 20:00:00,25.761756943915355,28.76101229978923
synthetic_traffic,traffic,lightgbm_ar,traffic_1,2024-01-10 21:00:00,26.939241980053595,30.177057262529033
synthetic_traffic,traffic,lightgbm_ar,traffic_1,2024-01-10 22:00:00,28.499999999999968,31.945003082382975
synthetic_traffic,traffic,lightgbm_ar,traffic_1,2024-01-10 23:00:00,30.33125352399899,34.29118168620068
synthetic_traffic,traffic,lightgbm_ar,traffic_2,2024-01-10 00:00:00,34.92478373654545,36.70427054980784
synthetic_traffic,traffic,lightgbm_ar,traffic_2,2024-01-10 01:00:00,36.96832983968731,38.30866604545461
synthetic_traffic,traffic,lightgbm_ar,traffic_2,2024-01-10 02:00:00,38.86671841735838,40.165636341743195
synthetic_traffic,traffic,lightgbm_ar,traffic_2,2024-01-10 03:00:00,40.48850424041749,42.00110189511804
synthetic_traffic,traffic,lightgbm_ar,traffic_2,2024-01-10 04:00:00,41.720824476208136,42.075030567217595
synthetic_traffic,traffic,lightgbm_ar,traffic_2,2024-01-10 05:00:00,42.47709337792247,42.16631197422184
synthetic_traffic,traffic,lightgbm_ar,traffic_2,2024-01-10 06:00:00,42.702906603707255,42.11815628885929
synthetic_traffic,traffic,lightgbm_ar,traffic_2,2024-01-10 07:00:00,42.37975279082637,42.13048324542381
synthetic_traffic,traffic,lightgbm_ar,traffic_2,2024-01-10 08:00:00,41.526279441628844,42.046406561789226
synthetic_traffic,traffic,lightgbm_ar,traffic_2,2024-01-10 09:00:00,40.197026847177256,42.02299364630389
synthetic_traffic,traffic,lightgbm_ar,traffic_2,2024-01-10 10:00:00,38.478716322947996,40.43741501491098
synthetic_traffic,traffic,lightgbm_ar,traffic_2,2024-01-10 11:00:00,36.48434570012023,39.146127978359075
synthetic_traffic,traffic,lightgbm_ar,traffic_2,2024-01-10 12:00:00,34.345494447404135,36.86500131108143
synthetic_traffic,traffic,lightgbm_ar,traffic_2,2024-01-10 13:00:00,32.203362808616234,35.04053799207496
synthetic_traffic,traffic,lightgbm_ar,traffic_2,2024-01-10 14:00:00,30.19915561548945,32.98369526317518
synthetic_traffic,traffic,lightgbm_ar,traffic_2,2024-01-10 15:00:00,28.46446609406727,31.094228870797917
synthetic_traffic,traffic,lightgbm_ar,traffic_2,2024-01-10 16:00:00,27.11231498303725,29.506834140508456
synthetic_traffic,traffic,lightgbm_ar,traffic_2,2024-01-10 17:00:00,26.229455623521815,29.37052219151319
synthetic_traffic,traffic,lightgbm_ar,traffic_2,2024-01-10 18:00:00,25.870469405576202,29.419925296745184
synthetic_traffic,traffic,lightgbm_ar,traffic_2,2024-01-10 19:00:00,26.054053946407954,29.371874076648613
synthetic_traffic,traffic,lightgbm_ar,traffic_2,2024-01-10 20:00:00,26.761756943915355,29.76101229978923
synthetic_traffic,traffic,lightgbm_ar,traffic_2,2024-01-10 21:00:00,27.939241980053595,31.177057262529033
synthetic_traffic,traffic,lightgbm_ar,traffic_2,2024-01-10 22:00:00,29.499999999999968,32.945003082382975
synthetic_traffic,traffic,lightgbm_ar,traffic_2,2024-01-10 23:00:00,31.33125352399899,35.29118168620068
synthetic_traffic,traffic,xgboost_ar,traffic_0,2024-01-10 00:00:00,32.92478373654545,34.4389776208244
synthetic_traffic,traffic,xgboost_ar,traffic_0,2024-01-10 01:00:00,34.96832983968731,36.43862290490383
synthetic_traffic,traffic,xgboost_ar,traffic_0,2024-01-10 02:00:00,36.86671841735838,38.39757821128862
synthetic_traffic,traffic,xgboost_ar,traffic_0,2024-01-10 03:00:00,38.48850424041749,39.81204333485129
synthetic_traffic,traffic,xgboost_ar,traffic_0,2024-01-10 04:00:00,39.720824476208136,40.65957479671912
synthetic_traffic,traffic,xgboost_ar,traffic_0,2024-01-10 05:00:00,40.47709337792247,40.62539393666409
synthetic_traffic,traffic,xgboost_ar,traffic_0,2024-01-10 06:00:00,40.702906603707255,40.623379496243274
synthetic_traffic,traffic,xgboost_ar,traffic_0,2024-01-10 07:00:00,40.37975279082637,40.623379496243274
synthetic_traffic,traffic,xgboost_ar,traffic_0,2024-01-10 08:00:00,39.526279441628844,40.623379496243274
synthetic_traffic,traffic,xgboost_ar,traffic_0,2024-01-10 09:00:00,38.197026847177256,40.399863924868434
synthetic_traffic,traffic,xgboost_ar,traffic_0,2024-01-10 10:00:00,36.478716322947996,38.66574354520577
synthetic_traffic,traffic,xgboost_ar,traffic_0,2024-01-10 11:00:00,34.48434570012023,36.86990291112079
synthetic_traffic,traffic,xgboost_ar,traffic_0,2024-01-10 12:00:00,32.345494447404135,35.05036303863112
synthetic_traffic,traffic,xgboost_ar,traffic_0,2024-01-10 13:00:00,30.20336280861623,32.99726770621195
synthetic_traffic,traffic,xgboost_ar,traffic_0,2024-01-10 14:00:00,28.19915561548945,30.79007618968923
synthetic_traffic,traffic,xgboost_ar,traffic_0,2024-01-10 15:00:00,26.46446609406727,28.999576486868424
synthetic_traffic,traffic,xgboost_ar,traffic_0,2024-01-10 16:00:00,25.11231498303725,27.508644786232963
synthetic_traffic,traffic,xgboost_ar,traffic_0,2024-01-10 17:00:00,24.229455623521815,27.391767021769496
synthetic_traffic,traffic,xgboost_ar,traffic_0,2024-01-10 18:00:00,23.870469405576202,27.37763173458798
synthetic_traffic,traffic,xgboost_ar,traffic_0,2024-01-10 19:00:00,24.054053946407954,27.38810613725389
synthetic_traffic,traffic,xgboost_ar,traffic_0,2024-01-10 20:00:00,24.761756943915355,27.796300518743834
synthetic_traffic,traffic,xgboost_ar,traffic_0,2024-01-10 21:00:00,25.939241980053595,28.9760989744145
synthetic_traffic,traffic,xgboost_ar,traffic_0,2024-01-10 22:00:00,27.499999999999968,30.754300191893126
synthetic_traffic,traffic,xgboost_ar,traffic_0,2024-01-10 23:00:00,29.33125352399899,33.52862793137655
synthetic_traffic,traffic,xgboost_ar,traffic_1,2024-01-10 00:00:00,33.92478373654545,35.4389776208244
synthetic_traffic,traffic,xgboost_ar,traffic_1,2024-01-10 01:00:00,35.96832983968731,37.43862290490383
synthetic_traffic,traffic,xgboost_ar,traffic_1,2024-01-10 02:00:00,37.86671841735838,39.39757821128862
synthetic_traffic,traffic,xgboost_ar,traffic_1,2024-01-10 03:00:00,39.48850424041749,40.81204333485129
synthetic_traffic,traffic,xgboost_ar,traffic_1,2024-01-10 04:00:00,40.720824476208136,41.65957479671912
synthetic_traffic,traffic,xgboost_ar,traffic_1,2024-01-10 05:00:00,41.47709337792247,41.62539393666409
synthetic_traffic,traffic,xgboost_ar,traffic_1,2024-01-10 06:00:00,41.702906603707255,41.623379496243274
synthetic_traffic,traffic,xgboost_ar,traffic_1,2024-01-10 07:00:00,41.37975279082637,41.623379496243274
synthetic_traffic,traffic,xgboost_ar,traffic_1,2024-01-10 08:00:00,40.526279441628844,41.623379496243274
synthetic_traffic,traffic,xgboost_ar,traffic_1,2024-01-10 09:00:00,39.197026847177256,41.399863924868434
synthetic_traffic,traffic,xgboost_ar,traffic_1,2024-01-10 10:00:00,37.478716322947996,39.66574354520577
synthetic_traffic,traffic,xgboost_ar,traffic_1,2024-01-10 11:00:00,35.48434570012023,37.86990291112079
synthetic_traffic,traffic,xgboost_ar,traffic_1,2024-01-10 12:00:00,33.345494447404135,36.05036303863112
synthetic_traffic,traffic,xgboost_ar,traffic_1,2024-01-10 13:00:00,31.20336280861623,33.99726770621195
synthetic_traffic,traffic,xgboost_ar,traffic_1,2024-01-10 14:00:00,29.19915561548945,31.79007618968923
synthetic_traffic,traffic,xgboost_ar,traffic_1,2024-01-10 15:00:00,27.46446609406727,29.999576486868424
synthetic_traffic,traffic,xgboost_ar,traffic_1,2024-01-10 16:00:00,26.11231498303725,28.508644786232963
synthetic_traffic,traffic,xgboost_ar,traffic_1,2024-01-10 17:00:00,25.229455623521815,28.391767021769496
synthetic_traffic,traffic,xgboost_ar,traffic_1,2024-01-10 18:00:00,24.870469405576202,28.37763173458798
synthetic_traffic,traffic,xgboost_ar,traffic_1,2024-01-10 19:00:00,25.054053946407954,28.38810613725389
synthetic_traffic,traffic,xgboost_ar,traffic_1,2024-01-10 20:00:00,25.761756943915355,28.796300518743834
synthetic_traffic,traffic,xgboost_ar,traffic_1,2024-01-10 21:00:00,26.939241980053595,29.9760989744145
synthetic_traffic,traffic,xgboost_ar,traffic_1,2024-01-10 22:00:00,28.499999999999968,31.754300191893126
synthetic_traffic,traffic,xgboost_ar,traffic_1,2024-01-10 23:00:00,30.33125352399899,34.52862793137655
synthetic_traffic,traffic,xgboost_ar,traffic_2,2024-01-10 00:00:00,34.92478373654545,36.4389776208244
synthetic_traffic,traffic,xgboost_ar,traffic_2,2024-01-10 01:00:00,36.96832983968731,38.43862290490383
synthetic_traffic,traffic,xgboost_ar,traffic_2,2024-01-10 02:00:00,38.86671841735838,40.39757821128862
synthetic_traffic,traffic,xgboost_ar,traffic_2,2024-01-10 03:00:00,40.48850424041749,41.81204333485129
synthetic_traffic,traffic,xgboost_ar,traffic_2,2024-01-10 04:00:00,41.720824476208136,42.65957479671912
synthetic_traffic,traffic,xgboost_ar,traffic_2,2024-01-10 05:00:00,42.47709337792247,42.62539393666409
synthetic_traffic,traffic,xgboost_ar,traffic_2,2024-01-10 06:00:00,42.702906603707255,42.623379496243274
synthetic_traffic,traffic,xgboost_ar,traffic_2,2024-01-10 07:00:00,42.37975279082637,42.623379496243274
synthetic_traffic,traffic,xgboost_ar,traffic_2,2024-01-10 08:00:00,41.526279441628844,42.623379496243274
synthetic_traffic,traffic,xgboost_ar,traffic_2,2024-01-10 09:00:00,40.197026847177256,42.399863924868434
synthetic_traffic,traffic,xgboost_ar,traffic_2,2024-01-10 10:00:00,38.478716322947996,40.66574354520577
synthetic_traffic,traffic,xgboost_ar,traffic_2,2024-01-10 11:00:00,36.48434570012023,38.86990291112079
synthetic_traffic,traffic,xgboost_ar,traffic_2,2024-01-10 12:00:00,34.345494447404135,37.05036303863112
synthetic_traffic,traffic,xgboost_ar,traffic_2,2024-01-10 13:00:00,32.203362808616234,34.99726770621195
synthetic_traffic,traffic,xgboost_ar,traffic_2,2024-01-10 14:00:00,30.19915561548945,32.79007618968923
synthetic_traffic,traffic,xgboost_ar,traffic_2,2024-01-10 15:00:00,28.46446609406727,30.999576486868424
synthetic_traffic,traffic,xgboost_ar,traffic_2,2024-01-10 16:00:00,27.11231498303725,29.508644786232963
synthetic_traffic,traffic,xgboost_ar,traffic_2,2024-01-10 17:00:00,26.229455623521815,29.391767021769496
synthetic_traffic,traffic,xgboost_ar,traffic_2,2024-01-10 18:00:00,25.870469405576202,29.37763173458798
synthetic_traffic,traffic,xgboost_ar,traffic_2,2024-01-10 19:00:00,26.054053946407954,29.38810613725389
synthetic_traffic,traffic,xgboost_ar,traffic_2,2024-01-10 20:00:00,26.761756943915355,29.796300518743834
synthetic_traffic,traffic,xgboost_ar,traffic_2,2024-01-10 21:00:00,27.939241980053595,30.9760989744145
synthetic_traffic,traffic,xgboost_ar,traffic_2,2024-01-10 22:00:00,29.499999999999968,32.75430019189312
synthetic_traffic,traffic,xgboost_ar,traffic_2,2024-01-10 23:00:00,31.33125352399899,35.52862793137655
synthetic_traffic,traffic,tabpfn_ts,traffic_0,2024-01-10 00:00:00,32.92478373654545,32.292537689208984
synthetic_traffic,traffic,tabpfn_ts,traffic_0,2024-01-10 01:00:00,34.96832983968731,34.45087814331055
synthetic_traffic,traffic,tabpfn_ts,traffic_0,2024-01-10 02:00:00,36.86671841735838,36.5786247253418
synthetic_traffic,traffic,tabpfn_ts,traffic_0,2024-01-10 03:00:00,38.48850424041749,38.35955047607422
synthetic_traffic,traffic,tabpfn_ts,traffic_0,2024-01-10 04:00:00,39.720824476208136,39.68079376220703
synthetic_traffic,traffic,tabpfn_ts,traffic_0,2024-01-10 05:00:00,40.47709337792247,40.51361846923828
synthetic_traffic,traffic,tabpfn_ts,traffic_0,2024-01-10 06:00:00,40.702906603707255,40.87626266479492
synthetic_traffic,traffic,tabpfn_ts,traffic_0,2024-01-10 07:00:00,40.37975279082637,40.69934844970703
synthetic_traffic,traffic,tabpfn_ts,traffic_0,2024-01-10 08:00:00,39.526279441628844,40.00482177734375
synthetic_traffic,traffic,tabpfn_ts,traffic_0,2024-01-10 09:00:00,38.197026847177256,38.81831741333008
synthetic_traffic,traffic,tabpfn_ts,traffic_0,2024-01-10 10:00:00,36.478716322947996,37.120540618896484
synthetic_traffic,traffic,tabpfn_ts,traffic_0,2024-01-10 11:00:00,34.48434570012023,35.110965728759766
synthetic_traffic,traffic,tabpfn_ts,traffic_0,2024-01-10 12:00:00,32.345494447404135,33.01960372924805
synthetic_traffic,traffic,tabpfn_ts,traffic_0,2024-01-10 13:00:00,30.20336280861623,31.125404357910156
synthetic_traffic,traffic,tabpfn_ts,traffic_0,2024-01-10 14:00:00,28.19915561548945,29.043560028076172
synthetic_traffic,traffic,tabpfn_ts,traffic_0,2024-01-10 15:00:00,26.46446609406727,27.29355239868164
synthetic_traffic,traffic,tabpfn_ts,traffic_0,2024-01-10 16:00:00,25.11231498303725,26.04361343383789
synthetic_traffic,traffic,tabpfn_ts,traffic_0,2024-01-10 17:00:00,24.229455623521815,25.18829917907715
synthetic_traffic,traffic,tabpfn_ts,traffic_0,2024-01-10 18:00:00,23.870469405576202,24.821130752563477
synthetic_traffic,traffic,tabpfn_ts,traffic_0,2024-01-10 19:00:00,24.054053946407954,24.940080642700195
synthetic_traffic,traffic,tabpfn_ts,traffic_0,2024-01-10 20:00:00,24.761756943915355,25.509380340576172
synthetic_traffic,traffic,tabpfn_ts,traffic_0,2024-01-10 21:00:00,25.939241980053595,26.773954391479492
synthetic_traffic,traffic,tabpfn_ts,traffic_0,2024-01-10 22:00:00,27.499999999999968,28.548114776611328
synthetic_traffic,traffic,tabpfn_ts,traffic_0,2024-01-10 23:00:00,29.33125352399899,30.729372024536133
synthetic_traffic,traffic,tabpfn_ts,traffic_1,2024-01-10 00:00:00,33.92478373654545,33.292537689208984
synthetic_traffic,traffic,tabpfn_ts,traffic_1,2024-01-10 01:00:00,35.96832983968731,35.45087814331055
synthetic_traffic,traffic,tabpfn_ts,traffic_1,2024-01-10 02:00:00,37.86671841735838,37.5786247253418
synthetic_traffic,traffic,tabpfn_ts,traffic_1,2024-01-10 03:00:00,39.48850424041749,39.35955047607422
synthetic_traffic,traffic,tabpfn_ts,traffic_1,2024-01-10 04:00:00,40.720824476208136,40.68079376220703
synthetic_traffic,traffic,tabpfn_ts,traffic_1,2024-01-10 05:00:00,41.47709337792247,41.51361846923828
synthetic_traffic,traffic,tabpfn_ts,traffic_1,2024-01-10 06:00:00,41.702906603707255,41.87626266479492
synthetic_traffic,traffic,tabpfn_ts,traffic_1,2024-01-10 07:00:00,41.37975279082637,41.69934844970703
synthetic_traffic,traffic,tabpfn_ts,traffic_1,2024-01-10 08:00:00,40.526279441628844,41.00482177734375
synthetic_traffic,traffic,tabpfn_ts,traffic_1,2024-01-10 09:00:00,39.197026847177256,39.81831741333008
synthetic_traffic,traffic,tabpfn_ts,traffic_1,2024-01-10 10:00:00,37.478716322947996,38.120540618896484
synthetic_traffic,traffic,tabpfn_ts,traffic_1,2024-01-10 11:00:00,35.48434570012023,36.110965728759766
synthetic_traffic,traffic,tabpfn_ts,traffic_1,2024-01-10 12:00:00,33.345494447404135,34.01960372924805
synthetic_traffic,traffic,tabpfn_ts,traffic_1,2024-01-10 13:00:00,31.20336280861623,32.12540817260742
synthetic_traffic,traffic,tabpfn_ts,traffic_1,2024-01-10 14:00:00,29.19915561548945,30.043560028076172
synthetic_traffic,traffic,tabpfn_ts,traffic_1,2024-01-10 15:00:00,27.46446609406727,28.29355239868164
synthetic_traffic,traffic,tabpfn_ts,traffic_1,2024-01-10 16:00:00,26.11231498303725,27.04361343383789
synthetic_traffic,traffic,tabpfn_ts,traffic_1,2024-01-10 17:00:00,25.229455623521815,26.18829917907715
synthetic_traffic,traffic,tabpfn_ts,traffic_1,2024-01-10 18:00:00,24.870469405576202,25.821130752563477
synthetic_traffic,traffic,tabpfn_ts,traffic_1,2024-01-10 19:00:00,25.054053946407954,25.940080642700195
synthetic_traffic,traffic,tabpfn_ts,traffic_1,2024-01-10 20:00:00,25.761756943915355,26.509380340576172
synthetic_traffic,traffic,tabpfn_ts,traffic_1,2024-01-10 21:00:00,26.939241980053595,27.773954391479492
synthetic_traffic,traffic,tabpfn_ts,traffic_1,2024-01-10 22:00:00,28.499999999999968,29.548114776611328
synthetic_traffic,traffic,tabpfn_ts,traffic_1,2024-01-10 23:00:00,30.33125352399899,31.729372024536133
synthetic_traffic,traffic,tabpfn_ts,traffic_2,2024-01-10 00:00:00,34.92478373654545,34.292537689208984
synthetic_traffic,traffic,tabpfn_ts,traffic_2,2024-01-10 01:00:00,36.96832983968731,36.45087814331055
synthetic_traffic,traffic,tabpfn_ts,traffic_2,2024-01-10 02:00:00,38.86671841735838,38.5786247253418
synthetic_traffic,traffic,tabpfn_ts,traffic_2,2024-01-10 03:00:00,40.48850424041749,40.35955047607422
synthetic_traffic,traffic,tabpfn_ts,traffic_2,2024-01-10 04:00:00,41.720824476208136,41.68079376220703
synthetic_traffic,traffic,tabpfn_ts,traffic_2,2024-01-10 05:00:00,42.47709337792247,42.51361846923828
synthetic_traffic,traffic,tabpfn_ts,traffic_2,2024-01-10 06:00:00,42.702906603707255,42.87626266479492
synthetic_traffic,traffic,tabpfn_ts,traffic_2,2024-01-10 07:00:00,42.37975279082637,42.69934844970703
synthetic_traffic,traffic,tabpfn_ts,traffic_2,2024-01-10 08:00:00,41.526279441628844,42.00482177734375
synthetic_traffic,traffic,tabpfn_ts,traffic_2,2024-01-10 09:00:00,40.197026847177256,40.81831741333008
synthetic_traffic,traffic,tabpfn_ts,traffic_2,2024-01-10 10:00:00,38.478716322947996,39.120540618896484
synthetic_traffic,traffic,tabpfn_ts,traffic_2,2024-01-10 11:00:00,36.48434570012023,37.110965728759766
synthetic_traffic,traffic,tabpfn_ts,traffic_2,2024-01-10 12:00:00,34.345494447404135,35.01960372924805
synthetic_traffic,traffic,tabpfn_ts,traffic_2,2024-01-10 13:00:00,32.203362808616234,33.12540817260742
synthetic_traffic,traffic,tabpfn_ts,traffic_2,2024-01-10 14:00:00,30.19915561548945,31.043560028076172
synthetic_traffic,traffic,tabpfn_ts,traffic_2,2024-01-10 15:00:00,28.46446609406727,29.29355239868164
synthetic_traffic,traffic,tabpfn_ts,traffic_2,2024-01-10 16:00:00,27.11231498303725,28.04361343383789
synthetic_traffic,traffic,tabpfn_ts,traffic_2,2024-01-10 17:00:00,26.229455623521815,27.18829917907715
synthetic_traffic,traffic,tabpfn_ts,traffic_2,2024-01-10 18:00:00,25.870469405576202,26.821130752563477
synthetic_traffic,traffic,tabpfn_ts,traffic_2,2024-01-10 19:00:00,26.054053946407954,26.940080642700195
synthetic_traffic,traffic,tabpfn_ts,traffic_2,2024-01-10 20:00:00,26.761756943915355,27.509380340576172
synthetic_traffic,traffic,tabpfn_ts,traffic_2,2024-01-10 21:00:00,27.939241980053595,28.773954391479492
synthetic_traffic,traffic,tabpfn_ts,traffic_2,2024-01-10 22:00:00,29.499999999999968,30.548114776611328
synthetic_traffic,traffic,tabpfn_ts,traffic_2,2024-01-10 23:00:00,31.33125352399899,32.7293701171875
synthetic_weather,weather,dummy_mean,weather_0,2024-01-09 04:00:00,22.080127018922212,16.165366569489873
synthetic_weather,weather,dummy_mean,weather_0,2024-01-09 04:10:00,22.264044094228257,16.165366569489873
synthetic_weather,weather,dummy_mean,weather_0,2024-01-09 04:20:00,22.444714846349765,16.165366569489873
synthetic_weather,weather,dummy_mean,weather_0,2024-01-09 04:30:00,22.619397662556413,16.165366569489873
synthetic_weather,weather,dummy_mean,weather_0,2024-01-09 04:40:00,22.785287192763008,16.165366569489873
synthetic_weather,weather,dummy_mean,weather_0,2024-01-09 04:50:00,22.93959482540397,16.165366569489873
synthetic_weather,weather,dummy_mean,weather_0,2024-01-09 05:00:00,23.079629131445337,16.165366569489873
synthetic_weather,weather,dummy_mean,weather_0,2024-01-09 05:10:00,23.20287384044293,16.165366569489873
synthetic_weather,weather,dummy_mean,weather_0,2024-01-09 05:20:00,23.307060986620524,16.165366569489873
synthetic_weather,weather,dummy_mean,weather_0,2024-01-09 05:30:00,23.390237008761265,16.165366569489873
synthetic_weather,weather,dummy_mean,weather_0,2024-01-09 05:40:00,23.450819800851676,16.165366569489873
synthetic_weather,weather,dummy_mean,weather_0,2024-01-09 05:50:00,23.48764498441539,16.165366569489873
synthetic_weather,weather,dummy_mean,weather_0,2024-01-09 06:00:00,23.5,16.165366569489873
synthetic_weather,weather,dummy_mean,weather_0,2024-01-09 06:10:00,23.48764498441539,16.165366569489873
synthetic_weather,weather,dummy_mean,weather_0,2024-01-09 06:20:00,23.450819800851686,16.165366569489873
synthetic_weather,weather,dummy_mean,weather_0,2024-01-09 06:30:00,23.39023700876128,16.165366569489873
synthetic_weather,weather,dummy_mean,weather_0,2024-01-09 06:40:00,23.307060986620538,16.165366569489873
synthetic_weather,weather,dummy_mean,weather_0,2024-01-09 06:50:00,23.20287384044295,16.165366569489873
synthetic_weather,weather,dummy_mean,weather_0,2024-01-09 07:00:00,23.07962913144536,16.165366569489873
synthetic_weather,weather,dummy_mean,weather_0,2024-01-09 07:10:00,22.93959482540397,16.165366569489873
synthetic_weather,weather,dummy_mean,weather_0,2024-01-09 07:20:00,22.78528719276301,16.165366569489873
synthetic_weather,weather,dummy_mean,weather_0,2024-01-09 07:30:00,22.61939766255644,16.165366569489873
synthetic_weather,weather,dummy_mean,weather_0,2024-01-09 07:40:00,22.444714846349797,16.165366569489873
synthetic_weather,weather,dummy_mean,weather_0,2024-01-09 07:50:00,22.26404409422829,16.165366569489873
synthetic_weather,weather,dummy_mean,weather_1,2024-01-09 04:00:00,23.080127018922212,17.165366569489873
synthetic_weather,weather,dummy_mean,weather_1,2024-01-09 04:10:00,23.264044094228257,17.165366569489873
synthetic_weather,weather,dummy_mean,weather_1,2024-01-09 04:20:00,23.444714846349765,17.165366569489873
synthetic_weather,weather,dummy_mean,weather_1,2024-01-09 04:30:00,23.619397662556413,17.165366569489873
synthetic_weather,weather,dummy_mean,weather_1,2024-01-09 04:40:00,23.785287192763008,17.165366569489873
synthetic_weather,weather,dummy_mean,weather_1,2024-01-09 04:50:00,23.93959482540397,17.165366569489873
synthetic_weather,weather,dummy_mean,weather_1,2024-01-09 05:00:00,24.079629131445337,17.165366569489873
synthetic_weather,weather,dummy_mean,weather_1,2024-01-09 05:10:00,24.20287384044293,17.165366569489873
synthetic_weather,weather,dummy_mean,weather_1,2024-01-09 05:20:00,24.307060986620524,17.165366569489873
synthetic_weather,weather,dummy_mean,weather_1,2024-01-09 05:30:00,24.390237008761265,17.165366569489873
synthetic_weather,weather,dummy_mean,weather_1,2024-01-09 05:40:00,24.450819800851676,17.165366569489873
synthetic_weather,weather,dummy_mean,weather_1,2024-01-09 05:50:00,24.48764498441539,17.165366569489873
synthetic_weather,weather,dummy_mean,weather_1,2024-01-09 06:00:00,24.5,17.165366569489873
synthetic_weather,weather,dummy_mean,weather_1,2024-01-09 06:10:00,24.48764498441539,17.165366569489873
synthetic_weather,weather,dummy_mean,weather_1,2024-01-09 06:20:00,24.450819800851686,17.165366569489873
synthetic_weather,weather,dummy_mean,weather_1,2024-01-09 06:30:00,24.39023700876128,17.165366569489873
synthetic_weather,weather,dummy_mean,weather_1,2024-01-09 06:40:00,24.307060986620538,17.165366569489873
synthetic_weather,weather,dummy_mean,weather_1,2024-01-09 06:50:00,24.20287384044295,17.165366569489873
synthetic_weather,weather,dummy_mean,weather_1,2024-01-09 07:00:00,24.07962913144536,17.165366569489873
synthetic_weather,weather,dummy_mean,weather_1,2024-01-09 07:10:00,23.93959482540397,17.165366569489873
synthetic_weather,weather,dummy_mean,weather_1,2024-01-09 07:20:00,23.78528719276301,17.165366569489873
synthetic_weather,weather,dummy_mean,weather_1,2024-01-09 07:30:00,23.61939766255644,17.165366569489873
synthetic_weather,weather,dummy_mean,weather_1,2024-01-09 07:40:00,23.444714846349797,17.165366569489873
synthetic_weather,weather,dummy_mean,weather_1,2024-01-09 07:50:00,23.26404409422829,17.165366569489873
synthetic_weather,weather,seasonal_naive,weather_0,2024-01-09 04:00:00,22.080127018922212,18.49999999999999
synthetic_weather,weather,seasonal_naive,weather_0,2024-01-09 04:10:00,22.264044094228257,18.71050081333277
synthetic_weather,weather,seasonal_naive,weather_0,2024-01-09 04:20:00,22.444714846349765,18.90562502413126
synthetic_weather,weather,seasonal_naive,weather_0,2024-01-09 04:30:00,22.619397662556413,19.085643662992485
synthetic_weather,weather,seasonal_naive,weather_0,2024-01-09 04:40:00,22.785287192763008,19.25126310989412
synthetic_weather,weather,seasonal_naive,weather_0,2024-01-09 04:50:00,22.93959482540397,19.40359187453376
synthetic_weather,weather,seasonal_naive,weather_0,2024-01-09 05:00:00,23.079629131445337,19.544095225512603
synthetic_weather,weather,seasonal_naive,weather_0,2024-01-09 05:10:00,23.20287384044293,19.674539069184195
synthetic_weather,weather,seasonal_naive,weather_0,2024-01-09 05:20:00,23.307060986620524,19.796924805461803
synthetic_weather,weather,seasonal_naive,weather_0,2024-01-09 05:30:00,23.390237008761265,19.91341716182544
synthetic_weather,weather,seasonal_naive,weather_0,2024-01-09 05:40:00,23.450819800851676,20.02626721987004
synthetic_weather,weather,seasonal_naive,weather_0,2024-01-09 05:50:00,23.48764498441539,20.137732994512323
synthetic_weather,weather,seasonal_naive,weather_0,2024-01-09 06:00:00,23.5,20.249999999999982
synthetic_weather,weather,seasonal_naive,weather_0,2024-01-09 06:10:00,23.48764498441539,20.36510423689085
synthetic_weather,weather,seasonal_naive,weather_0,2024-01-09 06:20:00,23.450819800851686,20.484859960195738
synthetic_weather,weather,seasonal_naive,weather_0,2024-01-09 06:30:00,23.39023700876128,20.610794443151377
synthetic_weather,weather,seasonal_naive,weather_0,2024-01-09 06:40:00,23.307060986620538,20.744091738039735
synthetic_weather,weather,seasonal_naive,weather_0,2024-01-09 06:50:00,23.20287384044295,20.88554716157221
synthetic_weather,weather,seasonal_naive,weather_0,2024-01-09 07:00:00,23.07962913144536,21.03553390593272
synthetic_weather,weather,seasonal_naive,weather_0,2024-01-09 07:10:00,22.93959482540397,21.193982807544497
synthetic_weather,weather,seasonal_naive,weather_0,2024-01-09 07:20:00,22.78528719276301,21.36037590520191
synthetic_weather,weather,seasonal_naive,weather_0,2024-01-09 07:30:00,22.61939766255644,21.533753999563952
synthetic_weather,weather,seasonal_naive,weather_0,2024-01-09 07:40:00,22.444714846349797,21.712737999885466
synthetic_weather,weather,seasonal_naive,weather_0,2024-01-09 07:50:00,22.26404409422829,21.89556342422115
synthetic_weather,weather,seasonal_naive,weather_1,2024-01-09 04:00:00,23.080127018922212,19.49999999999999
synthetic_weather,weather,seasonal_naive,weather_1,2024-01-09 04:10:00,23.264044094228257,19.71050081333277
synthetic_weather,weather,seasonal_naive,weather_1,2024-01-09 04:20:00,23.444714846349765,19.90562502413126
synthetic_weather,weather,seasonal_naive,weather_1,2024-01-09 04:30:00,23.619397662556413,20.085643662992485
synthetic_weather,weather,seasonal_naive,weather_1,2024-01-09 04:40:00,23.785287192763008,20.25126310989412
synthetic_weather,weather,seasonal_naive,weather_1,2024-01-09 04:50:00,23.93959482540397,20.40359187453376
synthetic_weather,weather,seasonal_naive,weather_1,2024-01-09 05:00:00,24.079629131445337,20.544095225512603
synthetic_weather,weather,seasonal_naive,weather_1,2024-01-09 05:10:00,24.20287384044293,20.674539069184195
synthetic_weather,weather,seasonal_naive,weather_1,2024-01-09 05:20:00,24.307060986620524,20.796924805461803
synthetic_weather,weather,seasonal_naive,weather_1,2024-01-09 05:30:00,24.390237008761265,20.91341716182544
synthetic_weather,weather,seasonal_naive,weather_1,2024-01-09 05:40:00,24.450819800851676,21.02626721987004
synthetic_weather,weather,seasonal_naive,weather_1,2024-01-09 05:50:00,24.48764498441539,21.137732994512323
synthetic_weather,weather,seasonal_naive,weather_1,2024-01-09 06:00:00,24.5,21.249999999999982
synthetic_weather,weather,seasonal_naive,weather_1,2024-01-09 06:10:00,24.48764498441539,21.36510423689085
synthetic_weather,weather,seasonal_naive,weather_1,2024-01-09 06:20:00,24.450819800851686,21.484859960195738
synthetic_weather,weather,seasonal_naive,weather_1,2024-01-09 06:30:00,24.39023700876128,21.610794443151377
synthetic_weather,weather,seasonal_naive,weather_1,2024-01-09 06:40:00,24.307060986620538,21.744091738039735
synthetic_weather,weather,seasonal_naive,weather_1,2024-01-09 06:50:00,24.20287384044295,21.88554716157221
synthetic_weather,weather,seasonal_naive,weather_1,2024-01-09 07:00:00,24.07962913144536,22.03553390593272
synthetic_weather,weather,seasonal_naive,weather_1,2024-01-09 07:10:00,23.93959482540397,22.193982807544497
synthetic_weather,weather,seasonal_naive,weather_1,2024-01-09 07:20:00,23.78528719276301,22.36037590520191
synthetic_weather,weather,seasonal_naive,weather_1,2024-01-09 07:30:00,23.61939766255644,22.533753999563952
synthetic_weather,weather,seasonal_naive,weather_1,2024-01-09 07:40:00,23.444714846349797,22.712737999885466
synthetic_weather,weather,seasonal_naive,weather_1,2024-01-09 07:50:00,23.26404409422829,22.89556342422115
synthetic_weather,weather,moving_average,weather_0,2024-01-09 04:00:00,22.080127018922212,20.209247772643767
synthetic_weather,weather,moving_average,weather_0,2024-01-09 04:10:00,22.264044094228257,20.209247772643767
synthetic_weather,weather,moving_average,weather_0,2024-01-09 04:20:00,22.444714846349765,20.209247772643767
synthetic_weather,weather,moving_average,weather_0,2024-01-09 04:30:00,22.619397662556413,20.209247772643767
synthetic_weather,weather,moving_average,weather_0,2024-01-09 04:40:00,22.785287192763008,20.209247772643767
synthetic_weather,weather,moving_average,weather_0,2024-01-09 04:50:00,22.93959482540397,20.209247772643767
synthetic_weather,weather,moving_average,weather_0,2024-01-09 05:00:00,23.079629131445337,20.209247772643767
synthetic_weather,weather,moving_average,weather_0,2024-01-09 05:10:00,23.20287384044293,20.209247772643767
synthetic_weather,weather,moving_average,weather_0,2024-01-09 05:20:00,23.307060986620524,20.209247772643767
synthetic_weather,weather,moving_average,weather_0,2024-01-09 05:30:00,23.390237008761265,20.209247772643767
synthetic_weather,weather,moving_average,weather_0,2024-01-09 05:40:00,23.450819800851676,20.209247772643767
synthetic_weather,weather,moving_average,weather_0,2024-01-09 05:50:00,23.48764498441539,20.209247772643767
synthetic_weather,weather,moving_average,weather_0,2024-01-09 06:00:00,23.5,20.209247772643767
synthetic_weather,weather,moving_average,weather_0,2024-01-09 06:10:00,23.48764498441539,20.209247772643767
synthetic_weather,weather,moving_average,weather_0,2024-01-09 06:20:00,23.450819800851686,20.209247772643767
synthetic_weather,weather,moving_average,weather_0,2024-01-09 06:30:00,23.39023700876128,20.209247772643767
synthetic_weather,weather,moving_average,weather_0,2024-01-09 06:40:00,23.307060986620538,20.209247772643767
synthetic_weather,weather,moving_average,weather_0,2024-01-09 06:50:00,23.20287384044295,20.209247772643767
synthetic_weather,weather,moving_average,weather_0,2024-01-09 07:00:00,23.07962913144536,20.209247772643767
synthetic_weather,weather,moving_average,weather_0,2024-01-09 07:10:00,22.93959482540397,20.209247772643767
synthetic_weather,weather,moving_average,weather_0,2024-01-09 07:20:00,22.78528719276301,20.209247772643767
synthetic_weather,weather,moving_average,weather_0,2024-01-09 07:30:00,22.61939766255644,20.209247772643767
synthetic_weather,weather,moving_average,weather_0,2024-01-09 07:40:00,22.444714846349797,20.209247772643767
synthetic_weather,weather,moving_average,weather_0,2024-01-09 07:50:00,22.26404409422829,20.209247772643767
synthetic_weather,weather,moving_average,weather_1,2024-01-09 04:00:00,23.080127018922212,21.209247772643767
synthetic_weather,weather,moving_average,weather_1,2024-01-09 04:10:00,23.264044094228257,21.209247772643767
synthetic_weather,weather,moving_average,weather_1,2024-01-09 04:20:00,23.444714846349765,21.209247772643767
synthetic_weather,weather,moving_average,weather_1,2024-01-09 04:30:00,23.619397662556413,21.209247772643767
synthetic_weather,weather,moving_average,weather_1,2024-01-09 04:40:00,23.785287192763008,21.209247772643767
synthetic_weather,weather,moving_average,weather_1,2024-01-09 04:50:00,23.93959482540397,21.209247772643767
synthetic_weather,weather,moving_average,weather_1,2024-01-09 05:00:00,24.079629131445337,21.209247772643767
synthetic_weather,weather,moving_average,weather_1,2024-01-09 05:10:00,24.20287384044293,21.209247772643767
synthetic_weather,weather,moving_average,weather_1,2024-01-09 05:20:00,24.307060986620524,21.209247772643767
synthetic_weather,weather,moving_average,weather_1,2024-01-09 05:30:00,24.390237008761265,21.209247772643767
synthetic_weather,weather,moving_average,weather_1,2024-01-09 05:40:00,24.450819800851676,21.209247772643767
synthetic_weather,weather,moving_average,weather_1,2024-01-09 05:50:00,24.48764498441539,21.209247772643767
synthetic_weather,weather,moving_average,weather_1,2024-01-09 06:00:00,24.5,21.209247772643767
synthetic_weather,weather,moving_average,weather_1,2024-01-09 06:10:00,24.48764498441539,21.209247772643767
synthetic_weather,weather,moving_average,weather_1,2024-01-09 06:20:00,24.450819800851686,21.209247772643767
synthetic_weather,weather,moving_average,weather_1,2024-01-09 06:30:00,24.39023700876128,21.209247772643767
synthetic_weather,weather,moving_average,weather_1,2024-01-09 06:40:00,24.307060986620538,21.209247772643767
synthetic_weather,weather,moving_average,weather_1,2024-01-09 06:50:00,24.20287384044295,21.209247772643767
synthetic_weather,weather,moving_average,weather_1,2024-01-09 07:00:00,24.07962913144536,21.209247772643767
synthetic_weather,weather,moving_average,weather_1,2024-01-09 07:10:00,23.93959482540397,21.209247772643767
synthetic_weather,weather,moving_average,weather_1,2024-01-09 07:20:00,23.78528719276301,21.209247772643767
synthetic_weather,weather,moving_average,weather_1,2024-01-09 07:30:00,23.61939766255644,21.209247772643767
synthetic_weather,weather,moving_average,weather_1,2024-01-09 07:40:00,23.444714846349797,21.209247772643767
synthetic_weather,weather,moving_average,weather_1,2024-01-09 07:50:00,23.26404409422829,21.209247772643767
synthetic_weather,weather,linear_trend,weather_0,2024-01-09 04:00:00,22.080127018922212,19.246329214628403
synthetic_weather,weather,linear_trend,weather_0,2024-01-09 04:10:00,22.264044094228257,19.30985421762095
synthetic_weather,weather,linear_trend,weather_0,2024-01-09 04:20:00,22.444714846349765,19.373379220613494
synthetic_weather,weather,linear_trend,weather_0,2024-01-09 04:30:00,22.619397662556413,19.436904223606042
synthetic_weather,weather,linear_trend,weather_0,2024-01-09 04:40:00,22.785287192763008,19.50042922659859
synthetic_weather,weather,linear_trend,weather_0,2024-01-09 04:50:00,22.93959482540397,19.563954229591136
synthetic_weather,weather,linear_trend,weather_0,2024-01-09 05:00:00,23.079629131445337,19.62747923258368
synthetic_weather,weather,linear_trend,weather_0,2024-01-09 05:10:00,23.20287384044293,19.69100423557623
synthetic_weather,weather,linear_trend,weather_0,2024-01-09 05:20:00,23.307060986620524,19.75452923856878
synthetic_weather,weather,linear_trend,weather_0,2024-01-09 05:30:00,23.390237008761265,19.818054241561324
synthetic_weather,weather,linear_trend,weather_0,2024-01-09 05:40:00,23.450819800851676,19.88157924455387
synthetic_weather,weather,linear_trend,weather_0,2024-01-09 05:50:00,23.48764498441539,19.945104247546418
synthetic_weather,weather,linear_trend,weather_0,2024-01-09 06:00:00,23.5,20.008629250538966
synthetic_weather,weather,linear_trend,weather_0,2024-01-09 06:10:00,23.48764498441539,20.07215425353151
synthetic_weather,weather,linear_trend,weather_0,2024-01-09 06:20:00,23.450819800851686,20.135679256524057
synthetic_weather,weather,linear_trend,weather_0,2024-01-09 06:30:00,23.39023700876128,20.199204259516605
synthetic_weather,weather,linear_trend,weather_0,2024-01-09 06:40:00,23.307060986620538,20.262729262509154
synthetic_weather,weather,linear_trend,weather_0,2024-01-09 06:50:00,23.20287384044295,20.3262542655017
synthetic_weather,weather,linear_trend,weather_0,2024-01-09 07:00:00,23.07962913144536,20.389779268494244
synthetic_weather,weather,linear_trend,weather_0,2024-01-09 07:10:00,22.93959482540397,20.453304271486793
synthetic_weather,weather,linear_trend,weather_0,2024-01-09 07:20:00,22.78528719276301,20.516829274479342
synthetic_weather,weather,linear_trend,weather_0,2024-01-09 07:30:00,22.61939766255644,20.580354277471887
synthetic_weather,weather,linear_trend,weather_0,2024-01-09 07:40:00,22.444714846349797,20.643879280464432
synthetic_weather,weather,linear_trend,weather_0,2024-01-09 07:50:00,22.26404409422829,20.70740428345698
synthetic_weather,weather,linear_trend,weather_1,2024-01-09 04:00:00,23.080127018922212,20.246329214628403
synthetic_weather,weather,linear_trend,weather_1,2024-01-09 04:10:00,23.264044094228257,20.30985421762095
synthetic_weather,weather,linear_trend,weather_1,2024-01-09 04:20:00,23.444714846349765,20.373379220613494
synthetic_weather,weather,linear_trend,weather_1,2024-01-09 04:30:00,23.619397662556413,20.436904223606042
synthetic_weather,weather,linear_trend,weather_1,2024-01-09 04:40:00,23.785287192763008,20.50042922659859
synthetic_weather,weather,linear_trend,weather_1,2024-01-09 04:50:00,23.93959482540397,20.563954229591136
synthetic_weather,weather,linear_trend,weather_1,2024-01-09 05:00:00,24.079629131445337,20.62747923258368
synthetic_weather,weather,linear_trend,weather_1,2024-01-09 05:10:00,24.20287384044293,20.69100423557623
synthetic_weather,weather,linear_trend,weather_1,2024-01-09 05:20:00,24.307060986620524,20.75452923856878
synthetic_weather,weather,linear_trend,weather_1,2024-01-09 05:30:00,24.390237008761265,20.818054241561324
synthetic_weather,weather,linear_trend,weather_1,2024-01-09 05:40:00,24.450819800851676,20.88157924455387
synthetic_weather,weather,linear_trend,weather_1,2024-01-09 05:50:00,24.48764498441539,20.945104247546418
synthetic_weather,weather,linear_trend,weather_1,2024-01-09 06:00:00,24.5,21.008629250538966
synthetic_weather,weather,linear_trend,weather_1,2024-01-09 06:10:00,24.48764498441539,21.07215425353151
synthetic_weather,weather,linear_trend,weather_1,2024-01-09 06:20:00,24.450819800851686,21.135679256524057
synthetic_weather,weather,linear_trend,weather_1,2024-01-09 06:30:00,24.39023700876128,21.199204259516605
synthetic_weather,weather,linear_trend,weather_1,2024-01-09 06:40:00,24.307060986620538,21.262729262509154
synthetic_weather,weather,linear_trend,weather_1,2024-01-09 06:50:00,24.20287384044295,21.3262542655017
synthetic_weather,weather,linear_trend,weather_1,2024-01-09 07:00:00,24.07962913144536,21.389779268494244
synthetic_weather,weather,linear_trend,weather_1,2024-01-09 07:10:00,23.93959482540397,21.453304271486793
synthetic_weather,weather,linear_trend,weather_1,2024-01-09 07:20:00,23.78528719276301,21.516829274479342
synthetic_weather,weather,linear_trend,weather_1,2024-01-09 07:30:00,23.61939766255644,21.580354277471887
synthetic_weather,weather,linear_trend,weather_1,2024-01-09 07:40:00,23.444714846349797,21.643879280464432
synthetic_weather,weather,linear_trend,weather_1,2024-01-09 07:50:00,23.26404409422829,21.70740428345698
synthetic_weather,weather,ridge_ar,weather_0,2024-01-09 04:00:00,22.080127018922212,21.955574453815746
synthetic_weather,weather,ridge_ar,weather_0,2024-01-09 04:10:00,22.264044094228257,22.06840782124799
synthetic_weather,weather,ridge_ar,weather_0,2024-01-09 04:20:00,22.444714846349765,22.157993229226445
synthetic_weather,weather,ridge_ar,weather_0,2024-01-09 04:30:00,22.619397662556413,22.218003321524428
synthetic_weather,weather,ridge_ar,weather_0,2024-01-09 04:40:00,22.785287192763008,22.267014467075445
synthetic_weather,weather,ridge_ar,weather_0,2024-01-09 04:50:00,22.93959482540397,22.29117537972765
synthetic_weather,weather,ridge_ar,weather_0,2024-01-09 05:00:00,23.079629131445337,22.28982737775699
synthetic_weather,weather,ridge_ar,weather_0,2024-01-09 05:10:00,23.20287384044293,22.263670266186416
synthetic_weather,weather,ridge_ar,weather_0,2024-01-09 05:20:00,23.307060986620524,22.209922957215202
synthetic_weather,weather,ridge_ar,weather_0,2024-01-09 05:30:00,23.390237008761265,22.12833839136215
synthetic_weather,weather,ridge_ar,weather_0,2024-01-09 05:40:00,23.450819800851676,22.0189723090136
synthetic_weather,weather,ridge_ar,weather_0,2024-01-09 05:50:00,23.48764498441539,21.88196042973722
synthetic_weather,weather,ridge_ar,weather_0,2024-01-09 06:00:00,23.5,21.718242055994235
synthetic_weather,weather,ridge_ar,weather_0,2024-01-09 06:10:00,23.48764498441539,21.52917937878741
synthetic_weather,weather,ridge_ar,weather_0,2024-01-09 06:20:00,23.450819800851686,21.316560337973158
synthetic_weather,weather,ridge_ar,weather_0,2024-01-09 06:30:00,23.39023700876128,21.082644808241714
synthetic_weather,weather,ridge_ar,weather_0,2024-01-09 06:40:00,23.307060986620538,20.830068747726166
synthetic_weather,weather,ridge_ar,weather_0,2024-01-09 06:50:00,23.20287384044295,20.56180737114729
synthetic_weather,weather,ridge_ar,weather_0,2024-01-09 07:00:00,23.07962913144536,20.28112962861843
synthetic_weather,weather,ridge_ar,weather_0,2024-01-09 07:10:00,22.93959482540397,19.991532387533294
synthetic_weather,weather,ridge_ar,weather_0,2024-01-09 07:20:00,22.78528719276301,19.696676575108008
synthetic_weather,weather,ridge_ar,weather_0,2024-01-09 07:30:00,22.61939766255644,19.400307596869702
synthetic_weather,weather,ridge_ar,weather_0,2024-01-09 07:40:00,22.444714846349797,19.10615103313639
synthetic_weather,weather,ridge_ar,weather_0,2024-01-09 07:50:00,22.26404409422829,18.817777648562156
synthetic_weather,weather,ridge_ar,weather_1,2024-01-09 04:00:00,23.080127018922212,22.955574453815746
synthetic_weather,weather,ridge_ar,weather_1,2024-01-09 04:10:00,23.264044094228257,23.06840782124799
synthetic_weather,weather,ridge_ar,weather_1,2024-01-09 04:20:00,23.444714846349765,23.157993229226445
synthetic_weather,weather,ridge_ar,weather_1,2024-01-09 04:30:00,23.619397662556413,23.218003321524428
synthetic_weather,weather,ridge_ar,weather_1,2024-01-09 04:40:00,23.785287192763008,23.267014467075445
synthetic_weather,weather,ridge_ar,weather_1,2024-01-09 04:50:00,23.93959482540397,23.29117537972765
synthetic_weather,weather,ridge_ar,weather_1,2024-01-09 05:00:00,24.079629131445337,23.28982737775699
synthetic_weather,weather,ridge_ar,weather_1,2024-01-09 05:10:00,24.20287384044293,23.263670266186416
synthetic_weather,weather,ridge_ar,weather_1,2024-01-09 05:20:00,24.307060986620524,23.209922957215202
synthetic_weather,weather,ridge_ar,weather_1,2024-01-09 05:30:00,24.390237008761265,23.12833839136215
synthetic_weather,weather,ridge_ar,weather_1,2024-01-09 05:40:00,24.450819800851676,23.0189723090136
synthetic_weather,weather,ridge_ar,weather_1,2024-01-09 05:50:00,24.48764498441539,22.88196042973722
synthetic_weather,weather,ridge_ar,weather_1,2024-01-09 06:00:00,24.5,22.71824205599423
synthetic_weather,weather,ridge_ar,weather_1,2024-01-09 06:10:00,24.48764498441539,22.52917937878741
synthetic_weather,weather,ridge_ar,weather_1,2024-01-09 06:20:00,24.450819800851686,22.316560337973158
synthetic_weather,weather,ridge_ar,weather_1,2024-01-09 06:30:00,24.39023700876128,22.082644808241714
synthetic_weather,weather,ridge_ar,weather_1,2024-01-09 06:40:00,24.307060986620538,21.830068747726166
synthetic_weather,weather,ridge_ar,weather_1,2024-01-09 06:50:00,24.20287384044295,21.56180737114729
synthetic_weather,weather,ridge_ar,weather_1,2024-01-09 07:00:00,24.07962913144536,21.28112962861843
synthetic_weather,weather,ridge_ar,weather_1,2024-01-09 07:10:00,23.93959482540397,20.991532387533294
synthetic_weather,weather,ridge_ar,weather_1,2024-01-09 07:20:00,23.78528719276301,20.696676575108008
synthetic_weather,weather,ridge_ar,weather_1,2024-01-09 07:30:00,23.61939766255644,20.400307596869702
synthetic_weather,weather,ridge_ar,weather_1,2024-01-09 07:40:00,23.444714846349797,20.10615103313639
synthetic_weather,weather,ridge_ar,weather_1,2024-01-09 07:50:00,23.26404409422829,19.817777648562156
synthetic_weather,weather,hist_gradient_boosting_ar,weather_0,2024-01-09 04:00:00,22.080127018922212,21.15903304404738
synthetic_weather,weather,hist_gradient_boosting_ar,weather_0,2024-01-09 04:10:00,22.264044094228257,20.904941183789603
synthetic_weather,weather,hist_gradient_boosting_ar,weather_0,2024-01-09 04:20:00,22.444714846349765,20.86764319981733
synthetic_weather,weather,hist_gradient_boosting_ar,weather_0,2024-01-09 04:30:00,22.619397662556413,20.86764319981733
synthetic_weather,weather,hist_gradient_boosting_ar,weather_0,2024-01-09 04:40:00,22.785287192763008,20.86764319981733
synthetic_weather,weather,hist_gradient_boosting_ar,weather_0,2024-01-09 04:50:00,22.93959482540397,20.86764319981733
synthetic_weather,weather,hist_gradient_boosting_ar,weather_0,2024-01-09 05:00:00,23.079629131445337,20.86764319981733
synthetic_weather,weather,hist_gradient_boosting_ar,weather_0,2024-01-09 05:10:00,23.20287384044293,20.86764319981733
synthetic_weather,weather,hist_gradient_boosting_ar,weather_0,2024-01-09 05:20:00,23.307060986620524,20.86764319981733
synthetic_weather,weather,hist_gradient_boosting_ar,weather_0,2024-01-09 05:30:00,23.390237008761265,20.86764319981733
synthetic_weather,weather,hist_gradient_boosting_ar,weather_0,2024-01-09 05:40:00,23.450819800851676,20.86764319981733
synthetic_weather,weather,hist_gradient_boosting_ar,weather_0,2024-01-09 05:50:00,23.48764498441539,20.86764319981733
synthetic_weather,weather,hist_gradient_boosting_ar,weather_0,2024-01-09 06:00:00,23.5,20.86764319981733
synthetic_weather,weather,hist_gradient_boosting_ar,weather_0,2024-01-09 06:10:00,23.48764498441539,20.86764319981733
synthetic_weather,weather,hist_gradient_boosting_ar,weather_0,2024-01-09 06:20:00,23.450819800851686,20.86764319981733
synthetic_weather,weather,hist_gradient_boosting_ar,weather_0,2024-01-09 06:30:00,23.39023700876128,20.86764319981733
synthetic_weather,weather,hist_gradient_boosting_ar,weather_0,2024-01-09 06:40:00,23.307060986620538,20.86764319981733
synthetic_weather,weather,hist_gradient_boosting_ar,weather_0,2024-01-09 06:50:00,23.20287384044295,20.86764319981733
synthetic_weather,weather,hist_gradient_boosting_ar,weather_0,2024-01-09 07:00:00,23.07962913144536,20.86764319981733
synthetic_weather,weather,hist_gradient_boosting_ar,weather_0,2024-01-09 07:10:00,22.93959482540397,20.86764319981733
synthetic_weather,weather,hist_gradient_boosting_ar,weather_0,2024-01-09 07:20:00,22.78528719276301,20.86764319981733
synthetic_weather,weather,hist_gradient_boosting_ar,weather_0,2024-01-09 07:30:00,22.61939766255644,20.86764319981733
synthetic_weather,weather,hist_gradient_boosting_ar,weather_0,2024-01-09 07:40:00,22.444714846349797,20.86764319981733
synthetic_weather,weather,hist_gradient_boosting_ar,weather_0,2024-01-09 07:50:00,22.26404409422829,20.86764319981733
synthetic_weather,weather,hist_gradient_boosting_ar,weather_1,2024-01-09 04:00:00,23.080127018922212,22.15903304404738
synthetic_weather,weather,hist_gradient_boosting_ar,weather_1,2024-01-09 04:10:00,23.264044094228257,21.904941183789603
synthetic_weather,weather,hist_gradient_boosting_ar,weather_1,2024-01-09 04:20:00,23.444714846349765,21.86764319981733
synthetic_weather,weather,hist_gradient_boosting_ar,weather_1,2024-01-09 04:30:00,23.619397662556413,21.86764319981733
synthetic_weather,weather,hist_gradient_boosting_ar,weather_1,2024-01-09 04:40:00,23.785287192763008,21.86764319981733
synthetic_weather,weather,hist_gradient_boosting_ar,weather_1,2024-01-09 04:50:00,23.93959482540397,21.86764319981733
synthetic_weather,weather,hist_gradient_boosting_ar,weather_1,2024-01-09 05:00:00,24.079629131445337,21.86764319981733
synthetic_weather,weather,hist_gradient_boosting_ar,weather_1,2024-01-09 05:10:00,24.20287384044293,21.86764319981733
synthetic_weather,weather,hist_gradient_boosting_ar,weather_1,2024-01-09 05:20:00,24.307060986620524,21.86764319981733
synthetic_weather,weather,hist_gradient_boosting_ar,weather_1,2024-01-09 05:30:00,24.390237008761265,21.86764319981733
synthetic_weather,weather,hist_gradient_boosting_ar,weather_1,2024-01-09 05:40:00,24.450819800851676,21.86764319981733
synthetic_weather,weather,hist_gradient_boosting_ar,weather_1,2024-01-09 05:50:00,24.48764498441539,21.86764319981733
synthetic_weather,weather,hist_gradient_boosting_ar,weather_1,2024-01-09 06:00:00,24.5,21.86764319981733
synthetic_weather,weather,hist_gradient_boosting_ar,weather_1,2024-01-09 06:10:00,24.48764498441539,21.86764319981733
synthetic_weather,weather,hist_gradient_boosting_ar,weather_1,2024-01-09 06:20:00,24.450819800851686,21.86764319981733
synthetic_weather,weather,hist_gradient_boosting_ar,weather_1,2024-01-09 06:30:00,24.39023700876128,21.86764319981733
synthetic_weather,weather,hist_gradient_boosting_ar,weather_1,2024-01-09 06:40:00,24.307060986620538,21.86764319981733
synthetic_weather,weather,hist_gradient_boosting_ar,weather_1,2024-01-09 06:50:00,24.20287384044295,21.86764319981733
synthetic_weather,weather,hist_gradient_boosting_ar,weather_1,2024-01-09 07:00:00,24.07962913144536,21.86764319981733
synthetic_weather,weather,hist_gradient_boosting_ar,weather_1,2024-01-09 07:10:00,23.93959482540397,21.86764319981733
synthetic_weather,weather,hist_gradient_boosting_ar,weather_1,2024-01-09 07:20:00,23.78528719276301,21.86764319981733
synthetic_weather,weather,hist_gradient_boosting_ar,weather_1,2024-01-09 07:30:00,23.61939766255644,21.86764319981733
synthetic_weather,weather,hist_gradient_boosting_ar,weather_1,2024-01-09 07:40:00,23.444714846349797,21.86764319981733
synthetic_weather,weather,hist_gradient_boosting_ar,weather_1,2024-01-09 07:50:00,23.26404409422829,21.86764319981733
synthetic_weather,weather,lightgbm_ar,weather_0,2024-01-09 04:00:00,22.080127018922212,21.252914843438187
synthetic_weather,weather,lightgbm_ar,weather_0,2024-01-09 04:10:00,22.264044094228257,21.353819956623273
synthetic_weather,weather,lightgbm_ar,weather_0,2024-01-09 04:20:00,22.444714846349765,21.338158056531483
synthetic_weather,weather,lightgbm_ar,weather_0,2024-01-09 04:30:00,22.619397662556413,21.25736562686037
synthetic_weather,weather,lightgbm_ar,weather_0,2024-01-09 04:40:00,22.785287192763008,21.25736562686037
synthetic_weather,weather,lightgbm_ar,weather_0,2024-01-09 04:50:00,22.93959482540397,21.22768414148647
synthetic_weather,weather,lightgbm_ar,weather_0,2024-01-09 05:00:00,23.079629131445337,21.22768414148647
synthetic_weather,weather,lightgbm_ar,weather_0,2024-01-09 05:10:00,23.20287384044293,21.220411377711525
synthetic_weather,weather,lightgbm_ar,weather_0,2024-01-09 05:20:00,23.307060986620524,21.220411377711525
synthetic_weather,weather,lightgbm_ar,weather_0,2024-01-09 05:30:00,23.390237008761265,21.07467771102238
synthetic_weather,weather,lightgbm_ar,weather_0,2024-01-09 05:40:00,23.450819800851676,21.07467771102238
synthetic_weather,weather,lightgbm_ar,weather_0,2024-01-09 05:50:00,23.48764498441539,21.07467771102238
synthetic_weather,weather,lightgbm_ar,weather_0,2024-01-09 06:00:00,23.5,21.07467771102238
synthetic_weather,weather,lightgbm_ar,weather_0,2024-01-09 06:10:00,23.48764498441539,21.07467771102238
synthetic_weather,weather,lightgbm_ar,weather_0,2024-01-09 06:20:00,23.450819800851686,21.07467771102238
synthetic_weather,weather,lightgbm_ar,weather_0,2024-01-09 06:30:00,23.39023700876128,21.07467771102238
synthetic_weather,weather,lightgbm_ar,weather_0,2024-01-09 06:40:00,23.307060986620538,21.07467771102238
synthetic_weather,weather,lightgbm_ar,weather_0,2024-01-09 06:50:00,23.20287384044295,21.07467771102238
synthetic_weather,weather,lightgbm_ar,weather_0,2024-01-09 07:00:00,23.07962913144536,21.07467771102238
synthetic_weather,weather,lightgbm_ar,weather_0,2024-01-09 07:10:00,22.93959482540397,21.086458097782046
synthetic_weather,weather,lightgbm_ar,weather_0,2024-01-09 07:20:00,22.78528719276301,21.091891091417295
synthetic_weather,weather,lightgbm_ar,weather_0,2024-01-09 07:30:00,22.61939766255644,21.091891091417295
synthetic_weather,weather,lightgbm_ar,weather_0,2024-01-09 07:40:00,22.444714846349797,21.091891091417295
synthetic_weather,weather,lightgbm_ar,weather_0,2024-01-09 07:50:00,22.26404409422829,21.090366828985466
synthetic_weather,weather,lightgbm_ar,weather_1,2024-01-09 04:00:00,23.080127018922212,22.252914843438187
synthetic_weather,weather,lightgbm_ar,weather_1,2024-01-09 04:10:00,23.264044094228257,22.353819956623273
synthetic_weather,weather,lightgbm_ar,weather_1,2024-01-09 04:20:00,23.444714846349765,22.338158056531483
synthetic_weather,weather,lightgbm_ar,weather_1,2024-01-09 04:30:00,23.619397662556413,22.25736562686037
synthetic_weather,weather,lightgbm_ar,weather_1,2024-01-09 04:40:00,23.785287192763008,22.25736562686037
synthetic_weather,weather,lightgbm_ar,weather_1,2024-01-09 04:50:00,23.93959482540397,22.22768414148647
synthetic_weather,weather,lightgbm_ar,weather_1,2024-01-09 05:00:00,24.079629131445337,22.22768414148647
synthetic_weather,weather,lightgbm_ar,weather_1,2024-01-09 05:10:00,24.20287384044293,22.220411377711525
synthetic_weather,weather,lightgbm_ar,weather_1,2024-01-09 05:20:00,24.307060986620524,22.220411377711525
synthetic_weather,weather,lightgbm_ar,weather_1,2024-01-09 05:30:00,24.390237008761265,22.07467771102238
synthetic_weather,weather,lightgbm_ar,weather_1,2024-01-09 05:40:00,24.450819800851676,22.07467771102238
synthetic_weather,weather,lightgbm_ar,weather_1,2024-01-09 05:50:00,24.48764498441539,22.07467771102238
synthetic_weather,weather,lightgbm_ar,weather_1,2024-01-09 06:00:00,24.5,22.07467771102238
synthetic_weather,weather,lightgbm_ar,weather_1,2024-01-09 06:10:00,24.48764498441539,22.07467771102238
synthetic_weather,weather,lightgbm_ar,weather_1,2024-01-09 06:20:00,24.450819800851686,22.07467771102238
synthetic_weather,weather,lightgbm_ar,weather_1,2024-01-09 06:30:00,24.39023700876128,22.07467771102238
synthetic_weather,weather,lightgbm_ar,weather_1,2024-01-09 06:40:00,24.307060986620538,22.07467771102238
synthetic_weather,weather,lightgbm_ar,weather_1,2024-01-09 06:50:00,24.20287384044295,22.07467771102238
synthetic_weather,weather,lightgbm_ar,weather_1,2024-01-09 07:00:00,24.07962913144536,22.07467771102238
synthetic_weather,weather,lightgbm_ar,weather_1,2024-01-09 07:10:00,23.93959482540397,22.086458097782046
synthetic_weather,weather,lightgbm_ar,weather_1,2024-01-09 07:20:00,23.78528719276301,22.091891091417295
synthetic_weather,weather,lightgbm_ar,weather_1,2024-01-09 07:30:00,23.61939766255644,22.091891091417295
synthetic_weather,weather,lightgbm_ar,weather_1,2024-01-09 07:40:00,23.444714846349797,22.091891091417295
synthetic_weather,weather,lightgbm_ar,weather_1,2024-01-09 07:50:00,23.26404409422829,22.090366828985466
synthetic_weather,weather,xgboost_ar,weather_0,2024-01-09 04:00:00,22.080127018922212,21.86021509204783
synthetic_weather,weather,xgboost_ar,weather_0,2024-01-09 04:10:00,22.264044094228257,21.86021509204783
synthetic_weather,weather,xgboost_ar,weather_0,2024-01-09 04:20:00,22.444714846349765,21.86021509204783
synthetic_weather,weather,xgboost_ar,weather_0,2024-01-09 04:30:00,22.619397662556413,21.86021509204783
synthetic_weather,weather,xgboost_ar,weather_0,2024-01-09 04:40:00,22.785287192763008,21.86021509204783
synthetic_weather,weather,xgboost_ar,weather_0,2024-01-09 04:50:00,22.93959482540397,21.86021509204783
synthetic_weather,weather,xgboost_ar,weather_0,2024-01-09 05:00:00,23.079629131445337,21.86021509204783
synthetic_weather,weather,xgboost_ar,weather_0,2024-01-09 05:10:00,23.20287384044293,21.86021509204783
synthetic_weather,weather,xgboost_ar,weather_0,2024-01-09 05:20:00,23.307060986620524,21.86021509204783
synthetic_weather,weather,xgboost_ar,weather_0,2024-01-09 05:30:00,23.390237008761265,21.86021509204783
synthetic_weather,weather,xgboost_ar,weather_0,2024-01-09 05:40:00,23.450819800851676,21.86021509204783
synthetic_weather,weather,xgboost_ar,weather_0,2024-01-09 05:50:00,23.48764498441539,21.86021509204783
synthetic_weather,weather,xgboost_ar,weather_0,2024-01-09 06:00:00,23.5,21.86021509204783
synthetic_weather,weather,xgboost_ar,weather_0,2024-01-09 06:10:00,23.48764498441539,21.86021509204783
synthetic_weather,weather,xgboost_ar,weather_0,2024-01-09 06:20:00,23.450819800851686,21.86021509204783
synthetic_weather,weather,xgboost_ar,weather_0,2024-01-09 06:30:00,23.39023700876128,21.86021509204783
synthetic_weather,weather,xgboost_ar,weather_0,2024-01-09 06:40:00,23.307060986620538,21.86021509204783
synthetic_weather,weather,xgboost_ar,weather_0,2024-01-09 06:50:00,23.20287384044295,21.86021509204783
synthetic_weather,weather,xgboost_ar,weather_0,2024-01-09 07:00:00,23.07962913144536,21.86021509204783
synthetic_weather,weather,xgboost_ar,weather_0,2024-01-09 07:10:00,22.93959482540397,21.86021509204783
synthetic_weather,weather,xgboost_ar,weather_0,2024-01-09 07:20:00,22.78528719276301,21.86021509204783
synthetic_weather,weather,xgboost_ar,weather_0,2024-01-09 07:30:00,22.61939766255644,21.86021509204783
synthetic_weather,weather,xgboost_ar,weather_0,2024-01-09 07:40:00,22.444714846349797,21.86021509204783
synthetic_weather,weather,xgboost_ar,weather_0,2024-01-09 07:50:00,22.26404409422829,21.86021509204783
synthetic_weather,weather,xgboost_ar,weather_1,2024-01-09 04:00:00,23.080127018922212,22.86021509204783
synthetic_weather,weather,xgboost_ar,weather_1,2024-01-09 04:10:00,23.264044094228257,22.86021509204783
synthetic_weather,weather,xgboost_ar,weather_1,2024-01-09 04:20:00,23.444714846349765,22.86021509204783
synthetic_weather,weather,xgboost_ar,weather_1,2024-01-09 04:30:00,23.619397662556413,22.86021509204783
synthetic_weather,weather,xgboost_ar,weather_1,2024-01-09 04:40:00,23.785287192763008,22.86021509204783
synthetic_weather,weather,xgboost_ar,weather_1,2024-01-09 04:50:00,23.93959482540397,22.86021509204783
synthetic_weather,weather,xgboost_ar,weather_1,2024-01-09 05:00:00,24.079629131445337,22.86021509204783
synthetic_weather,weather,xgboost_ar,weather_1,2024-01-09 05:10:00,24.20287384044293,22.86021509204783
synthetic_weather,weather,xgboost_ar,weather_1,2024-01-09 05:20:00,24.307060986620524,22.86021509204783
synthetic_weather,weather,xgboost_ar,weather_1,2024-01-09 05:30:00,24.390237008761265,22.86021509204783
synthetic_weather,weather,xgboost_ar,weather_1,2024-01-09 05:40:00,24.450819800851676,22.86021509204783
synthetic_weather,weather,xgboost_ar,weather_1,2024-01-09 05:50:00,24.48764498441539,22.86021509204783
synthetic_weather,weather,xgboost_ar,weather_1,2024-01-09 06:00:00,24.5,22.86021509204783
synthetic_weather,weather,xgboost_ar,weather_1,2024-01-09 06:10:00,24.48764498441539,22.86021509204783
synthetic_weather,weather,xgboost_ar,weather_1,2024-01-09 06:20:00,24.450819800851686,22.86021509204783
synthetic_weather,weather,xgboost_ar,weather_1,2024-01-09 06:30:00,24.39023700876128,22.86021509204783
synthetic_weather,weather,xgboost_ar,weather_1,2024-01-09 06:40:00,24.307060986620538,22.86021509204783
synthetic_weather,weather,xgboost_ar,weather_1,2024-01-09 06:50:00,24.20287384044295,22.86021509204783
synthetic_weather,weather,xgboost_ar,weather_1,2024-01-09 07:00:00,24.07962913144536,22.86021509204783
synthetic_weather,weather,xgboost_ar,weather_1,2024-01-09 07:10:00,23.93959482540397,22.86021509204783
synthetic_weather,weather,xgboost_ar,weather_1,2024-01-09 07:20:00,23.78528719276301,22.86021509204783
synthetic_weather,weather,xgboost_ar,weather_1,2024-01-09 07:30:00,23.61939766255644,22.86021509204783
synthetic_weather,weather,xgboost_ar,weather_1,2024-01-09 07:40:00,23.444714846349797,22.86021509204783
synthetic_weather,weather,xgboost_ar,weather_1,2024-01-09 07:50:00,23.26404409422829,22.86021509204783
synthetic_weather,weather,tabpfn_ts,weather_0,2024-01-09 04:00:00,22.080127018922212,22.081350326538086
synthetic_weather,weather,tabpfn_ts,weather_0,2024-01-09 04:10:00,22.264044094228257,22.26982879638672
synthetic_weather,weather,tabpfn_ts,weather_0,2024-01-09 04:20:00,22.444714846349765,22.410001754760742
synthetic_weather,weather,tabpfn_ts,weather_0,2024-01-09 04:30:00,22.619397662556413,22.59767723083496
synthetic_weather,weather,tabpfn_ts,weather_0,2024-01-09 04:40:00,22.785287192763008,22.778718948364258
synthetic_weather,weather,tabpfn_ts,weather_0,2024-01-09 04:50:00,22.93959482540397,22.978788375854492
synthetic_weather,weather,tabpfn_ts,weather_0,2024-01-09 05:00:00,23.079629131445337,23.13414192199707
synthetic_weather,weather,tabpfn_ts,weather_0,2024-01-09 05:10:00,23.20287384044293,23.294347763061523
synthetic_weather,weather,tabpfn_ts,weather_0,2024-01-09 05:20:00,23.307060986620524,23.44966697692871
synthetic_weather,weather,tabpfn_ts,weather_0,2024-01-09 05:30:00,23.390237008761265,23.57876968383789
synthetic_weather,weather,tabpfn_ts,weather_0,2024-01-09 05:40:00,23.450819800851676,23.687332153320312
synthetic_weather,weather,tabpfn_ts,weather_0,2024-01-09 05:50:00,23.48764498441539,23.807802200317383
synthetic_weather,weather,tabpfn_ts,weather_0,2024-01-09 06:00:00,23.5,23.911697387695312
synthetic_weather,weather,tabpfn_ts,weather_0,2024-01-09 06:10:00,23.48764498441539,24.01499366760254
synthetic_weather,weather,tabpfn_ts,weather_0,2024-01-09 06:20:00,23.450819800851686,24.110342025756836
synthetic_weather,weather,tabpfn_ts,weather_0,2024-01-09 06:30:00,23.39023700876128,24.20361328125
synthetic_weather,weather,tabpfn_ts,weather_0,2024-01-09 06:40:00,23.307060986620538,24.24124526977539
synthetic_weather,weather,tabpfn_ts,weather_0,2024-01-09 06:50:00,23.20287384044295,24.299585342407227
synthetic_weather,weather,tabpfn_ts,weather_0,2024-01-09 07:00:00,23.07962913144536,24.3671932220459
synthetic_weather,weather,tabpfn_ts,weather_0,2024-01-09 07:10:00,22.93959482540397,24.415132522583008
synthetic_weather,weather,tabpfn_ts,weather_0,2024-01-09 07:20:00,22.78528719276301,24.42964744567871
synthetic_weather,weather,tabpfn_ts,weather_0,2024-01-09 07:30:00,22.61939766255644,24.487255096435547
synthetic_weather,weather,tabpfn_ts,weather_0,2024-01-09 07:40:00,22.444714846349797,24.534072875976562
synthetic_weather,weather,tabpfn_ts,weather_0,2024-01-09 07:50:00,22.26404409422829,24.56365203857422
synthetic_weather,weather,tabpfn_ts,weather_1,2024-01-09 04:00:00,23.080127018922212,23.081350326538086
synthetic_weather,weather,tabpfn_ts,weather_1,2024-01-09 04:10:00,23.264044094228257,23.26982879638672
synthetic_weather,weather,tabpfn_ts,weather_1,2024-01-09 04:20:00,23.444714846349765,23.410001754760742
synthetic_weather,weather,tabpfn_ts,weather_1,2024-01-09 04:30:00,23.619397662556413,23.59767723083496
synthetic_weather,weather,tabpfn_ts,weather_1,2024-01-09 04:40:00,23.785287192763008,23.778718948364258
synthetic_weather,weather,tabpfn_ts,weather_1,2024-01-09 04:50:00,23.93959482540397,23.978788375854492
synthetic_weather,weather,tabpfn_ts,weather_1,2024-01-09 05:00:00,24.079629131445337,24.13414192199707
synthetic_weather,weather,tabpfn_ts,weather_1,2024-01-09 05:10:00,24.20287384044293,24.294347763061523
synthetic_weather,weather,tabpfn_ts,weather_1,2024-01-09 05:20:00,24.307060986620524,24.44966697692871
synthetic_weather,weather,tabpfn_ts,weather_1,2024-01-09 05:30:00,24.390237008761265,24.57876968383789
synthetic_weather,weather,tabpfn_ts,weather_1,2024-01-09 05:40:00,24.450819800851676,24.687332153320312
synthetic_weather,weather,tabpfn_ts,weather_1,2024-01-09 05:50:00,24.48764498441539,24.807802200317383
synthetic_weather,weather,tabpfn_ts,weather_1,2024-01-09 06:00:00,24.5,24.911697387695312
synthetic_weather,weather,tabpfn_ts,weather_1,2024-01-09 06:10:00,24.48764498441539,25.01499366760254
synthetic_weather,weather,tabpfn_ts,weather_1,2024-01-09 06:20:00,24.450819800851686,25.110342025756836
synthetic_weather,weather,tabpfn_ts,weather_1,2024-01-09 06:30:00,24.39023700876128,25.20361328125
synthetic_weather,weather,tabpfn_ts,weather_1,2024-01-09 06:40:00,24.307060986620538,25.24124526977539
synthetic_weather,weather,tabpfn_ts,weather_1,2024-01-09 06:50:00,24.20287384044295,25.299585342407227
synthetic_weather,weather,tabpfn_ts,weather_1,2024-01-09 07:00:00,24.07962913144536,25.3671932220459
synthetic_weather,weather,tabpfn_ts,weather_1,2024-01-09 07:10:00,23.93959482540397,25.415132522583008
synthetic_weather,weather,tabpfn_ts,weather_1,2024-01-09 07:20:00,23.78528719276301,25.42964744567871
synthetic_weather,weather,tabpfn_ts,weather_1,2024-01-09 07:30:00,23.61939766255644,25.487255096435547
synthetic_weather,weather,tabpfn_ts,weather_1,2024-01-09 07:40:00,23.444714846349797,25.534072875976562
synthetic_weather,weather,tabpfn_ts,weather_1,2024-01-09 07:50:00,23.26404409422829,25.56365203857422
synthetic_exchange,economics,dummy_mean,exchange_0,2025-01-31 00:00:00,4.9252893008705945,4.476174009709417
synthetic_exchange,economics,dummy_mean,exchange_0,2025-02-01 00:00:00,4.892005767025455,4.476174009709417
synthetic_exchange,economics,dummy_mean,exchange_0,2025-02-02 00:00:00,4.917453481402558,4.476174009709417
synthetic_exchange,economics,dummy_mean,exchange_0,2025-02-03 00:00:00,4.9899999999999975,4.476174009709417
synthetic_exchange,economics,dummy_mean,exchange_0,2025-02-04 00:00:00,5.062546518597442,4.476174009709417
synthetic_exchange,economics,dummy_mean,exchange_0,2025-02-05 00:00:00,5.0879942329745464,4.476174009709417
synthetic_exchange,economics,dummy_mean,exchange_0,2025-02-06 00:00:00,5.054710699129407,4.476174009709417
synthetic_exchange,economics,dummy_mean,exchange_0,2025-02-07 00:00:00,4.9952893008706,4.476174009709417
synthetic_exchange,economics,dummy_mean,exchange_0,2025-02-08 00:00:00,4.962005767025454,4.476174009709417
synthetic_exchange,economics,dummy_mean,exchange_0,2025-02-09 00:00:00,4.987453481402556,4.476174009709417
synthetic_exchange,economics,dummy_mean,exchange_0,2025-02-10 00:00:00,5.0600000000000005,4.476174009709417
synthetic_exchange,economics,dummy_mean,exchange_0,2025-02-11 00:00:00,5.132546518597444,4.476174009709417
synthetic_exchange,economics,dummy_mean,exchange_0,2025-02-12 00:00:00,5.157994232974546,4.476174009709417
synthetic_exchange,economics,dummy_mean,exchange_0,2025-02-13 00:00:00,5.124710699129404,4.476174009709417
synthetic_exchange,economics,dummy_mean,exchange_0,2025-02-14 00:00:00,5.065289300870597,4.476174009709417
synthetic_exchange,economics,dummy_mean,exchange_0,2025-02-15 00:00:00,5.0320057670254545,4.476174009709417
synthetic_exchange,economics,dummy_mean,exchange_0,2025-02-16 00:00:00,5.057453481402556,4.476174009709417
synthetic_exchange,economics,dummy_mean,exchange_0,2025-02-17 00:00:00,5.129999999999998,4.476174009709417
synthetic_exchange,economics,dummy_mean,exchange_0,2025-02-18 00:00:00,5.2025465185974396,4.476174009709417
synthetic_exchange,economics,dummy_mean,exchange_0,2025-02-19 00:00:00,5.227994232974547,4.476174009709417
synthetic_exchange,economics,dummy_mean,exchange_0,2025-02-20 00:00:00,5.194710699129402,4.476174009709417
synthetic_exchange,economics,dummy_mean,exchange_0,2025-02-21 00:00:00,5.135289300870594,4.476174009709417
synthetic_exchange,economics,dummy_mean,exchange_0,2025-02-22 00:00:00,5.102005767025453,4.476174009709417
synthetic_exchange,economics,dummy_mean,exchange_0,2025-02-23 00:00:00,5.127453481402558,4.476174009709417
synthetic_exchange,economics,dummy_mean,exchange_1,2025-01-31 00:00:00,4.955289300870595,4.506174009709416
synthetic_exchange,economics,dummy_mean,exchange_1,2025-02-01 00:00:00,4.922005767025455,4.506174009709416
synthetic_exchange,economics,dummy_mean,exchange_1,2025-02-02 00:00:00,4.947453481402558,4.506174009709416
synthetic_exchange,economics,dummy_mean,exchange_1,2025-02-03 00:00:00,5.019999999999998,4.506174009709416
synthetic_exchange,economics,dummy_mean,exchange_1,2025-02-04 00:00:00,5.092546518597442,4.506174009709416
synthetic_exchange,economics,dummy_mean,exchange_1,2025-02-05 00:00:00,5.117994232974547,4.506174009709416
synthetic_exchange,economics,dummy_mean,exchange_1,2025-02-06 00:00:00,5.084710699129407,4.506174009709416
synthetic_exchange,economics,dummy_mean,exchange_1,2025-02-07 00:00:00,5.0252893008706,4.506174009709416
synthetic_exchange,economics,dummy_mean,exchange_1,2025-02-08 00:00:00,4.9920057670254545,4.506174009709416
synthetic_exchange,economics,dummy_mean,exchange_1,2025-02-09 00:00:00,5.017453481402557,4.506174009709416
synthetic_exchange,economics,dummy_mean,exchange_1,2025-02-10 00:00:00,5.090000000000001,4.506174009709416
synthetic_exchange,economics,dummy_mean,exchange_1,2025-02-11 00:00:00,5.162546518597444,4.506174009709416
synthetic_exchange,economics,dummy_mean,exchange_1,2025-02-12 00:00:00,5.187994232974546,4.506174009709416
synthetic_exchange,economics,dummy_mean,exchange_1,2025-02-13 00:00:00,5.154710699129404,4.506174009709416
synthetic_exchange,economics,dummy_mean,exchange_1,2025-02-14 00:00:00,5.095289300870597,4.506174009709416
synthetic_exchange,economics,dummy_mean,exchange_1,2025-02-15 00:00:00,5.062005767025455,4.506174009709416
synthetic_exchange,economics,dummy_mean,exchange_1,2025-02-16 00:00:00,5.087453481402556,4.506174009709416
synthetic_exchange,economics,dummy_mean,exchange_1,2025-02-17 00:00:00,5.159999999999998,4.506174009709416
synthetic_exchange,economics,dummy_mean,exchange_1,2025-02-18 00:00:00,5.23254651859744,4.506174009709416
synthetic_exchange,economics,dummy_mean,exchange_1,2025-02-19 00:00:00,5.257994232974547,4.506174009709416
synthetic_exchange,economics,dummy_mean,exchange_1,2025-02-20 00:00:00,5.224710699129402,4.506174009709416
synthetic_exchange,economics,dummy_mean,exchange_1,2025-02-21 00:00:00,5.165289300870595,4.506174009709416
synthetic_exchange,economics,dummy_mean,exchange_1,2025-02-22 00:00:00,5.132005767025453,4.506174009709416
synthetic_exchange,economics,dummy_mean,exchange_1,2025-02-23 00:00:00,5.157453481402558,4.506174009709416
synthetic_exchange,economics,dummy_mean,exchange_2,2025-01-31 00:00:00,4.985289300870594,4.536174009709415
synthetic_exchange,economics,dummy_mean,exchange_2,2025-02-01 00:00:00,4.9520057670254545,4.536174009709415
synthetic_exchange,economics,dummy_mean,exchange_2,2025-02-02 00:00:00,4.9774534814025575,4.536174009709415
synthetic_exchange,economics,dummy_mean,exchange_2,2025-02-03 00:00:00,5.049999999999997,4.536174009709415
synthetic_exchange,economics,dummy_mean,exchange_2,2025-02-04 00:00:00,5.122546518597441,4.536174009709415
synthetic_exchange,economics,dummy_mean,exchange_2,2025-02-05 00:00:00,5.147994232974546,4.536174009709415
synthetic_exchange,economics,dummy_mean,exchange_2,2025-02-06 00:00:00,5.1147106991294065,4.536174009709415
synthetic_exchange,economics,dummy_mean,exchange_2,2025-02-07 00:00:00,5.0552893008706,4.536174009709415
synthetic_exchange,economics,dummy_mean,exchange_2,2025-02-08 00:00:00,5.022005767025454,4.536174009709415
synthetic_exchange,economics,dummy_mean,exchange_2,2025-02-09 00:00:00,5.047453481402556,4.536174009709415
synthetic_exchange,economics,dummy_mean,exchange_2,2025-02-10 00:00:00,5.12,4.536174009709415
synthetic_exchange,economics,dummy_mean,exchange_2,2025-02-11 00:00:00,5.192546518597443,4.536174009709415
synthetic_exchange,economics,dummy_mean,exchange_2,2025-02-12 00:00:00,5.2179942329745455,4.536174009709415
synthetic_exchange,economics,dummy_mean,exchange_2,2025-02-13 00:00:00,5.184710699129403,4.536174009709415
synthetic_exchange,economics,dummy_mean,exchange_2,2025-02-14 00:00:00,5.125289300870596,4.536174009709415
synthetic_exchange,economics,dummy_mean,exchange_2,2025-02-15 00:00:00,5.092005767025454,4.536174009709415
synthetic_exchange,economics,dummy_mean,exchange_2,2025-02-16 00:00:00,5.117453481402555,4.536174009709415
synthetic_exchange,economics,dummy_mean,exchange_2,2025-02-17 00:00:00,5.189999999999998,4.536174009709415
synthetic_exchange,economics,dummy_mean,exchange_2,2025-02-18 00:00:00,5.262546518597439,4.536174009709415
synthetic_exchange,economics,dummy_mean,exchange_2,2025-02-19 00:00:00,5.287994232974547,4.536174009709415
synthetic_exchange,economics,dummy_mean,exchange_2,2025-02-20 00:00:00,5.254710699129402,4.536174009709415
synthetic_exchange,economics,dummy_mean,exchange_2,2025-02-21 00:00:00,5.195289300870594,4.536174009709415
synthetic_exchange,economics,dummy_mean,exchange_2,2025-02-22 00:00:00,5.162005767025453,4.536174009709415
synthetic_exchange,economics,dummy_mean,exchange_2,2025-02-23 00:00:00,5.1874534814025575,4.536174009709415
synthetic_exchange,economics,seasonal_naive,exchange_0,2025-01-31 00:00:00,4.9252893008705945,4.7825465185974405
synthetic_exchange,economics,seasonal_naive,exchange_0,2025-02-01 00:00:00,4.892005767025455,4.807994232974547
synthetic_exchange,economics,seasonal_naive,exchange_0,2025-02-02 00:00:00,4.917453481402558,4.774710699129405
synthetic_exchange,economics,seasonal_naive,exchange_0,2025-02-03 00:00:00,4.9899999999999975,4.715289300870598
synthetic_exchange,economics,seasonal_naive,exchange_0,2025-02-04 00:00:00,5.062546518597442,4.682005767025454
synthetic_exchange,economics,seasonal_naive,exchange_0,2025-02-05 00:00:00,5.0879942329745464,4.707453481402554
synthetic_exchange,economics,seasonal_naive,exchange_0,2025-02-06 00:00:00,5.054710699129407,4.780000000000003
synthetic_exchange,economics,seasonal_naive,exchange_0,2025-02-07 00:00:00,4.9952893008706,4.852546518597442
synthetic_exchange,economics,seasonal_naive,exchange_0,2025-02-08 00:00:00,4.962005767025454,4.8779942329745465
synthetic_exchange,economics,seasonal_naive,exchange_0,2025-02-09 00:00:00,4.987453481402556,4.844710699129407
synthetic_exchange,economics,seasonal_naive,exchange_0,2025-02-10 00:00:00,5.0600000000000005,4.785289300870596
synthetic_exchange,economics,seasonal_naive,exchange_0,2025-02-11 00:00:00,5.132546518597444,4.752005767025455
synthetic_exchange,economics,seasonal_naive,exchange_0,2025-02-12 00:00:00,5.157994232974546,4.777453481402556
synthetic_exchange,economics,seasonal_naive,exchange_0,2025-02-13 00:00:00,5.124710699129404,4.8500000000000005
synthetic_exchange,economics,seasonal_naive,exchange_0,2025-02-14 00:00:00,5.065289300870597,4.92254651859744
synthetic_exchange,economics,seasonal_naive,exchange_0,2025-02-15 00:00:00,5.0320057670254545,4.947994232974546
synthetic_exchange,economics,seasonal_naive,exchange_0,2025-02-16 00:00:00,5.057453481402556,4.914710699129407
synthetic_exchange,economics,seasonal_naive,exchange_0,2025-02-17 00:00:00,5.129999999999998,4.855289300870598
synthetic_exchange,economics,seasonal_naive,exchange_0,2025-02-18 00:00:00,5.2025465185974396,4.8220057670254555
synthetic_exchange,economics,seasonal_naive,exchange_0,2025-02-19 00:00:00,5.227994232974547,4.8474534814025585
synthetic_exchange,economics,seasonal_naive,exchange_0,2025-02-20 00:00:00,5.194710699129402,4.919999999999999
synthetic_exchange,economics,seasonal_naive,exchange_0,2025-02-21 00:00:00,5.135289300870594,4.992546518597442
synthetic_exchange,economics,seasonal_naive,exchange_0,2025-02-22 00:00:00,5.102005767025453,5.017994232974546
synthetic_exchange,economics,seasonal_naive,exchange_0,2025-02-23 00:00:00,5.127453481402558,4.984710699129406
synthetic_exchange,economics,seasonal_naive,exchange_1,2025-01-31 00:00:00,4.955289300870595,4.812546518597441
synthetic_exchange,economics,seasonal_naive,exchange_1,2025-02-01 00:00:00,4.922005767025455,4.837994232974547
synthetic_exchange,economics,seasonal_naive,exchange_1,2025-02-02 00:00:00,4.947453481402558,4.804710699129405
synthetic_exchange,economics,seasonal_naive,exchange_1,2025-02-03 00:00:00,5.019999999999998,4.745289300870598
synthetic_exchange,economics,seasonal_naive,exchange_1,2025-02-04 00:00:00,5.092546518597442,4.712005767025454
synthetic_exchange,economics,seasonal_naive,exchange_1,2025-02-05 00:00:00,5.117994232974547,4.737453481402555
synthetic_exchange,economics,seasonal_naive,exchange_1,2025-02-06 00:00:00,5.084710699129407,4.810000000000003
synthetic_exchange,economics,seasonal_naive,exchange_1,2025-02-07 00:00:00,5.0252893008706,4.882546518597442
synthetic_exchange,economics,seasonal_naive,exchange_1,2025-02-08 00:00:00,4.9920057670254545,4.907994232974547
synthetic_exchange,economics,seasonal_naive,exchange_1,2025-02-09 00:00:00,5.017453481402557,4.874710699129407
synthetic_exchange,economics,seasonal_naive,exchange_1,2025-02-10 00:00:00,5.090000000000001,4.815289300870596
synthetic_exchange,economics,seasonal_naive,exchange_1,2025-02-11 00:00:00,5.162546518597444,4.782005767025455
synthetic_exchange,economics,seasonal_naive,exchange_1,2025-02-12 00:00:00,5.187994232974546,4.807453481402557
synthetic_exchange,economics,seasonal_naive,exchange_1,2025-02-13 00:00:00,5.154710699129404,4.880000000000001
synthetic_exchange,economics,seasonal_naive,exchange_1,2025-02-14 00:00:00,5.095289300870597,4.95254651859744
synthetic_exchange,economics,seasonal_naive,exchange_1,2025-02-15 00:00:00,5.062005767025455,4.977994232974546
synthetic_exchange,economics,seasonal_naive,exchange_1,2025-02-16 00:00:00,5.087453481402556,4.944710699129407
synthetic_exchange,economics,seasonal_naive,exchange_1,2025-02-17 00:00:00,5.159999999999998,4.885289300870598
synthetic_exchange,economics,seasonal_naive,exchange_1,2025-02-18 00:00:00,5.23254651859744,4.852005767025456
synthetic_exchange,economics,seasonal_naive,exchange_1,2025-02-19 00:00:00,5.257994232974547,4.877453481402559
synthetic_exchange,economics,seasonal_naive,exchange_1,2025-02-20 00:00:00,5.224710699129402,4.949999999999999
synthetic_exchange,economics,seasonal_naive,exchange_1,2025-02-21 00:00:00,5.165289300870595,5.0225465185974425
synthetic_exchange,economics,seasonal_naive,exchange_1,2025-02-22 00:00:00,5.132005767025453,5.047994232974546
synthetic_exchange,economics,seasonal_naive,exchange_1,2025-02-23 00:00:00,5.157453481402558,5.014710699129406
synthetic_exchange,economics,seasonal_naive,exchange_2,2025-01-31 00:00:00,4.985289300870594,4.84254651859744
synthetic_exchange,economics,seasonal_naive,exchange_2,2025-02-01 00:00:00,4.9520057670254545,4.867994232974547
synthetic_exchange,economics,seasonal_naive,exchange_2,2025-02-02 00:00:00,4.9774534814025575,4.834710699129404
synthetic_exchange,economics,seasonal_naive,exchange_2,2025-02-03 00:00:00,5.049999999999997,4.775289300870598
synthetic_exchange,economics,seasonal_naive,exchange_2,2025-02-04 00:00:00,5.122546518597441,4.742005767025454
synthetic_exchange,economics,seasonal_naive,exchange_2,2025-02-05 00:00:00,5.147994232974546,4.767453481402554
synthetic_exchange,economics,seasonal_naive,exchange_2,2025-02-06 00:00:00,5.1147106991294065,4.8400000000000025
synthetic_exchange,economics,seasonal_naive,exchange_2,2025-02-07 00:00:00,5.0552893008706,4.912546518597441
synthetic_exchange,economics,seasonal_naive,exchange_2,2025-02-08 00:00:00,5.022005767025454,4.937994232974546
synthetic_exchange,economics,seasonal_naive,exchange_2,2025-02-09 00:00:00,5.047453481402556,4.9047106991294065
synthetic_exchange,economics,seasonal_naive,exchange_2,2025-02-10 00:00:00,5.12,4.845289300870595
synthetic_exchange,economics,seasonal_naive,exchange_2,2025-02-11 00:00:00,5.192546518597443,4.812005767025455
synthetic_exchange,economics,seasonal_naive,exchange_2,2025-02-12 00:00:00,5.2179942329745455,4.837453481402556
synthetic_exchange,economics,seasonal_naive,exchange_2,2025-02-13 00:00:00,5.184710699129403,4.91
synthetic_exchange,economics,seasonal_naive,exchange_2,2025-02-14 00:00:00,5.125289300870596,4.98254651859744
synthetic_exchange,economics,seasonal_naive,exchange_2,2025-02-15 00:00:00,5.092005767025454,5.0079942329745455
synthetic_exchange,economics,seasonal_naive,exchange_2,2025-02-16 00:00:00,5.117453481402555,4.974710699129407
synthetic_exchange,economics,seasonal_naive,exchange_2,2025-02-17 00:00:00,5.189999999999998,4.915289300870597
synthetic_exchange,economics,seasonal_naive,exchange_2,2025-02-18 00:00:00,5.262546518597439,4.882005767025455
synthetic_exchange,economics,seasonal_naive,exchange_2,2025-02-19 00:00:00,5.287994232974547,4.907453481402558
synthetic_exchange,economics,seasonal_naive,exchange_2,2025-02-20 00:00:00,5.254710699129402,4.979999999999999
synthetic_exchange,economics,seasonal_naive,exchange_2,2025-02-21 00:00:00,5.195289300870594,5.052546518597442
synthetic_exchange,economics,seasonal_naive,exchange_2,2025-02-22 00:00:00,5.162005767025453,5.077994232974546
synthetic_exchange,economics,seasonal_naive,exchange_2,2025-02-23 00:00:00,5.1874534814025575,5.044710699129405
synthetic_exchange,economics,moving_average,exchange_0,2025-01-31 00:00:00,4.9252893008705945,4.842302143779225
synthetic_exchange,economics,moving_average,exchange_0,2025-02-01 00:00:00,4.892005767025455,4.842302143779225
synthetic_exchange,economics,moving_average,exchange_0,2025-02-02 00:00:00,4.917453481402558,4.842302143779225
synthetic_exchange,economics,moving_average,exchange_0,2025-02-03 00:00:00,4.9899999999999975,4.842302143779225
synthetic_exchange,economics,moving_average,exchange_0,2025-02-04 00:00:00,5.062546518597442,4.842302143779225
synthetic_exchange,economics,moving_average,exchange_0,2025-02-05 00:00:00,5.0879942329745464,4.842302143779225
synthetic_exchange,economics,moving_average,exchange_0,2025-02-06 00:00:00,5.054710699129407,4.842302143779225
synthetic_exchange,economics,moving_average,exchange_0,2025-02-07 00:00:00,4.9952893008706,4.842302143779225
synthetic_exchange,economics,moving_average,exchange_0,2025-02-08 00:00:00,4.962005767025454,4.842302143779225
synthetic_exchange,economics,moving_average,exchange_0,2025-02-09 00:00:00,4.987453481402556,4.842302143779225
synthetic_exchange,economics,moving_average,exchange_0,2025-02-10 00:00:00,5.0600000000000005,4.842302143779225
synthetic_exchange,economics,moving_average,exchange_0,2025-02-11 00:00:00,5.132546518597444,4.842302143779225
synthetic_exchange,economics,moving_average,exchange_0,2025-02-12 00:00:00,5.157994232974546,4.842302143779225
synthetic_exchange,economics,moving_average,exchange_0,2025-02-13 00:00:00,5.124710699129404,4.842302143779225
synthetic_exchange,economics,moving_average,exchange_0,2025-02-14 00:00:00,5.065289300870597,4.842302143779225
synthetic_exchange,economics,moving_average,exchange_0,2025-02-15 00:00:00,5.0320057670254545,4.842302143779225
synthetic_exchange,economics,moving_average,exchange_0,2025-02-16 00:00:00,5.057453481402556,4.842302143779225
synthetic_exchange,economics,moving_average,exchange_0,2025-02-17 00:00:00,5.129999999999998,4.842302143779225
synthetic_exchange,economics,moving_average,exchange_0,2025-02-18 00:00:00,5.2025465185974396,4.842302143779225
synthetic_exchange,economics,moving_average,exchange_0,2025-02-19 00:00:00,5.227994232974547,4.842302143779225
synthetic_exchange,economics,moving_average,exchange_0,2025-02-20 00:00:00,5.194710699129402,4.842302143779225
synthetic_exchange,economics,moving_average,exchange_0,2025-02-21 00:00:00,5.135289300870594,4.842302143779225
synthetic_exchange,economics,moving_average,exchange_0,2025-02-22 00:00:00,5.102005767025453,4.842302143779225
synthetic_exchange,economics,moving_average,exchange_0,2025-02-23 00:00:00,5.127453481402558,4.842302143779225
synthetic_exchange,economics,moving_average,exchange_1,2025-01-31 00:00:00,4.955289300870595,4.872302143779225
synthetic_exchange,economics,moving_average,exchange_1,2025-02-01 00:00:00,4.922005767025455,4.872302143779225
synthetic_exchange,economics,moving_average,exchange_1,2025-02-02 00:00:00,4.947453481402558,4.872302143779225
synthetic_exchange,economics,moving_average,exchange_1,2025-02-03 00:00:00,5.019999999999998,4.872302143779225
synthetic_exchange,economics,moving_average,exchange_1,2025-02-04 00:00:00,5.092546518597442,4.872302143779225
synthetic_exchange,economics,moving_average,exchange_1,2025-02-05 00:00:00,5.117994232974547,4.872302143779225
synthetic_exchange,economics,moving_average,exchange_1,2025-02-06 00:00:00,5.084710699129407,4.872302143779225
synthetic_exchange,economics,moving_average,exchange_1,2025-02-07 00:00:00,5.0252893008706,4.872302143779225
synthetic_exchange,economics,moving_average,exchange_1,2025-02-08 00:00:00,4.9920057670254545,4.872302143779225
synthetic_exchange,economics,moving_average,exchange_1,2025-02-09 00:00:00,5.017453481402557,4.872302143779225
synthetic_exchange,economics,moving_average,exchange_1,2025-02-10 00:00:00,5.090000000000001,4.872302143779225
synthetic_exchange,economics,moving_average,exchange_1,2025-02-11 00:00:00,5.162546518597444,4.872302143779225
synthetic_exchange,economics,moving_average,exchange_1,2025-02-12 00:00:00,5.187994232974546,4.872302143779225
synthetic_exchange,economics,moving_average,exchange_1,2025-02-13 00:00:00,5.154710699129404,4.872302143779225
synthetic_exchange,economics,moving_average,exchange_1,2025-02-14 00:00:00,5.095289300870597,4.872302143779225
synthetic_exchange,economics,moving_average,exchange_1,2025-02-15 00:00:00,5.062005767025455,4.872302143779225
synthetic_exchange,economics,moving_average,exchange_1,2025-02-16 00:00:00,5.087453481402556,4.872302143779225
synthetic_exchange,economics,moving_average,exchange_1,2025-02-17 00:00:00,5.159999999999998,4.872302143779225
synthetic_exchange,economics,moving_average,exchange_1,2025-02-18 00:00:00,5.23254651859744,4.872302143779225
synthetic_exchange,economics,moving_average,exchange_1,2025-02-19 00:00:00,5.257994232974547,4.872302143779225
synthetic_exchange,economics,moving_average,exchange_1,2025-02-20 00:00:00,5.224710699129402,4.872302143779225
synthetic_exchange,economics,moving_average,exchange_1,2025-02-21 00:00:00,5.165289300870595,4.872302143779225
synthetic_exchange,economics,moving_average,exchange_1,2025-02-22 00:00:00,5.132005767025453,4.872302143779225
synthetic_exchange,economics,moving_average,exchange_1,2025-02-23 00:00:00,5.157453481402558,4.872302143779225
synthetic_exchange,economics,moving_average,exchange_2,2025-01-31 00:00:00,4.985289300870594,4.902302143779225
synthetic_exchange,economics,moving_average,exchange_2,2025-02-01 00:00:00,4.9520057670254545,4.902302143779225
synthetic_exchange,economics,moving_average,exchange_2,2025-02-02 00:00:00,4.9774534814025575,4.902302143779225
synthetic_exchange,economics,moving_average,exchange_2,2025-02-03 00:00:00,5.049999999999997,4.902302143779225
synthetic_exchange,economics,moving_average,exchange_2,2025-02-04 00:00:00,5.122546518597441,4.902302143779225
synthetic_exchange,economics,moving_average,exchange_2,2025-02-05 00:00:00,5.147994232974546,4.902302143779225
synthetic_exchange,economics,moving_average,exchange_2,2025-02-06 00:00:00,5.1147106991294065,4.902302143779225
synthetic_exchange,economics,moving_average,exchange_2,2025-02-07 00:00:00,5.0552893008706,4.902302143779225
synthetic_exchange,economics,moving_average,exchange_2,2025-02-08 00:00:00,5.022005767025454,4.902302143779225
synthetic_exchange,economics,moving_average,exchange_2,2025-02-09 00:00:00,5.047453481402556,4.902302143779225
synthetic_exchange,economics,moving_average,exchange_2,2025-02-10 00:00:00,5.12,4.902302143779225
synthetic_exchange,economics,moving_average,exchange_2,2025-02-11 00:00:00,5.192546518597443,4.902302143779225
synthetic_exchange,economics,moving_average,exchange_2,2025-02-12 00:00:00,5.2179942329745455,4.902302143779225
synthetic_exchange,economics,moving_average,exchange_2,2025-02-13 00:00:00,5.184710699129403,4.902302143779225
synthetic_exchange,economics,moving_average,exchange_2,2025-02-14 00:00:00,5.125289300870596,4.902302143779225
synthetic_exchange,economics,moving_average,exchange_2,2025-02-15 00:00:00,5.092005767025454,4.902302143779225
synthetic_exchange,economics,moving_average,exchange_2,2025-02-16 00:00:00,5.117453481402555,4.902302143779225
synthetic_exchange,economics,moving_average,exchange_2,2025-02-17 00:00:00,5.189999999999998,4.902302143779225
synthetic_exchange,economics,moving_average,exchange_2,2025-02-18 00:00:00,5.262546518597439,4.902302143779225
synthetic_exchange,economics,moving_average,exchange_2,2025-02-19 00:00:00,5.287994232974547,4.902302143779225
synthetic_exchange,economics,moving_average,exchange_2,2025-02-20 00:00:00,5.254710699129402,4.902302143779225
synthetic_exchange,economics,moving_average,exchange_2,2025-02-21 00:00:00,5.195289300870594,4.902302143779225
synthetic_exchange,economics,moving_average,exchange_2,2025-02-22 00:00:00,5.162005767025453,4.902302143779225
synthetic_exchange,economics,moving_average,exchange_2,2025-02-23 00:00:00,5.1874534814025575,4.902302143779225
synthetic_exchange,economics,linear_trend,exchange_0,2025-01-31 00:00:00,4.9252893008705945,4.963498863912049
synthetic_exchange,economics,linear_trend,exchange_0,2025-02-01 00:00:00,4.892005767025455,4.973546799050248
synthetic_exchange,economics,linear_trend,exchange_0,2025-02-02 00:00:00,4.917453481402558,4.983594734188447
synthetic_exchange,economics,linear_trend,exchange_0,2025-02-03 00:00:00,4.9899999999999975,4.993642669326645
synthetic_exchange,economics,linear_trend,exchange_0,2025-02-04 00:00:00,5.062546518597442,5.003690604464844
synthetic_exchange,economics,linear_trend,exchange_0,2025-02-05 00:00:00,5.0879942329745464,5.013738539603042
synthetic_exchange,economics,linear_trend,exchange_0,2025-02-06 00:00:00,5.054710699129407,5.023786474741241
synthetic_exchange,economics,linear_trend,exchange_0,2025-02-07 00:00:00,4.9952893008706,5.033834409879439
synthetic_exchange,economics,linear_trend,exchange_0,2025-02-08 00:00:00,4.962005767025454,5.043882345017638
synthetic_exchange,economics,linear_trend,exchange_0,2025-02-09 00:00:00,4.987453481402556,5.0539302801558375
synthetic_exchange,economics,linear_trend,exchange_0,2025-02-10 00:00:00,5.0600000000000005,5.063978215294036
synthetic_exchange,economics,linear_trend,exchange_0,2025-02-11 00:00:00,5.132546518597444,5.074026150432234
synthetic_exchange,economics,linear_trend,exchange_0,2025-02-12 00:00:00,5.157994232974546,5.084074085570433
synthetic_exchange,economics,linear_trend,exchange_0,2025-02-13 00:00:00,5.124710699129404,5.094122020708632
synthetic_exchange,economics,linear_trend,exchange_0,2025-02-14 00:00:00,5.065289300870597,5.10416995584683
synthetic_exchange,economics,linear_trend,exchange_0,2025-02-15 00:00:00,5.0320057670254545,5.114217890985029
synthetic_exchange,economics,linear_trend,exchange_0,2025-02-16 00:00:00,5.057453481402556,5.124265826123227
synthetic_exchange,economics,linear_trend,exchange_0,2025-02-17 00:00:00,5.129999999999998,5.134313761261426
synthetic_exchange,economics,linear_trend,exchange_0,2025-02-18 00:00:00,5.2025465185974396,5.144361696399624
synthetic_exchange,economics,linear_trend,exchange_0,2025-02-19 00:00:00,5.227994232974547,5.154409631537823
synthetic_exchange,economics,linear_trend,exchange_0,2025-02-20 00:00:00,5.194710699129402,5.164457566676022
synthetic_exchange,economics,linear_trend,exchange_0,2025-02-21 00:00:00,5.135289300870594,5.17450550181422
synthetic_exchange,economics,linear_trend,exchange_0,2025-02-22 00:00:00,5.102005767025453,5.184553436952419
synthetic_exchange,economics,linear_trend,exchange_0,2025-02-23 00:00:00,5.127453481402558,5.1946013720906175
synthetic_exchange,economics,linear_trend,exchange_1,2025-01-31 00:00:00,4.955289300870595,4.993498863912048
synthetic_exchange,economics,linear_trend,exchange_1,2025-02-01 00:00:00,4.922005767025455,5.003546799050247
synthetic_exchange,economics,linear_trend,exchange_1,2025-02-02 00:00:00,4.947453481402558,5.013594734188446
synthetic_exchange,economics,linear_trend,exchange_1,2025-02-03 00:00:00,5.019999999999998,5.0236426693266445
synthetic_exchange,economics,linear_trend,exchange_1,2025-02-04 00:00:00,5.092546518597442,5.0336906044648435
synthetic_exchange,economics,linear_trend,exchange_1,2025-02-05 00:00:00,5.117994232974547,5.043738539603042
synthetic_exchange,economics,linear_trend,exchange_1,2025-02-06 00:00:00,5.084710699129407,5.053786474741241
synthetic_exchange,economics,linear_trend,exchange_1,2025-02-07 00:00:00,5.0252893008706,5.063834409879439
synthetic_exchange,economics,linear_trend,exchange_1,2025-02-08 00:00:00,4.9920057670254545,5.073882345017638
synthetic_exchange,economics,linear_trend,exchange_1,2025-02-09 00:00:00,5.017453481402557,5.083930280155837
synthetic_exchange,economics,linear_trend,exchange_1,2025-02-10 00:00:00,5.090000000000001,5.093978215294035
synthetic_exchange,economics,linear_trend,exchange_1,2025-02-11 00:00:00,5.162546518597444,5.104026150432233
synthetic_exchange,economics,linear_trend,exchange_1,2025-02-12 00:00:00,5.187994232974546,5.114074085570432
synthetic_exchange,economics,linear_trend,exchange_1,2025-02-13 00:00:00,5.154710699129404,5.124122020708631
synthetic_exchange,economics,linear_trend,exchange_1,2025-02-14 00:00:00,5.095289300870597,5.134169955846829
synthetic_exchange,economics,linear_trend,exchange_1,2025-02-15 00:00:00,5.062005767025455,5.144217890985028
synthetic_exchange,economics,linear_trend,exchange_1,2025-02-16 00:00:00,5.087453481402556,5.154265826123226
synthetic_exchange,economics,linear_trend,exchange_1,2025-02-17 00:00:00,5.159999999999998,5.164313761261425
synthetic_exchange,economics,linear_trend,exchange_1,2025-02-18 00:00:00,5.23254651859744,5.1743616963996235
synthetic_exchange,economics,linear_trend,exchange_1,2025-02-19 00:00:00,5.257994232974547,5.1844096315378225
synthetic_exchange,economics,linear_trend,exchange_1,2025-02-20 00:00:00,5.224710699129402,5.1944575666760215
synthetic_exchange,economics,linear_trend,exchange_1,2025-02-21 00:00:00,5.165289300870595,5.20450550181422
synthetic_exchange,economics,linear_trend,exchange_1,2025-02-22 00:00:00,5.132005767025453,5.214553436952418
synthetic_exchange,economics,linear_trend,exchange_1,2025-02-23 00:00:00,5.157453481402558,5.224601372090617
synthetic_exchange,economics,linear_trend,exchange_2,2025-01-31 00:00:00,4.985289300870594,5.023498863912049
synthetic_exchange,economics,linear_trend,exchange_2,2025-02-01 00:00:00,4.9520057670254545,5.033546799050248
synthetic_exchange,economics,linear_trend,exchange_2,2025-02-02 00:00:00,4.9774534814025575,5.043594734188446
synthetic_exchange,economics,linear_trend,exchange_2,2025-02-03 00:00:00,5.049999999999997,5.053642669326645
synthetic_exchange,economics,linear_trend,exchange_2,2025-02-04 00:00:00,5.122546518597441,5.063690604464844
synthetic_exchange,economics,linear_trend,exchange_2,2025-02-05 00:00:00,5.147994232974546,5.073738539603042
synthetic_exchange,economics,linear_trend,exchange_2,2025-02-06 00:00:00,5.1147106991294065,5.08378647474124
synthetic_exchange,economics,linear_trend,exchange_2,2025-02-07 00:00:00,5.0552893008706,5.093834409879439
synthetic_exchange,economics,linear_trend,exchange_2,2025-02-08 00:00:00,5.022005767025454,5.103882345017638
synthetic_exchange,economics,linear_trend,exchange_2,2025-02-09 00:00:00,5.047453481402556,5.113930280155836
synthetic_exchange,economics,linear_trend,exchange_2,2025-02-10 00:00:00,5.12,5.123978215294035
synthetic_exchange,economics,linear_trend,exchange_2,2025-02-11 00:00:00,5.192546518597443,5.134026150432234
synthetic_exchange,economics,linear_trend,exchange_2,2025-02-12 00:00:00,5.2179942329745455,5.144074085570432
synthetic_exchange,economics,linear_trend,exchange_2,2025-02-13 00:00:00,5.184710699129403,5.1541220207086305
synthetic_exchange,economics,linear_trend,exchange_2,2025-02-14 00:00:00,5.125289300870596,5.1641699558468295
synthetic_exchange,economics,linear_trend,exchange_2,2025-02-15 00:00:00,5.092005767025454,5.1742178909850285
synthetic_exchange,economics,linear_trend,exchange_2,2025-02-16 00:00:00,5.117453481402555,5.184265826123227
synthetic_exchange,economics,linear_trend,exchange_2,2025-02-17 00:00:00,5.189999999999998,5.194313761261426
synthetic_exchange,economics,linear_trend,exchange_2,2025-02-18 00:00:00,5.262546518597439,5.204361696399624
synthetic_exchange,economics,linear_trend,exchange_2,2025-02-19 00:00:00,5.287994232974547,5.214409631537823
synthetic_exchange,economics,linear_trend,exchange_2,2025-02-20 00:00:00,5.254710699129402,5.224457566676021
synthetic_exchange,economics,linear_trend,exchange_2,2025-02-21 00:00:00,5.195289300870594,5.23450550181422
synthetic_exchange,economics,linear_trend,exchange_2,2025-02-22 00:00:00,5.162005767025453,5.244553436952419
synthetic_exchange,economics,linear_trend,exchange_2,2025-02-23 00:00:00,5.1874534814025575,5.254601372090617
synthetic_exchange,economics,ridge_ar,exchange_0,2025-01-31 00:00:00,4.9252893008705945,4.9259502391134165
synthetic_exchange,economics,ridge_ar,exchange_0,2025-02-01 00:00:00,4.892005767025455,4.893927967407251
synthetic_exchange,economics,ridge_ar,exchange_0,2025-02-02 00:00:00,4.917453481402558,4.919792790260209
synthetic_exchange,economics,ridge_ar,exchange_0,2025-02-03 00:00:00,4.9899999999999975,4.991245957787377
synthetic_exchange,economics,ridge_ar,exchange_0,2025-02-04 00:00:00,5.062546518597442,5.061590132936106
synthetic_exchange,economics,ridge_ar,exchange_0,2025-02-05 00:00:00,5.0879942329745464,5.085263329037873
synthetic_exchange,economics,ridge_ar,exchange_0,2025-02-06 00:00:00,5.054710699129407,5.0519312458558705
synthetic_exchange,economics,ridge_ar,exchange_0,2025-02-07 00:00:00,4.9952893008706,4.994165604876693
synthetic_exchange,economics,ridge_ar,exchange_0,2025-02-08 00:00:00,4.962005767025454,4.962967347588223
synthetic_exchange,economics,ridge_ar,exchange_0,2025-02-09 00:00:00,4.987453481402556,4.989415783074322
synthetic_exchange,economics,ridge_ar,exchange_0,2025-02-10 00:00:00,5.0600000000000005,5.06111367075102
synthetic_exchange,economics,ridge_ar,exchange_0,2025-02-11 00:00:00,5.132546518597444,5.13152286196322
synthetic_exchange,economics,ridge_ar,exchange_0,2025-02-12 00:00:00,5.157994232974546,5.1551610272784725
synthetic_exchange,economics,ridge_ar,exchange_0,2025-02-13 00:00:00,5.124710699129404,5.1217759777349166
synthetic_exchange,economics,ridge_ar,exchange_0,2025-02-14 00:00:00,5.065289300870597,5.063964400589898
synthetic_exchange,economics,ridge_ar,exchange_0,2025-02-15 00:00:00,5.0320057670254545,5.032738389363898
synthetic_exchange,economics,ridge_ar,exchange_0,2025-02-16 00:00:00,5.057453481402556,5.059172700367146
synthetic_exchange,economics,ridge_ar,exchange_0,2025-02-17 00:00:00,5.129999999999998,5.130865545878684
synthetic_exchange,economics,ridge_ar,exchange_0,2025-02-18 00:00:00,5.2025465185974396,5.201273868185049
synthetic_exchange,economics,ridge_ar,exchange_0,2025-02-19 00:00:00,5.227994232974547,5.224912742100457
synthetic_exchange,economics,ridge_ar,exchange_0,2025-02-20 00:00:00,5.194710699129402,5.191528130113825
synthetic_exchange,economics,ridge_ar,exchange_0,2025-02-21 00:00:00,5.135289300870594,5.1337156511462405
synthetic_exchange,economics,ridge_ar,exchange_0,2025-02-22 00:00:00,5.102005767025453,5.102487028101217
synthetic_exchange,economics,ridge_ar,exchange_0,2025-02-23 00:00:00,5.127453481402558,5.128917619624768
synthetic_exchange,economics,ridge_ar,exchange_1,2025-01-31 00:00:00,4.955289300870595,4.955950239113417
synthetic_exchange,economics,ridge_ar,exchange_1,2025-02-01 00:00:00,4.922005767025455,4.923927967407251
synthetic_exchange,economics,ridge_ar,exchange_1,2025-02-02 00:00:00,4.947453481402558,4.94979279026021
synthetic_exchange,economics,ridge_ar,exchange_1,2025-02-03 00:00:00,5.019999999999998,5.021245957787377
synthetic_exchange,economics,ridge_ar,exchange_1,2025-02-04 00:00:00,5.092546518597442,5.091590132936107
synthetic_exchange,economics,ridge_ar,exchange_1,2025-02-05 00:00:00,5.117994232974547,5.115263329037873
synthetic_exchange,economics,ridge_ar,exchange_1,2025-02-06 00:00:00,5.084710699129407,5.081931245855871
synthetic_exchange,economics,ridge_ar,exchange_1,2025-02-07 00:00:00,5.0252893008706,5.0241656048766945
synthetic_exchange,economics,ridge_ar,exchange_1,2025-02-08 00:00:00,4.9920057670254545,4.992967347588223
synthetic_exchange,economics,ridge_ar,exchange_1,2025-02-09 00:00:00,5.017453481402557,5.019415783074322
synthetic_exchange,economics,ridge_ar,exchange_1,2025-02-10 00:00:00,5.090000000000001,5.09111367075102
synthetic_exchange,economics,ridge_ar,exchange_1,2025-02-11 00:00:00,5.162546518597444,5.1615228619632205
synthetic_exchange,economics,ridge_ar,exchange_1,2025-02-12 00:00:00,5.187994232974546,5.185161027278473
synthetic_exchange,economics,ridge_ar,exchange_1,2025-02-13 00:00:00,5.154710699129404,5.151775977734917
synthetic_exchange,economics,ridge_ar,exchange_1,2025-02-14 00:00:00,5.095289300870597,5.093964400589898
synthetic_exchange,economics,ridge_ar,exchange_1,2025-02-15 00:00:00,5.062005767025455,5.062738389363897
synthetic_exchange,economics,ridge_ar,exchange_1,2025-02-16 00:00:00,5.087453481402556,5.089172700367146
synthetic_exchange,economics,ridge_ar,exchange_1,2025-02-17 00:00:00,5.159999999999998,5.160865545878684
synthetic_exchange,economics,ridge_ar,exchange_1,2025-02-18 00:00:00,5.23254651859744,5.231273868185049
synthetic_exchange,economics,ridge_ar,exchange_1,2025-02-19 00:00:00,5.257994232974547,5.254912742100458
synthetic_exchange,economics,ridge_ar,exchange_1,2025-02-20 00:00:00,5.224710699129402,5.2215281301138265
synthetic_exchange,economics,ridge_ar,exchange_1,2025-02-21 00:00:00,5.165289300870595,5.163715651146241
synthetic_exchange,economics,ridge_ar,exchange_1,2025-02-22 00:00:00,5.132005767025453,5.132487028101218
synthetic_exchange,economics,ridge_ar,exchange_1,2025-02-23 00:00:00,5.157453481402558,5.158917619624768
synthetic_exchange,economics,ridge_ar,exchange_2,2025-01-31 00:00:00,4.985289300870594,4.985950239113416
synthetic_exchange,economics,ridge_ar,exchange_2,2025-02-01 00:00:00,4.9520057670254545,4.9539279674072505
synthetic_exchange,economics,ridge_ar,exchange_2,2025-02-02 00:00:00,4.9774534814025575,4.979792790260209
synthetic_exchange,economics,ridge_ar,exchange_2,2025-02-03 00:00:00,5.049999999999997,5.051245957787376
synthetic_exchange,economics,ridge_ar,exchange_2,2025-02-04 00:00:00,5.122546518597441,5.121590132936106
synthetic_exchange,economics,ridge_ar,exchange_2,2025-02-05 00:00:00,5.147994232974546,5.145263329037872
synthetic_exchange,economics,ridge_ar,exchange_2,2025-02-06 00:00:00,5.1147106991294065,5.11193124585587
synthetic_exchange,economics,ridge_ar,exchange_2,2025-02-07 00:00:00,5.0552893008706,5.054165604876693
synthetic_exchange,economics,ridge_ar,exchange_2,2025-02-08 00:00:00,5.022005767025454,5.022967347588223
synthetic_exchange,economics,ridge_ar,exchange_2,2025-02-09 00:00:00,5.047453481402556,5.049415783074322
synthetic_exchange,economics,ridge_ar,exchange_2,2025-02-10 00:00:00,5.12,5.121113670751019
synthetic_exchange,economics,ridge_ar,exchange_2,2025-02-11 00:00:00,5.192546518597443,5.19152286196322
synthetic_exchange,economics,ridge_ar,exchange_2,2025-02-12 00:00:00,5.2179942329745455,5.215161027278472
synthetic_exchange,economics,ridge_ar,exchange_2,2025-02-13 00:00:00,5.184710699129403,5.181775977734916
synthetic_exchange,economics,ridge_ar,exchange_2,2025-02-14 00:00:00,5.125289300870596,5.123964400589897
synthetic_exchange,economics,ridge_ar,exchange_2,2025-02-15 00:00:00,5.092005767025454,5.0927383893638964
synthetic_exchange,economics,ridge_ar,exchange_2,2025-02-16 00:00:00,5.117453481402555,5.1191727003671454
synthetic_exchange,economics,ridge_ar,exchange_2,2025-02-17 00:00:00,5.189999999999998,5.190865545878683
synthetic_exchange,economics,ridge_ar,exchange_2,2025-02-18 00:00:00,5.262546518597439,5.261273868185048
synthetic_exchange,economics,ridge_ar,exchange_2,2025-02-19 00:00:00,5.287994232974547,5.284912742100457
synthetic_exchange,economics,ridge_ar,exchange_2,2025-02-20 00:00:00,5.254710699129402,5.251528130113826
synthetic_exchange,economics,ridge_ar,exchange_2,2025-02-21 00:00:00,5.195289300870594,5.19371565114624
synthetic_exchange,economics,ridge_ar,exchange_2,2025-02-22 00:00:00,5.162005767025453,5.162487028101217
synthetic_exchange,economics,ridge_ar,exchange_2,2025-02-23 00:00:00,5.1874534814025575,5.1889176196247675
synthetic_exchange,economics,hist_gradient_boosting_ar,exchange_0,2025-01-31 00:00:00,4.9252893008705945,4.939736221175288
synthetic_exchange,economics,hist_gradient_boosting_ar,exchange_0,2025-02-01 00:00:00,4.892005767025455,4.94028984840335
synthetic_exchange,economics,hist_gradient_boosting_ar,exchange_0,2025-02-02 00:00:00,4.917453481402558,4.970014896322623
synthetic_exchange,economics,hist_gradient_boosting_ar,exchange_0,2025-02-03 00:00:00,4.9899999999999975,4.970014896322623
synthetic_exchange,economics,hist_gradient_boosting_ar,exchange_0,2025-02-04 00:00:00,5.062546518597442,4.970014896322623
synthetic_exchange,economics,hist_gradient_boosting_ar,exchange_0,2025-02-05 00:00:00,5.0879942329745464,4.970014896322623
synthetic_exchange,economics,hist_gradient_boosting_ar,exchange_0,2025-02-06 00:00:00,5.054710699129407,4.970014896322623
synthetic_exchange,economics,hist_gradient_boosting_ar,exchange_0,2025-02-07 00:00:00,4.9952893008706,4.970014896322623
synthetic_exchange,economics,hist_gradient_boosting_ar,exchange_0,2025-02-08 00:00:00,4.962005767025454,4.969389230362253
synthetic_exchange,economics,hist_gradient_boosting_ar,exchange_0,2025-02-09 00:00:00,4.987453481402556,4.969389230362253
synthetic_exchange,economics,hist_gradient_boosting_ar,exchange_0,2025-02-10 00:00:00,5.0600000000000005,4.969389230362253
synthetic_exchange,economics,hist_gradient_boosting_ar,exchange_0,2025-02-11 00:00:00,5.132546518597444,4.969389230362253
synthetic_exchange,economics,hist_gradient_boosting_ar,exchange_0,2025-02-12 00:00:00,5.157994232974546,4.969389230362253
synthetic_exchange,economics,hist_gradient_boosting_ar,exchange_0,2025-02-13 00:00:00,5.124710699129404,4.969389230362253
synthetic_exchange,economics,hist_gradient_boosting_ar,exchange_0,2025-02-14 00:00:00,5.065289300870597,4.969389230362253
synthetic_exchange,economics,hist_gradient_boosting_ar,exchange_0,2025-02-15 00:00:00,5.0320057670254545,4.969389230362253
synthetic_exchange,economics,hist_gradient_boosting_ar,exchange_0,2025-02-16 00:00:00,5.057453481402556,4.969389230362253
synthetic_exchange,economics,hist_gradient_boosting_ar,exchange_0,2025-02-17 00:00:00,5.129999999999998,4.969389230362253
synthetic_exchange,economics,hist_gradient_boosting_ar,exchange_0,2025-02-18 00:00:00,5.2025465185974396,4.969389230362253
synthetic_exchange,economics,hist_gradient_boosting_ar,exchange_0,2025-02-19 00:00:00,5.227994232974547,4.969389230362253
synthetic_exchange,economics,hist_gradient_boosting_ar,exchange_0,2025-02-20 00:00:00,5.194710699129402,4.969389230362253
synthetic_exchange,economics,hist_gradient_boosting_ar,exchange_0,2025-02-21 00:00:00,5.135289300870594,4.969389230362253
synthetic_exchange,economics,hist_gradient_boosting_ar,exchange_0,2025-02-22 00:00:00,5.102005767025453,4.969389230362253
synthetic_exchange,economics,hist_gradient_boosting_ar,exchange_0,2025-02-23 00:00:00,5.127453481402558,4.969389230362253
synthetic_exchange,economics,hist_gradient_boosting_ar,exchange_1,2025-01-31 00:00:00,4.955289300870595,4.969736221175287
synthetic_exchange,economics,hist_gradient_boosting_ar,exchange_1,2025-02-01 00:00:00,4.922005767025455,4.9702898484033495
synthetic_exchange,economics,hist_gradient_boosting_ar,exchange_1,2025-02-02 00:00:00,4.947453481402558,5.0000148963226225
synthetic_exchange,economics,hist_gradient_boosting_ar,exchange_1,2025-02-03 00:00:00,5.019999999999998,5.0000148963226225
synthetic_exchange,economics,hist_gradient_boosting_ar,exchange_1,2025-02-04 00:00:00,5.092546518597442,5.0000148963226225
synthetic_exchange,economics,hist_gradient_boosting_ar,exchange_1,2025-02-05 00:00:00,5.117994232974547,5.0000148963226225
synthetic_exchange,economics,hist_gradient_boosting_ar,exchange_1,2025-02-06 00:00:00,5.084710699129407,5.0000148963226225
synthetic_exchange,economics,hist_gradient_boosting_ar,exchange_1,2025-02-07 00:00:00,5.0252893008706,5.0000148963226225
synthetic_exchange,economics,hist_gradient_boosting_ar,exchange_1,2025-02-08 00:00:00,4.9920057670254545,4.999389230362253
synthetic_exchange,economics,hist_gradient_boosting_ar,exchange_1,2025-02-09 00:00:00,5.017453481402557,4.999389230362253
synthetic_exchange,economics,hist_gradient_boosting_ar,exchange_1,2025-02-10 00:00:00,5.090000000000001,4.999389230362253
synthetic_exchange,economics,hist_gradient_boosting_ar,exchange_1,2025-02-11 00:00:00,5.162546518597444,4.999389230362253
synthetic_exchange,economics,hist_gradient_boosting_ar,exchange_1,2025-02-12 00:00:00,5.187994232974546,4.999389230362253
synthetic_exchange,economics,hist_gradient_boosting_ar,exchange_1,2025-02-13 00:00:00,5.154710699129404,4.999389230362253
synthetic_exchange,economics,hist_gradient_boosting_ar,exchange_1,2025-02-14 00:00:00,5.095289300870597,4.999389230362253
synthetic_exchange,economics,hist_gradient_boosting_ar,exchange_1,2025-02-15 00:00:00,5.062005767025455,4.999389230362253
synthetic_exchange,economics,hist_gradient_boosting_ar,exchange_1,2025-02-16 00:00:00,5.087453481402556,4.999389230362253
synthetic_exchange,economics,hist_gradient_boosting_ar,exchange_1,2025-02-17 00:00:00,5.159999999999998,4.999389230362253
synthetic_exchange,economics,hist_gradient_boosting_ar,exchange_1,2025-02-18 00:00:00,5.23254651859744,4.999389230362253
synthetic_exchange,economics,hist_gradient_boosting_ar,exchange_1,2025-02-19 00:00:00,5.257994232974547,4.999389230362253
synthetic_exchange,economics,hist_gradient_boosting_ar,exchange_1,2025-02-20 00:00:00,5.224710699129402,4.999389230362253
synthetic_exchange,economics,hist_gradient_boosting_ar,exchange_1,2025-02-21 00:00:00,5.165289300870595,4.999389230362253
synthetic_exchange,economics,hist_gradient_boosting_ar,exchange_1,2025-02-22 00:00:00,5.132005767025453,4.999389230362253
synthetic_exchange,economics,hist_gradient_boosting_ar,exchange_1,2025-02-23 00:00:00,5.157453481402558,4.999389230362253
synthetic_exchange,economics,hist_gradient_boosting_ar,exchange_2,2025-01-31 00:00:00,4.985289300870594,4.9997362211752865
synthetic_exchange,economics,hist_gradient_boosting_ar,exchange_2,2025-02-01 00:00:00,4.9520057670254545,5.000289848403349
synthetic_exchange,economics,hist_gradient_boosting_ar,exchange_2,2025-02-02 00:00:00,4.9774534814025575,5.030014896322622
synthetic_exchange,economics,hist_gradient_boosting_ar,exchange_2,2025-02-03 00:00:00,5.049999999999997,5.030014896322622
synthetic_exchange,economics,hist_gradient_boosting_ar,exchange_2,2025-02-04 00:00:00,5.122546518597441,5.030014896322622
synthetic_exchange,economics,hist_gradient_boosting_ar,exchange_2,2025-02-05 00:00:00,5.147994232974546,5.030014896322622
synthetic_exchange,economics,hist_gradient_boosting_ar,exchange_2,2025-02-06 00:00:00,5.1147106991294065,5.030014896322622
synthetic_exchange,economics,hist_gradient_boosting_ar,exchange_2,2025-02-07 00:00:00,5.0552893008706,5.030014896322622
synthetic_exchange,economics,hist_gradient_boosting_ar,exchange_2,2025-02-08 00:00:00,5.022005767025454,5.029389230362252
synthetic_exchange,economics,hist_gradient_boosting_ar,exchange_2,2025-02-09 00:00:00,5.047453481402556,5.029389230362252
synthetic_exchange,economics,hist_gradient_boosting_ar,exchange_2,2025-02-10 00:00:00,5.12,5.029389230362252
synthetic_exchange,economics,hist_gradient_boosting_ar,exchange_2,2025-02-11 00:00:00,5.192546518597443,5.029389230362252
synthetic_exchange,economics,hist_gradient_boosting_ar,exchange_2,2025-02-12 00:00:00,5.2179942329745455,5.029389230362252
synthetic_exchange,economics,hist_gradient_boosting_ar,exchange_2,2025-02-13 00:00:00,5.184710699129403,5.029389230362252
synthetic_exchange,economics,hist_gradient_boosting_ar,exchange_2,2025-02-14 00:00:00,5.125289300870596,5.029389230362252
synthetic_exchange,economics,hist_gradient_boosting_ar,exchange_2,2025-02-15 00:00:00,5.092005767025454,5.029389230362252
synthetic_exchange,economics,hist_gradient_boosting_ar,exchange_2,2025-02-16 00:00:00,5.117453481402555,5.029389230362252
synthetic_exchange,economics,hist_gradient_boosting_ar,exchange_2,2025-02-17 00:00:00,5.189999999999998,5.029389230362252
synthetic_exchange,economics,hist_gradient_boosting_ar,exchange_2,2025-02-18 00:00:00,5.262546518597439,5.029389230362252
synthetic_exchange,economics,hist_gradient_boosting_ar,exchange_2,2025-02-19 00:00:00,5.287994232974547,5.029389230362252
synthetic_exchange,economics,hist_gradient_boosting_ar,exchange_2,2025-02-20 00:00:00,5.254710699129402,5.029389230362252
synthetic_exchange,economics,hist_gradient_boosting_ar,exchange_2,2025-02-21 00:00:00,5.195289300870594,5.029389230362252
synthetic_exchange,economics,hist_gradient_boosting_ar,exchange_2,2025-02-22 00:00:00,5.162005767025453,5.029389230362252
synthetic_exchange,economics,hist_gradient_boosting_ar,exchange_2,2025-02-23 00:00:00,5.1874534814025575,5.029389230362252
synthetic_exchange,economics,lightgbm_ar,exchange_0,2025-01-31 00:00:00,4.9252893008705945,4.95749882233698
synthetic_exchange,economics,lightgbm_ar,exchange_0,2025-02-01 00:00:00,4.892005767025455,4.973067298085233
synthetic_exchange,economics,lightgbm_ar,exchange_0,2025-02-02 00:00:00,4.917453481402558,4.99486258192005
synthetic_exchange,economics,lightgbm_ar,exchange_0,2025-02-03 00:00:00,4.9899999999999975,4.99486258192005
synthetic_exchange,economics,lightgbm_ar,exchange_0,2025-02-04 00:00:00,5.062546518597442,4.99486258192005
synthetic_exchange,economics,lightgbm_ar,exchange_0,2025-02-05 00:00:00,5.0879942329745464,4.99486258192005
synthetic_exchange,economics,lightgbm_ar,exchange_0,2025-02-06 00:00:00,5.054710699129407,4.99486258192005
synthetic_exchange,economics,lightgbm_ar,exchange_0,2025-02-07 00:00:00,4.9952893008706,4.99486258192005
synthetic_exchange,economics,lightgbm_ar,exchange_0,2025-02-08 00:00:00,4.962005767025454,4.99486258192005
synthetic_exchange,economics,lightgbm_ar,exchange_0,2025-02-09 00:00:00,4.987453481402556,4.99486258192005
synthetic_exchange,economics,lightgbm_ar,exchange_0,2025-02-10 00:00:00,5.0600000000000005,4.99486258192005
synthetic_exchange,economics,lightgbm_ar,exchange_0,2025-02-11 00:00:00,5.132546518597444,4.99486258192005
synthetic_exchange,economics,lightgbm_ar,exchange_0,2025-02-12 00:00:00,5.157994232974546,4.99486258192005
synthetic_exchange,economics,lightgbm_ar,exchange_0,2025-02-13 00:00:00,5.124710699129404,4.99486258192005
synthetic_exchange,economics,lightgbm_ar,exchange_0,2025-02-14 00:00:00,5.065289300870597,4.99486258192005
synthetic_exchange,economics,lightgbm_ar,exchange_0,2025-02-15 00:00:00,5.0320057670254545,4.99486258192005
synthetic_exchange,economics,lightgbm_ar,exchange_0,2025-02-16 00:00:00,5.057453481402556,4.99486258192005
synthetic_exchange,economics,lightgbm_ar,exchange_0,2025-02-17 00:00:00,5.129999999999998,4.99486258192005
synthetic_exchange,economics,lightgbm_ar,exchange_0,2025-02-18 00:00:00,5.2025465185974396,4.99486258192005
synthetic_exchange,economics,lightgbm_ar,exchange_0,2025-02-19 00:00:00,5.227994232974547,4.99486258192005
synthetic_exchange,economics,lightgbm_ar,exchange_0,2025-02-20 00:00:00,5.194710699129402,4.99486258192005
synthetic_exchange,economics,lightgbm_ar,exchange_0,2025-02-21 00:00:00,5.135289300870594,4.99486258192005
synthetic_exchange,economics,lightgbm_ar,exchange_0,2025-02-22 00:00:00,5.102005767025453,4.99486258192005
synthetic_exchange,economics,lightgbm_ar,exchange_0,2025-02-23 00:00:00,5.127453481402558,4.99486258192005
synthetic_exchange,economics,lightgbm_ar,exchange_1,2025-01-31 00:00:00,4.955289300870595,4.987498822336979
synthetic_exchange,economics,lightgbm_ar,exchange_1,2025-02-01 00:00:00,4.922005767025455,5.003067298085233
synthetic_exchange,economics,lightgbm_ar,exchange_1,2025-02-02 00:00:00,4.947453481402558,5.02486258192005
synthetic_exchange,economics,lightgbm_ar,exchange_1,2025-02-03 00:00:00,5.019999999999998,5.02486258192005
synthetic_exchange,economics,lightgbm_ar,exchange_1,2025-02-04 00:00:00,5.092546518597442,5.02486258192005
synthetic_exchange,economics,lightgbm_ar,exchange_1,2025-02-05 00:00:00,5.117994232974547,5.02486258192005
synthetic_exchange,economics,lightgbm_ar,exchange_1,2025-02-06 00:00:00,5.084710699129407,5.02486258192005
synthetic_exchange,economics,lightgbm_ar,exchange_1,2025-02-07 00:00:00,5.0252893008706,5.02486258192005
synthetic_exchange,economics,lightgbm_ar,exchange_1,2025-02-08 00:00:00,4.9920057670254545,5.02486258192005
synthetic_exchange,economics,lightgbm_ar,exchange_1,2025-02-09 00:00:00,5.017453481402557,5.02486258192005
synthetic_exchange,economics,lightgbm_ar,exchange_1,2025-02-10 00:00:00,5.090000000000001,5.02486258192005
synthetic_exchange,economics,lightgbm_ar,exchange_1,2025-02-11 00:00:00,5.162546518597444,5.02486258192005
synthetic_exchange,economics,lightgbm_ar,exchange_1,2025-02-12 00:00:00,5.187994232974546,5.02486258192005
synthetic_exchange,economics,lightgbm_ar,exchange_1,2025-02-13 00:00:00,5.154710699129404,5.02486258192005
synthetic_exchange,economics,lightgbm_ar,exchange_1,2025-02-14 00:00:00,5.095289300870597,5.02486258192005
synthetic_exchange,economics,lightgbm_ar,exchange_1,2025-02-15 00:00:00,5.062005767025455,5.02486258192005
synthetic_exchange,economics,lightgbm_ar,exchange_1,2025-02-16 00:00:00,5.087453481402556,5.02486258192005
synthetic_exchange,economics,lightgbm_ar,exchange_1,2025-02-17 00:00:00,5.159999999999998,5.02486258192005
synthetic_exchange,economics,lightgbm_ar,exchange_1,2025-02-18 00:00:00,5.23254651859744,5.02486258192005
synthetic_exchange,economics,lightgbm_ar,exchange_1,2025-02-19 00:00:00,5.257994232974547,5.02486258192005
synthetic_exchange,economics,lightgbm_ar,exchange_1,2025-02-20 00:00:00,5.224710699129402,5.02486258192005
synthetic_exchange,economics,lightgbm_ar,exchange_1,2025-02-21 00:00:00,5.165289300870595,5.02486258192005
synthetic_exchange,economics,lightgbm_ar,exchange_1,2025-02-22 00:00:00,5.132005767025453,5.02486258192005
synthetic_exchange,economics,lightgbm_ar,exchange_1,2025-02-23 00:00:00,5.157453481402558,5.02486258192005
synthetic_exchange,economics,lightgbm_ar,exchange_2,2025-01-31 00:00:00,4.985289300870594,5.017498822336979
synthetic_exchange,economics,lightgbm_ar,exchange_2,2025-02-01 00:00:00,4.9520057670254545,5.033067298085231
synthetic_exchange,economics,lightgbm_ar,exchange_2,2025-02-02 00:00:00,4.9774534814025575,5.054862581920049
synthetic_exchange,economics,lightgbm_ar,exchange_2,2025-02-03 00:00:00,5.049999999999997,5.054862581920049
synthetic_exchange,economics,lightgbm_ar,exchange_2,2025-02-04 00:00:00,5.122546518597441,5.054862581920049
synthetic_exchange,economics,lightgbm_ar,exchange_2,2025-02-05 00:00:00,5.147994232974546,5.054862581920049
synthetic_exchange,economics,lightgbm_ar,exchange_2,2025-02-06 00:00:00,5.1147106991294065,5.054862581920049
synthetic_exchange,economics,lightgbm_ar,exchange_2,2025-02-07 00:00:00,5.0552893008706,5.054862581920049
synthetic_exchange,economics,lightgbm_ar,exchange_2,2025-02-08 00:00:00,5.022005767025454,5.054862581920049
synthetic_exchange,economics,lightgbm_ar,exchange_2,2025-02-09 00:00:00,5.047453481402556,5.054862581920049
synthetic_exchange,economics,lightgbm_ar,exchange_2,2025-02-10 00:00:00,5.12,5.054862581920049
synthetic_exchange,economics,lightgbm_ar,exchange_2,2025-02-11 00:00:00,5.192546518597443,5.054862581920049
synthetic_exchange,economics,lightgbm_ar,exchange_2,2025-02-12 00:00:00,5.2179942329745455,5.054862581920049
synthetic_exchange,economics,lightgbm_ar,exchange_2,2025-02-13 00:00:00,5.184710699129403,5.054862581920049
synthetic_exchange,economics,lightgbm_ar,exchange_2,2025-02-14 00:00:00,5.125289300870596,5.054862581920049
synthetic_exchange,economics,lightgbm_ar,exchange_2,2025-02-15 00:00:00,5.092005767025454,5.054862581920049
synthetic_exchange,economics,lightgbm_ar,exchange_2,2025-02-16 00:00:00,5.117453481402555,5.054862581920049
synthetic_exchange,economics,lightgbm_ar,exchange_2,2025-02-17 00:00:00,5.189999999999998,5.054862581920049
synthetic_exchange,economics,lightgbm_ar,exchange_2,2025-02-18 00:00:00,5.262546518597439,5.054862581920049
synthetic_exchange,economics,lightgbm_ar,exchange_2,2025-02-19 00:00:00,5.287994232974547,5.054862581920049
synthetic_exchange,economics,lightgbm_ar,exchange_2,2025-02-20 00:00:00,5.254710699129402,5.054862581920049
synthetic_exchange,economics,lightgbm_ar,exchange_2,2025-02-21 00:00:00,5.195289300870594,5.054862581920049
synthetic_exchange,economics,lightgbm_ar,exchange_2,2025-02-22 00:00:00,5.162005767025453,5.054862581920049
synthetic_exchange,economics,lightgbm_ar,exchange_2,2025-02-23 00:00:00,5.1874534814025575,5.054862581920049
synthetic_exchange,economics,xgboost_ar,exchange_0,2025-01-31 00:00:00,4.9252893008705945,4.981667979751567
synthetic_exchange,economics,xgboost_ar,exchange_0,2025-02-01 00:00:00,4.892005767025455,4.981744623689976
synthetic_exchange,economics,xgboost_ar,exchange_0,2025-02-02 00:00:00,4.917453481402558,4.992859959120022
synthetic_exchange,economics,xgboost_ar,exchange_0,2025-02-03 00:00:00,4.9899999999999975,4.99910242670807
synthetic_exchange,economics,xgboost_ar,exchange_0,2025-02-04 00:00:00,5.062546518597442,4.999771528629062
synthetic_exchange,economics,xgboost_ar,exchange_0,2025-02-05 00:00:00,5.0879942329745464,4.999771528629062
synthetic_exchange,economics,xgboost_ar,exchange_0,2025-02-06 00:00:00,5.054710699129407,4.998825282497731
synthetic_exchange,economics,xgboost_ar,exchange_0,2025-02-07 00:00:00,4.9952893008706,4.997638266698636
synthetic_exchange,economics,xgboost_ar,exchange_0,2025-02-08 00:00:00,4.962005767025454,4.998825282497731
synthetic_exchange,economics,xgboost_ar,exchange_0,2025-02-09 00:00:00,4.987453481402556,4.998825282497731
synthetic_exchange,economics,xgboost_ar,exchange_0,2025-02-10 00:00:00,5.0600000000000005,4.998825282497731
synthetic_exchange,economics,xgboost_ar,exchange_0,2025-02-11 00:00:00,5.132546518597444,4.998825282497731
synthetic_exchange,economics,xgboost_ar,exchange_0,2025-02-12 00:00:00,5.157994232974546,4.998825282497731
synthetic_exchange,economics,xgboost_ar,exchange_0,2025-02-13 00:00:00,5.124710699129404,4.998825282497731
synthetic_exchange,economics,xgboost_ar,exchange_0,2025-02-14 00:00:00,5.065289300870597,4.998825282497731
synthetic_exchange,economics,xgboost_ar,exchange_0,2025-02-15 00:00:00,5.0320057670254545,4.998825282497731
synthetic_exchange,economics,xgboost_ar,exchange_0,2025-02-16 00:00:00,5.057453481402556,4.998825282497731
synthetic_exchange,economics,xgboost_ar,exchange_0,2025-02-17 00:00:00,5.129999999999998,4.998825282497731
synthetic_exchange,economics,xgboost_ar,exchange_0,2025-02-18 00:00:00,5.2025465185974396,4.998825282497731
synthetic_exchange,economics,xgboost_ar,exchange_0,2025-02-19 00:00:00,5.227994232974547,4.998825282497731
synthetic_exchange,economics,xgboost_ar,exchange_0,2025-02-20 00:00:00,5.194710699129402,4.998825282497731
synthetic_exchange,economics,xgboost_ar,exchange_0,2025-02-21 00:00:00,5.135289300870594,4.998825282497731
synthetic_exchange,economics,xgboost_ar,exchange_0,2025-02-22 00:00:00,5.102005767025453,4.998825282497731
synthetic_exchange,economics,xgboost_ar,exchange_0,2025-02-23 00:00:00,5.127453481402558,4.998825282497731
synthetic_exchange,economics,xgboost_ar,exchange_1,2025-01-31 00:00:00,4.955289300870595,5.011667979751566
synthetic_exchange,economics,xgboost_ar,exchange_1,2025-02-01 00:00:00,4.922005767025455,5.011744623689975
synthetic_exchange,economics,xgboost_ar,exchange_1,2025-02-02 00:00:00,4.947453481402558,5.022859959120021
synthetic_exchange,economics,xgboost_ar,exchange_1,2025-02-03 00:00:00,5.019999999999998,5.02910242670807
synthetic_exchange,economics,xgboost_ar,exchange_1,2025-02-04 00:00:00,5.092546518597442,5.029771528629062
synthetic_exchange,economics,xgboost_ar,exchange_1,2025-02-05 00:00:00,5.117994232974547,5.029771528629062
synthetic_exchange,economics,xgboost_ar,exchange_1,2025-02-06 00:00:00,5.084710699129407,5.02882528249773
synthetic_exchange,economics,xgboost_ar,exchange_1,2025-02-07 00:00:00,5.0252893008706,5.027638266698635
synthetic_exchange,economics,xgboost_ar,exchange_1,2025-02-08 00:00:00,4.9920057670254545,5.02882528249773
synthetic_exchange,economics,xgboost_ar,exchange_1,2025-02-09 00:00:00,5.017453481402557,5.02882528249773
synthetic_exchange,economics,xgboost_ar,exchange_1,2025-02-10 00:00:00,5.090000000000001,5.02882528249773
synthetic_exchange,economics,xgboost_ar,exchange_1,2025-02-11 00:00:00,5.162546518597444,5.02882528249773
synthetic_exchange,economics,xgboost_ar,exchange_1,2025-02-12 00:00:00,5.187994232974546,5.02882528249773
synthetic_exchange,economics,xgboost_ar,exchange_1,2025-02-13 00:00:00,5.154710699129404,5.02882528249773
synthetic_exchange,economics,xgboost_ar,exchange_1,2025-02-14 00:00:00,5.095289300870597,5.02882528249773
synthetic_exchange,economics,xgboost_ar,exchange_1,2025-02-15 00:00:00,5.062005767025455,5.02882528249773
synthetic_exchange,economics,xgboost_ar,exchange_1,2025-02-16 00:00:00,5.087453481402556,5.02882528249773
synthetic_exchange,economics,xgboost_ar,exchange_1,2025-02-17 00:00:00,5.159999999999998,5.02882528249773
synthetic_exchange,economics,xgboost_ar,exchange_1,2025-02-18 00:00:00,5.23254651859744,5.02882528249773
synthetic_exchange,economics,xgboost_ar,exchange_1,2025-02-19 00:00:00,5.257994232974547,5.02882528249773
synthetic_exchange,economics,xgboost_ar,exchange_1,2025-02-20 00:00:00,5.224710699129402,5.02882528249773
synthetic_exchange,economics,xgboost_ar,exchange_1,2025-02-21 00:00:00,5.165289300870595,5.02882528249773
synthetic_exchange,economics,xgboost_ar,exchange_1,2025-02-22 00:00:00,5.132005767025453,5.02882528249773
synthetic_exchange,economics,xgboost_ar,exchange_1,2025-02-23 00:00:00,5.157453481402558,5.02882528249773
synthetic_exchange,economics,xgboost_ar,exchange_2,2025-01-31 00:00:00,4.985289300870594,5.0416679797515656
synthetic_exchange,economics,xgboost_ar,exchange_2,2025-02-01 00:00:00,4.9520057670254545,5.041744623689975
synthetic_exchange,economics,xgboost_ar,exchange_2,2025-02-02 00:00:00,4.9774534814025575,5.0528599591200205
synthetic_exchange,economics,xgboost_ar,exchange_2,2025-02-03 00:00:00,5.049999999999997,5.059102426708069
synthetic_exchange,economics,xgboost_ar,exchange_2,2025-02-04 00:00:00,5.122546518597441,5.059771528629061
synthetic_exchange,economics,xgboost_ar,exchange_2,2025-02-05 00:00:00,5.147994232974546,5.059771528629061
synthetic_exchange,economics,xgboost_ar,exchange_2,2025-02-06 00:00:00,5.1147106991294065,5.05882528249773
synthetic_exchange,economics,xgboost_ar,exchange_2,2025-02-07 00:00:00,5.0552893008706,5.057638266698635
synthetic_exchange,economics,xgboost_ar,exchange_2,2025-02-08 00:00:00,5.022005767025454,5.05882528249773
synthetic_exchange,economics,xgboost_ar,exchange_2,2025-02-09 00:00:00,5.047453481402556,5.05882528249773
synthetic_exchange,economics,xgboost_ar,exchange_2,2025-02-10 00:00:00,5.12,5.05882528249773
synthetic_exchange,economics,xgboost_ar,exchange_2,2025-02-11 00:00:00,5.192546518597443,5.05882528249773
synthetic_exchange,economics,xgboost_ar,exchange_2,2025-02-12 00:00:00,5.2179942329745455,5.05882528249773
synthetic_exchange,economics,xgboost_ar,exchange_2,2025-02-13 00:00:00,5.184710699129403,5.05882528249773
synthetic_exchange,economics,xgboost_ar,exchange_2,2025-02-14 00:00:00,5.125289300870596,5.05882528249773
synthetic_exchange,economics,xgboost_ar,exchange_2,2025-02-15 00:00:00,5.092005767025454,5.05882528249773
synthetic_exchange,economics,xgboost_ar,exchange_2,2025-02-16 00:00:00,5.117453481402555,5.05882528249773
synthetic_exchange,economics,xgboost_ar,exchange_2,2025-02-17 00:00:00,5.189999999999998,5.05882528249773
synthetic_exchange,economics,xgboost_ar,exchange_2,2025-02-18 00:00:00,5.262546518597439,5.05882528249773
synthetic_exchange,economics,xgboost_ar,exchange_2,2025-02-19 00:00:00,5.287994232974547,5.05882528249773
synthetic_exchange,economics,xgboost_ar,exchange_2,2025-02-20 00:00:00,5.254710699129402,5.05882528249773
synthetic_exchange,economics,xgboost_ar,exchange_2,2025-02-21 00:00:00,5.195289300870594,5.05882528249773
synthetic_exchange,economics,xgboost_ar,exchange_2,2025-02-22 00:00:00,5.162005767025453,5.05882528249773
synthetic_exchange,economics,xgboost_ar,exchange_2,2025-02-23 00:00:00,5.1874534814025575,5.05882528249773
synthetic_exchange,economics,tabpfn_ts,exchange_0,2025-01-31 00:00:00,4.9252893008705945,4.911254405975342
synthetic_exchange,economics,tabpfn_ts,exchange_0,2025-02-01 00:00:00,4.892005767025455,4.894780158996582
synthetic_exchange,economics,tabpfn_ts,exchange_0,2025-02-02 00:00:00,4.917453481402558,4.90862512588501
synthetic_exchange,economics,tabpfn_ts,exchange_0,2025-02-03 00:00:00,4.9899999999999975,4.964555740356445
synthetic_exchange,economics,tabpfn_ts,exchange_0,2025-02-04 00:00:00,5.062546518597442,5.032646656036377
synthetic_exchange,economics,tabpfn_ts,exchange_0,2025-02-05 00:00:00,5.0879942329745464,5.050169467926025
synthetic_exchange,economics,tabpfn_ts,exchange_0,2025-02-06 00:00:00,5.054710699129407,5.015519618988037
synthetic_exchange,economics,tabpfn_ts,exchange_0,2025-02-07 00:00:00,4.9952893008706,4.940823078155518
synthetic_exchange,economics,tabpfn_ts,exchange_0,2025-02-08 00:00:00,4.962005767025454,4.921657085418701
synthetic_exchange,economics,tabpfn_ts,exchange_0,2025-02-09 00:00:00,4.987453481402556,4.937533855438232
synthetic_exchange,economics,tabpfn_ts,exchange_0,2025-02-10 00:00:00,5.0600000000000005,4.9844865798950195
synthetic_exchange,economics,tabpfn_ts,exchange_0,2025-02-11 00:00:00,5.132546518597444,5.050169467926025
synthetic_exchange,economics,tabpfn_ts,exchange_0,2025-02-12 00:00:00,5.157994232974546,5.065546035766602
synthetic_exchange,economics,tabpfn_ts,exchange_0,2025-02-13 00:00:00,5.124710699129404,5.028392791748047
synthetic_exchange,economics,tabpfn_ts,exchange_0,2025-02-14 00:00:00,5.065289300870597,4.952657699584961
synthetic_exchange,economics,tabpfn_ts,exchange_0,2025-02-15 00:00:00,5.0320057670254545,4.933350086212158
synthetic_exchange,economics,tabpfn_ts,exchange_0,2025-02-16 00:00:00,5.057453481402556,4.946439266204834
synthetic_exchange,economics,tabpfn_ts,exchange_0,2025-02-17 00:00:00,5.129999999999998,4.99230432510376
synthetic_exchange,economics,tabpfn_ts,exchange_0,2025-02-18 00:00:00,5.2025465185974396,5.059330463409424
synthetic_exchange,economics,tabpfn_ts,exchange_0,2025-02-19 00:00:00,5.227994232974547,5.076625823974609
synthetic_exchange,economics,tabpfn_ts,exchange_0,2025-02-20 00:00:00,5.194710699129402,5.03947114944458
synthetic_exchange,economics,tabpfn_ts,exchange_0,2025-02-21 00:00:00,5.135289300870594,4.9626898765563965
synthetic_exchange,economics,tabpfn_ts,exchange_0,2025-02-22 00:00:00,5.102005767025453,4.945507526397705
synthetic_exchange,economics,tabpfn_ts,exchange_0,2025-02-23 00:00:00,5.127453481402558,4.959672927856445
synthetic_exchange,economics,tabpfn_ts,exchange_1,2025-01-31 00:00:00,4.955289300870595,4.941254615783691
synthetic_exchange,economics,tabpfn_ts,exchange_1,2025-02-01 00:00:00,4.922005767025455,4.924780368804932
synthetic_exchange,economics,tabpfn_ts,exchange_1,2025-02-02 00:00:00,4.947453481402558,4.938625335693359
synthetic_exchange,economics,tabpfn_ts,exchange_1,2025-02-03 00:00:00,5.019999999999998,4.994555950164795
synthetic_exchange,economics,tabpfn_ts,exchange_1,2025-02-04 00:00:00,5.092546518597442,5.062646865844727
synthetic_exchange,economics,tabpfn_ts,exchange_1,2025-02-05 00:00:00,5.117994232974547,5.080169677734375
synthetic_exchange,economics,tabpfn_ts,exchange_1,2025-02-06 00:00:00,5.084710699129407,5.045519828796387
synthetic_exchange,economics,tabpfn_ts,exchange_1,2025-02-07 00:00:00,5.0252893008706,4.970823287963867
synthetic_exchange,economics,tabpfn_ts,exchange_1,2025-02-08 00:00:00,4.9920057670254545,4.951657295227051
synthetic_exchange,economics,tabpfn_ts,exchange_1,2025-02-09 00:00:00,5.017453481402557,4.967534065246582
synthetic_exchange,economics,tabpfn_ts,exchange_1,2025-02-10 00:00:00,5.090000000000001,5.014486789703369
synthetic_exchange,economics,tabpfn_ts,exchange_1,2025-02-11 00:00:00,5.162546518597444,5.080169677734375
synthetic_exchange,economics,tabpfn_ts,exchange_1,2025-02-12 00:00:00,5.187994232974546,5.095546722412109
synthetic_exchange,economics,tabpfn_ts,exchange_1,2025-02-13 00:00:00,5.154710699129404,5.0583930015563965
synthetic_exchange,economics,tabpfn_ts,exchange_1,2025-02-14 00:00:00,5.095289300870597,4.9826579093933105
synthetic_exchange,economics,tabpfn_ts,exchange_1,2025-02-15 00:00:00,5.062005767025455,4.963350296020508
synthetic_exchange,economics,tabpfn_ts,exchange_1,2025-02-16 00:00:00,5.087453481402556,4.976439476013184
synthetic_exchange,economics,tabpfn_ts,exchange_1,2025-02-17 00:00:00,5.159999999999998,5.022304534912109
synthetic_exchange,economics,tabpfn_ts,exchange_1,2025-02-18 00:00:00,5.23254651859744,5.089330673217773
synthetic_exchange,economics,tabpfn_ts,exchange_1,2025-02-19 00:00:00,5.257994232974547,5.106626033782959
synthetic_exchange,economics,tabpfn_ts,exchange_1,2025-02-20 00:00:00,5.224710699129402,5.06947135925293
synthetic_exchange,economics,tabpfn_ts,exchange_1,2025-02-21 00:00:00,5.165289300870595,4.992690086364746
synthetic_exchange,economics,tabpfn_ts,exchange_1,2025-02-22 00:00:00,5.132005767025453,4.975507736206055
synthetic_exchange,economics,tabpfn_ts,exchange_1,2025-02-23 00:00:00,5.157453481402558,4.989673137664795
synthetic_exchange,economics,tabpfn_ts,exchange_2,2025-01-31 00:00:00,4.985289300870594,4.971254348754883
synthetic_exchange,economics,tabpfn_ts,exchange_2,2025-02-01 00:00:00,4.9520057670254545,4.954780101776123
synthetic_exchange,economics,tabpfn_ts,exchange_2,2025-02-02 00:00:00,4.9774534814025575,4.968625068664551
synthetic_exchange,economics,tabpfn_ts,exchange_2,2025-02-03 00:00:00,5.049999999999997,5.024555683135986
synthetic_exchange,economics,tabpfn_ts,exchange_2,2025-02-04 00:00:00,5.122546518597441,5.092646598815918
synthetic_exchange,economics,tabpfn_ts,exchange_2,2025-02-05 00:00:00,5.147994232974546,5.110169410705566
synthetic_exchange,economics,tabpfn_ts,exchange_2,2025-02-06 00:00:00,5.1147106991294065,5.075519561767578
synthetic_exchange,economics,tabpfn_ts,exchange_2,2025-02-07 00:00:00,5.0552893008706,5.000823020935059
synthetic_exchange,economics,tabpfn_ts,exchange_2,2025-02-08 00:00:00,5.022005767025454,4.981657028198242
synthetic_exchange,economics,tabpfn_ts,exchange_2,2025-02-09 00:00:00,5.047453481402556,4.997533798217773
synthetic_exchange,economics,tabpfn_ts,exchange_2,2025-02-10 00:00:00,5.12,5.0444865226745605
synthetic_exchange,economics,tabpfn_ts,exchange_2,2025-02-11 00:00:00,5.192546518597443,5.110169410705566
synthetic_exchange,economics,tabpfn_ts,exchange_2,2025-02-12 00:00:00,5.2179942329745455,5.125546455383301
synthetic_exchange,economics,tabpfn_ts,exchange_2,2025-02-13 00:00:00,5.184710699129403,5.088392734527588
synthetic_exchange,economics,tabpfn_ts,exchange_2,2025-02-14 00:00:00,5.125289300870596,5.012657642364502
synthetic_exchange,economics,tabpfn_ts,exchange_2,2025-02-15 00:00:00,5.092005767025454,4.993350028991699
synthetic_exchange,economics,tabpfn_ts,exchange_2,2025-02-16 00:00:00,5.117453481402555,5.006439208984375
synthetic_exchange,economics,tabpfn_ts,exchange_2,2025-02-17 00:00:00,5.189999999999998,5.052304267883301
synthetic_exchange,economics,tabpfn_ts,exchange_2,2025-02-18 00:00:00,5.262546518597439,5.119330406188965
synthetic_exchange,economics,tabpfn_ts,exchange_2,2025-02-19 00:00:00,5.287994232974547,5.13662576675415
synthetic_exchange,economics,tabpfn_ts,exchange_2,2025-02-20 00:00:00,5.254710699129402,5.099471092224121
synthetic_exchange,economics,tabpfn_ts,exchange_2,2025-02-21 00:00:00,5.195289300870594,5.0226898193359375
synthetic_exchange,economics,tabpfn_ts,exchange_2,2025-02-22 00:00:00,5.162005767025453,5.005507469177246
synthetic_exchange,economics,tabpfn_ts,exchange_2,2025-02-23 00:00:00,5.1874534814025575,5.019672870635986
stock_provided,finance,dummy_mean,0002.HK_1h,2026-03-17 13:30:00,73.25,73.93541646003723
stock_provided,finance,dummy_mean,0002.HK_1h,2026-03-17 14:30:00,73.25,73.93541646003723
stock_provided,finance,dummy_mean,0002.HK_1h,2026-03-17 15:30:00,73.44999694824219,73.93541646003723
stock_provided,finance,dummy_mean,0002.HK_1h,2026-03-18 09:30:00,73.75,73.93541646003723
stock_provided,finance,dummy_mean,0002.HK_1h,2026-03-18 10:30:00,73.80000305175781,73.93541646003723
stock_provided,finance,dummy_mean,0002.HK_1h,2026-03-18 11:30:00,73.8499984741211,73.93541646003723
stock_provided,finance,dummy_mean,0002.HK_1h,2026-03-18 12:30:00,74.0999984741211,73.93541646003723
stock_provided,finance,dummy_mean,0002.HK_1h,2026-03-18 13:30:00,74.30000305175781,73.93541646003723
stock_provided,finance,dummy_mean,0002.HK_1h,2026-03-18 14:30:00,74.0999984741211,73.93541646003723
stock_provided,finance,dummy_mean,0002.HK_1h,2026-03-18 15:30:00,74.30000305175781,73.93541646003723
stock_provided,finance,dummy_mean,0002.HK_1h,2026-03-19 09:30:00,73.94999694824219,73.93541646003723
stock_provided,finance,dummy_mean,0002.HK_1h,2026-03-19 10:30:00,73.6500015258789,73.93541646003723
stock_provided,finance,dummy_mean,0002.HK_1h,2026-03-19 11:30:00,73.75,73.93541646003723
stock_provided,finance,dummy_mean,0002.HK_1h,2026-03-19 12:30:00,73.5999984741211,73.93541646003723
stock_provided,finance,dummy_mean,0002.HK_1h,2026-03-19 13:30:00,73.55000305175781,73.93541646003723
stock_provided,finance,dummy_mean,0002.HK_1h,2026-03-19 14:30:00,73.75,73.93541646003723
stock_provided,finance,dummy_mean,0002.HK_1h,2026-03-19 15:30:00,73.75,73.93541646003723
stock_provided,finance,dummy_mean,0002.HK_1h,2026-03-20 09:30:00,73.5999984741211,73.93541646003723
stock_provided,finance,dummy_mean,0002.HK_1h,2026-03-20 10:30:00,73.55000305175781,73.93541646003723
stock_provided,finance,dummy_mean,0002.HK_1h,2026-03-20 11:30:00,73.6500015258789,73.93541646003723
stock_provided,finance,dummy_mean,0002.HK_1h,2026-03-20 12:30:00,73.55000305175781,73.93541646003723
stock_provided,finance,dummy_mean,0002.HK_1h,2026-03-20 13:30:00,73.5,73.93541646003723
stock_provided,finance,dummy_mean,0002.HK_1h,2026-03-20 14:30:00,73.6500015258789,73.93541646003723
stock_provided,finance,dummy_mean,0002.HK_1h,2026-03-20 15:30:00,73.5999984741211,73.93541646003723
stock_provided,finance,dummy_mean,0003.HK_1h,2026-03-17 13:30:00,7.260000228881836,7.496041680375735
stock_provided,finance,dummy_mean,0003.HK_1h,2026-03-17 14:30:00,7.269999980926514,7.496041680375735
stock_provided,finance,dummy_mean,0003.HK_1h,2026-03-17 15:30:00,7.260000228881836,7.496041680375735
stock_provided,finance,dummy_mean,0003.HK_1h,2026-03-18 09:30:00,7.25,7.496041680375735
stock_provided,finance,dummy_mean,0003.HK_1h,2026-03-18 10:30:00,7.239999771118164,7.496041680375735
stock_provided,finance,dummy_mean,0003.HK_1h,2026-03-18 11:30:00,7.239999771118164,7.496041680375735
stock_provided,finance,dummy_mean,0003.HK_1h,2026-03-18 12:30:00,7.269999980926514,7.496041680375735
stock_provided,finance,dummy_mean,0003.HK_1h,2026-03-18 13:30:00,7.289999961853027,7.496041680375735
stock_provided,finance,dummy_mean,0003.HK_1h,2026-03-18 14:30:00,7.300000190734863,7.496041680375735
stock_provided,finance,dummy_mean,0003.HK_1h,2026-03-18 15:30:00,7.289999961853027,7.496041680375735
stock_provided,finance,dummy_mean,0003.HK_1h,2026-03-19 09:30:00,7.340000152587891,7.496041680375735
stock_provided,finance,dummy_mean,0003.HK_1h,2026-03-19 10:30:00,7.340000152587891,7.496041680375735
stock_provided,finance,dummy_mean,0003.HK_1h,2026-03-19 11:30:00,7.360000133514404,7.496041680375735
stock_provided,finance,dummy_mean,0003.HK_1h,2026-03-19 12:30:00,7.380000114440918,7.496041680375735
stock_provided,finance,dummy_mean,0003.HK_1h,2026-03-19 13:30:00,7.389999866485596,7.496041680375735
stock_provided,finance,dummy_mean,0003.HK_1h,2026-03-19 14:30:00,7.389999866485596,7.496041680375735
stock_provided,finance,dummy_mean,0003.HK_1h,2026-03-19 15:30:00,7.420000076293945,7.496041680375735
stock_provided,finance,dummy_mean,0003.HK_1h,2026-03-20 09:30:00,7.389999866485596,7.496041680375735
stock_provided,finance,dummy_mean,0003.HK_1h,2026-03-20 10:30:00,7.349999904632568,7.496041680375735
stock_provided,finance,dummy_mean,0003.HK_1h,2026-03-20 11:30:00,7.340000152587891,7.496041680375735
stock_provided,finance,dummy_mean,0003.HK_1h,2026-03-20 12:30:00,7.349999904632568,7.496041680375735
stock_provided,finance,dummy_mean,0003.HK_1h,2026-03-20 13:30:00,7.320000171661377,7.496041680375735
stock_provided,finance,dummy_mean,0003.HK_1h,2026-03-20 14:30:00,7.329999923706055,7.496041680375735
stock_provided,finance,dummy_mean,0003.HK_1h,2026-03-20 15:30:00,7.340000152587891,7.496041680375735
stock_provided,finance,dummy_mean,0006.HK_1h,2026-03-17 13:30:00,61.5,62.35260407129923
stock_provided,finance,dummy_mean,0006.HK_1h,2026-03-17 14:30:00,61.34999847412109,62.35260407129923
stock_provided,finance,dummy_mean,0006.HK_1h,2026-03-17 15:30:00,61.45000076293945,62.35260407129923
stock_provided,finance,dummy_mean,0006.HK_1h,2026-03-18 09:30:00,61.900001525878906,62.35260407129923
stock_provided,finance,dummy_mean,0006.HK_1h,2026-03-18 10:30:00,61.84999847412109,62.35260407129923
stock_provided,finance,dummy_mean,0006.HK_1h,2026-03-18 11:30:00,61.900001525878906,62.35260407129923
stock_provided,finance,dummy_mean,0006.HK_1h,2026-03-18 12:30:00,62.20000076293945,62.35260407129923
stock_provided,finance,dummy_mean,0006.HK_1h,2026-03-18 13:30:00,62.54999923706055,62.35260407129923
stock_provided,finance,dummy_mean,0006.HK_1h,2026-03-18 14:30:00,62.25,62.35260407129923
stock_provided,finance,dummy_mean,0006.HK_1h,2026-03-18 15:30:00,62.25,62.35260407129923
stock_provided,finance,dummy_mean,0006.HK_1h,2026-03-19 09:30:00,62.45000076293945,62.35260407129923
stock_provided,finance,dummy_mean,0006.HK_1h,2026-03-19 10:30:00,61.95000076293945,62.35260407129923
stock_provided,finance,dummy_mean,0006.HK_1h,2026-03-19 11:30:00,62.04999923706055,62.35260407129923
stock_provided,finance,dummy_mean,0006.HK_1h,2026-03-19 12:30:00,62.400001525878906,62.35260407129923
stock_provided,finance,dummy_mean,0006.HK_1h,2026-03-19 13:30:00,62.20000076293945,62.35260407129923
stock_provided,finance,dummy_mean,0006.HK_1h,2026-03-19 14:30:00,62.25,62.35260407129923
stock_provided,finance,dummy_mean,0006.HK_1h,2026-03-19 15:30:00,62.0,62.35260407129923
stock_provided,finance,dummy_mean,0006.HK_1h,2026-03-20 09:30:00,61.900001525878906,62.35260407129923
stock_provided,finance,dummy_mean,0006.HK_1h,2026-03-20 10:30:00,62.0,62.35260407129923
stock_provided,finance,dummy_mean,0006.HK_1h,2026-03-20 11:30:00,62.09999847412109,62.35260407129923
stock_provided,finance,dummy_mean,0006.HK_1h,2026-03-20 12:30:00,61.95000076293945,62.35260407129923
stock_provided,finance,dummy_mean,0006.HK_1h,2026-03-20 13:30:00,61.900001525878906,62.35260407129923
stock_provided,finance,dummy_mean,0006.HK_1h,2026-03-20 14:30:00,61.900001525878906,62.35260407129923
stock_provided,finance,dummy_mean,0006.HK_1h,2026-03-20 15:30:00,61.79999923706055,62.35260407129923
stock_provided,finance,seasonal_naive,0002.HK_1h,2026-03-17 13:30:00,73.25,72.94999694824219
stock_provided,finance,seasonal_naive,0002.HK_1h,2026-03-17 14:30:00,73.25,72.8499984741211
stock_provided,finance,seasonal_naive,0002.HK_1h,2026-03-17 15:30:00,73.44999694824219,73.0
stock_provided,finance,seasonal_naive,0002.HK_1h,2026-03-18 09:30:00,73.75,73.0
stock_provided,finance,seasonal_naive,0002.HK_1h,2026-03-18 10:30:00,73.80000305175781,73.0
stock_provided,finance,seasonal_naive,0002.HK_1h,2026-03-18 11:30:00,73.8499984741211,73.1500015258789
stock_provided,finance,seasonal_naive,0002.HK_1h,2026-03-18 12:30:00,74.0999984741211,73.9000015258789
stock_provided,finance,seasonal_naive,0002.HK_1h,2026-03-18 13:30:00,74.30000305175781,73.94999694824219
stock_provided,finance,seasonal_naive,0002.HK_1h,2026-03-18 14:30:00,74.0999984741211,74.0
stock_provided,finance,seasonal_naive,0002.HK_1h,2026-03-18 15:30:00,74.30000305175781,73.94999694824219
stock_provided,finance,seasonal_naive,0002.HK_1h,2026-03-19 09:30:00,73.94999694824219,73.94999694824219
stock_provided,finance,seasonal_naive,0002.HK_1h,2026-03-19 10:30:00,73.6500015258789,73.6500015258789
stock_provided,finance,seasonal_naive,0002.HK_1h,2026-03-19 11:30:00,73.75,73.5999984741211
stock_provided,finance,seasonal_naive,0002.HK_1h,2026-03-19 12:30:00,73.5999984741211,73.19999694824219
stock_provided,finance,seasonal_naive,0002.HK_1h,2026-03-19 13:30:00,73.55000305175781,73.19999694824219
stock_provided,finance,seasonal_naive,0002.HK_1h,2026-03-19 14:30:00,73.75,73.1500015258789
stock_provided,finance,seasonal_naive,0002.HK_1h,2026-03-19 15:30:00,73.75,72.80000305175781
stock_provided,finance,seasonal_naive,0002.HK_1h,2026-03-20 09:30:00,73.5999984741211,73.0999984741211
stock_provided,finance,seasonal_naive,0002.HK_1h,2026-03-20 10:30:00,73.55000305175781,73.05000305175781
stock_provided,finance,seasonal_naive,0002.HK_1h,2026-03-20 11:30:00,73.6500015258789,73.0999984741211
stock_provided,finance,seasonal_naive,0002.HK_1h,2026-03-20 12:30:00,73.55000305175781,73.30000305175781
stock_provided,finance,seasonal_naive,0002.HK_1h,2026-03-20 13:30:00,73.5,73.0999984741211
stock_provided,finance,seasonal_naive,0002.HK_1h,2026-03-20 14:30:00,73.6500015258789,73.19999694824219
stock_provided,finance,seasonal_naive,0002.HK_1h,2026-03-20 15:30:00,73.5999984741211,73.19999694824219
stock_provided,finance,seasonal_naive,0003.HK_1h,2026-03-17 13:30:00,7.260000228881836,7.440000057220459
stock_provided,finance,seasonal_naive,0003.HK_1h,2026-03-17 14:30:00,7.269999980926514,7.480000019073486
stock_provided,finance,seasonal_naive,0003.HK_1h,2026-03-17 15:30:00,7.260000228881836,7.460000038146973
stock_provided,finance,seasonal_naive,0003.HK_1h,2026-03-18 09:30:00,7.25,7.46999979019165
stock_provided,finance,seasonal_naive,0003.HK_1h,2026-03-18 10:30:00,7.239999771118164,7.489999771118164
stock_provided,finance,seasonal_naive,0003.HK_1h,2026-03-18 11:30:00,7.239999771118164,7.489999771118164
stock_provided,finance,seasonal_naive,0003.HK_1h,2026-03-18 12:30:00,7.269999980926514,7.510000228881836
stock_provided,finance,seasonal_naive,0003.HK_1h,2026-03-18 13:30:00,7.289999961853027,7.510000228881836
stock_provided,finance,seasonal_naive,0003.HK_1h,2026-03-18 14:30:00,7.300000190734863,7.489999771118164
stock_provided,finance,seasonal_naive,0003.HK_1h,2026-03-18 15:30:00,7.289999961853027,7.489999771118164
stock_provided,finance,seasonal_naive,0003.HK_1h,2026-03-19 09:30:00,7.340000152587891,7.489999771118164
stock_provided,finance,seasonal_naive,0003.HK_1h,2026-03-19 10:30:00,7.340000152587891,7.460000038146973
stock_provided,finance,seasonal_naive,0003.HK_1h,2026-03-19 11:30:00,7.360000133514404,7.460000038146973
stock_provided,finance,seasonal_naive,0003.HK_1h,2026-03-19 12:30:00,7.380000114440918,7.369999885559082
stock_provided,finance,seasonal_naive,0003.HK_1h,2026-03-19 13:30:00,7.389999866485596,7.309999942779541
stock_provided,finance,seasonal_naive,0003.HK_1h,2026-03-19 14:30:00,7.389999866485596,7.340000152587891
stock_provided,finance,seasonal_naive,0003.HK_1h,2026-03-19 15:30:00,7.420000076293945,7.309999942779541
stock_provided,finance,seasonal_naive,0003.HK_1h,2026-03-20 09:30:00,7.389999866485596,7.329999923706055
stock_provided,finance,seasonal_naive,0003.HK_1h,2026-03-20 10:30:00,7.349999904632568,7.329999923706055
stock_provided,finance,seasonal_naive,0003.HK_1h,2026-03-20 11:30:00,7.340000152587891,7.340000152587891
stock_provided,finance,seasonal_naive,0003.HK_1h,2026-03-20 12:30:00,7.349999904632568,7.309999942779541
stock_provided,finance,seasonal_naive,0003.HK_1h,2026-03-20 13:30:00,7.320000171661377,7.269999980926514
stock_provided,finance,seasonal_naive,0003.HK_1h,2026-03-20 14:30:00,7.329999923706055,7.289999961853027
stock_provided,finance,seasonal_naive,0003.HK_1h,2026-03-20 15:30:00,7.340000152587891,7.289999961853027
stock_provided,finance,seasonal_naive,0006.HK_1h,2026-03-17 13:30:00,61.5,61.20000076293945
stock_provided,finance,seasonal_naive,0006.HK_1h,2026-03-17 14:30:00,61.34999847412109,61.09999847412109
stock_provided,finance,seasonal_naive,0006.HK_1h,2026-03-17 15:30:00,61.45000076293945,61.09999847412109
stock_provided,finance,seasonal_naive,0006.HK_1h,2026-03-18 09:30:00,61.900001525878906,61.34999847412109
stock_provided,finance,seasonal_naive,0006.HK_1h,2026-03-18 10:30:00,61.84999847412109,61.59999847412109
stock_provided,finance,seasonal_naive,0006.HK_1h,2026-03-18 11:30:00,61.900001525878906,61.70000076293945
stock_provided,finance,seasonal_naive,0006.HK_1h,2026-03-18 12:30:00,62.20000076293945,61.900001525878906
stock_provided,finance,seasonal_naive,0006.HK_1h,2026-03-18 13:30:00,62.54999923706055,61.75
stock_provided,finance,seasonal_naive,0006.HK_1h,2026-03-18 14:30:00,62.25,61.79999923706055
stock_provided,finance,seasonal_naive,0006.HK_1h,2026-03-18 15:30:00,62.25,61.54999923706055
stock_provided,finance,seasonal_naive,0006.HK_1h,2026-03-19 09:30:00,62.45000076293945,61.75
stock_provided,finance,seasonal_naive,0006.HK_1h,2026-03-19 10:30:00,61.95000076293945,61.650001525878906
stock_provided,finance,seasonal_naive,0006.HK_1h,2026-03-19 11:30:00,62.04999923706055,61.70000076293945
stock_provided,finance,seasonal_naive,0006.HK_1h,2026-03-19 12:30:00,62.400001525878906,60.95000076293945
stock_provided,finance,seasonal_naive,0006.HK_1h,2026-03-19 13:30:00,62.20000076293945,61.150001525878906
stock_provided,finance,seasonal_naive,0006.HK_1h,2026-03-19 14:30:00,62.25,61.25
stock_provided,finance,seasonal_naive,0006.HK_1h,2026-03-19 15:30:00,62.0,60.79999923706055
stock_provided,finance,seasonal_naive,0006.HK_1h,2026-03-20 09:30:00,61.900001525878906,61.20000076293945
stock_provided,finance,seasonal_naive,0006.HK_1h,2026-03-20 10:30:00,62.0,61.09999847412109
stock_provided,finance,seasonal_naive,0006.HK_1h,2026-03-20 11:30:00,62.09999847412109,61.20000076293945
stock_provided,finance,seasonal_naive,0006.HK_1h,2026-03-20 12:30:00,61.95000076293945,61.59999847412109
stock_provided,finance,seasonal_naive,0006.HK_1h,2026-03-20 13:30:00,61.900001525878906,61.5
stock_provided,finance,seasonal_naive,0006.HK_1h,2026-03-20 14:30:00,61.900001525878906,61.59999847412109
stock_provided,finance,seasonal_naive,0006.HK_1h,2026-03-20 15:30:00,61.79999923706055,61.54999923706055
stock_provided,finance,moving_average,0002.HK_1h,2026-03-17 13:30:00,73.25,73.30624930063884
stock_provided,finance,moving_average,0002.HK_1h,2026-03-17 14:30:00,73.25,73.30624930063884
stock_provided,finance,moving_average,0002.HK_1h,2026-03-17 15:30:00,73.44999694824219,73.30624930063884
stock_provided,finance,moving_average,0002.HK_1h,2026-03-18 09:30:00,73.75,73.30624930063884
stock_provided,finance,moving_average,0002.HK_1h,2026-03-18 10:30:00,73.80000305175781,73.30624930063884
stock_provided,finance,moving_average,0002.HK_1h,2026-03-18 11:30:00,73.8499984741211,73.30624930063884
stock_provided,finance,moving_average,0002.HK_1h,2026-03-18 12:30:00,74.0999984741211,73.30624930063884
stock_provided,finance,moving_average,0002.HK_1h,2026-03-18 13:30:00,74.30000305175781,73.30624930063884
stock_provided,finance,moving_average,0002.HK_1h,2026-03-18 14:30:00,74.0999984741211,73.30624930063884
stock_provided,finance,moving_average,0002.HK_1h,2026-03-18 15:30:00,74.30000305175781,73.30624930063884
stock_provided,finance,moving_average,0002.HK_1h,2026-03-19 09:30:00,73.94999694824219,73.30624930063884
stock_provided,finance,moving_average,0002.HK_1h,2026-03-19 10:30:00,73.6500015258789,73.30624930063884
stock_provided,finance,moving_average,0002.HK_1h,2026-03-19 11:30:00,73.75,73.30624930063884
stock_provided,finance,moving_average,0002.HK_1h,2026-03-19 12:30:00,73.5999984741211,73.30624930063884
stock_provided,finance,moving_average,0002.HK_1h,2026-03-19 13:30:00,73.55000305175781,73.30624930063884
stock_provided,finance,moving_average,0002.HK_1h,2026-03-19 14:30:00,73.75,73.30624930063884
stock_provided,finance,moving_average,0002.HK_1h,2026-03-19 15:30:00,73.75,73.30624930063884
stock_provided,finance,moving_average,0002.HK_1h,2026-03-20 09:30:00,73.5999984741211,73.30624930063884
stock_provided,finance,moving_average,0002.HK_1h,2026-03-20 10:30:00,73.55000305175781,73.30624930063884
stock_provided,finance,moving_average,0002.HK_1h,2026-03-20 11:30:00,73.6500015258789,73.30624930063884
stock_provided,finance,moving_average,0002.HK_1h,2026-03-20 12:30:00,73.55000305175781,73.30624930063884
stock_provided,finance,moving_average,0002.HK_1h,2026-03-20 13:30:00,73.5,73.30624930063884
stock_provided,finance,moving_average,0002.HK_1h,2026-03-20 14:30:00,73.6500015258789,73.30624930063884
stock_provided,finance,moving_average,0002.HK_1h,2026-03-20 15:30:00,73.5999984741211,73.30624930063884
stock_provided,finance,moving_average,0003.HK_1h,2026-03-17 13:30:00,7.260000228881836,7.405416627724965
stock_provided,finance,moving_average,0003.HK_1h,2026-03-17 14:30:00,7.269999980926514,7.405416627724965
stock_provided,finance,moving_average,0003.HK_1h,2026-03-17 15:30:00,7.260000228881836,7.405416627724965
stock_provided,finance,moving_average,0003.HK_1h,2026-03-18 09:30:00,7.25,7.405416627724965
stock_provided,finance,moving_average,0003.HK_1h,2026-03-18 10:30:00,7.239999771118164,7.405416627724965
stock_provided,finance,moving_average,0003.HK_1h,2026-03-18 11:30:00,7.239999771118164,7.405416627724965
stock_provided,finance,moving_average,0003.HK_1h,2026-03-18 12:30:00,7.269999980926514,7.405416627724965
stock_provided,finance,moving_average,0003.HK_1h,2026-03-18 13:30:00,7.289999961853027,7.405416627724965
stock_provided,finance,moving_average,0003.HK_1h,2026-03-18 14:30:00,7.300000190734863,7.405416627724965
stock_provided,finance,moving_average,0003.HK_1h,2026-03-18 15:30:00,7.289999961853027,7.405416627724965
stock_provided,finance,moving_average,0003.HK_1h,2026-03-19 09:30:00,7.340000152587891,7.405416627724965
stock_provided,finance,moving_average,0003.HK_1h,2026-03-19 10:30:00,7.340000152587891,7.405416627724965
stock_provided,finance,moving_average,0003.HK_1h,2026-03-19 11:30:00,7.360000133514404,7.405416627724965
stock_provided,finance,moving_average,0003.HK_1h,2026-03-19 12:30:00,7.380000114440918,7.405416627724965
stock_provided,finance,moving_average,0003.HK_1h,2026-03-19 13:30:00,7.389999866485596,7.405416627724965
stock_provided,finance,moving_average,0003.HK_1h,2026-03-19 14:30:00,7.389999866485596,7.405416627724965
stock_provided,finance,moving_average,0003.HK_1h,2026-03-19 15:30:00,7.420000076293945,7.405416627724965
stock_provided,finance,moving_average,0003.HK_1h,2026-03-20 09:30:00,7.389999866485596,7.405416627724965
stock_provided,finance,moving_average,0003.HK_1h,2026-03-20 10:30:00,7.349999904632568,7.405416627724965
stock_provided,finance,moving_average,0003.HK_1h,2026-03-20 11:30:00,7.340000152587891,7.405416627724965
stock_provided,finance,moving_average,0003.HK_1h,2026-03-20 12:30:00,7.349999904632568,7.405416627724965
stock_provided,finance,moving_average,0003.HK_1h,2026-03-20 13:30:00,7.320000171661377,7.405416627724965
stock_provided,finance,moving_average,0003.HK_1h,2026-03-20 14:30:00,7.329999923706055,7.405416627724965
stock_provided,finance,moving_average,0003.HK_1h,2026-03-20 15:30:00,7.340000152587891,7.405416627724965
stock_provided,finance,moving_average,0006.HK_1h,2026-03-17 13:30:00,61.5,61.41874980926514
stock_provided,finance,moving_average,0006.HK_1h,2026-03-17 14:30:00,61.34999847412109,61.41874980926514
stock_provided,finance,moving_average,0006.HK_1h,2026-03-17 15:30:00,61.45000076293945,61.41874980926514
stock_provided,finance,moving_average,0006.HK_1h,2026-03-18 09:30:00,61.900001525878906,61.41874980926514
stock_provided,finance,moving_average,0006.HK_1h,2026-03-18 10:30:00,61.84999847412109,61.41874980926514
stock_provided,finance,moving_average,0006.HK_1h,2026-03-18 11:30:00,61.900001525878906,61.41874980926514
stock_provided,finance,moving_average,0006.HK_1h,2026-03-18 12:30:00,62.20000076293945,61.41874980926514
stock_provided,finance,moving_average,0006.HK_1h,2026-03-18 13:30:00,62.54999923706055,61.41874980926514
stock_provided,finance,moving_average,0006.HK_1h,2026-03-18 14:30:00,62.25,61.41874980926514
stock_provided,finance,moving_average,0006.HK_1h,2026-03-18 15:30:00,62.25,61.41874980926514
stock_provided,finance,moving_average,0006.HK_1h,2026-03-19 09:30:00,62.45000076293945,61.41874980926514
stock_provided,finance,moving_average,0006.HK_1h,2026-03-19 10:30:00,61.95000076293945,61.41874980926514
stock_provided,finance,moving_average,0006.HK_1h,2026-03-19 11:30:00,62.04999923706055,61.41874980926514
stock_provided,finance,moving_average,0006.HK_1h,2026-03-19 12:30:00,62.400001525878906,61.41874980926514
stock_provided,finance,moving_average,0006.HK_1h,2026-03-19 13:30:00,62.20000076293945,61.41874980926514
stock_provided,finance,moving_average,0006.HK_1h,2026-03-19 14:30:00,62.25,61.41874980926514
stock_provided,finance,moving_average,0006.HK_1h,2026-03-19 15:30:00,62.0,61.41874980926514
stock_provided,finance,moving_average,0006.HK_1h,2026-03-20 09:30:00,61.900001525878906,61.41874980926514
stock_provided,finance,moving_average,0006.HK_1h,2026-03-20 10:30:00,62.0,61.41874980926514
stock_provided,finance,moving_average,0006.HK_1h,2026-03-20 11:30:00,62.09999847412109,61.41874980926514
stock_provided,finance,moving_average,0006.HK_1h,2026-03-20 12:30:00,61.95000076293945,61.41874980926514
stock_provided,finance,moving_average,0006.HK_1h,2026-03-20 13:30:00,61.900001525878906,61.41874980926514
stock_provided,finance,moving_average,0006.HK_1h,2026-03-20 14:30:00,61.900001525878906,61.41874980926514
stock_provided,finance,moving_average,0006.HK_1h,2026-03-20 15:30:00,61.79999923706055,61.41874980926514
stock_provided,finance,linear_trend,0002.HK_1h,2026-03-17 13:30:00,73.25,73.39462663750899
stock_provided,finance,linear_trend,0002.HK_1h,2026-03-17 14:30:00,73.25,73.38347633188985
stock_provided,finance,linear_trend,0002.HK_1h,2026-03-17 15:30:00,73.44999694824219,73.37232602627071
stock_provided,finance,linear_trend,0002.HK_1h,2026-03-18 09:30:00,73.75,73.36117572065157
stock_provided,finance,linear_trend,0002.HK_1h,2026-03-18 10:30:00,73.80000305175781,73.35002541503243
stock_provided,finance,linear_trend,0002.HK_1h,2026-03-18 11:30:00,73.8499984741211,73.3388751094133
stock_provided,finance,linear_trend,0002.HK_1h,2026-03-18 12:30:00,74.0999984741211,73.32772480379415
stock_provided,finance,linear_trend,0002.HK_1h,2026-03-18 13:30:00,74.30000305175781,73.31657449817502
stock_provided,finance,linear_trend,0002.HK_1h,2026-03-18 14:30:00,74.0999984741211,73.30542419255588
stock_provided,finance,linear_trend,0002.HK_1h,2026-03-18 15:30:00,74.30000305175781,73.29427388693674
stock_provided,finance,linear_trend,0002.HK_1h,2026-03-19 09:30:00,73.94999694824219,73.2831235813176
stock_provided,finance,linear_trend,0002.HK_1h,2026-03-19 10:30:00,73.6500015258789,73.27197327569846
stock_provided,finance,linear_trend,0002.HK_1h,2026-03-19 11:30:00,73.75,73.26082297007932
stock_provided,finance,linear_trend,0002.HK_1h,2026-03-19 12:30:00,73.5999984741211,73.24967266446018
stock_provided,finance,linear_trend,0002.HK_1h,2026-03-19 13:30:00,73.55000305175781,73.23852235884104
stock_provided,finance,linear_trend,0002.HK_1h,2026-03-19 14:30:00,73.75,73.2273720532219
stock_provided,finance,linear_trend,0002.HK_1h,2026-03-19 15:30:00,73.75,73.21622174760276
stock_provided,finance,linear_trend,0002.HK_1h,2026-03-20 09:30:00,73.5999984741211,73.20507144198362
stock_provided,finance,linear_trend,0002.HK_1h,2026-03-20 10:30:00,73.55000305175781,73.19392113636448
stock_provided,finance,linear_trend,0002.HK_1h,2026-03-20 11:30:00,73.6500015258789,73.18277083074534
stock_provided,finance,linear_trend,0002.HK_1h,2026-03-20 12:30:00,73.55000305175781,73.1716205251262
stock_provided,finance,linear_trend,0002.HK_1h,2026-03-20 13:30:00,73.5,73.16047021950708
stock_provided,finance,linear_trend,0002.HK_1h,2026-03-20 14:30:00,73.6500015258789,73.14931991388794
stock_provided,finance,linear_trend,0002.HK_1h,2026-03-20 15:30:00,73.5999984741211,73.1381696082688
stock_provided,finance,linear_trend,0003.HK_1h,2026-03-17 13:30:00,7.260000228881836,7.367910030222775
stock_provided,finance,linear_trend,0003.HK_1h,2026-03-17 14:30:00,7.269999980926514,7.365268140528899
stock_provided,finance,linear_trend,0003.HK_1h,2026-03-17 15:30:00,7.260000228881836,7.3626262508350235
stock_provided,finance,linear_trend,0003.HK_1h,2026-03-18 09:30:00,7.25,7.359984361141148
stock_provided,finance,linear_trend,0003.HK_1h,2026-03-18 10:30:00,7.239999771118164,7.357342471447273
stock_provided,finance,linear_trend,0003.HK_1h,2026-03-18 11:30:00,7.239999771118164,7.354700581753398
stock_provided,finance,linear_trend,0003.HK_1h,2026-03-18 12:30:00,7.269999980926514,7.352058692059522
stock_provided,finance,linear_trend,0003.HK_1h,2026-03-18 13:30:00,7.289999961853027,7.3494168023656465
stock_provided,finance,linear_trend,0003.HK_1h,2026-03-18 14:30:00,7.300000190734863,7.346774912671771
stock_provided,finance,linear_trend,0003.HK_1h,2026-03-18 15:30:00,7.289999961853027,7.344133022977895
stock_provided,finance,linear_trend,0003.HK_1h,2026-03-19 09:30:00,7.340000152587891,7.34149113328402
stock_provided,finance,linear_trend,0003.HK_1h,2026-03-19 10:30:00,7.340000152587891,7.338849243590145
stock_provided,finance,linear_trend,0003.HK_1h,2026-03-19 11:30:00,7.360000133514404,7.3362073538962695
stock_provided,finance,linear_trend,0003.HK_1h,2026-03-19 12:30:00,7.380000114440918,7.333565464202394
stock_provided,finance,linear_trend,0003.HK_1h,2026-03-19 13:30:00,7.389999866485596,7.330923574508518
stock_provided,finance,linear_trend,0003.HK_1h,2026-03-19 14:30:00,7.389999866485596,7.328281684814643
stock_provided,finance,linear_trend,0003.HK_1h,2026-03-19 15:30:00,7.420000076293945,7.325639795120767
stock_provided,finance,linear_trend,0003.HK_1h,2026-03-20 09:30:00,7.389999866485596,7.322997905426892
stock_provided,finance,linear_trend,0003.HK_1h,2026-03-20 10:30:00,7.349999904632568,7.320356015733017
stock_provided,finance,linear_trend,0003.HK_1h,2026-03-20 11:30:00,7.340000152587891,7.317714126039141
stock_provided,finance,linear_trend,0003.HK_1h,2026-03-20 12:30:00,7.349999904632568,7.315072236345266
stock_provided,finance,linear_trend,0003.HK_1h,2026-03-20 13:30:00,7.320000171661377,7.31243034665139
stock_provided,finance,linear_trend,0003.HK_1h,2026-03-20 14:30:00,7.329999923706055,7.309788456957515
stock_provided,finance,linear_trend,0003.HK_1h,2026-03-20 15:30:00,7.340000152587891,7.307146567263639
stock_provided,finance,linear_trend,0006.HK_1h,2026-03-17 13:30:00,61.5,61.32327831251579
stock_provided,finance,linear_trend,0006.HK_1h,2026-03-17 14:30:00,61.34999847412109,61.30205510099448
stock_provided,finance,linear_trend,0006.HK_1h,2026-03-17 15:30:00,61.45000076293945,61.28083188947317
stock_provided,finance,linear_trend,0006.HK_1h,2026-03-18 09:30:00,61.900001525878906,61.25960867795186
stock_provided,finance,linear_trend,0006.HK_1h,2026-03-18 10:30:00,61.84999847412109,61.23838546643056
stock_provided,finance,linear_trend,0006.HK_1h,2026-03-18 11:30:00,61.900001525878906,61.21716225490925
stock_provided,finance,linear_trend,0006.HK_1h,2026-03-18 12:30:00,62.20000076293945,61.19593904338794
stock_provided,finance,linear_trend,0006.HK_1h,2026-03-18 13:30:00,62.54999923706055,61.17471583186663
stock_provided,finance,linear_trend,0006.HK_1h,2026-03-18 14:30:00,62.25,61.153492620345325
stock_provided,finance,linear_trend,0006.HK_1h,2026-03-18 15:30:00,62.25,61.132269408824015
stock_provided,finance,linear_trend,0006.HK_1h,2026-03-19 09:30:00,62.45000076293945,61.111046197302706
stock_provided,finance,linear_trend,0006.HK_1h,2026-03-19 10:30:00,61.95000076293945,61.089822985781396
stock_provided,finance,linear_trend,0006.HK_1h,2026-03-19 11:30:00,62.04999923706055,61.06859977426009
stock_provided,finance,linear_trend,0006.HK_1h,2026-03-19 12:30:00,62.400001525878906,61.04737656273878
stock_provided,finance,linear_trend,0006.HK_1h,2026-03-19 13:30:00,62.20000076293945,61.026153351217474
stock_provided,finance,linear_trend,0006.HK_1h,2026-03-19 14:30:00,62.25,61.004930139696164
stock_provided,finance,linear_trend,0006.HK_1h,2026-03-19 15:30:00,62.0,60.983706928174854
stock_provided,finance,linear_trend,0006.HK_1h,2026-03-20 09:30:00,61.900001525878906,60.96248371665355
stock_provided,finance,linear_trend,0006.HK_1h,2026-03-20 10:30:00,62.0,60.94126050513224
stock_provided,finance,linear_trend,0006.HK_1h,2026-03-20 11:30:00,62.09999847412109,60.92003729361093
stock_provided,finance,linear_trend,0006.HK_1h,2026-03-20 12:30:00,61.95000076293945,60.89881408208962
stock_provided,finance,linear_trend,0006.HK_1h,2026-03-20 13:30:00,61.900001525878906,60.87759087056831
stock_provided,finance,linear_trend,0006.HK_1h,2026-03-20 14:30:00,61.900001525878906,60.85636765904701
stock_provided,finance,linear_trend,0006.HK_1h,2026-03-20 15:30:00,61.79999923706055,60.8351444475257
stock_provided,finance,ridge_ar,0002.HK_1h,2026-03-17 13:30:00,73.25,73.25614109142101
stock_provided,finance,ridge_ar,0002.HK_1h,2026-03-17 14:30:00,73.25,73.26534872800963
stock_provided,finance,ridge_ar,0002.HK_1h,2026-03-17 15:30:00,73.44999694824219,73.3645986112153
stock_provided,finance,ridge_ar,0002.HK_1h,2026-03-18 09:30:00,73.75,73.44848840257986
stock_provided,finance,ridge_ar,0002.HK_1h,2026-03-18 10:30:00,73.80000305175781,73.52438564246825
stock_provided,finance,ridge_ar,0002.HK_1h,2026-03-18 11:30:00,73.8499984741211,73.54852635331089
stock_provided,finance,ridge_ar,0002.HK_1h,2026-03-18 12:30:00,74.0999984741211,73.50161254516217
stock_provided,finance,ridge_ar,0002.HK_1h,2026-03-18 13:30:00,74.30000305175781,73.4805203298576
stock_provided,finance,ridge_ar,0002.HK_1h,2026-03-18 14:30:00,74.0999984741211,73.43919698944634
stock_provided,finance,ridge_ar,0002.HK_1h,2026-03-18 15:30:00,74.30000305175781,73.33675014990537
stock_provided,finance,ridge_ar,0002.HK_1h,2026-03-19 09:30:00,73.94999694824219,73.25031849684756
stock_provided,finance,ridge_ar,0002.HK_1h,2026-03-19 10:30:00,73.6500015258789,73.18023785884138
stock_provided,finance,ridge_ar,0002.HK_1h,2026-03-19 11:30:00,73.75,73.08196508526356
stock_provided,finance,ridge_ar,0002.HK_1h,2026-03-19 12:30:00,73.5999984741211,72.99978468950383
stock_provided,finance,ridge_ar,0002.HK_1h,2026-03-19 13:30:00,73.55000305175781,72.91354117545387
stock_provided,finance,ridge_ar,0002.HK_1h,2026-03-19 14:30:00,73.75,72.81005530362975
stock_provided,finance,ridge_ar,0002.HK_1h,2026-03-19 15:30:00,73.75,72.8506727916396
stock_provided,finance,ridge_ar,0002.HK_1h,2026-03-20 09:30:00,73.5999984741211,72.88004320657042
stock_provided,finance,ridge_ar,0002.HK_1h,2026-03-20 10:30:00,73.55000305175781,72.92891297923767
stock_provided,finance,ridge_ar,0002.HK_1h,2026-03-20 11:30:00,73.6500015258789,72.98233730283484
stock_provided,finance,ridge_ar,0002.HK_1h,2026-03-20 12:30:00,73.55000305175781,72.9903389804968
stock_provided,finance,ridge_ar,0002.HK_1h,2026-03-20 13:30:00,73.5,73.01977127554215
stock_provided,finance,ridge_ar,0002.HK_1h,2026-03-20 14:30:00,73.6500015258789,73.00930719445282
stock_provided,finance,ridge_ar,0002.HK_1h,2026-03-20 15:30:00,73.5999984741211,73.02276514230638
stock_provided,finance,ridge_ar,0003.HK_1h,2026-03-17 13:30:00,7.260000228881836,7.302776483418409
stock_provided,finance,ridge_ar,0003.HK_1h,2026-03-17 14:30:00,7.269999980926514,7.312134554515279
stock_provided,finance,ridge_ar,0003.HK_1h,2026-03-17 15:30:00,7.260000228881836,7.3393437687518555
stock_provided,finance,ridge_ar,0003.HK_1h,2026-03-18 09:30:00,7.25,7.36310072339611
stock_provided,finance,ridge_ar,0003.HK_1h,2026-03-18 10:30:00,7.239999771118164,7.379446207582932
stock_provided,finance,ridge_ar,0003.HK_1h,2026-03-18 11:30:00,7.239999771118164,7.389921596948109
stock_provided,finance,ridge_ar,0003.HK_1h,2026-03-18 12:30:00,7.269999980926514,7.398166836883853
stock_provided,finance,ridge_ar,0003.HK_1h,2026-03-18 13:30:00,7.289999961853027,7.406014741021044
stock_provided,finance,ridge_ar,0003.HK_1h,2026-03-18 14:30:00,7.300000190734863,7.415067450454178
stock_provided,finance,ridge_ar,0003.HK_1h,2026-03-18 15:30:00,7.289999961853027,7.419255028130495
stock_provided,finance,ridge_ar,0003.HK_1h,2026-03-19 09:30:00,7.340000152587891,7.421814004976501
stock_provided,finance,ridge_ar,0003.HK_1h,2026-03-19 10:30:00,7.340000152587891,7.427342933007754
stock_provided,finance,ridge_ar,0003.HK_1h,2026-03-19 11:30:00,7.360000133514404,7.42765324043372
stock_provided,finance,ridge_ar,0003.HK_1h,2026-03-19 12:30:00,7.380000114440918,7.434149529317766
stock_provided,finance,ridge_ar,0003.HK_1h,2026-03-19 13:30:00,7.389999866485596,7.440991763827624
stock_provided,finance,ridge_ar,0003.HK_1h,2026-03-19 14:30:00,7.389999866485596,7.443363634949843
stock_provided,finance,ridge_ar,0003.HK_1h,2026-03-19 15:30:00,7.420000076293945,7.439238978010004
stock_provided,finance,ridge_ar,0003.HK_1h,2026-03-20 09:30:00,7.389999866485596,7.435010461778138
stock_provided,finance,ridge_ar,0003.HK_1h,2026-03-20 10:30:00,7.349999904632568,7.433480712627755
stock_provided,finance,ridge_ar,0003.HK_1h,2026-03-20 11:30:00,7.340000152587891,7.430777584795802
stock_provided,finance,ridge_ar,0003.HK_1h,2026-03-20 12:30:00,7.349999904632568,7.427166146906563
stock_provided,finance,ridge_ar,0003.HK_1h,2026-03-20 13:30:00,7.320000171661377,7.4261010758083925
stock_provided,finance,ridge_ar,0003.HK_1h,2026-03-20 14:30:00,7.329999923706055,7.420211175577252
stock_provided,finance,ridge_ar,0003.HK_1h,2026-03-20 15:30:00,7.340000152587891,7.4231113443346395
stock_provided,finance,ridge_ar,0006.HK_1h,2026-03-17 13:30:00,61.5,61.58335462638721
stock_provided,finance,ridge_ar,0006.HK_1h,2026-03-17 14:30:00,61.34999847412109,61.579947425095256
stock_provided,finance,ridge_ar,0006.HK_1h,2026-03-17 15:30:00,61.45000076293945,61.71945137784028
stock_provided,finance,ridge_ar,0006.HK_1h,2026-03-18 09:30:00,61.900001525878906,61.826824881144724
stock_provided,finance,ridge_ar,0006.HK_1h,2026-03-18 10:30:00,61.84999847412109,61.87001692163795
stock_provided,finance,ridge_ar,0006.HK_1h,2026-03-18 11:30:00,61.900001525878906,61.86079013760784
stock_provided,finance,ridge_ar,0006.HK_1h,2026-03-18 12:30:00,62.20000076293945,61.82168488409071
stock_provided,finance,ridge_ar,0006.HK_1h,2026-03-18 13:30:00,62.54999923706055,61.82692968787258
stock_provided,finance,ridge_ar,0006.HK_1h,2026-03-18 14:30:00,62.25,61.825716583842144
stock_provided,finance,ridge_ar,0006.HK_1h,2026-03-18 15:30:00,62.25,61.77629458683175
stock_provided,finance,ridge_ar,0006.HK_1h,2026-03-19 09:30:00,62.45000076293945,61.7020997945506
stock_provided,finance,ridge_ar,0006.HK_1h,2026-03-19 10:30:00,61.95000076293945,61.64353943246826
stock_provided,finance,ridge_ar,0006.HK_1h,2026-03-19 11:30:00,62.04999923706055,61.55397122637866
stock_provided,finance,ridge_ar,0006.HK_1h,2026-03-19 12:30:00,62.400001525878906,61.51375893290636
stock_provided,finance,ridge_ar,0006.HK_1h,2026-03-19 13:30:00,62.20000076293945,61.46021026235769
stock_provided,finance,ridge_ar,0006.HK_1h,2026-03-19 14:30:00,62.25,61.38647342889073
stock_provided,finance,ridge_ar,0006.HK_1h,2026-03-19 15:30:00,62.0,61.38244970478107
stock_provided,finance,ridge_ar,0006.HK_1h,2026-03-20 09:30:00,61.900001525878906,61.32765951334613
stock_provided,finance,ridge_ar,0006.HK_1h,2026-03-20 10:30:00,62.0,61.26055968518841
stock_provided,finance,ridge_ar,0006.HK_1h,2026-03-20 11:30:00,62.09999847412109,61.174328689753466
stock_provided,finance,ridge_ar,0006.HK_1h,2026-03-20 12:30:00,61.95000076293945,61.05167705598861
stock_provided,finance,ridge_ar,0006.HK_1h,2026-03-20 13:30:00,61.900001525878906,60.9315212734276
stock_provided,finance,ridge_ar,0006.HK_1h,2026-03-20 14:30:00,61.900001525878906,60.777201781031565
stock_provided,finance,ridge_ar,0006.HK_1h,2026-03-20 15:30:00,61.79999923706055,60.73767275865106
stock_provided,finance,hist_gradient_boosting_ar,0002.HK_1h,2026-03-17 13:30:00,73.25,73.17798619586665
stock_provided,finance,hist_gradient_boosting_ar,0002.HK_1h,2026-03-17 14:30:00,73.25,73.20687915619315
stock_provided,finance,hist_gradient_boosting_ar,0002.HK_1h,2026-03-17 15:30:00,73.44999694824219,73.33660802556223
stock_provided,finance,hist_gradient_boosting_ar,0002.HK_1h,2026-03-18 09:30:00,73.75,73.44917193465267
stock_provided,finance,hist_gradient_boosting_ar,0002.HK_1h,2026-03-18 10:30:00,73.80000305175781,73.44917193465267
stock_provided,finance,hist_gradient_boosting_ar,0002.HK_1h,2026-03-18 11:30:00,73.8499984741211,73.39800596778512
stock_provided,finance,hist_gradient_boosting_ar,0002.HK_1h,2026-03-18 12:30:00,74.0999984741211,73.3144374046635
stock_provided,finance,hist_gradient_boosting_ar,0002.HK_1h,2026-03-18 13:30:00,74.30000305175781,73.39323522228764
stock_provided,finance,hist_gradient_boosting_ar,0002.HK_1h,2026-03-18 14:30:00,74.0999984741211,73.35904217610789
stock_provided,finance,hist_gradient_boosting_ar,0002.HK_1h,2026-03-18 15:30:00,74.30000305175781,73.28985831479021
stock_provided,finance,hist_gradient_boosting_ar,0002.HK_1h,2026-03-19 09:30:00,73.94999694824219,73.11851550637155
stock_provided,finance,hist_gradient_boosting_ar,0002.HK_1h,2026-03-19 10:30:00,73.6500015258789,72.83175796645558
stock_provided,finance,hist_gradient_boosting_ar,0002.HK_1h,2026-03-19 11:30:00,73.75,72.7930125911276
stock_provided,finance,hist_gradient_boosting_ar,0002.HK_1h,2026-03-19 12:30:00,73.5999984741211,72.86128248847733
stock_provided,finance,hist_gradient_boosting_ar,0002.HK_1h,2026-03-19 13:30:00,73.55000305175781,72.82148444975853
stock_provided,finance,hist_gradient_boosting_ar,0002.HK_1h,2026-03-19 14:30:00,73.75,72.82148444975853
stock_provided,finance,hist_gradient_boosting_ar,0002.HK_1h,2026-03-19 15:30:00,73.75,72.99929134276245
stock_provided,finance,hist_gradient_boosting_ar,0002.HK_1h,2026-03-20 09:30:00,73.5999984741211,73.03402876233747
stock_provided,finance,hist_gradient_boosting_ar,0002.HK_1h,2026-03-20 10:30:00,73.55000305175781,73.10881171412501
stock_provided,finance,hist_gradient_boosting_ar,0002.HK_1h,2026-03-20 11:30:00,73.6500015258789,73.20562464186406
stock_provided,finance,hist_gradient_boosting_ar,0002.HK_1h,2026-03-20 12:30:00,73.55000305175781,73.25357559240855
stock_provided,finance,hist_gradient_boosting_ar,0002.HK_1h,2026-03-20 13:30:00,73.5,73.2493226170277
stock_provided,finance,hist_gradient_boosting_ar,0002.HK_1h,2026-03-20 14:30:00,73.6500015258789,73.24695803669742
stock_provided,finance,hist_gradient_boosting_ar,0002.HK_1h,2026-03-20 15:30:00,73.5999984741211,73.24695803669742
stock_provided,finance,hist_gradient_boosting_ar,0003.HK_1h,2026-03-17 13:30:00,7.260000228881836,7.32198947213291
stock_provided,finance,hist_gradient_boosting_ar,0003.HK_1h,2026-03-17 14:30:00,7.269999980926514,7.324806700223487
stock_provided,finance,hist_gradient_boosting_ar,0003.HK_1h,2026-03-17 15:30:00,7.260000228881836,7.333895622294497
stock_provided,finance,hist_gradient_boosting_ar,0003.HK_1h,2026-03-18 09:30:00,7.25,7.333895622294497
stock_provided,finance,hist_gradient_boosting_ar,0003.HK_1h,2026-03-18 10:30:00,7.239999771118164,7.333895622294497
stock_provided,finance,hist_gradient_boosting_ar,0003.HK_1h,2026-03-18 11:30:00,7.239999771118164,7.333895622294497
stock_provided,finance,hist_gradient_boosting_ar,0003.HK_1h,2026-03-18 12:30:00,7.269999980926514,7.333895622294497
stock_provided,finance,hist_gradient_boosting_ar,0003.HK_1h,2026-03-18 13:30:00,7.289999961853027,7.333895622294497
stock_provided,finance,hist_gradient_boosting_ar,0003.HK_1h,2026-03-18 14:30:00,7.300000190734863,7.333895622294497
stock_provided,finance,hist_gradient_boosting_ar,0003.HK_1h,2026-03-18 15:30:00,7.289999961853027,7.333895622294497
stock_provided,finance,hist_gradient_boosting_ar,0003.HK_1h,2026-03-19 09:30:00,7.340000152587891,7.333895622294497
stock_provided,finance,hist_gradient_boosting_ar,0003.HK_1h,2026-03-19 10:30:00,7.340000152587891,7.341258745115084
stock_provided,finance,hist_gradient_boosting_ar,0003.HK_1h,2026-03-19 11:30:00,7.360000133514404,7.341258745115084
stock_provided,finance,hist_gradient_boosting_ar,0003.HK_1h,2026-03-19 12:30:00,7.380000114440918,7.348178495136826
stock_provided,finance,hist_gradient_boosting_ar,0003.HK_1h,2026-03-19 13:30:00,7.389999866485596,7.353461457469107
stock_provided,finance,hist_gradient_boosting_ar,0003.HK_1h,2026-03-19 14:30:00,7.389999866485596,7.353461457469107
stock_provided,finance,hist_gradient_boosting_ar,0003.HK_1h,2026-03-19 15:30:00,7.420000076293945,7.34227017000415
stock_provided,finance,hist_gradient_boosting_ar,0003.HK_1h,2026-03-20 09:30:00,7.389999866485596,7.336575105532416
stock_provided,finance,hist_gradient_boosting_ar,0003.HK_1h,2026-03-20 10:30:00,7.349999904632568,7.347131960900336
stock_provided,finance,hist_gradient_boosting_ar,0003.HK_1h,2026-03-20 11:30:00,7.340000152587891,7.346914419313117
stock_provided,finance,hist_gradient_boosting_ar,0003.HK_1h,2026-03-20 12:30:00,7.349999904632568,7.338660586186183
stock_provided,finance,hist_gradient_boosting_ar,0003.HK_1h,2026-03-20 13:30:00,7.320000171661377,7.3333776238539015
stock_provided,finance,hist_gradient_boosting_ar,0003.HK_1h,2026-03-20 14:30:00,7.329999923706055,7.339220876712352
stock_provided,finance,hist_gradient_boosting_ar,0003.HK_1h,2026-03-20 15:30:00,7.340000152587891,7.353673197242327
stock_provided,finance,hist_gradient_boosting_ar,0006.HK_1h,2026-03-17 13:30:00,61.5,61.67308382714816
stock_provided,finance,hist_gradient_boosting_ar,0006.HK_1h,2026-03-17 14:30:00,61.34999847412109,61.53895321080701
stock_provided,finance,hist_gradient_boosting_ar,0006.HK_1h,2026-03-17 15:30:00,61.45000076293945,61.62756482089508
stock_provided,finance,hist_gradient_boosting_ar,0006.HK_1h,2026-03-18 09:30:00,61.900001525878906,61.66020646052005
stock_provided,finance,hist_gradient_boosting_ar,0006.HK_1h,2026-03-18 10:30:00,61.84999847412109,61.65841528981391
stock_provided,finance,hist_gradient_boosting_ar,0006.HK_1h,2026-03-18 11:30:00,61.900001525878906,61.59486417972715
stock_provided,finance,hist_gradient_boosting_ar,0006.HK_1h,2026-03-18 12:30:00,62.20000076293945,61.59486417972715
stock_provided,finance,hist_gradient_boosting_ar,0006.HK_1h,2026-03-18 13:30:00,62.54999923706055,61.59486417972715
stock_provided,finance,hist_gradient_boosting_ar,0006.HK_1h,2026-03-18 14:30:00,62.25,61.59486417972715
stock_provided,finance,hist_gradient_boosting_ar,0006.HK_1h,2026-03-18 15:30:00,62.25,61.65841528981391
stock_provided,finance,hist_gradient_boosting_ar,0006.HK_1h,2026-03-19 09:30:00,62.45000076293945,61.59486417972715
stock_provided,finance,hist_gradient_boosting_ar,0006.HK_1h,2026-03-19 10:30:00,61.95000076293945,61.59486417972715
stock_provided,finance,hist_gradient_boosting_ar,0006.HK_1h,2026-03-19 11:30:00,62.04999923706055,61.462290507234
stock_provided,finance,hist_gradient_boosting_ar,0006.HK_1h,2026-03-19 12:30:00,62.400001525878906,61.26608938073681
stock_provided,finance,hist_gradient_boosting_ar,0006.HK_1h,2026-03-19 13:30:00,62.20000076293945,61.24219377108589
stock_provided,finance,hist_gradient_boosting_ar,0006.HK_1h,2026-03-19 14:30:00,62.25,61.15537511449667
stock_provided,finance,hist_gradient_boosting_ar,0006.HK_1h,2026-03-19 15:30:00,62.0,61.18739634229929
stock_provided,finance,hist_gradient_boosting_ar,0006.HK_1h,2026-03-20 09:30:00,61.900001525878906,61.22788596061664
stock_provided,finance,hist_gradient_boosting_ar,0006.HK_1h,2026-03-20 10:30:00,62.0,61.222787955863346
stock_provided,finance,hist_gradient_boosting_ar,0006.HK_1h,2026-03-20 11:30:00,62.09999847412109,61.16560999635051
stock_provided,finance,hist_gradient_boosting_ar,0006.HK_1h,2026-03-20 12:30:00,61.95000076293945,61.057219543670236
stock_provided,finance,hist_gradient_boosting_ar,0006.HK_1h,2026-03-20 13:30:00,61.900001525878906,60.990473202145
stock_provided,finance,hist_gradient_boosting_ar,0006.HK_1h,2026-03-20 14:30:00,61.900001525878906,60.97167130335487
stock_provided,finance,hist_gradient_boosting_ar,0006.HK_1h,2026-03-20 15:30:00,61.79999923706055,61.15239653501121
stock_provided,finance,lightgbm_ar,0002.HK_1h,2026-03-17 13:30:00,73.25,73.19037258744714
stock_provided,finance,lightgbm_ar,0002.HK_1h,2026-03-17 14:30:00,73.25,73.18750815151628
stock_provided,finance,lightgbm_ar,0002.HK_1h,2026-03-17 15:30:00,73.44999694824219,73.21907787686281
stock_provided,finance,lightgbm_ar,0002.HK_1h,2026-03-18 09:30:00,73.75,73.26009297040085
stock_provided,finance,lightgbm_ar,0002.HK_1h,2026-03-18 10:30:00,73.80000305175781,73.37817951539915
stock_provided,finance,lightgbm_ar,0002.HK_1h,2026-03-18 11:30:00,73.8499984741211,73.31399441089869
stock_provided,finance,lightgbm_ar,0002.HK_1h,2026-03-18 12:30:00,74.0999984741211,73.42733398145822
stock_provided,finance,lightgbm_ar,0002.HK_1h,2026-03-18 13:30:00,74.30000305175781,73.49868731908275
stock_provided,finance,lightgbm_ar,0002.HK_1h,2026-03-18 14:30:00,74.0999984741211,73.44921998518114
stock_provided,finance,lightgbm_ar,0002.HK_1h,2026-03-18 15:30:00,74.30000305175781,73.36572348558627
stock_provided,finance,lightgbm_ar,0002.HK_1h,2026-03-19 09:30:00,73.94999694824219,73.10286896092133
stock_provided,finance,lightgbm_ar,0002.HK_1h,2026-03-19 10:30:00,73.6500015258789,72.85599804083843
stock_provided,finance,lightgbm_ar,0002.HK_1h,2026-03-19 11:30:00,73.75,72.94828014841052
stock_provided,finance,lightgbm_ar,0002.HK_1h,2026-03-19 12:30:00,73.5999984741211,72.86388276084821
stock_provided,finance,lightgbm_ar,0002.HK_1h,2026-03-19 13:30:00,73.55000305175781,72.83908648628501
stock_provided,finance,lightgbm_ar,0002.HK_1h,2026-03-19 14:30:00,73.75,72.90671619835054
stock_provided,finance,lightgbm_ar,0002.HK_1h,2026-03-19 15:30:00,73.75,72.99592270334922
stock_provided,finance,lightgbm_ar,0002.HK_1h,2026-03-20 09:30:00,73.5999984741211,72.99947225784234
stock_provided,finance,lightgbm_ar,0002.HK_1h,2026-03-20 10:30:00,73.55000305175781,73.05103530217161
stock_provided,finance,lightgbm_ar,0002.HK_1h,2026-03-20 11:30:00,73.6500015258789,73.26925137523445
stock_provided,finance,lightgbm_ar,0002.HK_1h,2026-03-20 12:30:00,73.55000305175781,73.4181340052679
stock_provided,finance,lightgbm_ar,0002.HK_1h,2026-03-20 13:30:00,73.5,73.33896787080295
stock_provided,finance,lightgbm_ar,0002.HK_1h,2026-03-20 14:30:00,73.6500015258789,73.2983035051516
stock_provided,finance,lightgbm_ar,0002.HK_1h,2026-03-20 15:30:00,73.5999984741211,73.3157273119967
stock_provided,finance,lightgbm_ar,0003.HK_1h,2026-03-17 13:30:00,7.260000228881836,7.303856241704409
stock_provided,finance,lightgbm_ar,0003.HK_1h,2026-03-17 14:30:00,7.269999980926514,7.3049289822376
stock_provided,finance,lightgbm_ar,0003.HK_1h,2026-03-17 15:30:00,7.260000228881836,7.337032385926084
stock_provided,finance,lightgbm_ar,0003.HK_1h,2026-03-18 09:30:00,7.25,7.337032385926084
stock_provided,finance,lightgbm_ar,0003.HK_1h,2026-03-18 10:30:00,7.239999771118164,7.33805190125774
stock_provided,finance,lightgbm_ar,0003.HK_1h,2026-03-18 11:30:00,7.239999771118164,7.33805190125774
stock_provided,finance,lightgbm_ar,0003.HK_1h,2026-03-18 12:30:00,7.269999980926514,7.34355971172803
stock_provided,finance,lightgbm_ar,0003.HK_1h,2026-03-18 13:30:00,7.289999961853027,7.344099537740236
stock_provided,finance,lightgbm_ar,0003.HK_1h,2026-03-18 14:30:00,7.300000190734863,7.351232046490166
stock_provided,finance,lightgbm_ar,0003.HK_1h,2026-03-18 15:30:00,7.289999961853027,7.366366897302163
stock_provided,finance,lightgbm_ar,0003.HK_1h,2026-03-19 09:30:00,7.340000152587891,7.382465279905283
stock_provided,finance,lightgbm_ar,0003.HK_1h,2026-03-19 10:30:00,7.340000152587891,7.40756634245852
stock_provided,finance,lightgbm_ar,0003.HK_1h,2026-03-19 11:30:00,7.360000133514404,7.397272575676912
stock_provided,finance,lightgbm_ar,0003.HK_1h,2026-03-19 12:30:00,7.380000114440918,7.397548675871329
stock_provided,finance,lightgbm_ar,0003.HK_1h,2026-03-19 13:30:00,7.389999866485596,7.414218240403902
stock_provided,finance,lightgbm_ar,0003.HK_1h,2026-03-19 14:30:00,7.389999866485596,7.402355157576936
stock_provided,finance,lightgbm_ar,0003.HK_1h,2026-03-19 15:30:00,7.420000076293945,7.372536873057132
stock_provided,finance,lightgbm_ar,0003.HK_1h,2026-03-20 09:30:00,7.389999866485596,7.354729567307944
stock_provided,finance,lightgbm_ar,0003.HK_1h,2026-03-20 10:30:00,7.349999904632568,7.36357506527375
stock_provided,finance,lightgbm_ar,0003.HK_1h,2026-03-20 11:30:00,7.340000152587891,7.372891942808486
stock_provided,finance,lightgbm_ar,0003.HK_1h,2026-03-20 12:30:00,7.349999904632568,7.373891272858156
stock_provided,finance,lightgbm_ar,0003.HK_1h,2026-03-20 13:30:00,7.320000171661377,7.3733138238187514
stock_provided,finance,lightgbm_ar,0003.HK_1h,2026-03-20 14:30:00,7.329999923706055,7.367862518958958
stock_provided,finance,lightgbm_ar,0003.HK_1h,2026-03-20 15:30:00,7.340000152587891,7.387515087345697
stock_provided,finance,lightgbm_ar,0006.HK_1h,2026-03-17 13:30:00,61.5,61.61677135506253
stock_provided,finance,lightgbm_ar,0006.HK_1h,2026-03-17 14:30:00,61.34999847412109,61.434596553249634
stock_provided,finance,lightgbm_ar,0006.HK_1h,2026-03-17 15:30:00,61.45000076293945,61.49491776874739
stock_provided,finance,lightgbm_ar,0006.HK_1h,2026-03-18 09:30:00,61.900001525878906,61.583798838937106
stock_provided,finance,lightgbm_ar,0006.HK_1h,2026-03-18 10:30:00,61.84999847412109,61.569989421259486
stock_provided,finance,lightgbm_ar,0006.HK_1h,2026-03-18 11:30:00,61.900001525878906,61.59541106703659
stock_provided,finance,lightgbm_ar,0006.HK_1h,2026-03-18 12:30:00,62.20000076293945,61.5935486222356
stock_provided,finance,lightgbm_ar,0006.HK_1h,2026-03-18 13:30:00,62.54999923706055,61.59541106703659
stock_provided,finance,lightgbm_ar,0006.HK_1h,2026-03-18 14:30:00,62.25,61.59541106703659
stock_provided,finance,lightgbm_ar,0006.HK_1h,2026-03-18 15:30:00,62.25,61.60946132624634
stock_provided,finance,lightgbm_ar,0006.HK_1h,2026-03-19 09:30:00,62.45000076293945,61.473491359287486
stock_provided,finance,lightgbm_ar,0006.HK_1h,2026-03-19 10:30:00,61.95000076293945,61.5064851246987
stock_provided,finance,lightgbm_ar,0006.HK_1h,2026-03-19 11:30:00,62.04999923706055,61.374604721328126
stock_provided,finance,lightgbm_ar,0006.HK_1h,2026-03-19 12:30:00,62.400001525878906,61.25981027817831
stock_provided,finance,lightgbm_ar,0006.HK_1h,2026-03-19 13:30:00,62.20000076293945,61.11542847535994
stock_provided,finance,lightgbm_ar,0006.HK_1h,2026-03-19 14:30:00,62.25,61.11208247654641
stock_provided,finance,lightgbm_ar,0006.HK_1h,2026-03-19 15:30:00,62.0,61.09755412819621
stock_provided,finance,lightgbm_ar,0006.HK_1h,2026-03-20 09:30:00,61.900001525878906,61.140183752770014
stock_provided,finance,lightgbm_ar,0006.HK_1h,2026-03-20 10:30:00,62.0,61.11853582264006
stock_provided,finance,lightgbm_ar,0006.HK_1h,2026-03-20 11:30:00,62.09999847412109,61.08408713556938
stock_provided,finance,lightgbm_ar,0006.HK_1h,2026-03-20 12:30:00,61.95000076293945,61.0926433704895
stock_provided,finance,lightgbm_ar,0006.HK_1h,2026-03-20 13:30:00,61.900001525878906,61.08743294128093
stock_provided,finance,lightgbm_ar,0006.HK_1h,2026-03-20 14:30:00,61.900001525878906,61.034753251207505
stock_provided,finance,lightgbm_ar,0006.HK_1h,2026-03-20 15:30:00,61.79999923706055,61.32984571035393
stock_provided,finance,xgboost_ar,0002.HK_1h,2026-03-17 13:30:00,73.25,73.22815215545982
stock_provided,finance,xgboost_ar,0002.HK_1h,2026-03-17 14:30:00,73.25,73.2952765993561
stock_provided,finance,xgboost_ar,0002.HK_1h,2026-03-17 15:30:00,73.44999694824219,73.33068830941983
stock_provided,finance,xgboost_ar,0002.HK_1h,2026-03-18 09:30:00,73.75,73.40953539858724
stock_provided,finance,xgboost_ar,0002.HK_1h,2026-03-18 10:30:00,73.80000305175781,73.45422633108684
stock_provided,finance,xgboost_ar,0002.HK_1h,2026-03-18 11:30:00,73.8499984741211,73.36851816084095
stock_provided,finance,xgboost_ar,0002.HK_1h,2026-03-18 12:30:00,74.0999984741211,73.36418014725352
stock_provided,finance,xgboost_ar,0002.HK_1h,2026-03-18 13:30:00,74.30000305175781,73.44636663163209
stock_provided,finance,xgboost_ar,0002.HK_1h,2026-03-18 14:30:00,74.0999984741211,73.38231772752276
stock_provided,finance,xgboost_ar,0002.HK_1h,2026-03-18 15:30:00,74.30000305175781,73.33222839944894
stock_provided,finance,xgboost_ar,0002.HK_1h,2026-03-19 09:30:00,73.94999694824219,73.18736353107761
stock_provided,finance,xgboost_ar,0002.HK_1h,2026-03-19 10:30:00,73.6500015258789,72.91285604418259
stock_provided,finance,xgboost_ar,0002.HK_1h,2026-03-19 11:30:00,73.75,72.85583743104327
stock_provided,finance,xgboost_ar,0002.HK_1h,2026-03-19 12:30:00,73.5999984741211,72.85782114700544
stock_provided,finance,xgboost_ar,0002.HK_1h,2026-03-19 13:30:00,73.55000305175781,72.81527738002276
stock_provided,finance,xgboost_ar,0002.HK_1h,2026-03-19 14:30:00,73.75,72.73217780226746
stock_provided,finance,xgboost_ar,0002.HK_1h,2026-03-19 15:30:00,73.75,73.08544205304973
stock_provided,finance,xgboost_ar,0002.HK_1h,2026-03-20 09:30:00,73.5999984741211,73.25315417700399
stock_provided,finance,xgboost_ar,0002.HK_1h,2026-03-20 10:30:00,73.55000305175781,73.39271161511867
stock_provided,finance,xgboost_ar,0002.HK_1h,2026-03-20 11:30:00,73.6500015258789,73.36294651513904
stock_provided,finance,xgboost_ar,0002.HK_1h,2026-03-20 12:30:00,73.55000305175781,73.3046192655007
stock_provided,finance,xgboost_ar,0002.HK_1h,2026-03-20 13:30:00,73.5,73.3161881817853
stock_provided,finance,xgboost_ar,0002.HK_1h,2026-03-20 14:30:00,73.6500015258789,73.32725822890748
stock_provided,finance,xgboost_ar,0002.HK_1h,2026-03-20 15:30:00,73.5999984741211,73.347653061129
stock_provided,finance,xgboost_ar,0003.HK_1h,2026-03-17 13:30:00,7.260000228881836,7.2988308727444435
stock_provided,finance,xgboost_ar,0003.HK_1h,2026-03-17 14:30:00,7.269999980926514,7.310905318684648
stock_provided,finance,xgboost_ar,0003.HK_1h,2026-03-17 15:30:00,7.260000228881836,7.360380510765322
stock_provided,finance,xgboost_ar,0003.HK_1h,2026-03-18 09:30:00,7.25,7.389768083659483
stock_provided,finance,xgboost_ar,0003.HK_1h,2026-03-18 10:30:00,7.239999771118164,7.423313501356447
stock_provided,finance,xgboost_ar,0003.HK_1h,2026-03-18 11:30:00,7.239999771118164,7.419135276273637
stock_provided,finance,xgboost_ar,0003.HK_1h,2026-03-18 12:30:00,7.269999980926514,7.409396446924276
stock_provided,finance,xgboost_ar,0003.HK_1h,2026-03-18 13:30:00,7.289999961853027,7.407207647437139
stock_provided,finance,xgboost_ar,0003.HK_1h,2026-03-18 14:30:00,7.300000190734863,7.408254536793628
stock_provided,finance,xgboost_ar,0003.HK_1h,2026-03-18 15:30:00,7.289999961853027,7.407300800525937
stock_provided,finance,xgboost_ar,0003.HK_1h,2026-03-19 09:30:00,7.340000152587891,7.407300800525937
stock_provided,finance,xgboost_ar,0003.HK_1h,2026-03-19 10:30:00,7.340000152587891,7.4043178332380695
stock_provided,finance,xgboost_ar,0003.HK_1h,2026-03-19 11:30:00,7.360000133514404,7.406543536241184
stock_provided,finance,xgboost_ar,0003.HK_1h,2026-03-19 12:30:00,7.380000114440918,7.411053016919936
stock_provided,finance,xgboost_ar,0003.HK_1h,2026-03-19 13:30:00,7.389999866485596,7.4099974279215335
stock_provided,finance,xgboost_ar,0003.HK_1h,2026-03-19 14:30:00,7.389999866485596,7.406412074309637
stock_provided,finance,xgboost_ar,0003.HK_1h,2026-03-19 15:30:00,7.420000076293945,7.3852502683587575
stock_provided,finance,xgboost_ar,0003.HK_1h,2026-03-20 09:30:00,7.389999866485596,7.370399115731692
stock_provided,finance,xgboost_ar,0003.HK_1h,2026-03-20 10:30:00,7.349999904632568,7.359214624908253
stock_provided,finance,xgboost_ar,0003.HK_1h,2026-03-20 11:30:00,7.340000152587891,7.363281470239906
stock_provided,finance,xgboost_ar,0003.HK_1h,2026-03-20 12:30:00,7.349999904632568,7.33632530733629
stock_provided,finance,xgboost_ar,0003.HK_1h,2026-03-20 13:30:00,7.320000171661377,7.333157189767304
stock_provided,finance,xgboost_ar,0003.HK_1h,2026-03-20 14:30:00,7.329999923706055,7.321759734143286
stock_provided,finance,xgboost_ar,0003.HK_1h,2026-03-20 15:30:00,7.340000152587891,7.341481335668197
stock_provided,finance,xgboost_ar,0006.HK_1h,2026-03-17 13:30:00,61.5,61.65043235510492
stock_provided,finance,xgboost_ar,0006.HK_1h,2026-03-17 14:30:00,61.34999847412109,61.48424123871235
stock_provided,finance,xgboost_ar,0006.HK_1h,2026-03-17 15:30:00,61.45000076293945,61.65284027622663
stock_provided,finance,xgboost_ar,0006.HK_1h,2026-03-18 09:30:00,61.900001525878906,61.574455747105546
stock_provided,finance,xgboost_ar,0006.HK_1h,2026-03-18 10:30:00,61.84999847412109,61.567452686024005
stock_provided,finance,xgboost_ar,0006.HK_1h,2026-03-18 11:30:00,61.900001525878906,61.55413189447186
stock_provided,finance,xgboost_ar,0006.HK_1h,2026-03-18 12:30:00,62.20000076293945,61.58352980614183
stock_provided,finance,xgboost_ar,0006.HK_1h,2026-03-18 13:30:00,62.54999923706055,61.56740690203965
stock_provided,finance,xgboost_ar,0006.HK_1h,2026-03-18 14:30:00,62.25,61.56740690203965
stock_provided,finance,xgboost_ar,0006.HK_1h,2026-03-18 15:30:00,62.25,61.562348971236794
stock_provided,finance,xgboost_ar,0006.HK_1h,2026-03-19 09:30:00,62.45000076293945,61.48823664420593
stock_provided,finance,xgboost_ar,0006.HK_1h,2026-03-19 10:30:00,61.95000076293945,61.318939209525546
stock_provided,finance,xgboost_ar,0006.HK_1h,2026-03-19 11:30:00,62.04999923706055,60.94289375553547
stock_provided,finance,xgboost_ar,0006.HK_1h,2026-03-19 12:30:00,62.400001525878906,60.945653248657486
stock_provided,finance,xgboost_ar,0006.HK_1h,2026-03-19 13:30:00,62.20000076293945,60.88170910049428
stock_provided,finance,xgboost_ar,0006.HK_1h,2026-03-19 14:30:00,62.25,60.80508753549783
stock_provided,finance,xgboost_ar,0006.HK_1h,2026-03-19 15:30:00,62.0,60.892259118812326
stock_provided,finance,xgboost_ar,0006.HK_1h,2026-03-20 09:30:00,61.900001525878906,60.90306863074965
stock_provided,finance,xgboost_ar,0006.HK_1h,2026-03-20 10:30:00,62.0,60.80654312932836
stock_provided,finance,xgboost_ar,0006.HK_1h,2026-03-20 11:30:00,62.09999847412109,60.80654312932836
stock_provided,finance,xgboost_ar,0006.HK_1h,2026-03-20 12:30:00,61.95000076293945,60.80991664846135
stock_provided,finance,xgboost_ar,0006.HK_1h,2026-03-20 13:30:00,61.900001525878906,60.78851955185984
stock_provided,finance,xgboost_ar,0006.HK_1h,2026-03-20 14:30:00,61.900001525878906,60.74575741254999
stock_provided,finance,xgboost_ar,0006.HK_1h,2026-03-20 15:30:00,61.79999923706055,61.20350078822382
stock_provided,finance,tabpfn_ts,0002.HK_1h,2026-03-17 13:30:00,73.25,73.21041107177734
stock_provided,finance,tabpfn_ts,0002.HK_1h,2026-03-17 14:30:00,73.25,73.21957397460938
stock_provided,finance,tabpfn_ts,0002.HK_1h,2026-03-17 15:30:00,73.44999694824219,73.22803497314453
stock_provided,finance,tabpfn_ts,0002.HK_1h,2026-03-18 09:30:00,73.75,73.27626037597656
stock_provided,finance,tabpfn_ts,0002.HK_1h,2026-03-18 10:30:00,73.80000305175781,73.28575897216797
stock_provided,finance,tabpfn_ts,0002.HK_1h,2026-03-18 11:30:00,73.8499984741211,73.28229522705078
stock_provided,finance,tabpfn_ts,0002.HK_1h,2026-03-18 12:30:00,74.0999984741211,73.27108764648438
stock_provided,finance,tabpfn_ts,0002.HK_1h,2026-03-18 13:30:00,74.30000305175781,73.25513458251953
stock_provided,finance,tabpfn_ts,0002.HK_1h,2026-03-18 14:30:00,74.0999984741211,73.22915649414062
stock_provided,finance,tabpfn_ts,0002.HK_1h,2026-03-18 15:30:00,74.30000305175781,73.20323181152344
stock_provided,finance,tabpfn_ts,0002.HK_1h,2026-03-19 09:30:00,73.94999694824219,73.16546630859375
stock_provided,finance,tabpfn_ts,0002.HK_1h,2026-03-19 10:30:00,73.6500015258789,73.15313720703125
stock_provided,finance,tabpfn_ts,0002.HK_1h,2026-03-19 11:30:00,73.75,73.13922119140625
stock_provided,finance,tabpfn_ts,0002.HK_1h,2026-03-19 12:30:00,73.5999984741211,73.1225814819336
stock_provided,finance,tabpfn_ts,0002.HK_1h,2026-03-19 13:30:00,73.55000305175781,73.12928771972656
stock_provided,finance,tabpfn_ts,0002.HK_1h,2026-03-19 14:30:00,73.75,73.14669036865234
stock_provided,finance,tabpfn_ts,0002.HK_1h,2026-03-19 15:30:00,73.75,73.16098022460938
stock_provided,finance,tabpfn_ts,0002.HK_1h,2026-03-20 09:30:00,73.5999984741211,73.17076873779297
stock_provided,finance,tabpfn_ts,0002.HK_1h,2026-03-20 10:30:00,73.55000305175781,73.19000244140625
stock_provided,finance,tabpfn_ts,0002.HK_1h,2026-03-20 11:30:00,73.6500015258789,73.20706176757812
stock_provided,finance,tabpfn_ts,0002.HK_1h,2026-03-20 12:30:00,73.55000305175781,73.22266387939453
stock_provided,finance,tabpfn_ts,0002.HK_1h,2026-03-20 13:30:00,73.5,73.23526763916016
stock_provided,finance,tabpfn_ts,0002.HK_1h,2026-03-20 14:30:00,73.6500015258789,73.25431060791016
stock_provided,finance,tabpfn_ts,0002.HK_1h,2026-03-20 15:30:00,73.5999984741211,73.25601959228516
stock_provided,finance,tabpfn_ts,0003.HK_1h,2026-03-17 13:30:00,7.260000228881836,7.288249969482422
stock_provided,finance,tabpfn_ts,0003.HK_1h,2026-03-17 14:30:00,7.269999980926514,7.289456844329834
stock_provided,finance,tabpfn_ts,0003.HK_1h,2026-03-17 15:30:00,7.260000228881836,7.2926506996154785
stock_provided,finance,tabpfn_ts,0003.HK_1h,2026-03-18 09:30:00,7.25,7.349102973937988
stock_provided,finance,tabpfn_ts,0003.HK_1h,2026-03-18 10:30:00,7.239999771118164,7.354131698608398
stock_provided,finance,tabpfn_ts,0003.HK_1h,2026-03-18 11:30:00,7.239999771118164,7.358564853668213
stock_provided,finance,tabpfn_ts,0003.HK_1h,2026-03-18 12:30:00,7.269999980926514,7.364407062530518
stock_provided,finance,tabpfn_ts,0003.HK_1h,2026-03-18 13:30:00,7.289999961853027,7.366875171661377
stock_provided,finance,tabpfn_ts,0003.HK_1h,2026-03-18 14:30:00,7.300000190734863,7.368615627288818
stock_provided,finance,tabpfn_ts,0003.HK_1h,2026-03-18 15:30:00,7.289999961853027,7.369164943695068
stock_provided,finance,tabpfn_ts,0003.HK_1h,2026-03-19 09:30:00,7.340000152587891,7.390830039978027
stock_provided,finance,tabpfn_ts,0003.HK_1h,2026-03-19 10:30:00,7.340000152587891,7.388392448425293
stock_provided,finance,tabpfn_ts,0003.HK_1h,2026-03-19 11:30:00,7.360000133514404,7.389514923095703
stock_provided,finance,tabpfn_ts,0003.HK_1h,2026-03-19 12:30:00,7.380000114440918,7.3898162841796875
stock_provided,finance,tabpfn_ts,0003.HK_1h,2026-03-19 13:30:00,7.389999866485596,7.391398906707764
stock_provided,finance,tabpfn_ts,0003.HK_1h,2026-03-19 14:30:00,7.389999866485596,7.395799160003662
stock_provided,finance,tabpfn_ts,0003.HK_1h,2026-03-19 15:30:00,7.420000076293945,7.401036262512207
stock_provided,finance,tabpfn_ts,0003.HK_1h,2026-03-20 09:30:00,7.389999866485596,7.422854423522949
stock_provided,finance,tabpfn_ts,0003.HK_1h,2026-03-20 10:30:00,7.349999904632568,7.418275833129883
stock_provided,finance,tabpfn_ts,0003.HK_1h,2026-03-20 11:30:00,7.340000152587891,7.4152445793151855
stock_provided,finance,tabpfn_ts,0003.HK_1h,2026-03-20 12:30:00,7.349999904632568,7.413710594177246
stock_provided,finance,tabpfn_ts,0003.HK_1h,2026-03-20 13:30:00,7.320000171661377,7.416685581207275
stock_provided,finance,tabpfn_ts,0003.HK_1h,2026-03-20 14:30:00,7.329999923706055,7.4132795333862305
stock_provided,finance,tabpfn_ts,0003.HK_1h,2026-03-20 15:30:00,7.340000152587891,7.416336536407471
stock_provided,finance,tabpfn_ts,0006.HK_1h,2026-03-17 13:30:00,61.5,61.597782135009766
stock_provided,finance,tabpfn_ts,0006.HK_1h,2026-03-17 14:30:00,61.34999847412109,61.59838104248047
stock_provided,finance,tabpfn_ts,0006.HK_1h,2026-03-17 15:30:00,61.45000076293945,61.61383819580078
stock_provided,finance,tabpfn_ts,0006.HK_1h,2026-03-18 09:30:00,61.900001525878906,61.62007522583008
stock_provided,finance,tabpfn_ts,0006.HK_1h,2026-03-18 10:30:00,61.84999847412109,61.61946105957031
stock_provided,finance,tabpfn_ts,0006.HK_1h,2026-03-18 11:30:00,61.900001525878906,61.621925354003906
stock_provided,finance,tabpfn_ts,0006.HK_1h,2026-03-18 12:30:00,62.20000076293945,61.63641357421875
stock_provided,finance,tabpfn_ts,0006.HK_1h,2026-03-18 13:30:00,62.54999923706055,61.616554260253906
stock_provided,finance,tabpfn_ts,0006.HK_1h,2026-03-18 14:30:00,62.25,61.61300277709961
stock_provided,finance,tabpfn_ts,0006.HK_1h,2026-03-18 15:30:00,62.25,61.61500930786133
stock_provided,finance,tabpfn_ts,0006.HK_1h,2026-03-19 09:30:00,62.45000076293945,61.45042419433594
stock_provided,finance,tabpfn_ts,0006.HK_1h,2026-03-19 10:30:00,61.95000076293945,61.42740249633789
stock_provided,finance,tabpfn_ts,0006.HK_1h,2026-03-19 11:30:00,62.04999923706055,61.429603576660156
stock_provided,finance,tabpfn_ts,0006.HK_1h,2026-03-19 12:30:00,62.400001525878906,61.41869354248047
stock_provided,finance,tabpfn_ts,0006.HK_1h,2026-03-19 13:30:00,62.20000076293945,61.4188232421875
stock_provided,finance,tabpfn_ts,0006.HK_1h,2026-03-19 14:30:00,62.25,61.42740249633789
stock_provided,finance,tabpfn_ts,0006.HK_1h,2026-03-19 15:30:00,62.0,61.43473434448242
stock_provided,finance,tabpfn_ts,0006.HK_1h,2026-03-20 09:30:00,61.900001525878906,61.514862060546875
stock_provided,finance,tabpfn_ts,0006.HK_1h,2026-03-20 10:30:00,62.0,61.51557540893555
stock_provided,finance,tabpfn_ts,0006.HK_1h,2026-03-20 11:30:00,62.09999847412109,61.50504684448242
stock_provided,finance,tabpfn_ts,0006.HK_1h,2026-03-20 12:30:00,61.95000076293945,61.495975494384766
stock_provided,finance,tabpfn_ts,0006.HK_1h,2026-03-20 13:30:00,61.900001525878906,61.493534088134766
stock_provided,finance,tabpfn_ts,0006.HK_1h,2026-03-20 14:30:00,61.900001525878906,61.50222396850586
stock_provided,finance,tabpfn_ts,0006.HK_1h,2026-03-20 15:30:00,61.79999923706055,61.497169494628906
