dataset,domain,model,unique_id,ds,y,y_hat
synthetic_energy,energy,dummy_mean,energy_0,2024-01-10 00:00:00,14.319999999999995,12.39
synthetic_energy,energy,dummy_mean,energy_0,2024-01-10 01:00:00,14.987047612756283,12.39
synthetic_energy,energy,dummy_mean,energy_0,2024-01-10 02:00:00,15.609999999999985,12.39
synthetic_energy,energy,dummy_mean,energy_0,2024-01-10 03:00:00,16.14776695296637,12.39
synthetic_energy,energy,dummy_mean,energy_0,2024-01-10 04:00:00,16.5650635094611,12.39
synthetic_energy,energy,dummy_mean,energy_0,2024-01-10 05:00:00,16.834814565722667,12.39
synthetic_energy,energy,dummy_mean,energy_0,2024-01-10 06:00:00,16.94,12.39
synthetic_energy,energy,dummy_mean,energy_0,2024-01-10 07:00:00,16.87481456572267,12.39
synthetic_energy,energy,dummy_mean,energy_0,2024-01-10 08:00:00,16.645063509461103,12.39
synthetic_energy,energy,dummy_mean,energy_0,2024-01-10 09:00:00,16.267766952966376,12.39
synthetic_energy,energy,dummy_mean,energy_0,2024-01-10 10:00:00,15.770000000000003,12.39
synthetic_energy,energy,dummy_mean,energy_0,2024-01-10 11:00:00,15.18704761275632,12.39
synthetic_energy,energy,dummy_mean,energy_0,2024-01-10 12:00:00,14.560000000000015,12.39
synthetic_energy,energy,dummy_mean,energy_0,2024-01-10 13:00:00,13.93295238724371,12.39
synthetic_energy,energy,dummy_mean,energy_0,2024-01-10 14:00:00,13.34999999999999,12.39
synthetic_energy,energy,dummy_mean,energy_0,2024-01-10 15:00:00,12.852233047033636,12.39
synthetic_energy,energy,dummy_mean,energy_0,2024-01-10 16:00:00,12.474936490538903,12.39
synthetic_energy,energy,dummy_mean,energy_0,2024-01-10 17:00:00,12.245185434277328,12.39
synthetic_energy,energy,dummy_mean,energy_0,2024-01-10 18:00:00,12.18,12.39
synthetic_energy,energy,dummy_mean,energy_0,2024-01-10 19:00:00,12.285185434277327,12.39
synthetic_energy,energy,dummy_mean,energy_0,2024-01-10 20:00:00,12.554936490538902,12.39
synthetic_energy,energy,dummy_mean,energy_0,2024-01-10 21:00:00,12.972233047033619,12.39
synthetic_energy,energy,dummy_mean,energy_0,2024-01-10 22:00:00,13.50999999999999,12.39
synthetic_energy,energy,dummy_mean,energy_0,2024-01-10 23:00:00,14.132952387243687,12.39
synthetic_energy,energy,dummy_mean,energy_1,2024-01-10 00:00:00,15.319999999999995,13.39
synthetic_energy,energy,dummy_mean,energy_1,2024-01-10 01:00:00,15.987047612756283,13.39
synthetic_energy,energy,dummy_mean,energy_1,2024-01-10 02:00:00,16.609999999999985,13.39
synthetic_energy,energy,dummy_mean,energy_1,2024-01-10 03:00:00,17.14776695296637,13.39
synthetic_energy,energy,dummy_mean,energy_1,2024-01-10 04:00:00,17.5650635094611,13.39
synthetic_energy,energy,dummy_mean,energy_1,2024-01-10 05:00:00,17.834814565722667,13.39
synthetic_energy,energy,dummy_mean,energy_1,2024-01-10 06:00:00,17.94,13.39
synthetic_energy,energy,dummy_mean,energy_1,2024-01-10 07:00:00,17.87481456572267,13.39
synthetic_energy,energy,dummy_mean,energy_1,2024-01-10 08:00:00,17.645063509461103,13.39
synthetic_energy,energy,dummy_mean,energy_1,2024-01-10 09:00:00,17.267766952966376,13.39
synthetic_energy,energy,dummy_mean,energy_1,2024-01-10 10:00:00,16.770000000000003,13.39
synthetic_energy,energy,dummy_mean,energy_1,2024-01-10 11:00:00,16.18704761275632,13.39
synthetic_energy,energy,dummy_mean,energy_1,2024-01-10 12:00:00,15.560000000000015,13.39
synthetic_energy,energy,dummy_mean,energy_1,2024-01-10 13:00:00,14.93295238724371,13.39
synthetic_energy,energy,dummy_mean,energy_1,2024-01-10 14:00:00,14.34999999999999,13.39
synthetic_energy,energy,dummy_mean,energy_1,2024-01-10 15:00:00,13.852233047033636,13.39
synthetic_energy,energy,dummy_mean,energy_1,2024-01-10 16:00:00,13.474936490538905,13.39
synthetic_energy,energy,dummy_mean,energy_1,2024-01-10 17:00:00,13.245185434277328,13.39
synthetic_energy,energy,dummy_mean,energy_1,2024-01-10 18:00:00,13.18,13.39
synthetic_energy,energy,dummy_mean,energy_1,2024-01-10 19:00:00,13.285185434277327,13.39
synthetic_energy,energy,dummy_mean,energy_1,2024-01-10 20:00:00,13.5549364905389,13.39
synthetic_energy,energy,dummy_mean,energy_1,2024-01-10 21:00:00,13.972233047033619,13.39
synthetic_energy,energy,dummy_mean,energy_1,2024-01-10 22:00:00,14.50999999999999,13.39
synthetic_energy,energy,dummy_mean,energy_1,2024-01-10 23:00:00,15.132952387243687,13.39
synthetic_energy,energy,seasonal_naive,energy_0,2024-01-10 00:00:00,14.319999999999995,13.839999999999995
synthetic_energy,energy,seasonal_naive,energy_0,2024-01-10 01:00:00,14.987047612756283,14.5070476127563
synthetic_energy,energy,seasonal_naive,energy_0,2024-01-10 02:00:00,15.609999999999985,15.129999999999985
synthetic_energy,energy,seasonal_naive,energy_0,2024-01-10 03:00:00,16.14776695296637,15.66776695296636
synthetic_energy,energy,seasonal_naive,energy_0,2024-01-10 04:00:00,16.5650635094611,16.085063509461094
synthetic_energy,energy,seasonal_naive,energy_0,2024-01-10 05:00:00,16.834814565722667,16.354814565722666
synthetic_energy,energy,seasonal_naive,energy_0,2024-01-10 06:00:00,16.94,16.46
synthetic_energy,energy,seasonal_naive,energy_0,2024-01-10 07:00:00,16.87481456572267,16.39481456572267
synthetic_energy,energy,seasonal_naive,energy_0,2024-01-10 08:00:00,16.645063509461103,16.165063509461092
synthetic_energy,energy,seasonal_naive,energy_0,2024-01-10 09:00:00,16.267766952966376,15.787766952966376
synthetic_energy,energy,seasonal_naive,energy_0,2024-01-10 10:00:00,15.770000000000003,15.290000000000003
synthetic_energy,energy,seasonal_naive,energy_0,2024-01-10 11:00:00,15.18704761275632,14.707047612756302
synthetic_energy,energy,seasonal_naive,energy_0,2024-01-10 12:00:00,14.560000000000015,14.080000000000014
synthetic_energy,energy,seasonal_naive,energy_0,2024-01-10 13:00:00,13.93295238724371,13.452952387243707
synthetic_energy,energy,seasonal_naive,energy_0,2024-01-10 14:00:00,13.34999999999999,12.870000000000005
synthetic_energy,energy,seasonal_naive,energy_0,2024-01-10 15:00:00,12.852233047033636,12.372233047033646
synthetic_energy,energy,seasonal_naive,energy_0,2024-01-10 16:00:00,12.474936490538903,11.994936490538903
synthetic_energy,energy,seasonal_naive,energy_0,2024-01-10 17:00:00,12.245185434277328,11.765185434277328
synthetic_energy,energy,seasonal_naive,energy_0,2024-01-10 18:00:00,12.18,11.7
synthetic_energy,energy,seasonal_naive,energy_0,2024-01-10 19:00:00,12.285185434277327,11.805185434277327
synthetic_energy,energy,seasonal_naive,energy_0,2024-01-10 20:00:00,12.554936490538902,12.074936490538903
synthetic_energy,energy,seasonal_naive,energy_0,2024-01-10 21:00:00,12.972233047033619,12.492233047033633
synthetic_energy,energy,seasonal_naive,energy_0,2024-01-10 22:00:00,13.50999999999999,13.02999999999999
synthetic_energy,energy,seasonal_naive,energy_0,2024-01-10 23:00:00,14.132952387243687,13.65295238724369
synthetic_energy,energy,seasonal_naive,energy_1,2024-01-10 00:00:00,15.319999999999995,14.839999999999995
synthetic_energy,energy,seasonal_naive,energy_1,2024-01-10 01:00:00,15.987047612756283,15.5070476127563
synthetic_energy,energy,seasonal_naive,energy_1,2024-01-10 02:00:00,16.609999999999985,16.129999999999985
synthetic_energy,energy,seasonal_naive,energy_1,2024-01-10 03:00:00,17.14776695296637,16.66776695296636
synthetic_energy,energy,seasonal_naive,energy_1,2024-01-10 04:00:00,17.5650635094611,17.085063509461094
synthetic_energy,energy,seasonal_naive,energy_1,2024-01-10 05:00:00,17.834814565722667,17.354814565722666
synthetic_energy,energy,seasonal_naive,energy_1,2024-01-10 06:00:00,17.94,17.46
synthetic_energy,energy,seasonal_naive,energy_1,2024-01-10 07:00:00,17.87481456572267,17.39481456572267
synthetic_energy,energy,seasonal_naive,energy_1,2024-01-10 08:00:00,17.645063509461103,17.165063509461092
synthetic_energy,energy,seasonal_naive,energy_1,2024-01-10 09:00:00,17.267766952966376,16.787766952966376
synthetic_energy,energy,seasonal_naive,energy_1,2024-01-10 10:00:00,16.770000000000003,16.290000000000003
synthetic_energy,energy,seasonal_naive,energy_1,2024-01-10 11:00:00,16.18704761275632,15.707047612756302
synthetic_energy,energy,seasonal_naive,energy_1,2024-01-10 12:00:00,15.560000000000015,15.080000000000014
synthetic_energy,energy,seasonal_naive,energy_1,2024-01-10 13:00:00,14.93295238724371,14.452952387243707
synthetic_energy,energy,seasonal_naive,energy_1,2024-01-10 14:00:00,14.34999999999999,13.870000000000005
synthetic_energy,energy,seasonal_naive,energy_1,2024-01-10 15:00:00,13.852233047033636,13.372233047033646
synthetic_energy,energy,seasonal_naive,energy_1,2024-01-10 16:00:00,13.474936490538905,12.994936490538903
synthetic_energy,energy,seasonal_naive,energy_1,2024-01-10 17:00:00,13.245185434277328,12.765185434277328
synthetic_energy,energy,seasonal_naive,energy_1,2024-01-10 18:00:00,13.18,12.7
synthetic_energy,energy,seasonal_naive,energy_1,2024-01-10 19:00:00,13.285185434277327,12.805185434277327
synthetic_energy,energy,seasonal_naive,energy_1,2024-01-10 20:00:00,13.5549364905389,13.074936490538903
synthetic_energy,energy,seasonal_naive,energy_1,2024-01-10 21:00:00,13.972233047033619,13.492233047033633
synthetic_energy,energy,seasonal_naive,energy_1,2024-01-10 22:00:00,14.50999999999999,14.02999999999999
synthetic_energy,energy,seasonal_naive,energy_1,2024-01-10 23:00:00,15.132952387243687,14.65295238724369
synthetic_energy,energy,moving_average,energy_0,2024-01-10 00:00:00,14.319999999999995,14.07
synthetic_energy,energy,moving_average,energy_0,2024-01-10 01:00:00,14.987047612756283,14.07
synthetic_energy,energy,moving_average,energy_0,2024-01-10 02:00:00,15.609999999999985,14.07
synthetic_energy,energy,moving_average,energy_0,2024-01-10 03:00:00,16.14776695296637,14.07
synthetic_energy,energy,moving_average,energy_0,2024-01-10 04:00:00,16.5650635094611,14.07
synthetic_energy,energy,moving_average,energy_0,2024-01-10 05:00:00,16.834814565722667,14.07
synthetic_energy,energy,moving_average,energy_0,2024-01-10 06:00:00,16.94,14.07
synthetic_energy,energy,moving_average,energy_0,2024-01-10 07:00:00,16.87481456572267,14.07
synthetic_energy,energy,moving_average,energy_0,2024-01-10 08:00:00,16.645063509461103,14.07
synthetic_energy,energy,moving_average,energy_0,2024-01-10 09:00:00,16.267766952966376,14.07
synthetic_energy,energy,moving_average,energy_0,2024-01-10 10:00:00,15.770000000000003,14.07
synthetic_energy,energy,moving_average,energy_0,2024-01-10 11:00:00,15.18704761275632,14.07
synthetic_energy,energy,moving_average,energy_0,2024-01-10 12:00:00,14.560000000000015,14.07
synthetic_energy,energy,moving_average,energy_0,2024-01-10 13:00:00,13.93295238724371,14.07
synthetic_energy,energy,moving_average,energy_0,2024-01-10 14:00:00,13.34999999999999,14.07
synthetic_energy,energy,moving_average,energy_0,2024-01-10 15:00:00,12.852233047033636,14.07
synthetic_energy,energy,moving_average,energy_0,2024-01-10 16:00:00,12.474936490538903,14.07
synthetic_energy,energy,moving_average,energy_0,2024-01-10 17:00:00,12.245185434277328,14.07
synthetic_energy,energy,moving_average,energy_0,2024-01-10 18:00:00,12.18,14.07
synthetic_energy,energy,moving_average,energy_0,2024-01-10 19:00:00,12.285185434277327,14.07
synthetic_energy,energy,moving_average,energy_0,2024-01-10 20:00:00,12.554936490538902,14.07
synthetic_energy,energy,moving_average,energy_0,2024-01-10 21:00:00,12.972233047033619,14.07
synthetic_energy,energy,moving_average,energy_0,2024-01-10 22:00:00,13.50999999999999,14.07
synthetic_energy,energy,moving_average,energy_0,2024-01-10 23:00:00,14.132952387243687,14.07
synthetic_energy,energy,moving_average,energy_1,2024-01-10 00:00:00,15.319999999999995,15.07
synthetic_energy,energy,moving_average,energy_1,2024-01-10 01:00:00,15.987047612756283,15.07
synthetic_energy,energy,moving_average,energy_1,2024-01-10 02:00:00,16.609999999999985,15.07
synthetic_energy,energy,moving_average,energy_1,2024-01-10 03:00:00,17.14776695296637,15.07
synthetic_energy,energy,moving_average,energy_1,2024-01-10 04:00:00,17.5650635094611,15.07
synthetic_energy,energy,moving_average,energy_1,2024-01-10 05:00:00,17.834814565722667,15.07
synthetic_energy,energy,moving_average,energy_1,2024-01-10 06:00:00,17.94,15.07
synthetic_energy,energy,moving_average,energy_1,2024-01-10 07:00:00,17.87481456572267,15.07
synthetic_energy,energy,moving_average,energy_1,2024-01-10 08:00:00,17.645063509461103,15.07
synthetic_energy,energy,moving_average,energy_1,2024-01-10 09:00:00,17.267766952966376,15.07
synthetic_energy,energy,moving_average,energy_1,2024-01-10 10:00:00,16.770000000000003,15.07
synthetic_energy,energy,moving_average,energy_1,2024-01-10 11:00:00,16.18704761275632,15.07
synthetic_energy,energy,moving_average,energy_1,2024-01-10 12:00:00,15.560000000000015,15.07
synthetic_energy,energy,moving_average,energy_1,2024-01-10 13:00:00,14.93295238724371,15.07
synthetic_energy,energy,moving_average,energy_1,2024-01-10 14:00:00,14.34999999999999,15.07
synthetic_energy,energy,moving_average,energy_1,2024-01-10 15:00:00,13.852233047033636,15.07
synthetic_energy,energy,moving_average,energy_1,2024-01-10 16:00:00,13.474936490538905,15.07
synthetic_energy,energy,moving_average,energy_1,2024-01-10 17:00:00,13.245185434277328,15.07
synthetic_energy,energy,moving_average,energy_1,2024-01-10 18:00:00,13.18,15.07
synthetic_energy,energy,moving_average,energy_1,2024-01-10 19:00:00,13.285185434277327,15.07
synthetic_energy,energy,moving_average,energy_1,2024-01-10 20:00:00,13.5549364905389,15.07
synthetic_energy,energy,moving_average,energy_1,2024-01-10 21:00:00,13.972233047033619,15.07
synthetic_energy,energy,moving_average,energy_1,2024-01-10 22:00:00,14.50999999999999,15.07
synthetic_energy,energy,moving_average,energy_1,2024-01-10 23:00:00,15.132952387243687,15.07
synthetic_energy,energy,linear_trend,energy_0,2024-01-10 00:00:00,14.319999999999995,14.02173740395058
synthetic_energy,energy,linear_trend,energy_0,2024-01-10 01:00:00,14.987047612756283,14.038646599846441
synthetic_energy,energy,linear_trend,energy_0,2024-01-10 02:00:00,15.609999999999985,14.0555557957423
synthetic_energy,energy,linear_trend,energy_0,2024-01-10 03:00:00,16.14776695296637,14.072464991638162
synthetic_energy,energy,linear_trend,energy_0,2024-01-10 04:00:00,16.5650635094611,14.089374187534023
synthetic_energy,energy,linear_trend,energy_0,2024-01-10 05:00:00,16.834814565722667,14.106283383429885
synthetic_energy,energy,linear_trend,energy_0,2024-01-10 06:00:00,16.94,14.123192579325746
synthetic_energy,energy,linear_trend,energy_0,2024-01-10 07:00:00,16.87481456572267,14.140101775221606
synthetic_energy,energy,linear_trend,energy_0,2024-01-10 08:00:00,16.645063509461103,14.157010971117467
synthetic_energy,energy,linear_trend,energy_0,2024-01-10 09:00:00,16.267766952966376,14.173920167013328
synthetic_energy,energy,linear_trend,energy_0,2024-01-10 10:00:00,15.770000000000003,14.190829362909188
synthetic_energy,energy,linear_trend,energy_0,2024-01-10 11:00:00,15.18704761275632,14.20773855880505
synthetic_energy,energy,linear_trend,energy_0,2024-01-10 12:00:00,14.560000000000015,14.22464775470091
synthetic_energy,energy,linear_trend,energy_0,2024-01-10 13:00:00,13.93295238724371,14.241556950596772
synthetic_energy,energy,linear_trend,energy_0,2024-01-10 14:00:00,13.34999999999999,14.258466146492633
synthetic_energy,energy,linear_trend,energy_0,2024-01-10 15:00:00,12.852233047033636,14.275375342388493
synthetic_energy,energy,linear_trend,energy_0,2024-01-10 16:00:00,12.474936490538903,14.292284538284354
synthetic_energy,energy,linear_trend,energy_0,2024-01-10 17:00:00,12.245185434277328,14.309193734180216
synthetic_energy,energy,linear_trend,energy_0,2024-01-10 18:00:00,12.18,14.326102930076075
synthetic_energy,energy,linear_trend,energy_0,2024-01-10 19:00:00,12.285185434277327,14.343012125971937
synthetic_energy,energy,linear_trend,energy_0,2024-01-10 20:00:00,12.554936490538902,14.359921321867798
synthetic_energy,energy,linear_trend,energy_0,2024-01-10 21:00:00,12.972233047033619,14.37683051776366
synthetic_energy,energy,linear_trend,energy_0,2024-01-10 22:00:00,13.50999999999999,14.39373971365952
synthetic_energy,energy,linear_trend,energy_0,2024-01-10 23:00:00,14.132952387243687,14.41064890955538
synthetic_energy,energy,linear_trend,energy_1,2024-01-10 00:00:00,15.319999999999995,15.021737403950581
synthetic_energy,energy,linear_trend,energy_1,2024-01-10 01:00:00,15.987047612756283,15.038646599846441
synthetic_energy,energy,linear_trend,energy_1,2024-01-10 02:00:00,16.609999999999985,15.055555795742302
synthetic_energy,energy,linear_trend,energy_1,2024-01-10 03:00:00,17.14776695296637,15.072464991638164
synthetic_energy,energy,linear_trend,energy_1,2024-01-10 04:00:00,17.5650635094611,15.089374187534023
synthetic_energy,energy,linear_trend,energy_1,2024-01-10 05:00:00,17.834814565722667,15.106283383429885
synthetic_energy,energy,linear_trend,energy_1,2024-01-10 06:00:00,17.94,15.123192579325746
synthetic_energy,energy,linear_trend,energy_1,2024-01-10 07:00:00,17.87481456572267,15.140101775221607
synthetic_energy,energy,linear_trend,energy_1,2024-01-10 08:00:00,17.645063509461103,15.157010971117469
synthetic_energy,energy,linear_trend,energy_1,2024-01-10 09:00:00,17.267766952966376,15.173920167013328
synthetic_energy,energy,linear_trend,energy_1,2024-01-10 10:00:00,16.770000000000003,15.19082936290919
synthetic_energy,energy,linear_trend,energy_1,2024-01-10 11:00:00,16.18704761275632,15.207738558805051
synthetic_energy,energy,linear_trend,energy_1,2024-01-10 12:00:00,15.560000000000015,15.22464775470091
synthetic_energy,energy,linear_trend,energy_1,2024-01-10 13:00:00,14.93295238724371,15.241556950596772
synthetic_energy,energy,linear_trend,energy_1,2024-01-10 14:00:00,14.34999999999999,15.258466146492633
synthetic_energy,energy,linear_trend,energy_1,2024-01-10 15:00:00,13.852233047033636,15.275375342388495
synthetic_energy,energy,linear_trend,energy_1,2024-01-10 16:00:00,13.474936490538905,15.292284538284356
synthetic_energy,energy,linear_trend,energy_1,2024-01-10 17:00:00,13.245185434277328,15.309193734180216
synthetic_energy,energy,linear_trend,energy_1,2024-01-10 18:00:00,13.18,15.326102930076077
synthetic_energy,energy,linear_trend,energy_1,2024-01-10 19:00:00,13.285185434277327,15.343012125971939
synthetic_energy,energy,linear_trend,energy_1,2024-01-10 20:00:00,13.5549364905389,15.3599213218678
synthetic_energy,energy,linear_trend,energy_1,2024-01-10 21:00:00,13.972233047033619,15.376830517763661
synthetic_energy,energy,linear_trend,energy_1,2024-01-10 22:00:00,14.50999999999999,15.39373971365952
synthetic_energy,energy,linear_trend,energy_1,2024-01-10 23:00:00,15.132952387243687,15.410648909555382
synthetic_energy,energy,ridge_ar,energy_0,2024-01-10 00:00:00,14.319999999999995,14.326520225617227
synthetic_energy,energy,ridge_ar,energy_0,2024-01-10 01:00:00,14.987047612756283,14.9943737257058
synthetic_energy,energy,ridge_ar,energy_0,2024-01-10 02:00:00,15.609999999999985,15.615441204077474
synthetic_energy,energy,ridge_ar,energy_0,2024-01-10 03:00:00,16.14776695296637,16.14881523581761
synthetic_energy,energy,ridge_ar,energy_0,2024-01-10 04:00:00,16.5650635094611,16.56024775177741
synthetic_energy,energy,ridge_ar,energy_0,2024-01-10 05:00:00,16.834814565722667,16.82492515069746
synthetic_energy,energy,ridge_ar,energy_0,2024-01-10 06:00:00,16.94,16.927542187784063
synthetic_energy,energy,ridge_ar,energy_0,2024-01-10 07:00:00,16.87481456572267,16.8631790480258
synthetic_energy,energy,ridge_ar,energy_0,2024-01-10 08:00:00,16.645063509461103,16.637515118516
synthetic_energy,energy,ridge_ar,energy_0,2024-01-10 09:00:00,16.267766952966376,16.266606318738095
synthetic_energy,energy,ridge_ar,energy_0,2024-01-10 10:00:00,15.770000000000003,15.776161542752913
synthetic_energy,energy,ridge_ar,energy_0,2024-01-10 11:00:00,15.18704761275632,15.200104809214096
synthetic_energy,energy,ridge_ar,energy_0,2024-01-10 12:00:00,14.560000000000015,14.578461637290864
synthetic_energy,energy,ridge_ar,energy_0,2024-01-10 13:00:00,13.93295238724371,13.95471083860629
synthetic_energy,energy,ridge_ar,energy_0,2024-01-10 14:00:00,13.34999999999999,13.372818276127468
synthetic_energy,energy,ridge_ar,energy_0,2024-01-10 15:00:00,12.852233047033636,12.874200803478182
synthetic_energy,energy,ridge_ar,energy_0,2024-01-10 16:00:00,12.474936490538903,12.494854265064728
synthetic_energy,energy,ridge_ar,energy_0,2024-01-10 17:00:00,12.245185434277328,12.262846022042808
synthetic_energy,energy,ridge_ar,energy_0,2024-01-10 18:00:00,12.18,12.196328323416388
synthetic_energy,energy,ridge_ar,energy_0,2024-01-10 19:00:00,12.285185434277327,12.302181114547691
synthetic_energy,energy,ridge_ar,energy_0,2024-01-10 20:00:00,12.554936490538902,12.575351950806471
synthetic_energy,energy,ridge_ar,energy_0,2024-01-10 21:00:00,12.972233047033619,12.998940340111822
synthetic_energy,energy,ridge_ar,energy_0,2024-01-10 22:00:00,13.50999999999999,13.545083999618997
synthetic_energy,energy,ridge_ar,energy_0,2024-01-10 23:00:00,14.132952387243687,14.176729421639822
synthetic_energy,energy,ridge_ar,energy_1,2024-01-10 00:00:00,15.319999999999995,15.326520225617227
synthetic_energy,energy,ridge_ar,energy_1,2024-01-10 01:00:00,15.987047612756283,15.994373725705799
synthetic_energy,energy,ridge_ar,energy_1,2024-01-10 02:00:00,16.609999999999985,16.615441204077474
synthetic_energy,energy,ridge_ar,energy_1,2024-01-10 03:00:00,17.14776695296637,17.14881523581761
synthetic_energy,energy,ridge_ar,energy_1,2024-01-10 04:00:00,17.5650635094611,17.56024775177741
synthetic_energy,energy,ridge_ar,energy_1,2024-01-10 05:00:00,17.834814565722667,17.82492515069746
synthetic_energy,energy,ridge_ar,energy_1,2024-01-10 06:00:00,17.94,17.927542187784063
synthetic_energy,energy,ridge_ar,energy_1,2024-01-10 07:00:00,17.87481456572267,17.8631790480258
synthetic_energy,energy,ridge_ar,energy_1,2024-01-10 08:00:00,17.645063509461103,17.637515118515996
synthetic_energy,energy,ridge_ar,energy_1,2024-01-10 09:00:00,17.267766952966376,17.266606318738095
synthetic_energy,energy,ridge_ar,energy_1,2024-01-10 10:00:00,16.770000000000003,16.776161542752913
synthetic_energy,energy,ridge_ar,energy_1,2024-01-10 11:00:00,16.18704761275632,16.200104809214096
synthetic_energy,energy,ridge_ar,energy_1,2024-01-10 12:00:00,15.560000000000015,15.578461637290864
synthetic_energy,energy,ridge_ar,energy_1,2024-01-10 13:00:00,14.93295238724371,14.954710838606289
synthetic_energy,energy,ridge_ar,energy_1,2024-01-10 14:00:00,14.34999999999999,14.372818276127468
synthetic_energy,energy,ridge_ar,energy_1,2024-01-10 15:00:00,13.852233047033636,13.874200803478182
synthetic_energy,energy,ridge_ar,energy_1,2024-01-10 16:00:00,13.474936490538905,13.494854265064728
synthetic_energy,energy,ridge_ar,energy_1,2024-01-10 17:00:00,13.245185434277328,13.262846022042806
synthetic_energy,energy,ridge_ar,energy_1,2024-01-10 18:00:00,13.18,13.196328323416386
synthetic_energy,energy,ridge_ar,energy_1,2024-01-10 19:00:00,13.285185434277327,13.30218111454769
synthetic_energy,energy,ridge_ar,energy_1,2024-01-10 20:00:00,13.5549364905389,13.57535195080647
synthetic_energy,energy,ridge_ar,energy_1,2024-01-10 21:00:00,13.972233047033619,13.998940340111822
synthetic_energy,energy,ridge_ar,energy_1,2024-01-10 22:00:00,14.50999999999999,14.545083999618996
synthetic_energy,energy,ridge_ar,energy_1,2024-01-10 23:00:00,15.132952387243687,15.17672942163982
synthetic_energy,energy,hist_gradient_boosting_ar,energy_0,2024-01-10 00:00:00,14.319999999999995,14.353368709079952
synthetic_energy,energy,hist_gradient_boosting_ar,energy_0,2024-01-10 01:00:00,14.987047612756283,14.997836043409194
synthetic_energy,energy,hist_gradient_boosting_ar,energy_0,2024-01-10 02:00:00,15.609999999999985,15.662101408460481
synthetic_energy,energy,hist_gradient_boosting_ar,energy_0,2024-01-10 03:00:00,16.14776695296637,16.082996532046288
synthetic_energy,energy,hist_gradient_boosting_ar,energy_0,2024-01-10 04:00:00,16.5650635094611,16.132202552495762
synthetic_energy,energy,hist_gradient_boosting_ar,energy_0,2024-01-10 05:00:00,16.834814565722667,16.132202552495762
synthetic_energy,energy,hist_gradient_boosting_ar,energy_0,2024-01-10 06:00:00,16.94,16.132202552495762
synthetic_energy,energy,hist_gradient_boosting_ar,energy_0,2024-01-10 07:00:00,16.87481456572267,16.132202552495762
synthetic_energy,energy,hist_gradient_boosting_ar,energy_0,2024-01-10 08:00:00,16.645063509461103,16.132202552495762
synthetic_energy,energy,hist_gradient_boosting_ar,energy_0,2024-01-10 09:00:00,16.267766952966376,16.132202552495762
synthetic_energy,energy,hist_gradient_boosting_ar,energy_0,2024-01-10 10:00:00,15.770000000000003,16.132202552495762
synthetic_energy,energy,hist_gradient_boosting_ar,energy_0,2024-01-10 11:00:00,15.18704761275632,15.3160443455842
synthetic_energy,energy,hist_gradient_boosting_ar,energy_0,2024-01-10 12:00:00,14.560000000000015,14.58006446414296
synthetic_energy,energy,hist_gradient_boosting_ar,energy_0,2024-01-10 13:00:00,13.93295238724371,14.003540613426164
synthetic_energy,energy,hist_gradient_boosting_ar,energy_0,2024-01-10 14:00:00,13.34999999999999,13.386233730947966
synthetic_energy,energy,hist_gradient_boosting_ar,energy_0,2024-01-10 15:00:00,12.852233047033636,12.870464839801016
synthetic_energy,energy,hist_gradient_boosting_ar,energy_0,2024-01-10 16:00:00,12.474936490538903,12.487487300370725
synthetic_energy,energy,hist_gradient_boosting_ar,energy_0,2024-01-10 17:00:00,12.245185434277328,12.218352694198062
synthetic_energy,energy,hist_gradient_boosting_ar,energy_0,2024-01-10 18:00:00,12.18,12.165315814947459
synthetic_energy,energy,hist_gradient_boosting_ar,energy_0,2024-01-10 19:00:00,12.285185434277327,12.314945920241865
synthetic_energy,energy,hist_gradient_boosting_ar,energy_0,2024-01-10 20:00:00,12.554936490538902,12.54750487211579
synthetic_energy,energy,hist_gradient_boosting_ar,energy_0,2024-01-10 21:00:00,12.972233047033619,12.972833141686818
synthetic_energy,energy,hist_gradient_boosting_ar,energy_0,2024-01-10 22:00:00,13.50999999999999,13.578283993501048
synthetic_energy,energy,hist_gradient_boosting_ar,energy_0,2024-01-10 23:00:00,14.132952387243687,14.193992903242394
synthetic_energy,energy,hist_gradient_boosting_ar,energy_1,2024-01-10 00:00:00,15.319999999999995,15.353368709079952
synthetic_energy,energy,hist_gradient_boosting_ar,energy_1,2024-01-10 01:00:00,15.987047612756283,15.997836043409194
synthetic_energy,energy,hist_gradient_boosting_ar,energy_1,2024-01-10 02:00:00,16.609999999999985,16.66210140846048
synthetic_energy,energy,hist_gradient_boosting_ar,energy_1,2024-01-10 03:00:00,17.14776695296637,17.082996532046288
synthetic_energy,energy,hist_gradient_boosting_ar,energy_1,2024-01-10 04:00:00,17.5650635094611,17.132202552495762
synthetic_energy,energy,hist_gradient_boosting_ar,energy_1,2024-01-10 05:00:00,17.834814565722667,17.132202552495762
synthetic_energy,energy,hist_gradient_boosting_ar,energy_1,2024-01-10 06:00:00,17.94,17.132202552495762
synthetic_energy,energy,hist_gradient_boosting_ar,energy_1,2024-01-10 07:00:00,17.87481456572267,17.132202552495762
synthetic_energy,energy,hist_gradient_boosting_ar,energy_1,2024-01-10 08:00:00,17.645063509461103,17.132202552495762
synthetic_energy,energy,hist_gradient_boosting_ar,energy_1,2024-01-10 09:00:00,17.267766952966376,17.132202552495762
synthetic_energy,energy,hist_gradient_boosting_ar,energy_1,2024-01-10 10:00:00,16.770000000000003,17.132202552495762
synthetic_energy,energy,hist_gradient_boosting_ar,energy_1,2024-01-10 11:00:00,16.18704761275632,16.3160443455842
synthetic_energy,energy,hist_gradient_boosting_ar,energy_1,2024-01-10 12:00:00,15.560000000000015,15.58006446414296
synthetic_energy,energy,hist_gradient_boosting_ar,energy_1,2024-01-10 13:00:00,14.93295238724371,15.003540613426164
synthetic_energy,energy,hist_gradient_boosting_ar,energy_1,2024-01-10 14:00:00,14.34999999999999,14.386233730947966
synthetic_energy,energy,hist_gradient_boosting_ar,energy_1,2024-01-10 15:00:00,13.852233047033636,13.870464839801016
synthetic_energy,energy,hist_gradient_boosting_ar,energy_1,2024-01-10 16:00:00,13.474936490538905,13.487487300370725
synthetic_energy,energy,hist_gradient_boosting_ar,energy_1,2024-01-10 17:00:00,13.245185434277328,13.218352694198062
synthetic_energy,energy,hist_gradient_boosting_ar,energy_1,2024-01-10 18:00:00,13.18,13.165315814947459
synthetic_energy,energy,hist_gradient_boosting_ar,energy_1,2024-01-10 19:00:00,13.285185434277327,13.314945920241865
synthetic_energy,energy,hist_gradient_boosting_ar,energy_1,2024-01-10 20:00:00,13.5549364905389,13.54750487211579
synthetic_energy,energy,hist_gradient_boosting_ar,energy_1,2024-01-10 21:00:00,13.972233047033619,13.972833141686818
synthetic_energy,energy,hist_gradient_boosting_ar,energy_1,2024-01-10 22:00:00,14.50999999999999,14.578283993501048
synthetic_energy,energy,hist_gradient_boosting_ar,energy_1,2024-01-10 23:00:00,15.132952387243687,15.193992903242394
synthetic_energy,energy,lightgbm_ar,energy_0,2024-01-10 00:00:00,14.319999999999995,14.323000993943968
synthetic_energy,energy,lightgbm_ar,energy_0,2024-01-10 01:00:00,14.987047612756283,15.030219557263203
synthetic_energy,energy,lightgbm_ar,energy_0,2024-01-10 02:00:00,15.609999999999985,15.65535469656087
synthetic_energy,energy,lightgbm_ar,energy_0,2024-01-10 03:00:00,16.14776695296637,16.162233778469286
synthetic_energy,energy,lightgbm_ar,energy_0,2024-01-10 04:00:00,16.5650635094611,16.335740630572417
synthetic_energy,energy,lightgbm_ar,energy_0,2024-01-10 05:00:00,16.834814565722667,16.346682607195543
synthetic_energy,energy,lightgbm_ar,energy_0,2024-01-10 06:00:00,16.94,16.362001276214844
synthetic_energy,energy,lightgbm_ar,energy_0,2024-01-10 07:00:00,16.87481456572267,16.362001276214844
synthetic_energy,energy,lightgbm_ar,energy_0,2024-01-10 08:00:00,16.645063509461103,16.301974873772938
synthetic_energy,energy,lightgbm_ar,energy_0,2024-01-10 09:00:00,16.267766952966376,16.301974873772938
synthetic_energy,energy,lightgbm_ar,energy_0,2024-01-10 10:00:00,15.770000000000003,15.841766340381056
synthetic_energy,energy,lightgbm_ar,energy_0,2024-01-10 11:00:00,15.18704761275632,15.217354557715188
synthetic_energy,energy,lightgbm_ar,energy_0,2024-01-10 12:00:00,14.560000000000015,14.546918078406119
synthetic_energy,energy,lightgbm_ar,energy_0,2024-01-10 13:00:00,13.93295238724371,13.954372578950906
synthetic_energy,energy,lightgbm_ar,energy_0,2024-01-10 14:00:00,13.34999999999999,13.352321941987743
synthetic_energy,energy,lightgbm_ar,energy_0,2024-01-10 15:00:00,12.852233047033636,12.786388710429005
synthetic_energy,energy,lightgbm_ar,energy_0,2024-01-10 16:00:00,12.474936490538903,12.489165413590241
synthetic_energy,energy,lightgbm_ar,energy_0,2024-01-10 17:00:00,12.245185434277328,12.224896429774619
synthetic_energy,energy,lightgbm_ar,energy_0,2024-01-10 18:00:00,12.18,12.155509454356668
synthetic_energy,energy,lightgbm_ar,energy_0,2024-01-10 19:00:00,12.285185434277327,12.303886083552303
synthetic_energy,energy,lightgbm_ar,energy_0,2024-01-10 20:00:00,12.554936490538902,12.546487061311508
synthetic_energy,energy,lightgbm_ar,energy_0,2024-01-10 21:00:00,12.972233047033619,12.97229139640205
synthetic_energy,energy,lightgbm_ar,energy_0,2024-01-10 22:00:00,13.50999999999999,13.552634159867704
synthetic_energy,energy,lightgbm_ar,energy_0,2024-01-10 23:00:00,14.132952387243687,14.147911860383132
synthetic_energy,energy,lightgbm_ar,energy_1,2024-01-10 00:00:00,15.319999999999995,15.323000993943968
synthetic_energy,energy,lightgbm_ar,energy_1,2024-01-10 01:00:00,15.987047612756283,16.0302195572632
synthetic_energy,energy,lightgbm_ar,energy_1,2024-01-10 02:00:00,16.609999999999985,16.65535469656087
synthetic_energy,energy,lightgbm_ar,energy_1,2024-01-10 03:00:00,17.14776695296637,17.162233778469286
synthetic_energy,energy,lightgbm_ar,energy_1,2024-01-10 04:00:00,17.5650635094611,17.335740630572417
synthetic_energy,energy,lightgbm_ar,energy_1,2024-01-10 05:00:00,17.834814565722667,17.346682607195543
synthetic_energy,energy,lightgbm_ar,energy_1,2024-01-10 06:00:00,17.94,17.362001276214844
synthetic_energy,energy,lightgbm_ar,energy_1,2024-01-10 07:00:00,17.87481456572267,17.362001276214844
synthetic_energy,energy,lightgbm_ar,energy_1,2024-01-10 08:00:00,17.645063509461103,17.301974873772938
synthetic_energy,energy,lightgbm_ar,energy_1,2024-01-10 09:00:00,17.267766952966376,17.301974873772938
synthetic_energy,energy,lightgbm_ar,energy_1,2024-01-10 10:00:00,16.770000000000003,16.841766340381056
synthetic_energy,energy,lightgbm_ar,energy_1,2024-01-10 11:00:00,16.18704761275632,16.21735455771519
synthetic_energy,energy,lightgbm_ar,energy_1,2024-01-10 12:00:00,15.560000000000015,15.546918078406119
synthetic_energy,energy,lightgbm_ar,energy_1,2024-01-10 13:00:00,14.93295238724371,14.954372578950906
synthetic_energy,energy,lightgbm_ar,energy_1,2024-01-10 14:00:00,14.34999999999999,14.352321941987743
synthetic_energy,energy,lightgbm_ar,energy_1,2024-01-10 15:00:00,13.852233047033636,13.786388710429005
synthetic_energy,energy,lightgbm_ar,energy_1,2024-01-10 16:00:00,13.474936490538905,13.489165413590241
synthetic_energy,energy,lightgbm_ar,energy_1,2024-01-10 17:00:00,13.245185434277328,13.224896429774619
synthetic_energy,energy,lightgbm_ar,energy_1,2024-01-10 18:00:00,13.18,13.155509454356668
synthetic_energy,energy,lightgbm_ar,energy_1,2024-01-10 19:00:00,13.285185434277327,13.303886083552303
synthetic_energy,energy,lightgbm_ar,energy_1,2024-01-10 20:00:00,13.5549364905389,13.546487061311508
synthetic_energy,energy,lightgbm_ar,energy_1,2024-01-10 21:00:00,13.972233047033619,13.97229139640205
synthetic_energy,energy,lightgbm_ar,energy_1,2024-01-10 22:00:00,14.50999999999999,14.552634159867704
synthetic_energy,energy,lightgbm_ar,energy_1,2024-01-10 23:00:00,15.132952387243687,15.147911860383132
synthetic_energy,energy,xgboost_ar,energy_0,2024-01-10 00:00:00,14.319999999999995,14.243918388487616
synthetic_energy,energy,xgboost_ar,energy_0,2024-01-10 01:00:00,14.987047612756283,14.953156498299236
synthetic_energy,energy,xgboost_ar,energy_0,2024-01-10 02:00:00,15.609999999999985,15.602824337381684
synthetic_energy,energy,xgboost_ar,energy_0,2024-01-10 03:00:00,16.14776695296637,16.08125817023983
synthetic_energy,energy,xgboost_ar,energy_0,2024-01-10 04:00:00,16.5650635094611,16.433863032435504
synthetic_energy,energy,xgboost_ar,energy_0,2024-01-10 05:00:00,16.834814565722667,16.430383956096954
synthetic_energy,energy,xgboost_ar,energy_0,2024-01-10 06:00:00,16.94,16.430383956096954
synthetic_energy,energy,xgboost_ar,energy_0,2024-01-10 07:00:00,16.87481456572267,16.430383956096954
synthetic_energy,energy,xgboost_ar,energy_0,2024-01-10 08:00:00,16.645063509461103,16.430383956096954
synthetic_energy,energy,xgboost_ar,energy_0,2024-01-10 09:00:00,16.267766952966376,16.160016236137405
synthetic_energy,energy,xgboost_ar,energy_0,2024-01-10 10:00:00,15.770000000000003,15.68269813165422
synthetic_energy,energy,xgboost_ar,energy_0,2024-01-10 11:00:00,15.18704761275632,15.128177327027277
synthetic_energy,energy,xgboost_ar,energy_0,2024-01-10 12:00:00,14.560000000000015,14.538933011651707
synthetic_energy,energy,xgboost_ar,energy_0,2024-01-10 13:00:00,13.93295238724371,13.867053741622614
synthetic_energy,energy,xgboost_ar,energy_0,2024-01-10 14:00:00,13.34999999999999,13.267535813628875
synthetic_energy,energy,xgboost_ar,energy_0,2024-01-10 15:00:00,12.852233047033636,12.787230224630285
synthetic_energy,energy,xgboost_ar,energy_0,2024-01-10 16:00:00,12.474936490538903,12.400182493686936
synthetic_energy,energy,xgboost_ar,energy_0,2024-01-10 17:00:00,12.245185434277328,12.21337101932746
synthetic_energy,energy,xgboost_ar,energy_0,2024-01-10 18:00:00,12.18,12.160449150007281
synthetic_energy,energy,xgboost_ar,energy_0,2024-01-10 19:00:00,12.285185434277327,12.21337101932746
synthetic_energy,energy,xgboost_ar,energy_0,2024-01-10 20:00:00,12.554936490538902,12.55009194640415
synthetic_energy,energy,xgboost_ar,energy_0,2024-01-10 21:00:00,12.972233047033619,12.890952772328161
synthetic_energy,energy,xgboost_ar,energy_0,2024-01-10 22:00:00,13.50999999999999,13.452657608188202
synthetic_energy,energy,xgboost_ar,energy_0,2024-01-10 23:00:00,14.132952387243687,14.079091681186814
synthetic_energy,energy,xgboost_ar,energy_1,2024-01-10 00:00:00,15.319999999999995,15.243918388487616
synthetic_energy,energy,xgboost_ar,energy_1,2024-01-10 01:00:00,15.987047612756283,15.953156498299236
synthetic_energy,energy,xgboost_ar,energy_1,2024-01-10 02:00:00,16.609999999999985,16.602824337381684
synthetic_energy,energy,xgboost_ar,energy_1,2024-01-10 03:00:00,17.14776695296637,17.08125817023983
synthetic_energy,energy,xgboost_ar,energy_1,2024-01-10 04:00:00,17.5650635094611,17.433863032435504
synthetic_energy,energy,xgboost_ar,energy_1,2024-01-10 05:00:00,17.834814565722667,17.430383956096954
synthetic_energy,energy,xgboost_ar,energy_1,2024-01-10 06:00:00,17.94,17.430383956096954
synthetic_energy,energy,xgboost_ar,energy_1,2024-01-10 07:00:00,17.87481456572267,17.430383956096954
synthetic_energy,energy,xgboost_ar,energy_1,2024-01-10 08:00:00,17.645063509461103,17.430383956096954
synthetic_energy,energy,xgboost_ar,energy_1,2024-01-10 09:00:00,17.267766952966376,17.160016236137405
synthetic_energy,energy,xgboost_ar,energy_1,2024-01-10 10:00:00,16.770000000000003,16.68269813165422
synthetic_energy,energy,xgboost_ar,energy_1,2024-01-10 11:00:00,16.18704761275632,16.128177327027277
synthetic_energy,energy,xgboost_ar,energy_1,2024-01-10 12:00:00,15.560000000000015,15.538933011651707
synthetic_energy,energy,xgboost_ar,energy_1,2024-01-10 13:00:00,14.93295238724371,14.867053741622614
synthetic_energy,energy,xgboost_ar,energy_1,2024-01-10 14:00:00,14.34999999999999,14.267535813628875
synthetic_energy,energy,xgboost_ar,energy_1,2024-01-10 15:00:00,13.852233047033636,13.787230224630285
synthetic_energy,energy,xgboost_ar,energy_1,2024-01-10 16:00:00,13.474936490538905,13.400182493686936
synthetic_energy,energy,xgboost_ar,energy_1,2024-01-10 17:00:00,13.245185434277328,13.21337101932746
synthetic_energy,energy,xgboost_ar,energy_1,2024-01-10 18:00:00,13.18,13.160449150007281
synthetic_energy,energy,xgboost_ar,energy_1,2024-01-10 19:00:00,13.285185434277327,13.21337101932746
synthetic_energy,energy,xgboost_ar,energy_1,2024-01-10 20:00:00,13.5549364905389,13.55009194640415
synthetic_energy,energy,xgboost_ar,energy_1,2024-01-10 21:00:00,13.972233047033619,13.890952772328161
synthetic_energy,energy,xgboost_ar,energy_1,2024-01-10 22:00:00,14.50999999999999,14.452657608188202
synthetic_energy,energy,xgboost_ar,energy_1,2024-01-10 23:00:00,15.132952387243687,15.079091681186814
synthetic_energy,energy,tabpfn_ts,energy_0,2024-01-10 00:00:00,14.319999999999995,13.95766544342041
synthetic_energy,energy,tabpfn_ts,energy_0,2024-01-10 01:00:00,14.987047612756283,14.711981773376465
synthetic_energy,energy,tabpfn_ts,energy_0,2024-01-10 02:00:00,15.609999999999985,15.380267143249512
synthetic_energy,energy,tabpfn_ts,energy_0,2024-01-10 03:00:00,16.14776695296637,15.931305885314941
synthetic_energy,energy,tabpfn_ts,energy_0,2024-01-10 04:00:00,16.5650635094611,16.3587646484375
synthetic_energy,energy,tabpfn_ts,energy_0,2024-01-10 05:00:00,16.834814565722667,16.605514526367188
synthetic_energy,energy,tabpfn_ts,energy_0,2024-01-10 06:00:00,16.94,16.692949295043945
synthetic_energy,energy,tabpfn_ts,energy_0,2024-01-10 07:00:00,16.87481456572267,16.61669158935547
synthetic_energy,energy,tabpfn_ts,energy_0,2024-01-10 08:00:00,16.645063509461103,16.414173126220703
synthetic_energy,energy,tabpfn_ts,energy_0,2024-01-10 09:00:00,16.267766952966376,16.042356491088867
synthetic_energy,energy,tabpfn_ts,energy_0,2024-01-10 10:00:00,15.770000000000003,15.547475814819336
synthetic_energy,energy,tabpfn_ts,energy_0,2024-01-10 11:00:00,15.18704761275632,14.963736534118652
synthetic_energy,energy,tabpfn_ts,energy_0,2024-01-10 12:00:00,14.560000000000015,14.293868064880371
synthetic_energy,energy,tabpfn_ts,energy_0,2024-01-10 13:00:00,13.93295238724371,13.635479927062988
synthetic_energy,energy,tabpfn_ts,energy_0,2024-01-10 14:00:00,13.34999999999999,13.014054298400879
synthetic_energy,energy,tabpfn_ts,energy_0,2024-01-10 15:00:00,12.852233047033636,12.49024486541748
synthetic_energy,energy,tabpfn_ts,energy_0,2024-01-10 16:00:00,12.474936490538903,12.087282180786133
synthetic_energy,energy,tabpfn_ts,energy_0,2024-01-10 17:00:00,12.245185434277328,11.843714714050293
synthetic_energy,energy,tabpfn_ts,energy_0,2024-01-10 18:00:00,12.18,11.798174858093262
synthetic_energy,energy,tabpfn_ts,energy_0,2024-01-10 19:00:00,12.285185434277327,11.856871604919434
synthetic_energy,energy,tabpfn_ts,energy_0,2024-01-10 20:00:00,12.554936490538902,12.090906143188477
synthetic_energy,energy,tabpfn_ts,energy_0,2024-01-10 21:00:00,12.972233047033619,12.515143394470215
synthetic_energy,energy,tabpfn_ts,energy_0,2024-01-10 22:00:00,13.50999999999999,13.044133186340332
synthetic_energy,energy,tabpfn_ts,energy_0,2024-01-10 23:00:00,14.132952387243687,13.64989948272705
synthetic_energy,energy,tabpfn_ts,energy_1,2024-01-10 00:00:00,15.319999999999995,14.95766544342041
synthetic_energy,energy,tabpfn_ts,energy_1,2024-01-10 01:00:00,15.987047612756283,15.711981773376465
synthetic_energy,energy,tabpfn_ts,energy_1,2024-01-10 02:00:00,16.609999999999985,16.380266189575195
synthetic_energy,energy,tabpfn_ts,energy_1,2024-01-10 03:00:00,17.14776695296637,16.931306838989258
synthetic_energy,energy,tabpfn_ts,energy_1,2024-01-10 04:00:00,17.5650635094611,17.3587646484375
synthetic_energy,energy,tabpfn_ts,energy_1,2024-01-10 05:00:00,17.834814565722667,17.605514526367188
synthetic_energy,energy,tabpfn_ts,energy_1,2024-01-10 06:00:00,17.94,17.692949295043945
synthetic_energy,energy,tabpfn_ts,energy_1,2024-01-10 07:00:00,17.87481456572267,17.61669158935547
synthetic_energy,energy,tabpfn_ts,energy_1,2024-01-10 08:00:00,17.645063509461103,17.414173126220703
synthetic_energy,energy,tabpfn_ts,energy_1,2024-01-10 09:00:00,17.267766952966376,17.042356491088867
synthetic_energy,energy,tabpfn_ts,energy_1,2024-01-10 10:00:00,16.770000000000003,16.54747772216797
synthetic_energy,energy,tabpfn_ts,energy_1,2024-01-10 11:00:00,16.18704761275632,15.963736534118652
synthetic_energy,energy,tabpfn_ts,energy_1,2024-01-10 12:00:00,15.560000000000015,15.293868064880371
synthetic_energy,energy,tabpfn_ts,energy_1,2024-01-10 13:00:00,14.93295238724371,14.635479927062988
synthetic_energy,energy,tabpfn_ts,energy_1,2024-01-10 14:00:00,14.34999999999999,14.014054298400879
synthetic_energy,energy,tabpfn_ts,energy_1,2024-01-10 15:00:00,13.852233047033636,13.49024486541748
synthetic_energy,energy,tabpfn_ts,energy_1,2024-01-10 16:00:00,13.474936490538905,13.087282180786133
synthetic_energy,energy,tabpfn_ts,energy_1,2024-01-10 17:00:00,13.245185434277328,12.843714714050293
synthetic_energy,energy,tabpfn_ts,energy_1,2024-01-10 18:00:00,13.18,12.798174858093262
synthetic_energy,energy,tabpfn_ts,energy_1,2024-01-10 19:00:00,13.285185434277327,12.856871604919434
synthetic_energy,energy,tabpfn_ts,energy_1,2024-01-10 20:00:00,13.5549364905389,13.090906143188477
synthetic_energy,energy,tabpfn_ts,energy_1,2024-01-10 21:00:00,13.972233047033619,13.515143394470215
synthetic_energy,energy,tabpfn_ts,energy_1,2024-01-10 22:00:00,14.50999999999999,14.044133186340332
synthetic_energy,energy,tabpfn_ts,energy_1,2024-01-10 23:00:00,15.132952387243687,14.64989948272705
synthetic_traffic,traffic,dummy_mean,traffic_0,2024-01-10 00:00:00,32.92478373654545,30.35189805941707
synthetic_traffic,traffic,dummy_mean,traffic_0,2024-01-10 01:00:00,34.96832983968731,30.35189805941707
synthetic_traffic,traffic,dummy_mean,traffic_0,2024-01-10 02:00:00,36.86671841735838,30.35189805941707
synthetic_traffic,traffic,dummy_mean,traffic_0,2024-01-10 03:00:00,38.48850424041749,30.35189805941707
synthetic_traffic,traffic,dummy_mean,traffic_0,2024-01-10 04:00:00,39.720824476208136,30.35189805941707
synthetic_traffic,traffic,dummy_mean,traffic_0,2024-01-10 05:00:00,40.47709337792247,30.35189805941707
synthetic_traffic,traffic,dummy_mean,traffic_0,2024-01-10 06:00:00,40.702906603707255,30.35189805941707
synthetic_traffic,traffic,dummy_mean,traffic_0,2024-01-10 07:00:00,40.37975279082637,30.35189805941707
synthetic_traffic,traffic,dummy_mean,traffic_0,2024-01-10 08:00:00,39.526279441628844,30.35189805941707
synthetic_traffic,traffic,dummy_mean,traffic_0,2024-01-10 09:00:00,38.197026847177256,30.35189805941707
synthetic_traffic,traffic,dummy_mean,traffic_0,2024-01-10 10:00:00,36.478716322947996,30.35189805941707
synthetic_traffic,traffic,dummy_mean,traffic_0,2024-01-10 11:00:00,34.48434570012023,30.35189805941707
synthetic_traffic,traffic,dummy_mean,traffic_0,2024-01-10 12:00:00,32.345494447404135,30.35189805941707
synthetic_traffic,traffic,dummy_mean,traffic_0,2024-01-10 13:00:00,30.20336280861623,30.35189805941707
synthetic_traffic,traffic,dummy_mean,traffic_0,2024-01-10 14:00:00,28.19915561548945,30.35189805941707
synthetic_traffic,traffic,dummy_mean,traffic_0,2024-01-10 15:00:00,26.46446609406727,30.35189805941707
synthetic_traffic,traffic,dummy_mean,traffic_0,2024-01-10 16:00:00,25.11231498303725,30.35189805941707
synthetic_traffic,traffic,dummy_mean,traffic_0,2024-01-10 17:00:00,24.229455623521815,30.35189805941707
synthetic_traffic,traffic,dummy_mean,traffic_0,2024-01-10 18:00:00,23.870469405576202,30.35189805941707
synthetic_traffic,traffic,dummy_mean,traffic_0,2024-01-10 19:00:00,24.054053946407954,30.35189805941707
synthetic_traffic,traffic,dummy_mean,traffic_0,2024-01-10 20:00:00,24.761756943915355,30.35189805941707
synthetic_traffic,traffic,dummy_mean,traffic_0,2024-01-10 21:00:00,25.939241980053595,30.35189805941707
synthetic_traffic,traffic,dummy_mean,traffic_0,2024-01-10 22:00:00,27.499999999999968,30.35189805941707
synthetic_traffic,traffic,dummy_mean,traffic_0,2024-01-10 23:00:00,29.33125352399899,30.35189805941707
synthetic_traffic,traffic,dummy_mean,traffic_1,2024-01-10 00:00:00,33.92478373654545,31.35189805941707
synthetic_traffic,traffic,dummy_mean,traffic_1,2024-01-10 01:00:00,35.96832983968731,31.35189805941707
synthetic_traffic,traffic,dummy_mean,traffic_1,2024-01-10 02:00:00,37.86671841735838,31.35189805941707
synthetic_traffic,traffic,dummy_mean,traffic_1,2024-01-10 03:00:00,39.48850424041749,31.35189805941707
synthetic_traffic,traffic,dummy_mean,traffic_1,2024-01-10 04:00:00,40.720824476208136,31.35189805941707
synthetic_traffic,traffic,dummy_mean,traffic_1,2024-01-10 05:00:00,41.47709337792247,31.35189805941707
synthetic_traffic,traffic,dummy_mean,traffic_1,2024-01-10 06:00:00,41.702906603707255,31.35189805941707
synthetic_traffic,traffic,dummy_mean,traffic_1,2024-01-10 07:00:00,41.37975279082637,31.35189805941707
synthetic_traffic,traffic,dummy_mean,traffic_1,2024-01-10 08:00:00,40.526279441628844,31.35189805941707
synthetic_traffic,traffic,dummy_mean,traffic_1,2024-01-10 09:00:00,39.197026847177256,31.35189805941707
synthetic_traffic,traffic,dummy_mean,traffic_1,2024-01-10 10:00:00,37.478716322947996,31.35189805941707
synthetic_traffic,traffic,dummy_mean,traffic_1,2024-01-10 11:00:00,35.48434570012023,31.35189805941707
synthetic_traffic,traffic,dummy_mean,traffic_1,2024-01-10 12:00:00,33.345494447404135,31.35189805941707
synthetic_traffic,traffic,dummy_mean,traffic_1,2024-01-10 13:00:00,31.20336280861623,31.35189805941707
synthetic_traffic,traffic,dummy_mean,traffic_1,2024-01-10 14:00:00,29.19915561548945,31.35189805941707
synthetic_traffic,traffic,dummy_mean,traffic_1,2024-01-10 15:00:00,27.46446609406727,31.35189805941707
synthetic_traffic,traffic,dummy_mean,traffic_1,2024-01-10 16:00:00,26.11231498303725,31.35189805941707
synthetic_traffic,traffic,dummy_mean,traffic_1,2024-01-10 17:00:00,25.229455623521815,31.35189805941707
synthetic_traffic,traffic,dummy_mean,traffic_1,2024-01-10 18:00:00,24.870469405576202,31.35189805941707
synthetic_traffic,traffic,dummy_mean,traffic_1,2024-01-10 19:00:00,25.054053946407954,31.35189805941707
synthetic_traffic,traffic,dummy_mean,traffic_1,2024-01-10 20:00:00,25.761756943915355,31.35189805941707
synthetic_traffic,traffic,dummy_mean,traffic_1,2024-01-10 21:00:00,26.939241980053595,31.35189805941707
synthetic_traffic,traffic,dummy_mean,traffic_1,2024-01-10 22:00:00,28.499999999999968,31.35189805941707
synthetic_traffic,traffic,dummy_mean,traffic_1,2024-01-10 23:00:00,30.33125352399899,31.35189805941707
synthetic_traffic,traffic,seasonal_naive,traffic_0,2024-01-10 00:00:00,32.92478373654545,32.34549444740407
synthetic_traffic,traffic,seasonal_naive,traffic_0,2024-01-10 01:00:00,34.96832983968731,34.484345700120166
synthetic_traffic,traffic,seasonal_naive,traffic_0,2024-01-10 02:00:00,36.86671841735838,36.47871632294794
synthetic_traffic,traffic,seasonal_naive,traffic_0,2024-01-10 03:00:00,38.48850424041749,38.197026847177206
synthetic_traffic,traffic,seasonal_naive,traffic_0,2024-01-10 04:00:00,39.720824476208136,39.526279441628816
synthetic_traffic,traffic,seasonal_naive,traffic_0,2024-01-10 05:00:00,40.47709337792247,40.37975279082636
synthetic_traffic,traffic,seasonal_naive,traffic_0,2024-01-10 06:00:00,40.702906603707255,40.702906603707255
synthetic_traffic,traffic,seasonal_naive,traffic_0,2024-01-10 07:00:00,40.37975279082637,40.47709337792247
synthetic_traffic,traffic,seasonal_naive,traffic_0,2024-01-10 08:00:00,39.526279441628844,39.720824476208115
synthetic_traffic,traffic,seasonal_naive,traffic_0,2024-01-10 09:00:00,38.197026847177256,38.4885042404175
synthetic_traffic,traffic,seasonal_naive,traffic_0,2024-01-10 10:00:00,36.478716322947996,36.86671841735843
synthetic_traffic,traffic,seasonal_naive,traffic_0,2024-01-10 11:00:00,34.48434570012023,34.96832983968737
synthetic_traffic,traffic,seasonal_naive,traffic_0,2024-01-10 12:00:00,32.345494447404135,32.924783736545514
synthetic_traffic,traffic,seasonal_naive,traffic_0,2024-01-10 13:00:00,30.20336280861623,30.87714705887973
synthetic_traffic,traffic,seasonal_naive,traffic_0,2024-01-10 14:00:00,28.19915561548945,28.966492478675402
synthetic_traffic,traffic,seasonal_naive,traffic_0,2024-01-10 15:00:00,26.46446609406727,27.324282380187395
synthetic_traffic,traffic,seasonal_naive,traffic_0,2024-01-10 16:00:00,25.11231498303725,26.06340816126803
synthetic_traffic,traffic,seasonal_naive,traffic_0,2024-01-10 17:00:00,24.229455623521815,25.270495504052647
synthetic_traffic,traffic,seasonal_naive,traffic_0,2024-01-10 18:00:00,23.870469405576202,25.0
synthetic_traffic,traffic,seasonal_naive,traffic_0,2024-01-10 19:00:00,24.054053946407954,25.270495504052647
synthetic_traffic,traffic,seasonal_naive,traffic_0,2024-01-10 20:00:00,24.761756943915355,26.063408161268026
synthetic_traffic,traffic,seasonal_naive,traffic_0,2024-01-10 21:00:00,25.939241980053595,27.324282380187352
synthetic_traffic,traffic,seasonal_naive,traffic_0,2024-01-10 22:00:00,27.499999999999968,28.96649247867535
synthetic_traffic,traffic,seasonal_naive,traffic_0,2024-01-10 23:00:00,29.33125352399899,30.87714705887967
synthetic_traffic,traffic,seasonal_naive,traffic_1,2024-01-10 00:00:00,33.92478373654545,33.34549444740407
synthetic_traffic,traffic,seasonal_naive,traffic_1,2024-01-10 01:00:00,35.96832983968731,35.484345700120166
synthetic_traffic,traffic,seasonal_naive,traffic_1,2024-01-10 02:00:00,37.86671841735838,37.47871632294794
synthetic_traffic,traffic,seasonal_naive,traffic_1,2024-01-10 03:00:00,39.48850424041749,39.197026847177206
synthetic_traffic,traffic,seasonal_naive,traffic_1,2024-01-10 04:00:00,40.720824476208136,40.526279441628816
synthetic_traffic,traffic,seasonal_naive,traffic_1,2024-01-10 05:00:00,41.47709337792247,41.37975279082636
synthetic_traffic,traffic,seasonal_naive,traffic_1,2024-01-10 06:00:00,41.702906603707255,41.702906603707255
synthetic_traffic,traffic,seasonal_naive,traffic_1,2024-01-10 07:00:00,41.37975279082637,41.47709337792247
synthetic_traffic,traffic,seasonal_naive,traffic_1,2024-01-10 08:00:00,40.526279441628844,40.720824476208115
synthetic_traffic,traffic,seasonal_naive,traffic_1,2024-01-10 09:00:00,39.197026847177256,39.4885042404175
synthetic_traffic,traffic,seasonal_naive,traffic_1,2024-01-10 10:00:00,37.478716322947996,37.86671841735843
synthetic_traffic,traffic,seasonal_naive,traffic_1,2024-01-10 11:00:00,35.48434570012023,35.96832983968737
synthetic_traffic,traffic,seasonal_naive,traffic_1,2024-01-10 12:00:00,33.345494447404135,33.924783736545514
synthetic_traffic,traffic,seasonal_naive,traffic_1,2024-01-10 13:00:00,31.20336280861623,31.87714705887973
synthetic_traffic,traffic,seasonal_naive,traffic_1,2024-01-10 14:00:00,29.19915561548945,29.966492478675402
synthetic_traffic,traffic,seasonal_naive,traffic_1,2024-01-10 15:00:00,27.46446609406727,28.324282380187395
synthetic_traffic,traffic,seasonal_naive,traffic_1,2024-01-10 16:00:00,26.11231498303725,27.06340816126803
synthetic_traffic,traffic,seasonal_naive,traffic_1,2024-01-10 17:00:00,25.229455623521815,26.270495504052647
synthetic_traffic,traffic,seasonal_naive,traffic_1,2024-01-10 18:00:00,24.870469405576202,26.0
synthetic_traffic,traffic,seasonal_naive,traffic_1,2024-01-10 19:00:00,25.054053946407954,26.270495504052647
synthetic_traffic,traffic,seasonal_naive,traffic_1,2024-01-10 20:00:00,25.761756943915355,27.063408161268026
synthetic_traffic,traffic,seasonal_naive,traffic_1,2024-01-10 21:00:00,26.939241980053595,28.324282380187352
synthetic_traffic,traffic,seasonal_naive,traffic_1,2024-01-10 22:00:00,28.499999999999968,29.96649247867535
synthetic_traffic,traffic,seasonal_naive,traffic_1,2024-01-10 23:00:00,30.33125352399899,31.87714705887967
synthetic_traffic,traffic,moving_average,traffic_0,2024-01-10 00:00:00,32.92478373654545,32.81518447533656
synthetic_traffic,traffic,moving_average,traffic_0,2024-01-10 01:00:00,34.96832983968731,32.81518447533656
synthetic_traffic,traffic,moving_average,traffic_0,2024-01-10 02:00:00,36.86671841735838,32.81518447533656
synthetic_traffic,traffic,moving_average,traffic_0,2024-01-10 03:00:00,38.48850424041749,32.81518447533656
synthetic_traffic,traffic,moving_average,traffic_0,2024-01-10 04:00:00,39.720824476208136,32.81518447533656
synthetic_traffic,traffic,moving_average,traffic_0,2024-01-10 05:00:00,40.47709337792247,32.81518447533656
synthetic_traffic,traffic,moving_average,traffic_0,2024-01-10 06:00:00,40.702906603707255,32.81518447533656
synthetic_traffic,traffic,moving_average,traffic_0,2024-01-10 07:00:00,40.37975279082637,32.81518447533656
synthetic_traffic,traffic,moving_average,traffic_0,2024-01-10 08:00:00,39.526279441628844,32.81518447533656
synthetic_traffic,traffic,moving_average,traffic_0,2024-01-10 09:00:00,38.197026847177256,32.81518447533656
synthetic_traffic,traffic,moving_average,traffic_0,2024-01-10 10:00:00,36.478716322947996,32.81518447533656
synthetic_traffic,traffic,moving_average,traffic_0,2024-01-10 11:00:00,34.48434570012023,32.81518447533656
synthetic_traffic,traffic,moving_average,traffic_0,2024-01-10 12:00:00,32.345494447404135,32.81518447533656
synthetic_traffic,traffic,moving_average,traffic_0,2024-01-10 13:00:00,30.20336280861623,32.81518447533656
synthetic_traffic,traffic,moving_average,traffic_0,2024-01-10 14:00:00,28.19915561548945,32.81518447533656
synthetic_traffic,traffic,moving_average,traffic_0,2024-01-10 15:00:00,26.46446609406727,32.81518447533656
synthetic_traffic,traffic,moving_average,traffic_0,2024-01-10 16:00:00,25.11231498303725,32.81518447533656
synthetic_traffic,traffic,moving_average,traffic_0,2024-01-10 17:00:00,24.229455623521815,32.81518447533656
synthetic_traffic,traffic,moving_average,traffic_0,2024-01-10 18:00:00,23.870469405576202,32.81518447533656
synthetic_traffic,traffic,moving_average,traffic_0,2024-01-10 19:00:00,24.054053946407954,32.81518447533656
synthetic_traffic,traffic,moving_average,traffic_0,2024-01-10 20:00:00,24.761756943915355,32.81518447533656
synthetic_traffic,traffic,moving_average,traffic_0,2024-01-10 21:00:00,25.939241980053595,32.81518447533656
synthetic_traffic,traffic,moving_average,traffic_0,2024-01-10 22:00:00,27.499999999999968,32.81518447533656
synthetic_traffic,traffic,moving_average,traffic_0,2024-01-10 23:00:00,29.33125352399899,32.81518447533656
synthetic_traffic,traffic,moving_average,traffic_1,2024-01-10 00:00:00,33.92478373654545,33.81518447533656
synthetic_traffic,traffic,moving_average,traffic_1,2024-01-10 01:00:00,35.96832983968731,33.81518447533656
synthetic_traffic,traffic,moving_average,traffic_1,2024-01-10 02:00:00,37.86671841735838,33.81518447533656
synthetic_traffic,traffic,moving_average,traffic_1,2024-01-10 03:00:00,39.48850424041749,33.81518447533656
synthetic_traffic,traffic,moving_average,traffic_1,2024-01-10 04:00:00,40.720824476208136,33.81518447533656
synthetic_traffic,traffic,moving_average,traffic_1,2024-01-10 05:00:00,41.47709337792247,33.81518447533656
synthetic_traffic,traffic,moving_average,traffic_1,2024-01-10 06:00:00,41.702906603707255,33.81518447533656
synthetic_traffic,traffic,moving_average,traffic_1,2024-01-10 07:00:00,41.37975279082637,33.81518447533656
synthetic_traffic,traffic,moving_average,traffic_1,2024-01-10 08:00:00,40.526279441628844,33.81518447533656
synthetic_traffic,traffic,moving_average,traffic_1,2024-01-10 09:00:00,39.197026847177256,33.81518447533656
synthetic_traffic,traffic,moving_average,traffic_1,2024-01-10 10:00:00,37.478716322947996,33.81518447533656
synthetic_traffic,traffic,moving_average,traffic_1,2024-01-10 11:00:00,35.48434570012023,33.81518447533656
synthetic_traffic,traffic,moving_average,traffic_1,2024-01-10 12:00:00,33.345494447404135,33.81518447533656
synthetic_traffic,traffic,moving_average,traffic_1,2024-01-10 13:00:00,31.20336280861623,33.81518447533656
synthetic_traffic,traffic,moving_average,traffic_1,2024-01-10 14:00:00,29.19915561548945,33.81518447533656
synthetic_traffic,traffic,moving_average,traffic_1,2024-01-10 15:00:00,27.46446609406727,33.81518447533656
synthetic_traffic,traffic,moving_average,traffic_1,2024-01-10 16:00:00,26.11231498303725,33.81518447533656
synthetic_traffic,traffic,moving_average,traffic_1,2024-01-10 17:00:00,25.229455623521815,33.81518447533656
synthetic_traffic,traffic,moving_average,traffic_1,2024-01-10 18:00:00,24.870469405576202,33.81518447533656
synthetic_traffic,traffic,moving_average,traffic_1,2024-01-10 19:00:00,25.054053946407954,33.81518447533656
synthetic_traffic,traffic,moving_average,traffic_1,2024-01-10 20:00:00,25.761756943915355,33.81518447533656
synthetic_traffic,traffic,moving_average,traffic_1,2024-01-10 21:00:00,26.939241980053595,33.81518447533656
synthetic_traffic,traffic,moving_average,traffic_1,2024-01-10 22:00:00,28.499999999999968,33.81518447533656
synthetic_traffic,traffic,moving_average,traffic_1,2024-01-10 23:00:00,30.33125352399899,33.81518447533656
synthetic_traffic,traffic,linear_trend,traffic_0,2024-01-10 00:00:00,32.92478373654545,28.924238175021042
synthetic_traffic,traffic,linear_trend,traffic_0,2024-01-10 01:00:00,34.96832983968731,28.909443772073935
synthetic_traffic,traffic,linear_trend,traffic_0,2024-01-10 02:00:00,36.86671841735838,28.894649369126824
synthetic_traffic,traffic,linear_trend,traffic_0,2024-01-10 03:00:00,38.48850424041749,28.879854966179714
synthetic_traffic,traffic,linear_trend,traffic_0,2024-01-10 04:00:00,39.720824476208136,28.865060563232607
synthetic_traffic,traffic,linear_trend,traffic_0,2024-01-10 05:00:00,40.47709337792247,28.850266160285496
synthetic_traffic,traffic,linear_trend,traffic_0,2024-01-10 06:00:00,40.702906603707255,28.83547175733839
synthetic_traffic,traffic,linear_trend,traffic_0,2024-01-10 07:00:00,40.37975279082637,28.82067735439128
synthetic_traffic,traffic,linear_trend,traffic_0,2024-01-10 08:00:00,39.526279441628844,28.80588295144417
synthetic_traffic,traffic,linear_trend,traffic_0,2024-01-10 09:00:00,38.197026847177256,28.79108854849706
synthetic_traffic,traffic,linear_trend,traffic_0,2024-01-10 10:00:00,36.478716322947996,28.77629414554995
synthetic_traffic,traffic,linear_trend,traffic_0,2024-01-10 11:00:00,34.48434570012023,28.761499742602844
synthetic_traffic,traffic,linear_trend,traffic_0,2024-01-10 12:00:00,32.345494447404135,28.746705339655733
synthetic_traffic,traffic,linear_trend,traffic_0,2024-01-10 13:00:00,30.20336280861623,28.731910936708626
synthetic_traffic,traffic,linear_trend,traffic_0,2024-01-10 14:00:00,28.19915561548945,28.717116533761516
synthetic_traffic,traffic,linear_trend,traffic_0,2024-01-10 15:00:00,26.46446609406727,28.70232213081441
synthetic_traffic,traffic,linear_trend,traffic_0,2024-01-10 16:00:00,25.11231498303725,28.687527727867298
synthetic_traffic,traffic,linear_trend,traffic_0,2024-01-10 17:00:00,24.229455623521815,28.672733324920188
synthetic_traffic,traffic,linear_trend,traffic_0,2024-01-10 18:00:00,23.870469405576202,28.65793892197308
synthetic_traffic,traffic,linear_trend,traffic_0,2024-01-10 19:00:00,24.054053946407954,28.64314451902597
synthetic_traffic,traffic,linear_trend,traffic_0,2024-01-10 20:00:00,24.761756943915355,28.628350116078863
synthetic_traffic,traffic,linear_trend,traffic_0,2024-01-10 21:00:00,25.939241980053595,28.613555713131753
synthetic_traffic,traffic,linear_trend,traffic_0,2024-01-10 22:00:00,27.499999999999968,28.598761310184642
synthetic_traffic,traffic,linear_trend,traffic_0,2024-01-10 23:00:00,29.33125352399899,28.583966907237535
synthetic_traffic,traffic,linear_trend,traffic_1,2024-01-10 00:00:00,33.92478373654545,29.924238175021042
synthetic_traffic,traffic,linear_trend,traffic_1,2024-01-10 01:00:00,35.96832983968731,29.90944377207393
synthetic_traffic,traffic,linear_trend,traffic_1,2024-01-10 02:00:00,37.86671841735838,29.894649369126824
synthetic_traffic,traffic,linear_trend,traffic_1,2024-01-10 03:00:00,39.48850424041749,29.879854966179714
synthetic_traffic,traffic,linear_trend,traffic_1,2024-01-10 04:00:00,40.720824476208136,29.865060563232603
synthetic_traffic,traffic,linear_trend,traffic_1,2024-01-10 05:00:00,41.47709337792247,29.850266160285496
synthetic_traffic,traffic,linear_trend,traffic_1,2024-01-10 06:00:00,41.702906603707255,29.835471757338386
synthetic_traffic,traffic,linear_trend,traffic_1,2024-01-10 07:00:00,41.37975279082637,29.82067735439128
synthetic_traffic,traffic,linear_trend,traffic_1,2024-01-10 08:00:00,40.526279441628844,29.80588295144417
synthetic_traffic,traffic,linear_trend,traffic_1,2024-01-10 09:00:00,39.197026847177256,29.79108854849706
synthetic_traffic,traffic,linear_trend,traffic_1,2024-01-10 10:00:00,37.478716322947996,29.77629414554995
synthetic_traffic,traffic,linear_trend,traffic_1,2024-01-10 11:00:00,35.48434570012023,29.761499742602844
synthetic_traffic,traffic,linear_trend,traffic_1,2024-01-10 12:00:00,33.345494447404135,29.746705339655733
synthetic_traffic,traffic,linear_trend,traffic_1,2024-01-10 13:00:00,31.20336280861623,29.731910936708623
synthetic_traffic,traffic,linear_trend,traffic_1,2024-01-10 14:00:00,29.19915561548945,29.717116533761516
synthetic_traffic,traffic,linear_trend,traffic_1,2024-01-10 15:00:00,27.46446609406727,29.702322130814405
synthetic_traffic,traffic,linear_trend,traffic_1,2024-01-10 16:00:00,26.11231498303725,29.687527727867298
synthetic_traffic,traffic,linear_trend,traffic_1,2024-01-10 17:00:00,25.229455623521815,29.672733324920188
synthetic_traffic,traffic,linear_trend,traffic_1,2024-01-10 18:00:00,24.870469405576202,29.657938921973077
synthetic_traffic,traffic,linear_trend,traffic_1,2024-01-10 19:00:00,25.054053946407954,29.64314451902597
synthetic_traffic,traffic,linear_trend,traffic_1,2024-01-10 20:00:00,25.761756943915355,29.62835011607886
synthetic_traffic,traffic,linear_trend,traffic_1,2024-01-10 21:00:00,26.939241980053595,29.613555713131753
synthetic_traffic,traffic,linear_trend,traffic_1,2024-01-10 22:00:00,28.499999999999968,29.598761310184642
synthetic_traffic,traffic,linear_trend,traffic_1,2024-01-10 23:00:00,30.33125352399899,29.58396690723753
synthetic_traffic,traffic,ridge_ar,traffic_0,2024-01-10 00:00:00,32.92478373654545,32.7705372303176
synthetic_traffic,traffic,ridge_ar,traffic_0,2024-01-10 01:00:00,34.96832983968731,34.67568560667182
synthetic_traffic,traffic,ridge_ar,traffic_0,2024-01-10 02:00:00,36.86671841735838,36.42631250168709
synthetic_traffic,traffic,ridge_ar,traffic_0,2024-01-10 03:00:00,38.48850424041749,37.97129467286178
synthetic_traffic,traffic,ridge_ar,traffic_0,2024-01-10 04:00:00,39.720824476208136,39.186841870783894
synthetic_traffic,traffic,ridge_ar,traffic_0,2024-01-10 05:00:00,40.47709337792247,40.00253339638599
synthetic_traffic,traffic,ridge_ar,traffic_0,2024-01-10 06:00:00,40.702906603707255,40.338432640915734
synthetic_traffic,traffic,ridge_ar,traffic_0,2024-01-10 07:00:00,40.37975279082637,40.15967451899601
synthetic_traffic,traffic,ridge_ar,traffic_0,2024-01-10 08:00:00,39.526279441628844,39.456297935765264
synthetic_traffic,traffic,ridge_ar,traffic_0,2024-01-10 09:00:00,38.197026847177256,38.26403034403596
synthetic_traffic,traffic,ridge_ar,traffic_0,2024-01-10 10:00:00,36.478716322947996,36.65316681707999
synthetic_traffic,traffic,ridge_ar,traffic_0,2024-01-10 11:00:00,34.48434570012023,34.73014862809231
synthetic_traffic,traffic,ridge_ar,traffic_0,2024-01-10 12:00:00,32.345494447404135,32.625192234059185
synthetic_traffic,traffic,ridge_ar,traffic_0,2024-01-10 13:00:00,30.20336280861623,30.484008264529862
synthetic_traffic,traffic,ridge_ar,traffic_0,2024-01-10 14:00:00,28.19915561548945,28.454504814060154
synthetic_traffic,traffic,ridge_ar,traffic_0,2024-01-10 15:00:00,26.46446609406727,26.67612079865854
synthetic_traffic,traffic,ridge_ar,traffic_0,2024-01-10 16:00:00,25.11231498303725,25.26886473744879
synthetic_traffic,traffic,ridge_ar,traffic_0,2024-01-10 17:00:00,24.229455623521815,24.325239905233097
synthetic_traffic,traffic,ridge_ar,traffic_0,2024-01-10 18:00:00,23.870469405576202,23.904015241825043
synthetic_traffic,traffic,ridge_ar,traffic_0,2024-01-10 19:00:00,24.054053946407954,24.026973014148783
synthetic_traffic,traffic,ridge_ar,traffic_0,2024-01-10 20:00:00,24.761756943915355,24.67807148147538
synthetic_traffic,traffic,ridge_ar,traffic_0,2024-01-10 21:00:00,25.939241980053595,25.80523696519693
synthetic_traffic,traffic,ridge_ar,traffic_0,2024-01-10 22:00:00,27.499999999999968,27.324330058878505
synthetic_traffic,traffic,ridge_ar,traffic_0,2024-01-10 23:00:00,29.33125352399899,29.12510336595223
synthetic_traffic,traffic,ridge_ar,traffic_1,2024-01-10 00:00:00,33.92478373654545,33.7705372303176
synthetic_traffic,traffic,ridge_ar,traffic_1,2024-01-10 01:00:00,35.96832983968731,35.67568560667182
synthetic_traffic,traffic,ridge_ar,traffic_1,2024-01-10 02:00:00,37.86671841735838,37.42631250168709
synthetic_traffic,traffic,ridge_ar,traffic_1,2024-01-10 03:00:00,39.48850424041749,38.97129467286178
synthetic_traffic,traffic,ridge_ar,traffic_1,2024-01-10 04:00:00,40.720824476208136,40.186841870783894
synthetic_traffic,traffic,ridge_ar,traffic_1,2024-01-10 05:00:00,41.47709337792247,41.00253339638599
synthetic_traffic,traffic,ridge_ar,traffic_1,2024-01-10 06:00:00,41.702906603707255,41.338432640915734
synthetic_traffic,traffic,ridge_ar,traffic_1,2024-01-10 07:00:00,41.37975279082637,41.15967451899601
synthetic_traffic,traffic,ridge_ar,traffic_1,2024-01-10 08:00:00,40.526279441628844,40.456297935765264
synthetic_traffic,traffic,ridge_ar,traffic_1,2024-01-10 09:00:00,39.197026847177256,39.26403034403596
synthetic_traffic,traffic,ridge_ar,traffic_1,2024-01-10 10:00:00,37.478716322947996,37.65316681707999
synthetic_traffic,traffic,ridge_ar,traffic_1,2024-01-10 11:00:00,35.48434570012023,35.73014862809231
synthetic_traffic,traffic,ridge_ar,traffic_1,2024-01-10 12:00:00,33.345494447404135,33.625192234059185
synthetic_traffic,traffic,ridge_ar,traffic_1,2024-01-10 13:00:00,31.20336280861623,31.484008264529866
synthetic_traffic,traffic,ridge_ar,traffic_1,2024-01-10 14:00:00,29.19915561548945,29.454504814060154
synthetic_traffic,traffic,ridge_ar,traffic_1,2024-01-10 15:00:00,27.46446609406727,27.676120798658545
synthetic_traffic,traffic,ridge_ar,traffic_1,2024-01-10 16:00:00,26.11231498303725,26.268864737448794
synthetic_traffic,traffic,ridge_ar,traffic_1,2024-01-10 17:00:00,25.229455623521815,25.325239905233097
synthetic_traffic,traffic,ridge_ar,traffic_1,2024-01-10 18:00:00,24.870469405576202,24.904015241825043
synthetic_traffic,traffic,ridge_ar,traffic_1,2024-01-10 19:00:00,25.054053946407954,25.026973014148783
synthetic_traffic,traffic,ridge_ar,traffic_1,2024-01-10 20:00:00,25.761756943915355,25.67807148147538
synthetic_traffic,traffic,ridge_ar,traffic_1,2024-01-10 21:00:00,26.939241980053595,26.805236965196926
synthetic_traffic,traffic,ridge_ar,traffic_1,2024-01-10 22:00:00,28.499999999999968,28.324330058878505
synthetic_traffic,traffic,ridge_ar,traffic_1,2024-01-10 23:00:00,30.33125352399899,30.12510336595223
synthetic_traffic,traffic,hist_gradient_boosting_ar,traffic_0,2024-01-10 00:00:00,32.92478373654545,32.42198872266472
synthetic_traffic,traffic,hist_gradient_boosting_ar,traffic_0,2024-01-10 01:00:00,34.96832983968731,34.573826705261126
synthetic_traffic,traffic,hist_gradient_boosting_ar,traffic_0,2024-01-10 02:00:00,36.86671841735838,36.32841290936
synthetic_traffic,traffic,hist_gradient_boosting_ar,traffic_0,2024-01-10 03:00:00,38.48850424041749,38.20949896134934
synthetic_traffic,traffic,hist_gradient_boosting_ar,traffic_0,2024-01-10 04:00:00,39.720824476208136,38.74807002612429
synthetic_traffic,traffic,hist_gradient_boosting_ar,traffic_0,2024-01-10 05:00:00,40.47709337792247,38.91721262577346
synthetic_traffic,traffic,hist_gradient_boosting_ar,traffic_0,2024-01-10 06:00:00,40.702906603707255,38.798902958445964
synthetic_traffic,traffic,hist_gradient_boosting_ar,traffic_0,2024-01-10 07:00:00,40.37975279082637,38.438448013810465
synthetic_traffic,traffic,hist_gradient_boosting_ar,traffic_0,2024-01-10 08:00:00,39.526279441628844,38.67487375570805
synthetic_traffic,traffic,hist_gradient_boosting_ar,traffic_0,2024-01-10 09:00:00,38.197026847177256,38.91178095490717
synthetic_traffic,traffic,hist_gradient_boosting_ar,traffic_0,2024-01-10 10:00:00,36.478716322947996,38.93443599806854
synthetic_traffic,traffic,hist_gradient_boosting_ar,traffic_0,2024-01-10 11:00:00,34.48434570012023,37.34414126551238
synthetic_traffic,traffic,hist_gradient_boosting_ar,traffic_0,2024-01-10 12:00:00,32.345494447404135,35.248840406289474
synthetic_traffic,traffic,hist_gradient_boosting_ar,traffic_0,2024-01-10 13:00:00,30.20336280861623,33.21738548399581
synthetic_traffic,traffic,hist_gradient_boosting_ar,traffic_0,2024-01-10 14:00:00,28.19915561548945,30.796889081385714
synthetic_traffic,traffic,hist_gradient_boosting_ar,traffic_0,2024-01-10 15:00:00,26.46446609406727,28.80854338142372
synthetic_traffic,traffic,hist_gradient_boosting_ar,traffic_0,2024-01-10 16:00:00,25.11231498303725,26.944095083748977
synthetic_traffic,traffic,hist_gradient_boosting_ar,traffic_0,2024-01-10 17:00:00,24.229455623521815,25.16084717997989
synthetic_traffic,traffic,hist_gradient_boosting_ar,traffic_0,2024-01-10 18:00:00,23.870469405576202,23.83408684591945
synthetic_traffic,traffic,hist_gradient_boosting_ar,traffic_0,2024-01-10 19:00:00,24.054053946407954,22.98606751538271
synthetic_traffic,traffic,hist_gradient_boosting_ar,traffic_0,2024-01-10 20:00:00,24.761756943915355,22.820593667626277
synthetic_traffic,traffic,hist_gradient_boosting_ar,traffic_0,2024-01-10 21:00:00,25.939241980053595,22.857754492020575
synthetic_traffic,traffic,hist_gradient_boosting_ar,traffic_0,2024-01-10 22:00:00,27.499999999999968,25.118508039970866
synthetic_traffic,traffic,hist_gradient_boosting_ar,traffic_0,2024-01-10 23:00:00,29.33125352399899,27.664840851753247
synthetic_traffic,traffic,hist_gradient_boosting_ar,traffic_1,2024-01-10 00:00:00,33.92478373654545,33.42198872266472
synthetic_traffic,traffic,hist_gradient_boosting_ar,traffic_1,2024-01-10 01:00:00,35.96832983968731,35.573826705261126
synthetic_traffic,traffic,hist_gradient_boosting_ar,traffic_1,2024-01-10 02:00:00,37.86671841735838,37.32841290936
synthetic_traffic,traffic,hist_gradient_boosting_ar,traffic_1,2024-01-10 03:00:00,39.48850424041749,39.20949896134934
synthetic_traffic,traffic,hist_gradient_boosting_ar,traffic_1,2024-01-10 04:00:00,40.720824476208136,39.74807002612429
synthetic_traffic,traffic,hist_gradient_boosting_ar,traffic_1,2024-01-10 05:00:00,41.47709337792247,39.91721262577346
synthetic_traffic,traffic,hist_gradient_boosting_ar,traffic_1,2024-01-10 06:00:00,41.702906603707255,39.798902958445964
synthetic_traffic,traffic,hist_gradient_boosting_ar,traffic_1,2024-01-10 07:00:00,41.37975279082637,39.438448013810465
synthetic_traffic,traffic,hist_gradient_boosting_ar,traffic_1,2024-01-10 08:00:00,40.526279441628844,39.67487375570805
synthetic_traffic,traffic,hist_gradient_boosting_ar,traffic_1,2024-01-10 09:00:00,39.197026847177256,39.91178095490717
synthetic_traffic,traffic,hist_gradient_boosting_ar,traffic_1,2024-01-10 10:00:00,37.478716322947996,39.93443599806854
synthetic_traffic,traffic,hist_gradient_boosting_ar,traffic_1,2024-01-10 11:00:00,35.48434570012023,38.34414126551238
synthetic_traffic,traffic,hist_gradient_boosting_ar,traffic_1,2024-01-10 12:00:00,33.345494447404135,36.248840406289474
synthetic_traffic,traffic,hist_gradient_boosting_ar,traffic_1,2024-01-10 13:00:00,31.20336280861623,34.21738548399581
synthetic_traffic,traffic,hist_gradient_boosting_ar,traffic_1,2024-01-10 14:00:00,29.19915561548945,31.796889081385714
synthetic_traffic,traffic,hist_gradient_boosting_ar,traffic_1,2024-01-10 15:00:00,27.46446609406727,29.80854338142372
synthetic_traffic,traffic,hist_gradient_boosting_ar,traffic_1,2024-01-10 16:00:00,26.11231498303725,27.944095083748977
synthetic_traffic,traffic,hist_gradient_boosting_ar,traffic_1,2024-01-10 17:00:00,25.229455623521815,26.16084717997989
synthetic_traffic,traffic,hist_gradient_boosting_ar,traffic_1,2024-01-10 18:00:00,24.870469405576202,24.83408684591945
synthetic_traffic,traffic,hist_gradient_boosting_ar,traffic_1,2024-01-10 19:00:00,25.054053946407954,23.98606751538271
synthetic_traffic,traffic,hist_gradient_boosting_ar,traffic_1,2024-01-10 20:00:00,25.761756943915355,23.820593667626277
synthetic_traffic,traffic,hist_gradient_boosting_ar,traffic_1,2024-01-10 21:00:00,26.939241980053595,23.857754492020575
synthetic_traffic,traffic,hist_gradient_boosting_ar,traffic_1,2024-01-10 22:00:00,28.499999999999968,26.118508039970866
synthetic_traffic,traffic,hist_gradient_boosting_ar,traffic_1,2024-01-10 23:00:00,30.33125352399899,28.664840851753247
synthetic_traffic,traffic,lightgbm_ar,traffic_0,2024-01-10 00:00:00,32.92478373654545,32.27953206779321
synthetic_traffic,traffic,lightgbm_ar,traffic_0,2024-01-10 01:00:00,34.96832983968731,35.07663501934326
synthetic_traffic,traffic,lightgbm_ar,traffic_0,2024-01-10 02:00:00,36.86671841735838,36.656999998360845
synthetic_traffic,traffic,lightgbm_ar,traffic_0,2024-01-10 03:00:00,38.48850424041749,38.01794989547434
synthetic_traffic,traffic,lightgbm_ar,traffic_0,2024-01-10 04:00:00,39.720824476208136,38.36745558913626
synthetic_traffic,traffic,lightgbm_ar,traffic_0,2024-01-10 05:00:00,40.47709337792247,37.932432089360674
synthetic_traffic,traffic,lightgbm_ar,traffic_0,2024-01-10 06:00:00,40.702906603707255,37.08152593207914
synthetic_traffic,traffic,lightgbm_ar,traffic_0,2024-01-10 07:00:00,40.37975279082637,35.84330786016612
synthetic_traffic,traffic,lightgbm_ar,traffic_0,2024-01-10 08:00:00,39.526279441628844,34.909016956765676
synthetic_traffic,traffic,lightgbm_ar,traffic_0,2024-01-10 09:00:00,38.197026847177256,33.79401363961953
synthetic_traffic,traffic,lightgbm_ar,traffic_0,2024-01-10 10:00:00,36.478716322947996,32.57724658031366
synthetic_traffic,traffic,lightgbm_ar,traffic_0,2024-01-10 11:00:00,34.48434570012023,31.901974553866168
synthetic_traffic,traffic,lightgbm_ar,traffic_0,2024-01-10 12:00:00,32.345494447404135,30.810964341209832
synthetic_traffic,traffic,lightgbm_ar,traffic_0,2024-01-10 13:00:00,30.20336280861623,30.00352547693883
synthetic_traffic,traffic,lightgbm_ar,traffic_0,2024-01-10 14:00:00,28.19915561548945,30.58232287780862
synthetic_traffic,traffic,lightgbm_ar,traffic_0,2024-01-10 15:00:00,26.46446609406727,30.394445199077985
synthetic_traffic,traffic,lightgbm_ar,traffic_0,2024-01-10 16:00:00,25.11231498303725,29.32510712565019
synthetic_traffic,traffic,lightgbm_ar,traffic_0,2024-01-10 17:00:00,24.229455623521815,28.166662318084654
synthetic_traffic,traffic,lightgbm_ar,traffic_0,2024-01-10 18:00:00,23.870469405576202,28.337551944923906
synthetic_traffic,traffic,lightgbm_ar,traffic_0,2024-01-10 19:00:00,24.054053946407954,28.256336627598365
synthetic_traffic,traffic,lightgbm_ar,traffic_0,2024-01-10 20:00:00,24.761756943915355,28.7568188932605
synthetic_traffic,traffic,lightgbm_ar,traffic_0,2024-01-10 21:00:00,25.939241980053595,29.492369704207654
synthetic_traffic,traffic,lightgbm_ar,traffic_0,2024-01-10 22:00:00,27.499999999999968,30.161993747576524
synthetic_traffic,traffic,lightgbm_ar,traffic_0,2024-01-10 23:00:00,29.33125352399899,31.793050392921177
synthetic_traffic,traffic,lightgbm_ar,traffic_1,2024-01-10 00:00:00,33.92478373654545,33.27953206779321
synthetic_traffic,traffic,lightgbm_ar,traffic_1,2024-01-10 01:00:00,35.96832983968731,36.07663501934326
synthetic_traffic,traffic,lightgbm_ar,traffic_1,2024-01-10 02:00:00,37.86671841735838,37.656999998360845
synthetic_traffic,traffic,lightgbm_ar,traffic_1,2024-01-10 03:00:00,39.48850424041749,39.01794989547434
synthetic_traffic,traffic,lightgbm_ar,traffic_1,2024-01-10 04:00:00,40.720824476208136,39.36745558913626
synthetic_traffic,traffic,lightgbm_ar,traffic_1,2024-01-10 05:00:00,41.47709337792247,38.932432089360674
synthetic_traffic,traffic,lightgbm_ar,traffic_1,2024-01-10 06:00:00,41.702906603707255,38.08152593207914
synthetic_traffic,traffic,lightgbm_ar,traffic_1,2024-01-10 07:00:00,41.37975279082637,36.84330786016612
synthetic_traffic,traffic,lightgbm_ar,traffic_1,2024-01-10 08:00:00,40.526279441628844,35.909016956765676
synthetic_traffic,traffic,lightgbm_ar,traffic_1,2024-01-10 09:00:00,39.197026847177256,34.79401363961953
synthetic_traffic,traffic,lightgbm_ar,traffic_1,2024-01-10 10:00:00,37.478716322947996,33.57724658031366
synthetic_traffic,traffic,lightgbm_ar,traffic_1,2024-01-10 11:00:00,35.48434570012023,32.90197455386617
synthetic_traffic,traffic,lightgbm_ar,traffic_1,2024-01-10 12:00:00,33.345494447404135,31.810964341209832
synthetic_traffic,traffic,lightgbm_ar,traffic_1,2024-01-10 13:00:00,31.20336280861623,31.00352547693883
synthetic_traffic,traffic,lightgbm_ar,traffic_1,2024-01-10 14:00:00,29.19915561548945,31.58232287780862
synthetic_traffic,traffic,lightgbm_ar,traffic_1,2024-01-10 15:00:00,27.46446609406727,31.394445199077985
synthetic_traffic,traffic,lightgbm_ar,traffic_1,2024-01-10 16:00:00,26.11231498303725,30.32510712565019
synthetic_traffic,traffic,lightgbm_ar,traffic_1,2024-01-10 17:00:00,25.229455623521815,29.166662318084654
synthetic_traffic,traffic,lightgbm_ar,traffic_1,2024-01-10 18:00:00,24.870469405576202,29.337551944923906
synthetic_traffic,traffic,lightgbm_ar,traffic_1,2024-01-10 19:00:00,25.054053946407954,29.256336627598365
synthetic_traffic,traffic,lightgbm_ar,traffic_1,2024-01-10 20:00:00,25.761756943915355,29.7568188932605
synthetic_traffic,traffic,lightgbm_ar,traffic_1,2024-01-10 21:00:00,26.939241980053595,30.492369704207654
synthetic_traffic,traffic,lightgbm_ar,traffic_1,2024-01-10 22:00:00,28.499999999999968,31.161993747576524
synthetic_traffic,traffic,lightgbm_ar,traffic_1,2024-01-10 23:00:00,30.33125352399899,32.793050392921174
synthetic_traffic,traffic,xgboost_ar,traffic_0,2024-01-10 00:00:00,32.92478373654545,32.15824723030137
synthetic_traffic,traffic,xgboost_ar,traffic_0,2024-01-10 01:00:00,34.96832983968731,33.87037689433254
synthetic_traffic,traffic,xgboost_ar,traffic_0,2024-01-10 02:00:00,36.86671841735838,35.265187311172475
synthetic_traffic,traffic,xgboost_ar,traffic_0,2024-01-10 03:00:00,38.48850424041749,36.43909233920867
synthetic_traffic,traffic,xgboost_ar,traffic_0,2024-01-10 04:00:00,39.720824476208136,36.345386116194355
synthetic_traffic,traffic,xgboost_ar,traffic_0,2024-01-10 05:00:00,40.47709337792247,35.65502223863695
synthetic_traffic,traffic,xgboost_ar,traffic_0,2024-01-10 06:00:00,40.702906603707255,34.280103644607216
synthetic_traffic,traffic,xgboost_ar,traffic_0,2024-01-10 07:00:00,40.37975279082637,32.855126349839466
synthetic_traffic,traffic,xgboost_ar,traffic_0,2024-01-10 08:00:00,39.526279441628844,31.56455664851802
synthetic_traffic,traffic,xgboost_ar,traffic_0,2024-01-10 09:00:00,38.197026847177256,31.221860240738817
synthetic_traffic,traffic,xgboost_ar,traffic_0,2024-01-10 10:00:00,36.478716322947996,31.457109081299635
synthetic_traffic,traffic,xgboost_ar,traffic_0,2024-01-10 11:00:00,34.48434570012023,32.34305285812685
synthetic_traffic,traffic,xgboost_ar,traffic_0,2024-01-10 12:00:00,32.345494447404135,33.43763713708938
synthetic_traffic,traffic,xgboost_ar,traffic_0,2024-01-10 13:00:00,30.20336280861623,33.20988862506147
synthetic_traffic,traffic,xgboost_ar,traffic_0,2024-01-10 14:00:00,28.19915561548945,31.332979969672607
synthetic_traffic,traffic,xgboost_ar,traffic_0,2024-01-10 15:00:00,26.46446609406727,29.38012442352794
synthetic_traffic,traffic,xgboost_ar,traffic_0,2024-01-10 16:00:00,25.11231498303725,26.890333853506853
synthetic_traffic,traffic,xgboost_ar,traffic_0,2024-01-10 17:00:00,24.229455623521815,24.88303009196819
synthetic_traffic,traffic,xgboost_ar,traffic_0,2024-01-10 18:00:00,23.870469405576202,23.23297224294748
synthetic_traffic,traffic,xgboost_ar,traffic_0,2024-01-10 19:00:00,24.054053946407954,22.426147761206597
synthetic_traffic,traffic,xgboost_ar,traffic_0,2024-01-10 20:00:00,24.761756943915355,22.287406742799977
synthetic_traffic,traffic,xgboost_ar,traffic_0,2024-01-10 21:00:00,25.939241980053595,22.54425931418153
synthetic_traffic,traffic,xgboost_ar,traffic_0,2024-01-10 22:00:00,27.499999999999968,23.7607730328315
synthetic_traffic,traffic,xgboost_ar,traffic_0,2024-01-10 23:00:00,29.33125352399899,27.1962109831346
synthetic_traffic,traffic,xgboost_ar,traffic_1,2024-01-10 00:00:00,33.92478373654545,33.15824723030137
synthetic_traffic,traffic,xgboost_ar,traffic_1,2024-01-10 01:00:00,35.96832983968731,34.87037689433254
synthetic_traffic,traffic,xgboost_ar,traffic_1,2024-01-10 02:00:00,37.86671841735838,36.265187311172475
synthetic_traffic,traffic,xgboost_ar,traffic_1,2024-01-10 03:00:00,39.48850424041749,37.43909233920867
synthetic_traffic,traffic,xgboost_ar,traffic_1,2024-01-10 04:00:00,40.720824476208136,37.345386116194355
synthetic_traffic,traffic,xgboost_ar,traffic_1,2024-01-10 05:00:00,41.47709337792247,36.65502223863695
synthetic_traffic,traffic,xgboost_ar,traffic_1,2024-01-10 06:00:00,41.702906603707255,35.280103644607216
synthetic_traffic,traffic,xgboost_ar,traffic_1,2024-01-10 07:00:00,41.37975279082637,33.855126349839466
synthetic_traffic,traffic,xgboost_ar,traffic_1,2024-01-10 08:00:00,40.526279441628844,32.56455664851802
synthetic_traffic,traffic,xgboost_ar,traffic_1,2024-01-10 09:00:00,39.197026847177256,32.22186024073882
synthetic_traffic,traffic,xgboost_ar,traffic_1,2024-01-10 10:00:00,37.478716322947996,32.457109081299635
synthetic_traffic,traffic,xgboost_ar,traffic_1,2024-01-10 11:00:00,35.48434570012023,33.34305285812685
synthetic_traffic,traffic,xgboost_ar,traffic_1,2024-01-10 12:00:00,33.345494447404135,34.43763713708938
synthetic_traffic,traffic,xgboost_ar,traffic_1,2024-01-10 13:00:00,31.20336280861623,34.20988862506147
synthetic_traffic,traffic,xgboost_ar,traffic_1,2024-01-10 14:00:00,29.19915561548945,32.33297996967261
synthetic_traffic,traffic,xgboost_ar,traffic_1,2024-01-10 15:00:00,27.46446609406727,30.38012442352794
synthetic_traffic,traffic,xgboost_ar,traffic_1,2024-01-10 16:00:00,26.11231498303725,27.890333853506853
synthetic_traffic,traffic,xgboost_ar,traffic_1,2024-01-10 17:00:00,25.229455623521815,25.88303009196819
synthetic_traffic,traffic,xgboost_ar,traffic_1,2024-01-10 18:00:00,24.870469405576202,24.23297224294748
synthetic_traffic,traffic,xgboost_ar,traffic_1,2024-01-10 19:00:00,25.054053946407954,23.426147761206597
synthetic_traffic,traffic,xgboost_ar,traffic_1,2024-01-10 20:00:00,25.761756943915355,23.287406742799977
synthetic_traffic,traffic,xgboost_ar,traffic_1,2024-01-10 21:00:00,26.939241980053595,23.54425931418153
synthetic_traffic,traffic,xgboost_ar,traffic_1,2024-01-10 22:00:00,28.499999999999968,24.7607730328315
synthetic_traffic,traffic,xgboost_ar,traffic_1,2024-01-10 23:00:00,30.33125352399899,28.1962109831346
synthetic_traffic,traffic,tabpfn_ts,traffic_0,2024-01-10 00:00:00,32.92478373654545,32.3585090637207
synthetic_traffic,traffic,tabpfn_ts,traffic_0,2024-01-10 01:00:00,34.96832983968731,34.348899841308594
synthetic_traffic,traffic,tabpfn_ts,traffic_0,2024-01-10 02:00:00,36.86671841735838,36.34944152832031
synthetic_traffic,traffic,tabpfn_ts,traffic_0,2024-01-10 03:00:00,38.48850424041749,38.021549224853516
synthetic_traffic,traffic,tabpfn_ts,traffic_0,2024-01-10 04:00:00,39.720824476208136,39.45393753051758
synthetic_traffic,traffic,tabpfn_ts,traffic_0,2024-01-10 05:00:00,40.47709337792247,40.40977478027344
synthetic_traffic,traffic,tabpfn_ts,traffic_0,2024-01-10 06:00:00,40.702906603707255,40.816898345947266
synthetic_traffic,traffic,tabpfn_ts,traffic_0,2024-01-10 07:00:00,40.37975279082637,40.59383010864258
synthetic_traffic,traffic,tabpfn_ts,traffic_0,2024-01-10 08:00:00,39.526279441628844,39.63201141357422
synthetic_traffic,traffic,tabpfn_ts,traffic_0,2024-01-10 09:00:00,38.197026847177256,38.238868713378906
synthetic_traffic,traffic,tabpfn_ts,traffic_0,2024-01-10 10:00:00,36.478716322947996,36.4195671081543
synthetic_traffic,traffic,tabpfn_ts,traffic_0,2024-01-10 11:00:00,34.48434570012023,34.33864212036133
synthetic_traffic,traffic,tabpfn_ts,traffic_0,2024-01-10 12:00:00,32.345494447404135,32.32517623901367
synthetic_traffic,traffic,tabpfn_ts,traffic_0,2024-01-10 13:00:00,30.20336280861623,30.346723556518555
synthetic_traffic,traffic,tabpfn_ts,traffic_0,2024-01-10 14:00:00,28.19915561548945,28.264963150024414
synthetic_traffic,traffic,tabpfn_ts,traffic_0,2024-01-10 15:00:00,26.46446609406727,26.615236282348633
synthetic_traffic,traffic,tabpfn_ts,traffic_0,2024-01-10 16:00:00,25.11231498303725,25.101411819458008
synthetic_traffic,traffic,tabpfn_ts,traffic_0,2024-01-10 17:00:00,24.229455623521815,24.3255672454834
synthetic_traffic,traffic,tabpfn_ts,traffic_0,2024-01-10 18:00:00,23.870469405576202,23.928556442260742
synthetic_traffic,traffic,tabpfn_ts,traffic_0,2024-01-10 19:00:00,24.054053946407954,23.966405868530273
synthetic_traffic,traffic,tabpfn_ts,traffic_0,2024-01-10 20:00:00,24.761756943915355,24.66421127319336
synthetic_traffic,traffic,tabpfn_ts,traffic_0,2024-01-10 21:00:00,25.939241980053595,26.178409576416016
synthetic_traffic,traffic,tabpfn_ts,traffic_0,2024-01-10 22:00:00,27.499999999999968,28.145221710205078
synthetic_traffic,traffic,tabpfn_ts,traffic_0,2024-01-10 23:00:00,29.33125352399899,30.240549087524414
synthetic_traffic,traffic,tabpfn_ts,traffic_1,2024-01-10 00:00:00,33.92478373654545,33.3585090637207
synthetic_traffic,traffic,tabpfn_ts,traffic_1,2024-01-10 01:00:00,35.96832983968731,35.348899841308594
synthetic_traffic,traffic,tabpfn_ts,traffic_1,2024-01-10 02:00:00,37.86671841735838,37.34944152832031
synthetic_traffic,traffic,tabpfn_ts,traffic_1,2024-01-10 03:00:00,39.48850424041749,39.021549224853516
synthetic_traffic,traffic,tabpfn_ts,traffic_1,2024-01-10 04:00:00,40.720824476208136,40.45393753051758
synthetic_traffic,traffic,tabpfn_ts,traffic_1,2024-01-10 05:00:00,41.47709337792247,41.40977478027344
synthetic_traffic,traffic,tabpfn_ts,traffic_1,2024-01-10 06:00:00,41.702906603707255,41.816898345947266
synthetic_traffic,traffic,tabpfn_ts,traffic_1,2024-01-10 07:00:00,41.37975279082637,41.59383010864258
synthetic_traffic,traffic,tabpfn_ts,traffic_1,2024-01-10 08:00:00,40.526279441628844,40.63201141357422
synthetic_traffic,traffic,tabpfn_ts,traffic_1,2024-01-10 09:00:00,39.197026847177256,39.238868713378906
synthetic_traffic,traffic,tabpfn_ts,traffic_1,2024-01-10 10:00:00,37.478716322947996,37.4195671081543
synthetic_traffic,traffic,tabpfn_ts,traffic_1,2024-01-10 11:00:00,35.48434570012023,35.33864212036133
synthetic_traffic,traffic,tabpfn_ts,traffic_1,2024-01-10 12:00:00,33.345494447404135,33.32517623901367
synthetic_traffic,traffic,tabpfn_ts,traffic_1,2024-01-10 13:00:00,31.20336280861623,31.346723556518555
synthetic_traffic,traffic,tabpfn_ts,traffic_1,2024-01-10 14:00:00,29.19915561548945,29.264963150024414
synthetic_traffic,traffic,tabpfn_ts,traffic_1,2024-01-10 15:00:00,27.46446609406727,27.615236282348633
synthetic_traffic,traffic,tabpfn_ts,traffic_1,2024-01-10 16:00:00,26.11231498303725,26.101411819458008
synthetic_traffic,traffic,tabpfn_ts,traffic_1,2024-01-10 17:00:00,25.229455623521815,25.3255672454834
synthetic_traffic,traffic,tabpfn_ts,traffic_1,2024-01-10 18:00:00,24.870469405576202,24.928556442260742
synthetic_traffic,traffic,tabpfn_ts,traffic_1,2024-01-10 19:00:00,25.054053946407954,24.966405868530273
synthetic_traffic,traffic,tabpfn_ts,traffic_1,2024-01-10 20:00:00,25.761756943915355,25.66421127319336
synthetic_traffic,traffic,tabpfn_ts,traffic_1,2024-01-10 21:00:00,26.939241980053595,27.178409576416016
synthetic_traffic,traffic,tabpfn_ts,traffic_1,2024-01-10 22:00:00,28.499999999999968,29.145221710205078
synthetic_traffic,traffic,tabpfn_ts,traffic_1,2024-01-10 23:00:00,30.33125352399899,31.240549087524414
synthetic_weather,weather,dummy_mean,weather_0,2024-01-09 04:00:00,22.080127018922212,17.951669349743174
synthetic_weather,weather,dummy_mean,weather_0,2024-01-09 04:10:00,22.264044094228257,17.951669349743174
synthetic_weather,weather,dummy_mean,weather_0,2024-01-09 04:20:00,22.444714846349765,17.951669349743174
synthetic_weather,weather,dummy_mean,weather_0,2024-01-09 04:30:00,22.619397662556413,17.951669349743174
synthetic_weather,weather,dummy_mean,weather_0,2024-01-09 04:40:00,22.785287192763008,17.951669349743174
synthetic_weather,weather,dummy_mean,weather_0,2024-01-09 04:50:00,22.93959482540397,17.951669349743174
synthetic_weather,weather,dummy_mean,weather_0,2024-01-09 05:00:00,23.079629131445337,17.951669349743174
synthetic_weather,weather,dummy_mean,weather_0,2024-01-09 05:10:00,23.20287384044293,17.951669349743174
synthetic_weather,weather,dummy_mean,weather_0,2024-01-09 05:20:00,23.307060986620524,17.951669349743174
synthetic_weather,weather,dummy_mean,weather_0,2024-01-09 05:30:00,23.390237008761265,17.951669349743174
synthetic_weather,weather,dummy_mean,weather_0,2024-01-09 05:40:00,23.450819800851676,17.951669349743174
synthetic_weather,weather,dummy_mean,weather_0,2024-01-09 05:50:00,23.48764498441539,17.951669349743174
synthetic_weather,weather,dummy_mean,weather_0,2024-01-09 06:00:00,23.5,17.951669349743174
synthetic_weather,weather,dummy_mean,weather_0,2024-01-09 06:10:00,23.48764498441539,17.951669349743174
synthetic_weather,weather,dummy_mean,weather_0,2024-01-09 06:20:00,23.450819800851686,17.951669349743174
synthetic_weather,weather,dummy_mean,weather_0,2024-01-09 06:30:00,23.39023700876128,17.951669349743174
synthetic_weather,weather,dummy_mean,weather_0,2024-01-09 06:40:00,23.307060986620538,17.951669349743174
synthetic_weather,weather,dummy_mean,weather_0,2024-01-09 06:50:00,23.20287384044295,17.951669349743174
synthetic_weather,weather,dummy_mean,weather_0,2024-01-09 07:00:00,23.07962913144536,17.951669349743174
synthetic_weather,weather,dummy_mean,weather_0,2024-01-09 07:10:00,22.93959482540397,17.951669349743174
synthetic_weather,weather,dummy_mean,weather_0,2024-01-09 07:20:00,22.78528719276301,17.951669349743174
synthetic_weather,weather,dummy_mean,weather_0,2024-01-09 07:30:00,22.61939766255644,17.951669349743174
synthetic_weather,weather,dummy_mean,weather_0,2024-01-09 07:40:00,22.444714846349797,17.951669349743174
synthetic_weather,weather,dummy_mean,weather_0,2024-01-09 07:50:00,22.26404409422829,17.951669349743174
synthetic_weather,weather,dummy_mean,weather_1,2024-01-09 04:00:00,23.080127018922212,18.951669349743174
synthetic_weather,weather,dummy_mean,weather_1,2024-01-09 04:10:00,23.264044094228257,18.951669349743174
synthetic_weather,weather,dummy_mean,weather_1,2024-01-09 04:20:00,23.444714846349765,18.951669349743174
synthetic_weather,weather,dummy_mean,weather_1,2024-01-09 04:30:00,23.619397662556413,18.951669349743174
synthetic_weather,weather,dummy_mean,weather_1,2024-01-09 04:40:00,23.785287192763008,18.951669349743174
synthetic_weather,weather,dummy_mean,weather_1,2024-01-09 04:50:00,23.93959482540397,18.951669349743174
synthetic_weather,weather,dummy_mean,weather_1,2024-01-09 05:00:00,24.079629131445337,18.951669349743174
synthetic_weather,weather,dummy_mean,weather_1,2024-01-09 05:10:00,24.20287384044293,18.951669349743174
synthetic_weather,weather,dummy_mean,weather_1,2024-01-09 05:20:00,24.307060986620524,18.951669349743174
synthetic_weather,weather,dummy_mean,weather_1,2024-01-09 05:30:00,24.390237008761265,18.951669349743174
synthetic_weather,weather,dummy_mean,weather_1,2024-01-09 05:40:00,24.450819800851676,18.951669349743174
synthetic_weather,weather,dummy_mean,weather_1,2024-01-09 05:50:00,24.48764498441539,18.951669349743174
synthetic_weather,weather,dummy_mean,weather_1,2024-01-09 06:00:00,24.5,18.951669349743174
synthetic_weather,weather,dummy_mean,weather_1,2024-01-09 06:10:00,24.48764498441539,18.951669349743174
synthetic_weather,weather,dummy_mean,weather_1,2024-01-09 06:20:00,24.450819800851686,18.951669349743174
synthetic_weather,weather,dummy_mean,weather_1,2024-01-09 06:30:00,24.39023700876128,18.951669349743174
synthetic_weather,weather,dummy_mean,weather_1,2024-01-09 06:40:00,24.307060986620538,18.951669349743174
synthetic_weather,weather,dummy_mean,weather_1,2024-01-09 06:50:00,24.20287384044295,18.951669349743174
synthetic_weather,weather,dummy_mean,weather_1,2024-01-09 07:00:00,24.07962913144536,18.951669349743174
synthetic_weather,weather,dummy_mean,weather_1,2024-01-09 07:10:00,23.93959482540397,18.951669349743174
synthetic_weather,weather,dummy_mean,weather_1,2024-01-09 07:20:00,23.78528719276301,18.951669349743174
synthetic_weather,weather,dummy_mean,weather_1,2024-01-09 07:30:00,23.61939766255644,18.951669349743174
synthetic_weather,weather,dummy_mean,weather_1,2024-01-09 07:40:00,23.444714846349797,18.951669349743174
synthetic_weather,weather,dummy_mean,weather_1,2024-01-09 07:50:00,23.26404409422829,18.951669349743174
synthetic_weather,weather,seasonal_naive,weather_0,2024-01-09 04:00:00,22.080127018922212,18.49999999999999
synthetic_weather,weather,seasonal_naive,weather_0,2024-01-09 04:10:00,22.264044094228257,18.71050081333277
synthetic_weather,weather,seasonal_naive,weather_0,2024-01-09 04:20:00,22.444714846349765,18.90562502413126
synthetic_weather,weather,seasonal_naive,weather_0,2024-01-09 04:30:00,22.619397662556413,19.085643662992485
synthetic_weather,weather,seasonal_naive,weather_0,2024-01-09 04:40:00,22.785287192763008,19.25126310989412
synthetic_weather,weather,seasonal_naive,weather_0,2024-01-09 04:50:00,22.93959482540397,19.40359187453376
synthetic_weather,weather,seasonal_naive,weather_0,2024-01-09 05:00:00,23.079629131445337,19.544095225512603
synthetic_weather,weather,seasonal_naive,weather_0,2024-01-09 05:10:00,23.20287384044293,19.674539069184195
synthetic_weather,weather,seasonal_naive,weather_0,2024-01-09 05:20:00,23.307060986620524,19.796924805461803
synthetic_weather,weather,seasonal_naive,weather_0,2024-01-09 05:30:00,23.390237008761265,19.91341716182544
synthetic_weather,weather,seasonal_naive,weather_0,2024-01-09 05:40:00,23.450819800851676,20.02626721987004
synthetic_weather,weather,seasonal_naive,weather_0,2024-01-09 05:50:00,23.48764498441539,20.137732994512323
synthetic_weather,weather,seasonal_naive,weather_0,2024-01-09 06:00:00,23.5,20.249999999999982
synthetic_weather,weather,seasonal_naive,weather_0,2024-01-09 06:10:00,23.48764498441539,20.36510423689085
synthetic_weather,weather,seasonal_naive,weather_0,2024-01-09 06:20:00,23.450819800851686,20.484859960195738
synthetic_weather,weather,seasonal_naive,weather_0,2024-01-09 06:30:00,23.39023700876128,20.610794443151377
synthetic_weather,weather,seasonal_naive,weather_0,2024-01-09 06:40:00,23.307060986620538,20.744091738039735
synthetic_weather,weather,seasonal_naive,weather_0,2024-01-09 06:50:00,23.20287384044295,20.88554716157221
synthetic_weather,weather,seasonal_naive,weather_0,2024-01-09 07:00:00,23.07962913144536,21.03553390593272
synthetic_weather,weather,seasonal_naive,weather_0,2024-01-09 07:10:00,22.93959482540397,21.193982807544497
synthetic_weather,weather,seasonal_naive,weather_0,2024-01-09 07:20:00,22.78528719276301,21.36037590520191
synthetic_weather,weather,seasonal_naive,weather_0,2024-01-09 07:30:00,22.61939766255644,21.533753999563952
synthetic_weather,weather,seasonal_naive,weather_0,2024-01-09 07:40:00,22.444714846349797,21.712737999885466
synthetic_weather,weather,seasonal_naive,weather_0,2024-01-09 07:50:00,22.26404409422829,21.89556342422115
synthetic_weather,weather,seasonal_naive,weather_1,2024-01-09 04:00:00,23.080127018922212,19.49999999999999
synthetic_weather,weather,seasonal_naive,weather_1,2024-01-09 04:10:00,23.264044094228257,19.71050081333277
synthetic_weather,weather,seasonal_naive,weather_1,2024-01-09 04:20:00,23.444714846349765,19.90562502413126
synthetic_weather,weather,seasonal_naive,weather_1,2024-01-09 04:30:00,23.619397662556413,20.085643662992485
synthetic_weather,weather,seasonal_naive,weather_1,2024-01-09 04:40:00,23.785287192763008,20.25126310989412
synthetic_weather,weather,seasonal_naive,weather_1,2024-01-09 04:50:00,23.93959482540397,20.40359187453376
synthetic_weather,weather,seasonal_naive,weather_1,2024-01-09 05:00:00,24.079629131445337,20.544095225512603
synthetic_weather,weather,seasonal_naive,weather_1,2024-01-09 05:10:00,24.20287384044293,20.674539069184195
synthetic_weather,weather,seasonal_naive,weather_1,2024-01-09 05:20:00,24.307060986620524,20.796924805461803
synthetic_weather,weather,seasonal_naive,weather_1,2024-01-09 05:30:00,24.390237008761265,20.91341716182544
synthetic_weather,weather,seasonal_naive,weather_1,2024-01-09 05:40:00,24.450819800851676,21.02626721987004
synthetic_weather,weather,seasonal_naive,weather_1,2024-01-09 05:50:00,24.48764498441539,21.137732994512323
synthetic_weather,weather,seasonal_naive,weather_1,2024-01-09 06:00:00,24.5,21.249999999999982
synthetic_weather,weather,seasonal_naive,weather_1,2024-01-09 06:10:00,24.48764498441539,21.36510423689085
synthetic_weather,weather,seasonal_naive,weather_1,2024-01-09 06:20:00,24.450819800851686,21.484859960195738
synthetic_weather,weather,seasonal_naive,weather_1,2024-01-09 06:30:00,24.39023700876128,21.610794443151377
synthetic_weather,weather,seasonal_naive,weather_1,2024-01-09 06:40:00,24.307060986620538,21.744091738039735
synthetic_weather,weather,seasonal_naive,weather_1,2024-01-09 06:50:00,24.20287384044295,21.88554716157221
synthetic_weather,weather,seasonal_naive,weather_1,2024-01-09 07:00:00,24.07962913144536,22.03553390593272
synthetic_weather,weather,seasonal_naive,weather_1,2024-01-09 07:10:00,23.93959482540397,22.193982807544497
synthetic_weather,weather,seasonal_naive,weather_1,2024-01-09 07:20:00,23.78528719276301,22.36037590520191
synthetic_weather,weather,seasonal_naive,weather_1,2024-01-09 07:30:00,23.61939766255644,22.533753999563952
synthetic_weather,weather,seasonal_naive,weather_1,2024-01-09 07:40:00,23.444714846349797,22.712737999885466
synthetic_weather,weather,seasonal_naive,weather_1,2024-01-09 07:50:00,23.26404409422829,22.89556342422115
synthetic_weather,weather,moving_average,weather_0,2024-01-09 04:00:00,22.080127018922212,20.209247772643767
synthetic_weather,weather,moving_average,weather_0,2024-01-09 04:10:00,22.264044094228257,20.209247772643767
synthetic_weather,weather,moving_average,weather_0,2024-01-09 04:20:00,22.444714846349765,20.209247772643767
synthetic_weather,weather,moving_average,weather_0,2024-01-09 04:30:00,22.619397662556413,20.209247772643767
synthetic_weather,weather,moving_average,weather_0,2024-01-09 04:40:00,22.785287192763008,20.209247772643767
synthetic_weather,weather,moving_average,weather_0,2024-01-09 04:50:00,22.93959482540397,20.209247772643767
synthetic_weather,weather,moving_average,weather_0,2024-01-09 05:00:00,23.079629131445337,20.209247772643767
synthetic_weather,weather,moving_average,weather_0,2024-01-09 05:10:00,23.20287384044293,20.209247772643767
synthetic_weather,weather,moving_average,weather_0,2024-01-09 05:20:00,23.307060986620524,20.209247772643767
synthetic_weather,weather,moving_average,weather_0,2024-01-09 05:30:00,23.390237008761265,20.209247772643767
synthetic_weather,weather,moving_average,weather_0,2024-01-09 05:40:00,23.450819800851676,20.209247772643767
synthetic_weather,weather,moving_average,weather_0,2024-01-09 05:50:00,23.48764498441539,20.209247772643767
synthetic_weather,weather,moving_average,weather_0,2024-01-09 06:00:00,23.5,20.209247772643767
synthetic_weather,weather,moving_average,weather_0,2024-01-09 06:10:00,23.48764498441539,20.209247772643767
synthetic_weather,weather,moving_average,weather_0,2024-01-09 06:20:00,23.450819800851686,20.209247772643767
synthetic_weather,weather,moving_average,weather_0,2024-01-09 06:30:00,23.39023700876128,20.209247772643767
synthetic_weather,weather,moving_average,weather_0,2024-01-09 06:40:00,23.307060986620538,20.209247772643767
synthetic_weather,weather,moving_average,weather_0,2024-01-09 06:50:00,23.20287384044295,20.209247772643767
synthetic_weather,weather,moving_average,weather_0,2024-01-09 07:00:00,23.07962913144536,20.209247772643767
synthetic_weather,weather,moving_average,weather_0,2024-01-09 07:10:00,22.93959482540397,20.209247772643767
synthetic_weather,weather,moving_average,weather_0,2024-01-09 07:20:00,22.78528719276301,20.209247772643767
synthetic_weather,weather,moving_average,weather_0,2024-01-09 07:30:00,22.61939766255644,20.209247772643767
synthetic_weather,weather,moving_average,weather_0,2024-01-09 07:40:00,22.444714846349797,20.209247772643767
synthetic_weather,weather,moving_average,weather_0,2024-01-09 07:50:00,22.26404409422829,20.209247772643767
synthetic_weather,weather,moving_average,weather_1,2024-01-09 04:00:00,23.080127018922212,21.209247772643767
synthetic_weather,weather,moving_average,weather_1,2024-01-09 04:10:00,23.264044094228257,21.209247772643767
synthetic_weather,weather,moving_average,weather_1,2024-01-09 04:20:00,23.444714846349765,21.209247772643767
synthetic_weather,weather,moving_average,weather_1,2024-01-09 04:30:00,23.619397662556413,21.209247772643767
synthetic_weather,weather,moving_average,weather_1,2024-01-09 04:40:00,23.785287192763008,21.209247772643767
synthetic_weather,weather,moving_average,weather_1,2024-01-09 04:50:00,23.93959482540397,21.209247772643767
synthetic_weather,weather,moving_average,weather_1,2024-01-09 05:00:00,24.079629131445337,21.209247772643767
synthetic_weather,weather,moving_average,weather_1,2024-01-09 05:10:00,24.20287384044293,21.209247772643767
synthetic_weather,weather,moving_average,weather_1,2024-01-09 05:20:00,24.307060986620524,21.209247772643767
synthetic_weather,weather,moving_average,weather_1,2024-01-09 05:30:00,24.390237008761265,21.209247772643767
synthetic_weather,weather,moving_average,weather_1,2024-01-09 05:40:00,24.450819800851676,21.209247772643767
synthetic_weather,weather,moving_average,weather_1,2024-01-09 05:50:00,24.48764498441539,21.209247772643767
synthetic_weather,weather,moving_average,weather_1,2024-01-09 06:00:00,24.5,21.209247772643767
synthetic_weather,weather,moving_average,weather_1,2024-01-09 06:10:00,24.48764498441539,21.209247772643767
synthetic_weather,weather,moving_average,weather_1,2024-01-09 06:20:00,24.450819800851686,21.209247772643767
synthetic_weather,weather,moving_average,weather_1,2024-01-09 06:30:00,24.39023700876128,21.209247772643767
synthetic_weather,weather,moving_average,weather_1,2024-01-09 06:40:00,24.307060986620538,21.209247772643767
synthetic_weather,weather,moving_average,weather_1,2024-01-09 06:50:00,24.20287384044295,21.209247772643767
synthetic_weather,weather,moving_average,weather_1,2024-01-09 07:00:00,24.07962913144536,21.209247772643767
synthetic_weather,weather,moving_average,weather_1,2024-01-09 07:10:00,23.93959482540397,21.209247772643767
synthetic_weather,weather,moving_average,weather_1,2024-01-09 07:20:00,23.78528719276301,21.209247772643767
synthetic_weather,weather,moving_average,weather_1,2024-01-09 07:30:00,23.61939766255644,21.209247772643767
synthetic_weather,weather,moving_average,weather_1,2024-01-09 07:40:00,23.444714846349797,21.209247772643767
synthetic_weather,weather,moving_average,weather_1,2024-01-09 07:50:00,23.26404409422829,21.209247772643767
synthetic_weather,weather,linear_trend,weather_0,2024-01-09 04:00:00,22.080127018922212,16.89961235431522
synthetic_weather,weather,linear_trend,weather_0,2024-01-09 04:10:00,22.264044094228257,16.88871020928488
synthetic_weather,weather,linear_trend,weather_0,2024-01-09 04:20:00,22.444714846349765,16.877808064254538
synthetic_weather,weather,linear_trend,weather_0,2024-01-09 04:30:00,22.619397662556413,16.866905919224198
synthetic_weather,weather,linear_trend,weather_0,2024-01-09 04:40:00,22.785287192763008,16.856003774193855
synthetic_weather,weather,linear_trend,weather_0,2024-01-09 04:50:00,22.93959482540397,16.845101629163516
synthetic_weather,weather,linear_trend,weather_0,2024-01-09 05:00:00,23.079629131445337,16.834199484133173
synthetic_weather,weather,linear_trend,weather_0,2024-01-09 05:10:00,23.20287384044293,16.82329733910283
synthetic_weather,weather,linear_trend,weather_0,2024-01-09 05:20:00,23.307060986620524,16.81239519407249
synthetic_weather,weather,linear_trend,weather_0,2024-01-09 05:30:00,23.390237008761265,16.801493049042147
synthetic_weather,weather,linear_trend,weather_0,2024-01-09 05:40:00,23.450819800851676,16.790590904011808
synthetic_weather,weather,linear_trend,weather_0,2024-01-09 05:50:00,23.48764498441539,16.779688758981465
synthetic_weather,weather,linear_trend,weather_0,2024-01-09 06:00:00,23.5,16.768786613951125
synthetic_weather,weather,linear_trend,weather_0,2024-01-09 06:10:00,23.48764498441539,16.757884468920782
synthetic_weather,weather,linear_trend,weather_0,2024-01-09 06:20:00,23.450819800851686,16.746982323890443
synthetic_weather,weather,linear_trend,weather_0,2024-01-09 06:30:00,23.39023700876128,16.7360801788601
synthetic_weather,weather,linear_trend,weather_0,2024-01-09 06:40:00,23.307060986620538,16.725178033829756
synthetic_weather,weather,linear_trend,weather_0,2024-01-09 06:50:00,23.20287384044295,16.714275888799417
synthetic_weather,weather,linear_trend,weather_0,2024-01-09 07:00:00,23.07962913144536,16.703373743769077
synthetic_weather,weather,linear_trend,weather_0,2024-01-09 07:10:00,22.93959482540397,16.692471598738734
synthetic_weather,weather,linear_trend,weather_0,2024-01-09 07:20:00,22.78528719276301,16.68156945370839
synthetic_weather,weather,linear_trend,weather_0,2024-01-09 07:30:00,22.61939766255644,16.670667308678052
synthetic_weather,weather,linear_trend,weather_0,2024-01-09 07:40:00,22.444714846349797,16.65976516364771
synthetic_weather,weather,linear_trend,weather_0,2024-01-09 07:50:00,22.26404409422829,16.64886301861737
synthetic_weather,weather,linear_trend,weather_1,2024-01-09 04:00:00,23.080127018922212,17.899612354315217
synthetic_weather,weather,linear_trend,weather_1,2024-01-09 04:10:00,23.264044094228257,17.888710209284874
synthetic_weather,weather,linear_trend,weather_1,2024-01-09 04:20:00,23.444714846349765,17.87780806425453
synthetic_weather,weather,linear_trend,weather_1,2024-01-09 04:30:00,23.619397662556413,17.86690591922419
synthetic_weather,weather,linear_trend,weather_1,2024-01-09 04:40:00,23.785287192763008,17.856003774193848
synthetic_weather,weather,linear_trend,weather_1,2024-01-09 04:50:00,23.93959482540397,17.84510162916351
synthetic_weather,weather,linear_trend,weather_1,2024-01-09 05:00:00,24.079629131445337,17.834199484133165
synthetic_weather,weather,linear_trend,weather_1,2024-01-09 05:10:00,24.20287384044293,17.823297339102826
synthetic_weather,weather,linear_trend,weather_1,2024-01-09 05:20:00,24.307060986620524,17.812395194072483
synthetic_weather,weather,linear_trend,weather_1,2024-01-09 05:30:00,24.390237008761265,17.801493049042143
synthetic_weather,weather,linear_trend,weather_1,2024-01-09 05:40:00,24.450819800851676,17.7905909040118
synthetic_weather,weather,linear_trend,weather_1,2024-01-09 05:50:00,24.48764498441539,17.779688758981457
synthetic_weather,weather,linear_trend,weather_1,2024-01-09 06:00:00,24.5,17.768786613951118
synthetic_weather,weather,linear_trend,weather_1,2024-01-09 06:10:00,24.48764498441539,17.757884468920775
synthetic_weather,weather,linear_trend,weather_1,2024-01-09 06:20:00,24.450819800851686,17.746982323890435
synthetic_weather,weather,linear_trend,weather_1,2024-01-09 06:30:00,24.39023700876128,17.736080178860092
synthetic_weather,weather,linear_trend,weather_1,2024-01-09 06:40:00,24.307060986620538,17.725178033829753
synthetic_weather,weather,linear_trend,weather_1,2024-01-09 06:50:00,24.20287384044295,17.71427588879941
synthetic_weather,weather,linear_trend,weather_1,2024-01-09 07:00:00,24.07962913144536,17.70337374376907
synthetic_weather,weather,linear_trend,weather_1,2024-01-09 07:10:00,23.93959482540397,17.692471598738727
synthetic_weather,weather,linear_trend,weather_1,2024-01-09 07:20:00,23.78528719276301,17.681569453708384
synthetic_weather,weather,linear_trend,weather_1,2024-01-09 07:30:00,23.61939766255644,17.670667308678045
synthetic_weather,weather,linear_trend,weather_1,2024-01-09 07:40:00,23.444714846349797,17.6597651636477
synthetic_weather,weather,linear_trend,weather_1,2024-01-09 07:50:00,23.26404409422829,17.648863018617362
synthetic_weather,weather,ridge_ar,weather_0,2024-01-09 04:00:00,22.080127018922212,22.08508493715539
synthetic_weather,weather,ridge_ar,weather_0,2024-01-09 04:10:00,22.264044094228257,22.258088510219363
synthetic_weather,weather,ridge_ar,weather_0,2024-01-09 04:20:00,22.444714846349765,22.424334481705024
synthetic_weather,weather,ridge_ar,weather_0,2024-01-09 04:30:00,22.619397662556413,22.58072315968836
synthetic_weather,weather,ridge_ar,weather_0,2024-01-09 04:40:00,22.785287192763008,22.72333090422001
synthetic_weather,weather,ridge_ar,weather_0,2024-01-09 04:50:00,22.93959482540397,22.852095736918052
synthetic_weather,weather,ridge_ar,weather_0,2024-01-09 05:00:00,23.079629131445337,22.96509187521862
synthetic_weather,weather,ridge_ar,weather_0,2024-01-09 05:10:00,23.20287384044293,23.060795464134905
synthetic_weather,weather,ridge_ar,weather_0,2024-01-09 05:20:00,23.307060986620524,23.138290310687996
synthetic_weather,weather,ridge_ar,weather_0,2024-01-09 05:30:00,23.390237008761265,23.196640325524527
synthetic_weather,weather,ridge_ar,weather_0,2024-01-09 05:40:00,23.450819800851676,23.23526370223993
synthetic_weather,weather,ridge_ar,weather_0,2024-01-09 05:50:00,23.48764498441539,23.25391513895267
synthetic_weather,weather,ridge_ar,weather_0,2024-01-09 06:00:00,23.5,23.252627729351133
synthetic_weather,weather,ridge_ar,weather_0,2024-01-09 06:10:00,23.48764498441539,23.23176167989495
synthetic_weather,weather,ridge_ar,weather_0,2024-01-09 06:20:00,23.450819800851686,23.19198348738601
synthetic_weather,weather,ridge_ar,weather_0,2024-01-09 06:30:00,23.39023700876128,23.134242133477965
synthetic_weather,weather,ridge_ar,weather_0,2024-01-09 06:40:00,23.307060986620538,23.059748785589072
synthetic_weather,weather,ridge_ar,weather_0,2024-01-09 06:50:00,23.20287384044295,22.969940472251047
synthetic_weather,weather,ridge_ar,weather_0,2024-01-09 07:00:00,23.07962913144536,22.866439246683914
synthetic_weather,weather,ridge_ar,weather_0,2024-01-09 07:10:00,22.93959482540397,22.75100710225621
synthetic_weather,weather,ridge_ar,weather_0,2024-01-09 07:20:00,22.78528719276301,22.625495948937523
synthetic_weather,weather,ridge_ar,weather_0,2024-01-09 07:30:00,22.61939766255644,22.491795642786073
synthetic_weather,weather,ridge_ar,weather_0,2024-01-09 07:40:00,22.444714846349797,22.351781313293905
synthetic_weather,weather,ridge_ar,weather_0,2024-01-09 07:50:00,22.26404409422829,22.207261414807817
synthetic_weather,weather,ridge_ar,weather_1,2024-01-09 04:00:00,23.080127018922212,23.08508493715539
synthetic_weather,weather,ridge_ar,weather_1,2024-01-09 04:10:00,23.264044094228257,23.258088510219363
synthetic_weather,weather,ridge_ar,weather_1,2024-01-09 04:20:00,23.444714846349765,23.424334481705024
synthetic_weather,weather,ridge_ar,weather_1,2024-01-09 04:30:00,23.619397662556413,23.58072315968836
synthetic_weather,weather,ridge_ar,weather_1,2024-01-09 04:40:00,23.785287192763008,23.72333090422001
synthetic_weather,weather,ridge_ar,weather_1,2024-01-09 04:50:00,23.93959482540397,23.852095736918052
synthetic_weather,weather,ridge_ar,weather_1,2024-01-09 05:00:00,24.079629131445337,23.96509187521862
synthetic_weather,weather,ridge_ar,weather_1,2024-01-09 05:10:00,24.20287384044293,24.060795464134905
synthetic_weather,weather,ridge_ar,weather_1,2024-01-09 05:20:00,24.307060986620524,24.138290310687996
synthetic_weather,weather,ridge_ar,weather_1,2024-01-09 05:30:00,24.390237008761265,24.196640325524527
synthetic_weather,weather,ridge_ar,weather_1,2024-01-09 05:40:00,24.450819800851676,24.23526370223993
synthetic_weather,weather,ridge_ar,weather_1,2024-01-09 05:50:00,24.48764498441539,24.25391513895267
synthetic_weather,weather,ridge_ar,weather_1,2024-01-09 06:00:00,24.5,24.252627729351133
synthetic_weather,weather,ridge_ar,weather_1,2024-01-09 06:10:00,24.48764498441539,24.23176167989495
synthetic_weather,weather,ridge_ar,weather_1,2024-01-09 06:20:00,24.450819800851686,24.19198348738601
synthetic_weather,weather,ridge_ar,weather_1,2024-01-09 06:30:00,24.39023700876128,24.134242133477965
synthetic_weather,weather,ridge_ar,weather_1,2024-01-09 06:40:00,24.307060986620538,24.059748785589072
synthetic_weather,weather,ridge_ar,weather_1,2024-01-09 06:50:00,24.20287384044295,23.969940472251047
synthetic_weather,weather,ridge_ar,weather_1,2024-01-09 07:00:00,24.07962913144536,23.866439246683914
synthetic_weather,weather,ridge_ar,weather_1,2024-01-09 07:10:00,23.93959482540397,23.75100710225621
synthetic_weather,weather,ridge_ar,weather_1,2024-01-09 07:20:00,23.78528719276301,23.625495948937523
synthetic_weather,weather,ridge_ar,weather_1,2024-01-09 07:30:00,23.61939766255644,23.491795642786073
synthetic_weather,weather,ridge_ar,weather_1,2024-01-09 07:40:00,23.444714846349797,23.351781313293905
synthetic_weather,weather,ridge_ar,weather_1,2024-01-09 07:50:00,23.26404409422829,23.207261414807817
synthetic_weather,weather,hist_gradient_boosting_ar,weather_0,2024-01-09 04:00:00,22.080127018922212,22.088400853099774
synthetic_weather,weather,hist_gradient_boosting_ar,weather_0,2024-01-09 04:10:00,22.264044094228257,22.2736714872108
synthetic_weather,weather,hist_gradient_boosting_ar,weather_0,2024-01-09 04:20:00,22.444714846349765,22.440008561419607
synthetic_weather,weather,hist_gradient_boosting_ar,weather_0,2024-01-09 04:30:00,22.619397662556413,22.636418250019435
synthetic_weather,weather,hist_gradient_boosting_ar,weather_0,2024-01-09 04:40:00,22.785287192763008,22.779908169643914
synthetic_weather,weather,hist_gradient_boosting_ar,weather_0,2024-01-09 04:50:00,22.93959482540397,22.94080204664216
synthetic_weather,weather,hist_gradient_boosting_ar,weather_0,2024-01-09 05:00:00,23.079629131445337,23.074917346847748
synthetic_weather,weather,hist_gradient_boosting_ar,weather_0,2024-01-09 05:10:00,23.20287384044293,23.196873035636255
synthetic_weather,weather,hist_gradient_boosting_ar,weather_0,2024-01-09 05:20:00,23.307060986620524,23.35164980242867
synthetic_weather,weather,hist_gradient_boosting_ar,weather_0,2024-01-09 05:30:00,23.390237008761265,23.400201178974115
synthetic_weather,weather,hist_gradient_boosting_ar,weather_0,2024-01-09 05:40:00,23.450819800851676,23.443611429619335
synthetic_weather,weather,hist_gradient_boosting_ar,weather_0,2024-01-09 05:50:00,23.48764498441539,23.44519774034898
synthetic_weather,weather,hist_gradient_boosting_ar,weather_0,2024-01-09 06:00:00,23.5,23.44519774034898
synthetic_weather,weather,hist_gradient_boosting_ar,weather_0,2024-01-09 06:10:00,23.48764498441539,23.44519774034898
synthetic_weather,weather,hist_gradient_boosting_ar,weather_0,2024-01-09 06:20:00,23.450819800851686,23.433508084005787
synthetic_weather,weather,hist_gradient_boosting_ar,weather_0,2024-01-09 06:30:00,23.39023700876128,23.38697674922287
synthetic_weather,weather,hist_gradient_boosting_ar,weather_0,2024-01-09 06:40:00,23.307060986620538,23.313385089462315
synthetic_weather,weather,hist_gradient_boosting_ar,weather_0,2024-01-09 06:50:00,23.20287384044295,23.229860582654254
synthetic_weather,weather,hist_gradient_boosting_ar,weather_0,2024-01-09 07:00:00,23.07962913144536,23.125569548344473
synthetic_weather,weather,hist_gradient_boosting_ar,weather_0,2024-01-09 07:10:00,22.93959482540397,22.94495772202458
synthetic_weather,weather,hist_gradient_boosting_ar,weather_0,2024-01-09 07:20:00,22.78528719276301,22.775210859896184
synthetic_weather,weather,hist_gradient_boosting_ar,weather_0,2024-01-09 07:30:00,22.61939766255644,22.598865424747693
synthetic_weather,weather,hist_gradient_boosting_ar,weather_0,2024-01-09 07:40:00,22.444714846349797,22.439931718317215
synthetic_weather,weather,hist_gradient_boosting_ar,weather_0,2024-01-09 07:50:00,22.26404409422829,22.246786704550875
synthetic_weather,weather,hist_gradient_boosting_ar,weather_1,2024-01-09 04:00:00,23.080127018922212,23.088400853099774
synthetic_weather,weather,hist_gradient_boosting_ar,weather_1,2024-01-09 04:10:00,23.264044094228257,23.2736714872108
synthetic_weather,weather,hist_gradient_boosting_ar,weather_1,2024-01-09 04:20:00,23.444714846349765,23.440008561419607
synthetic_weather,weather,hist_gradient_boosting_ar,weather_1,2024-01-09 04:30:00,23.619397662556413,23.636418250019435
synthetic_weather,weather,hist_gradient_boosting_ar,weather_1,2024-01-09 04:40:00,23.785287192763008,23.779908169643914
synthetic_weather,weather,hist_gradient_boosting_ar,weather_1,2024-01-09 04:50:00,23.93959482540397,23.94080204664216
synthetic_weather,weather,hist_gradient_boosting_ar,weather_1,2024-01-09 05:00:00,24.079629131445337,24.074917346847748
synthetic_weather,weather,hist_gradient_boosting_ar,weather_1,2024-01-09 05:10:00,24.20287384044293,24.196873035636255
synthetic_weather,weather,hist_gradient_boosting_ar,weather_1,2024-01-09 05:20:00,24.307060986620524,24.35164980242867
synthetic_weather,weather,hist_gradient_boosting_ar,weather_1,2024-01-09 05:30:00,24.390237008761265,24.400201178974115
synthetic_weather,weather,hist_gradient_boosting_ar,weather_1,2024-01-09 05:40:00,24.450819800851676,24.443611429619335
synthetic_weather,weather,hist_gradient_boosting_ar,weather_1,2024-01-09 05:50:00,24.48764498441539,24.44519774034898
synthetic_weather,weather,hist_gradient_boosting_ar,weather_1,2024-01-09 06:00:00,24.5,24.44519774034898
synthetic_weather,weather,hist_gradient_boosting_ar,weather_1,2024-01-09 06:10:00,24.48764498441539,24.44519774034898
synthetic_weather,weather,hist_gradient_boosting_ar,weather_1,2024-01-09 06:20:00,24.450819800851686,24.433508084005787
synthetic_weather,weather,hist_gradient_boosting_ar,weather_1,2024-01-09 06:30:00,24.39023700876128,24.38697674922287
synthetic_weather,weather,hist_gradient_boosting_ar,weather_1,2024-01-09 06:40:00,24.307060986620538,24.313385089462315
synthetic_weather,weather,hist_gradient_boosting_ar,weather_1,2024-01-09 06:50:00,24.20287384044295,24.229860582654254
synthetic_weather,weather,hist_gradient_boosting_ar,weather_1,2024-01-09 07:00:00,24.07962913144536,24.125569548344473
synthetic_weather,weather,hist_gradient_boosting_ar,weather_1,2024-01-09 07:10:00,23.93959482540397,23.94495772202458
synthetic_weather,weather,hist_gradient_boosting_ar,weather_1,2024-01-09 07:20:00,23.78528719276301,23.775210859896184
synthetic_weather,weather,hist_gradient_boosting_ar,weather_1,2024-01-09 07:30:00,23.61939766255644,23.598865424747693
synthetic_weather,weather,hist_gradient_boosting_ar,weather_1,2024-01-09 07:40:00,23.444714846349797,23.439931718317215
synthetic_weather,weather,hist_gradient_boosting_ar,weather_1,2024-01-09 07:50:00,23.26404409422829,23.246786704550875
synthetic_weather,weather,lightgbm_ar,weather_0,2024-01-09 04:00:00,22.080127018922212,22.07765199022844
synthetic_weather,weather,lightgbm_ar,weather_0,2024-01-09 04:10:00,22.264044094228257,22.260488669911496
synthetic_weather,weather,lightgbm_ar,weather_0,2024-01-09 04:20:00,22.444714846349765,22.441705388736818
synthetic_weather,weather,lightgbm_ar,weather_0,2024-01-09 04:30:00,22.619397662556413,22.61836098400242
synthetic_weather,weather,lightgbm_ar,weather_0,2024-01-09 04:40:00,22.785287192763008,22.782294063452937
synthetic_weather,weather,lightgbm_ar,weather_0,2024-01-09 04:50:00,22.93959482540397,22.944330441249615
synthetic_weather,weather,lightgbm_ar,weather_0,2024-01-09 05:00:00,23.079629131445337,23.08153793767359
synthetic_weather,weather,lightgbm_ar,weather_0,2024-01-09 05:10:00,23.20287384044293,23.19941707952868
synthetic_weather,weather,lightgbm_ar,weather_0,2024-01-09 05:20:00,23.307060986620524,23.310459482046408
synthetic_weather,weather,lightgbm_ar,weather_0,2024-01-09 05:30:00,23.390237008761265,23.385309147542216
synthetic_weather,weather,lightgbm_ar,weather_0,2024-01-09 05:40:00,23.450819800851676,23.457962896615108
synthetic_weather,weather,lightgbm_ar,weather_0,2024-01-09 05:50:00,23.48764498441539,23.486764453765517
synthetic_weather,weather,lightgbm_ar,weather_0,2024-01-09 06:00:00,23.5,23.48569393220759
synthetic_weather,weather,lightgbm_ar,weather_0,2024-01-09 06:10:00,23.48764498441539,23.48395519811851
synthetic_weather,weather,lightgbm_ar,weather_0,2024-01-09 06:20:00,23.450819800851686,23.453494197090954
synthetic_weather,weather,lightgbm_ar,weather_0,2024-01-09 06:30:00,23.39023700876128,23.388502281784735
synthetic_weather,weather,lightgbm_ar,weather_0,2024-01-09 06:40:00,23.307060986620538,23.309245930829682
synthetic_weather,weather,lightgbm_ar,weather_0,2024-01-09 06:50:00,23.20287384044295,23.208253597354968
synthetic_weather,weather,lightgbm_ar,weather_0,2024-01-09 07:00:00,23.07962913144536,23.085844138815638
synthetic_weather,weather,lightgbm_ar,weather_0,2024-01-09 07:10:00,22.93959482540397,22.931149192175532
synthetic_weather,weather,lightgbm_ar,weather_0,2024-01-09 07:20:00,22.78528719276301,22.774357952037914
synthetic_weather,weather,lightgbm_ar,weather_0,2024-01-09 07:30:00,22.61939766255644,22.62281496624992
synthetic_weather,weather,lightgbm_ar,weather_0,2024-01-09 07:40:00,22.444714846349797,22.44702867280334
synthetic_weather,weather,lightgbm_ar,weather_0,2024-01-09 07:50:00,22.26404409422829,22.26274919239237
synthetic_weather,weather,lightgbm_ar,weather_1,2024-01-09 04:00:00,23.080127018922212,23.07765199022844
synthetic_weather,weather,lightgbm_ar,weather_1,2024-01-09 04:10:00,23.264044094228257,23.260488669911496
synthetic_weather,weather,lightgbm_ar,weather_1,2024-01-09 04:20:00,23.444714846349765,23.441705388736818
synthetic_weather,weather,lightgbm_ar,weather_1,2024-01-09 04:30:00,23.619397662556413,23.61836098400242
synthetic_weather,weather,lightgbm_ar,weather_1,2024-01-09 04:40:00,23.785287192763008,23.782294063452937
synthetic_weather,weather,lightgbm_ar,weather_1,2024-01-09 04:50:00,23.93959482540397,23.944330441249615
synthetic_weather,weather,lightgbm_ar,weather_1,2024-01-09 05:00:00,24.079629131445337,24.08153793767359
synthetic_weather,weather,lightgbm_ar,weather_1,2024-01-09 05:10:00,24.20287384044293,24.19941707952868
synthetic_weather,weather,lightgbm_ar,weather_1,2024-01-09 05:20:00,24.307060986620524,24.310459482046408
synthetic_weather,weather,lightgbm_ar,weather_1,2024-01-09 05:30:00,24.390237008761265,24.385309147542216
synthetic_weather,weather,lightgbm_ar,weather_1,2024-01-09 05:40:00,24.450819800851676,24.457962896615108
synthetic_weather,weather,lightgbm_ar,weather_1,2024-01-09 05:50:00,24.48764498441539,24.486764453765517
synthetic_weather,weather,lightgbm_ar,weather_1,2024-01-09 06:00:00,24.5,24.48569393220759
synthetic_weather,weather,lightgbm_ar,weather_1,2024-01-09 06:10:00,24.48764498441539,24.48395519811851
synthetic_weather,weather,lightgbm_ar,weather_1,2024-01-09 06:20:00,24.450819800851686,24.453494197090954
synthetic_weather,weather,lightgbm_ar,weather_1,2024-01-09 06:30:00,24.39023700876128,24.388502281784735
synthetic_weather,weather,lightgbm_ar,weather_1,2024-01-09 06:40:00,24.307060986620538,24.309245930829682
synthetic_weather,weather,lightgbm_ar,weather_1,2024-01-09 06:50:00,24.20287384044295,24.208253597354968
synthetic_weather,weather,lightgbm_ar,weather_1,2024-01-09 07:00:00,24.07962913144536,24.085844138815638
synthetic_weather,weather,lightgbm_ar,weather_1,2024-01-09 07:10:00,23.93959482540397,23.931149192175532
synthetic_weather,weather,lightgbm_ar,weather_1,2024-01-09 07:20:00,23.78528719276301,23.774357952037914
synthetic_weather,weather,lightgbm_ar,weather_1,2024-01-09 07:30:00,23.61939766255644,23.62281496624992
synthetic_weather,weather,lightgbm_ar,weather_1,2024-01-09 07:40:00,23.444714846349797,23.44702867280334
synthetic_weather,weather,lightgbm_ar,weather_1,2024-01-09 07:50:00,23.26404409422829,23.26274919239237
synthetic_weather,weather,xgboost_ar,weather_0,2024-01-09 04:00:00,22.080127018922212,22.075318188876743
synthetic_weather,weather,xgboost_ar,weather_0,2024-01-09 04:10:00,22.264044094228257,22.085140224575635
synthetic_weather,weather,xgboost_ar,weather_0,2024-01-09 04:20:00,22.444714846349765,22.257969665785943
synthetic_weather,weather,xgboost_ar,weather_0,2024-01-09 04:30:00,22.619397662556413,22.314790991558166
synthetic_weather,weather,xgboost_ar,weather_0,2024-01-09 04:40:00,22.785287192763008,22.430975382441726
synthetic_weather,weather,xgboost_ar,weather_0,2024-01-09 04:50:00,22.93959482540397,22.44554239977889
synthetic_weather,weather,xgboost_ar,weather_0,2024-01-09 05:00:00,23.079629131445337,22.604862476324897
synthetic_weather,weather,xgboost_ar,weather_0,2024-01-09 05:10:00,23.20287384044293,22.605141947190617
synthetic_weather,weather,xgboost_ar,weather_0,2024-01-09 05:20:00,23.307060986620524,22.60457979315037
synthetic_weather,weather,xgboost_ar,weather_0,2024-01-09 05:30:00,23.390237008761265,22.601266698160323
synthetic_weather,weather,xgboost_ar,weather_0,2024-01-09 05:40:00,23.450819800851676,22.60077842722251
synthetic_weather,weather,xgboost_ar,weather_0,2024-01-09 05:50:00,23.48764498441539,22.60077842722251
synthetic_weather,weather,xgboost_ar,weather_0,2024-01-09 06:00:00,23.5,22.60077842722251
synthetic_weather,weather,xgboost_ar,weather_0,2024-01-09 06:10:00,23.48764498441539,22.60077842722251
synthetic_weather,weather,xgboost_ar,weather_0,2024-01-09 06:20:00,23.450819800851686,22.600551156374813
synthetic_weather,weather,xgboost_ar,weather_0,2024-01-09 06:30:00,23.39023700876128,22.600551156374813
synthetic_weather,weather,xgboost_ar,weather_0,2024-01-09 06:40:00,23.307060986620538,22.571560069442146
synthetic_weather,weather,xgboost_ar,weather_0,2024-01-09 06:50:00,23.20287384044295,22.538372101060446
synthetic_weather,weather,xgboost_ar,weather_0,2024-01-09 07:00:00,23.07962913144536,22.493118299282074
synthetic_weather,weather,xgboost_ar,weather_0,2024-01-09 07:10:00,22.93959482540397,22.43025100680701
synthetic_weather,weather,xgboost_ar,weather_0,2024-01-09 07:20:00,22.78528719276301,22.233660518931323
synthetic_weather,weather,xgboost_ar,weather_0,2024-01-09 07:30:00,22.61939766255644,22.05157440837117
synthetic_weather,weather,xgboost_ar,weather_0,2024-01-09 07:40:00,22.444714846349797,21.857114082769414
synthetic_weather,weather,xgboost_ar,weather_0,2024-01-09 07:50:00,22.26404409422829,21.605628851325143
synthetic_weather,weather,xgboost_ar,weather_1,2024-01-09 04:00:00,23.080127018922212,23.075318188876743
synthetic_weather,weather,xgboost_ar,weather_1,2024-01-09 04:10:00,23.264044094228257,23.085140224575635
synthetic_weather,weather,xgboost_ar,weather_1,2024-01-09 04:20:00,23.444714846349765,23.257969665785943
synthetic_weather,weather,xgboost_ar,weather_1,2024-01-09 04:30:00,23.619397662556413,23.314790991558166
synthetic_weather,weather,xgboost_ar,weather_1,2024-01-09 04:40:00,23.785287192763008,23.430975382441726
synthetic_weather,weather,xgboost_ar,weather_1,2024-01-09 04:50:00,23.93959482540397,23.44554239977889
synthetic_weather,weather,xgboost_ar,weather_1,2024-01-09 05:00:00,24.079629131445337,23.604862476324897
synthetic_weather,weather,xgboost_ar,weather_1,2024-01-09 05:10:00,24.20287384044293,23.605141947190617
synthetic_weather,weather,xgboost_ar,weather_1,2024-01-09 05:20:00,24.307060986620524,23.60457979315037
synthetic_weather,weather,xgboost_ar,weather_1,2024-01-09 05:30:00,24.390237008761265,23.601266698160323
synthetic_weather,weather,xgboost_ar,weather_1,2024-01-09 05:40:00,24.450819800851676,23.60077842722251
synthetic_weather,weather,xgboost_ar,weather_1,2024-01-09 05:50:00,24.48764498441539,23.60077842722251
synthetic_weather,weather,xgboost_ar,weather_1,2024-01-09 06:00:00,24.5,23.60077842722251
synthetic_weather,weather,xgboost_ar,weather_1,2024-01-09 06:10:00,24.48764498441539,23.60077842722251
synthetic_weather,weather,xgboost_ar,weather_1,2024-01-09 06:20:00,24.450819800851686,23.600551156374813
synthetic_weather,weather,xgboost_ar,weather_1,2024-01-09 06:30:00,24.39023700876128,23.600551156374813
synthetic_weather,weather,xgboost_ar,weather_1,2024-01-09 06:40:00,24.307060986620538,23.571560069442146
synthetic_weather,weather,xgboost_ar,weather_1,2024-01-09 06:50:00,24.20287384044295,23.538372101060446
synthetic_weather,weather,xgboost_ar,weather_1,2024-01-09 07:00:00,24.07962913144536,23.493118299282074
synthetic_weather,weather,xgboost_ar,weather_1,2024-01-09 07:10:00,23.93959482540397,23.43025100680701
synthetic_weather,weather,xgboost_ar,weather_1,2024-01-09 07:20:00,23.78528719276301,23.233660518931323
synthetic_weather,weather,xgboost_ar,weather_1,2024-01-09 07:30:00,23.61939766255644,23.05157440837117
synthetic_weather,weather,xgboost_ar,weather_1,2024-01-09 07:40:00,23.444714846349797,22.857114082769414
synthetic_weather,weather,xgboost_ar,weather_1,2024-01-09 07:50:00,23.26404409422829,22.605628851325143
synthetic_weather,weather,tabpfn_ts,weather_0,2024-01-09 04:00:00,22.080127018922212,22.000444412231445
synthetic_weather,weather,tabpfn_ts,weather_0,2024-01-09 04:10:00,22.264044094228257,22.011058807373047
synthetic_weather,weather,tabpfn_ts,weather_0,2024-01-09 04:20:00,22.444714846349765,21.98329734802246
synthetic_weather,weather,tabpfn_ts,weather_0,2024-01-09 04:30:00,22.619397662556413,21.930938720703125
synthetic_weather,weather,tabpfn_ts,weather_0,2024-01-09 04:40:00,22.785287192763008,21.833690643310547
synthetic_weather,weather,tabpfn_ts,weather_0,2024-01-09 04:50:00,22.93959482540397,21.821611404418945
synthetic_weather,weather,tabpfn_ts,weather_0,2024-01-09 05:00:00,23.079629131445337,21.939132690429688
synthetic_weather,weather,tabpfn_ts,weather_0,2024-01-09 05:10:00,23.20287384044293,21.922494888305664
synthetic_weather,weather,tabpfn_ts,weather_0,2024-01-09 05:20:00,23.307060986620524,21.93264389038086
synthetic_weather,weather,tabpfn_ts,weather_0,2024-01-09 05:30:00,23.390237008761265,21.946395874023438
synthetic_weather,weather,tabpfn_ts,weather_0,2024-01-09 05:40:00,23.450819800851676,21.9140625
synthetic_weather,weather,tabpfn_ts,weather_0,2024-01-09 05:50:00,23.48764498441539,21.862001419067383
synthetic_weather,weather,tabpfn_ts,weather_0,2024-01-09 06:00:00,23.5,21.931489944458008
synthetic_weather,weather,tabpfn_ts,weather_0,2024-01-09 06:10:00,23.48764498441539,21.866806030273438
synthetic_weather,weather,tabpfn_ts,weather_0,2024-01-09 06:20:00,23.450819800851686,21.804563522338867
synthetic_weather,weather,tabpfn_ts,weather_0,2024-01-09 06:30:00,23.39023700876128,21.738224029541016
synthetic_weather,weather,tabpfn_ts,weather_0,2024-01-09 06:40:00,23.307060986620538,21.634552001953125
synthetic_weather,weather,tabpfn_ts,weather_0,2024-01-09 06:50:00,23.20287384044295,21.569122314453125
synthetic_weather,weather,tabpfn_ts,weather_0,2024-01-09 07:00:00,23.07962913144536,21.30480194091797
synthetic_weather,weather,tabpfn_ts,weather_0,2024-01-09 07:10:00,22.93959482540397,21.23103141784668
synthetic_weather,weather,tabpfn_ts,weather_0,2024-01-09 07:20:00,22.78528719276301,21.169038772583008
synthetic_weather,weather,tabpfn_ts,weather_0,2024-01-09 07:30:00,22.61939766255644,21.087915420532227
synthetic_weather,weather,tabpfn_ts,weather_0,2024-01-09 07:40:00,22.444714846349797,21.010644912719727
synthetic_weather,weather,tabpfn_ts,weather_0,2024-01-09 07:50:00,22.26404409422829,20.92189598083496
synthetic_weather,weather,tabpfn_ts,weather_1,2024-01-09 04:00:00,23.080127018922212,23.000444412231445
synthetic_weather,weather,tabpfn_ts,weather_1,2024-01-09 04:10:00,23.264044094228257,23.011058807373047
synthetic_weather,weather,tabpfn_ts,weather_1,2024-01-09 04:20:00,23.444714846349765,22.98329734802246
synthetic_weather,weather,tabpfn_ts,weather_1,2024-01-09 04:30:00,23.619397662556413,22.930938720703125
synthetic_weather,weather,tabpfn_ts,weather_1,2024-01-09 04:40:00,23.785287192763008,22.833690643310547
synthetic_weather,weather,tabpfn_ts,weather_1,2024-01-09 04:50:00,23.93959482540397,22.821611404418945
synthetic_weather,weather,tabpfn_ts,weather_1,2024-01-09 05:00:00,24.079629131445337,22.939132690429688
synthetic_weather,weather,tabpfn_ts,weather_1,2024-01-09 05:10:00,24.20287384044293,22.922494888305664
synthetic_weather,weather,tabpfn_ts,weather_1,2024-01-09 05:20:00,24.307060986620524,22.93264389038086
synthetic_weather,weather,tabpfn_ts,weather_1,2024-01-09 05:30:00,24.390237008761265,22.946395874023438
synthetic_weather,weather,tabpfn_ts,weather_1,2024-01-09 05:40:00,24.450819800851676,22.9140625
synthetic_weather,weather,tabpfn_ts,weather_1,2024-01-09 05:50:00,24.48764498441539,22.862001419067383
synthetic_weather,weather,tabpfn_ts,weather_1,2024-01-09 06:00:00,24.5,22.931489944458008
synthetic_weather,weather,tabpfn_ts,weather_1,2024-01-09 06:10:00,24.48764498441539,22.866806030273438
synthetic_weather,weather,tabpfn_ts,weather_1,2024-01-09 06:20:00,24.450819800851686,22.804563522338867
synthetic_weather,weather,tabpfn_ts,weather_1,2024-01-09 06:30:00,24.39023700876128,22.738224029541016
synthetic_weather,weather,tabpfn_ts,weather_1,2024-01-09 06:40:00,24.307060986620538,22.634552001953125
synthetic_weather,weather,tabpfn_ts,weather_1,2024-01-09 06:50:00,24.20287384044295,22.569122314453125
synthetic_weather,weather,tabpfn_ts,weather_1,2024-01-09 07:00:00,24.07962913144536,22.30480194091797
synthetic_weather,weather,tabpfn_ts,weather_1,2024-01-09 07:10:00,23.93959482540397,22.23103141784668
synthetic_weather,weather,tabpfn_ts,weather_1,2024-01-09 07:20:00,23.78528719276301,22.169038772583008
synthetic_weather,weather,tabpfn_ts,weather_1,2024-01-09 07:30:00,23.61939766255644,22.087915420532227
synthetic_weather,weather,tabpfn_ts,weather_1,2024-01-09 07:40:00,23.444714846349797,22.010644912719727
synthetic_weather,weather,tabpfn_ts,weather_1,2024-01-09 07:50:00,23.26404409422829,21.92189598083496
synthetic_exchange,economics,dummy_mean,exchange_0,2025-01-31 00:00:00,4.9252893008705945,3.995912767972403
synthetic_exchange,economics,dummy_mean,exchange_0,2025-02-01 00:00:00,4.892005767025455,3.995912767972403
synthetic_exchange,economics,dummy_mean,exchange_0,2025-02-02 00:00:00,4.917453481402558,3.995912767972403
synthetic_exchange,economics,dummy_mean,exchange_0,2025-02-03 00:00:00,4.9899999999999975,3.995912767972403
synthetic_exchange,economics,dummy_mean,exchange_0,2025-02-04 00:00:00,5.062546518597442,3.995912767972403
synthetic_exchange,economics,dummy_mean,exchange_0,2025-02-05 00:00:00,5.0879942329745464,3.995912767972403
synthetic_exchange,economics,dummy_mean,exchange_0,2025-02-06 00:00:00,5.054710699129407,3.995912767972403
synthetic_exchange,economics,dummy_mean,exchange_0,2025-02-07 00:00:00,4.9952893008706,3.995912767972403
synthetic_exchange,economics,dummy_mean,exchange_0,2025-02-08 00:00:00,4.962005767025454,3.995912767972403
synthetic_exchange,economics,dummy_mean,exchange_0,2025-02-09 00:00:00,4.987453481402556,3.995912767972403
synthetic_exchange,economics,dummy_mean,exchange_0,2025-02-10 00:00:00,5.0600000000000005,3.995912767972403
synthetic_exchange,economics,dummy_mean,exchange_0,2025-02-11 00:00:00,5.132546518597444,3.995912767972403
synthetic_exchange,economics,dummy_mean,exchange_0,2025-02-12 00:00:00,5.157994232974546,3.995912767972403
synthetic_exchange,economics,dummy_mean,exchange_0,2025-02-13 00:00:00,5.124710699129404,3.995912767972403
synthetic_exchange,economics,dummy_mean,exchange_0,2025-02-14 00:00:00,5.065289300870597,3.995912767972403
synthetic_exchange,economics,dummy_mean,exchange_0,2025-02-15 00:00:00,5.0320057670254545,3.995912767972403
synthetic_exchange,economics,dummy_mean,exchange_0,2025-02-16 00:00:00,5.057453481402556,3.995912767972403
synthetic_exchange,economics,dummy_mean,exchange_0,2025-02-17 00:00:00,5.129999999999998,3.995912767972403
synthetic_exchange,economics,dummy_mean,exchange_0,2025-02-18 00:00:00,5.2025465185974396,3.995912767972403
synthetic_exchange,economics,dummy_mean,exchange_0,2025-02-19 00:00:00,5.227994232974547,3.995912767972403
synthetic_exchange,economics,dummy_mean,exchange_0,2025-02-20 00:00:00,5.194710699129402,3.995912767972403
synthetic_exchange,economics,dummy_mean,exchange_0,2025-02-21 00:00:00,5.135289300870594,3.995912767972403
synthetic_exchange,economics,dummy_mean,exchange_0,2025-02-22 00:00:00,5.102005767025453,3.995912767972403
synthetic_exchange,economics,dummy_mean,exchange_0,2025-02-23 00:00:00,5.127453481402558,3.995912767972403
synthetic_exchange,economics,dummy_mean,exchange_1,2025-01-31 00:00:00,4.955289300870595,4.025912767972403
synthetic_exchange,economics,dummy_mean,exchange_1,2025-02-01 00:00:00,4.922005767025455,4.025912767972403
synthetic_exchange,economics,dummy_mean,exchange_1,2025-02-02 00:00:00,4.947453481402558,4.025912767972403
synthetic_exchange,economics,dummy_mean,exchange_1,2025-02-03 00:00:00,5.019999999999998,4.025912767972403
synthetic_exchange,economics,dummy_mean,exchange_1,2025-02-04 00:00:00,5.092546518597442,4.025912767972403
synthetic_exchange,economics,dummy_mean,exchange_1,2025-02-05 00:00:00,5.117994232974547,4.025912767972403
synthetic_exchange,economics,dummy_mean,exchange_1,2025-02-06 00:00:00,5.084710699129407,4.025912767972403
synthetic_exchange,economics,dummy_mean,exchange_1,2025-02-07 00:00:00,5.0252893008706,4.025912767972403
synthetic_exchange,economics,dummy_mean,exchange_1,2025-02-08 00:00:00,4.9920057670254545,4.025912767972403
synthetic_exchange,economics,dummy_mean,exchange_1,2025-02-09 00:00:00,5.017453481402557,4.025912767972403
synthetic_exchange,economics,dummy_mean,exchange_1,2025-02-10 00:00:00,5.090000000000001,4.025912767972403
synthetic_exchange,economics,dummy_mean,exchange_1,2025-02-11 00:00:00,5.162546518597444,4.025912767972403
synthetic_exchange,economics,dummy_mean,exchange_1,2025-02-12 00:00:00,5.187994232974546,4.025912767972403
synthetic_exchange,economics,dummy_mean,exchange_1,2025-02-13 00:00:00,5.154710699129404,4.025912767972403
synthetic_exchange,economics,dummy_mean,exchange_1,2025-02-14 00:00:00,5.095289300870597,4.025912767972403
synthetic_exchange,economics,dummy_mean,exchange_1,2025-02-15 00:00:00,5.062005767025455,4.025912767972403
synthetic_exchange,economics,dummy_mean,exchange_1,2025-02-16 00:00:00,5.087453481402556,4.025912767972403
synthetic_exchange,economics,dummy_mean,exchange_1,2025-02-17 00:00:00,5.159999999999998,4.025912767972403
synthetic_exchange,economics,dummy_mean,exchange_1,2025-02-18 00:00:00,5.23254651859744,4.025912767972403
synthetic_exchange,economics,dummy_mean,exchange_1,2025-02-19 00:00:00,5.257994232974547,4.025912767972403
synthetic_exchange,economics,dummy_mean,exchange_1,2025-02-20 00:00:00,5.224710699129402,4.025912767972403
synthetic_exchange,economics,dummy_mean,exchange_1,2025-02-21 00:00:00,5.165289300870595,4.025912767972403
synthetic_exchange,economics,dummy_mean,exchange_1,2025-02-22 00:00:00,5.132005767025453,4.025912767972403
synthetic_exchange,economics,dummy_mean,exchange_1,2025-02-23 00:00:00,5.157453481402558,4.025912767972403
synthetic_exchange,economics,seasonal_naive,exchange_0,2025-01-31 00:00:00,4.9252893008705945,4.7825465185974405
synthetic_exchange,economics,seasonal_naive,exchange_0,2025-02-01 00:00:00,4.892005767025455,4.807994232974547
synthetic_exchange,economics,seasonal_naive,exchange_0,2025-02-02 00:00:00,4.917453481402558,4.774710699129405
synthetic_exchange,economics,seasonal_naive,exchange_0,2025-02-03 00:00:00,4.9899999999999975,4.715289300870598
synthetic_exchange,economics,seasonal_naive,exchange_0,2025-02-04 00:00:00,5.062546518597442,4.682005767025454
synthetic_exchange,economics,seasonal_naive,exchange_0,2025-02-05 00:00:00,5.0879942329745464,4.707453481402554
synthetic_exchange,economics,seasonal_naive,exchange_0,2025-02-06 00:00:00,5.054710699129407,4.780000000000003
synthetic_exchange,economics,seasonal_naive,exchange_0,2025-02-07 00:00:00,4.9952893008706,4.852546518597442
synthetic_exchange,economics,seasonal_naive,exchange_0,2025-02-08 00:00:00,4.962005767025454,4.8779942329745465
synthetic_exchange,economics,seasonal_naive,exchange_0,2025-02-09 00:00:00,4.987453481402556,4.844710699129407
synthetic_exchange,economics,seasonal_naive,exchange_0,2025-02-10 00:00:00,5.0600000000000005,4.785289300870596
synthetic_exchange,economics,seasonal_naive,exchange_0,2025-02-11 00:00:00,5.132546518597444,4.752005767025455
synthetic_exchange,economics,seasonal_naive,exchange_0,2025-02-12 00:00:00,5.157994232974546,4.777453481402556
synthetic_exchange,economics,seasonal_naive,exchange_0,2025-02-13 00:00:00,5.124710699129404,4.8500000000000005
synthetic_exchange,economics,seasonal_naive,exchange_0,2025-02-14 00:00:00,5.065289300870597,4.92254651859744
synthetic_exchange,economics,seasonal_naive,exchange_0,2025-02-15 00:00:00,5.0320057670254545,4.947994232974546
synthetic_exchange,economics,seasonal_naive,exchange_0,2025-02-16 00:00:00,5.057453481402556,4.914710699129407
synthetic_exchange,economics,seasonal_naive,exchange_0,2025-02-17 00:00:00,5.129999999999998,4.855289300870598
synthetic_exchange,economics,seasonal_naive,exchange_0,2025-02-18 00:00:00,5.2025465185974396,4.8220057670254555
synthetic_exchange,economics,seasonal_naive,exchange_0,2025-02-19 00:00:00,5.227994232974547,4.8474534814025585
synthetic_exchange,economics,seasonal_naive,exchange_0,2025-02-20 00:00:00,5.194710699129402,4.919999999999999
synthetic_exchange,economics,seasonal_naive,exchange_0,2025-02-21 00:00:00,5.135289300870594,4.992546518597442
synthetic_exchange,economics,seasonal_naive,exchange_0,2025-02-22 00:00:00,5.102005767025453,5.017994232974546
synthetic_exchange,economics,seasonal_naive,exchange_0,2025-02-23 00:00:00,5.127453481402558,4.984710699129406
synthetic_exchange,economics,seasonal_naive,exchange_1,2025-01-31 00:00:00,4.955289300870595,4.812546518597441
synthetic_exchange,economics,seasonal_naive,exchange_1,2025-02-01 00:00:00,4.922005767025455,4.837994232974547
synthetic_exchange,economics,seasonal_naive,exchange_1,2025-02-02 00:00:00,4.947453481402558,4.804710699129405
synthetic_exchange,economics,seasonal_naive,exchange_1,2025-02-03 00:00:00,5.019999999999998,4.745289300870598
synthetic_exchange,economics,seasonal_naive,exchange_1,2025-02-04 00:00:00,5.092546518597442,4.712005767025454
synthetic_exchange,economics,seasonal_naive,exchange_1,2025-02-05 00:00:00,5.117994232974547,4.737453481402555
synthetic_exchange,economics,seasonal_naive,exchange_1,2025-02-06 00:00:00,5.084710699129407,4.810000000000003
synthetic_exchange,economics,seasonal_naive,exchange_1,2025-02-07 00:00:00,5.0252893008706,4.882546518597442
synthetic_exchange,economics,seasonal_naive,exchange_1,2025-02-08 00:00:00,4.9920057670254545,4.907994232974547
synthetic_exchange,economics,seasonal_naive,exchange_1,2025-02-09 00:00:00,5.017453481402557,4.874710699129407
synthetic_exchange,economics,seasonal_naive,exchange_1,2025-02-10 00:00:00,5.090000000000001,4.815289300870596
synthetic_exchange,economics,seasonal_naive,exchange_1,2025-02-11 00:00:00,5.162546518597444,4.782005767025455
synthetic_exchange,economics,seasonal_naive,exchange_1,2025-02-12 00:00:00,5.187994232974546,4.807453481402557
synthetic_exchange,economics,seasonal_naive,exchange_1,2025-02-13 00:00:00,5.154710699129404,4.880000000000001
synthetic_exchange,economics,seasonal_naive,exchange_1,2025-02-14 00:00:00,5.095289300870597,4.95254651859744
synthetic_exchange,economics,seasonal_naive,exchange_1,2025-02-15 00:00:00,5.062005767025455,4.977994232974546
synthetic_exchange,economics,seasonal_naive,exchange_1,2025-02-16 00:00:00,5.087453481402556,4.944710699129407
synthetic_exchange,economics,seasonal_naive,exchange_1,2025-02-17 00:00:00,5.159999999999998,4.885289300870598
synthetic_exchange,economics,seasonal_naive,exchange_1,2025-02-18 00:00:00,5.23254651859744,4.852005767025456
synthetic_exchange,economics,seasonal_naive,exchange_1,2025-02-19 00:00:00,5.257994232974547,4.877453481402559
synthetic_exchange,economics,seasonal_naive,exchange_1,2025-02-20 00:00:00,5.224710699129402,4.949999999999999
synthetic_exchange,economics,seasonal_naive,exchange_1,2025-02-21 00:00:00,5.165289300870595,5.0225465185974425
synthetic_exchange,economics,seasonal_naive,exchange_1,2025-02-22 00:00:00,5.132005767025453,5.047994232974546
synthetic_exchange,economics,seasonal_naive,exchange_1,2025-02-23 00:00:00,5.157453481402558,5.014710699129406
synthetic_exchange,economics,moving_average,exchange_0,2025-01-31 00:00:00,4.9252893008705945,4.842302143779225
synthetic_exchange,economics,moving_average,exchange_0,2025-02-01 00:00:00,4.892005767025455,4.842302143779225
synthetic_exchange,economics,moving_average,exchange_0,2025-02-02 00:00:00,4.917453481402558,4.842302143779225
synthetic_exchange,economics,moving_average,exchange_0,2025-02-03 00:00:00,4.9899999999999975,4.842302143779225
synthetic_exchange,economics,moving_average,exchange_0,2025-02-04 00:00:00,5.062546518597442,4.842302143779225
synthetic_exchange,economics,moving_average,exchange_0,2025-02-05 00:00:00,5.0879942329745464,4.842302143779225
synthetic_exchange,economics,moving_average,exchange_0,2025-02-06 00:00:00,5.054710699129407,4.842302143779225
synthetic_exchange,economics,moving_average,exchange_0,2025-02-07 00:00:00,4.9952893008706,4.842302143779225
synthetic_exchange,economics,moving_average,exchange_0,2025-02-08 00:00:00,4.962005767025454,4.842302143779225
synthetic_exchange,economics,moving_average,exchange_0,2025-02-09 00:00:00,4.987453481402556,4.842302143779225
synthetic_exchange,economics,moving_average,exchange_0,2025-02-10 00:00:00,5.0600000000000005,4.842302143779225
synthetic_exchange,economics,moving_average,exchange_0,2025-02-11 00:00:00,5.132546518597444,4.842302143779225
synthetic_exchange,economics,moving_average,exchange_0,2025-02-12 00:00:00,5.157994232974546,4.842302143779225
synthetic_exchange,economics,moving_average,exchange_0,2025-02-13 00:00:00,5.124710699129404,4.842302143779225
synthetic_exchange,economics,moving_average,exchange_0,2025-02-14 00:00:00,5.065289300870597,4.842302143779225
synthetic_exchange,economics,moving_average,exchange_0,2025-02-15 00:00:00,5.0320057670254545,4.842302143779225
synthetic_exchange,economics,moving_average,exchange_0,2025-02-16 00:00:00,5.057453481402556,4.842302143779225
synthetic_exchange,economics,moving_average,exchange_0,2025-02-17 00:00:00,5.129999999999998,4.842302143779225
synthetic_exchange,economics,moving_average,exchange_0,2025-02-18 00:00:00,5.2025465185974396,4.842302143779225
synthetic_exchange,economics,moving_average,exchange_0,2025-02-19 00:00:00,5.227994232974547,4.842302143779225
synthetic_exchange,economics,moving_average,exchange_0,2025-02-20 00:00:00,5.194710699129402,4.842302143779225
synthetic_exchange,economics,moving_average,exchange_0,2025-02-21 00:00:00,5.135289300870594,4.842302143779225
synthetic_exchange,economics,moving_average,exchange_0,2025-02-22 00:00:00,5.102005767025453,4.842302143779225
synthetic_exchange,economics,moving_average,exchange_0,2025-02-23 00:00:00,5.127453481402558,4.842302143779225
synthetic_exchange,economics,moving_average,exchange_1,2025-01-31 00:00:00,4.955289300870595,4.872302143779225
synthetic_exchange,economics,moving_average,exchange_1,2025-02-01 00:00:00,4.922005767025455,4.872302143779225
synthetic_exchange,economics,moving_average,exchange_1,2025-02-02 00:00:00,4.947453481402558,4.872302143779225
synthetic_exchange,economics,moving_average,exchange_1,2025-02-03 00:00:00,5.019999999999998,4.872302143779225
synthetic_exchange,economics,moving_average,exchange_1,2025-02-04 00:00:00,5.092546518597442,4.872302143779225
synthetic_exchange,economics,moving_average,exchange_1,2025-02-05 00:00:00,5.117994232974547,4.872302143779225
synthetic_exchange,economics,moving_average,exchange_1,2025-02-06 00:00:00,5.084710699129407,4.872302143779225
synthetic_exchange,economics,moving_average,exchange_1,2025-02-07 00:00:00,5.0252893008706,4.872302143779225
synthetic_exchange,economics,moving_average,exchange_1,2025-02-08 00:00:00,4.9920057670254545,4.872302143779225
synthetic_exchange,economics,moving_average,exchange_1,2025-02-09 00:00:00,5.017453481402557,4.872302143779225
synthetic_exchange,economics,moving_average,exchange_1,2025-02-10 00:00:00,5.090000000000001,4.872302143779225
synthetic_exchange,economics,moving_average,exchange_1,2025-02-11 00:00:00,5.162546518597444,4.872302143779225
synthetic_exchange,economics,moving_average,exchange_1,2025-02-12 00:00:00,5.187994232974546,4.872302143779225
synthetic_exchange,economics,moving_average,exchange_1,2025-02-13 00:00:00,5.154710699129404,4.872302143779225
synthetic_exchange,economics,moving_average,exchange_1,2025-02-14 00:00:00,5.095289300870597,4.872302143779225
synthetic_exchange,economics,moving_average,exchange_1,2025-02-15 00:00:00,5.062005767025455,4.872302143779225
synthetic_exchange,economics,moving_average,exchange_1,2025-02-16 00:00:00,5.087453481402556,4.872302143779225
synthetic_exchange,economics,moving_average,exchange_1,2025-02-17 00:00:00,5.159999999999998,4.872302143779225
synthetic_exchange,economics,moving_average,exchange_1,2025-02-18 00:00:00,5.23254651859744,4.872302143779225
synthetic_exchange,economics,moving_average,exchange_1,2025-02-19 00:00:00,5.257994232974547,4.872302143779225
synthetic_exchange,economics,moving_average,exchange_1,2025-02-20 00:00:00,5.224710699129402,4.872302143779225
synthetic_exchange,economics,moving_average,exchange_1,2025-02-21 00:00:00,5.165289300870595,4.872302143779225
synthetic_exchange,economics,moving_average,exchange_1,2025-02-22 00:00:00,5.132005767025453,4.872302143779225
synthetic_exchange,economics,moving_average,exchange_1,2025-02-23 00:00:00,5.157453481402558,4.872302143779225
synthetic_exchange,economics,linear_trend,exchange_0,2025-01-31 00:00:00,4.9252893008705945,4.961049372114045
synthetic_exchange,economics,linear_trend,exchange_0,2025-02-01 00:00:00,4.892005767025455,4.971050787701006
synthetic_exchange,economics,linear_trend,exchange_0,2025-02-02 00:00:00,4.917453481402558,4.981052203287966
synthetic_exchange,economics,linear_trend,exchange_0,2025-02-03 00:00:00,4.9899999999999975,4.9910536188749255
synthetic_exchange,economics,linear_trend,exchange_0,2025-02-04 00:00:00,5.062546518597442,5.001055034461886
synthetic_exchange,economics,linear_trend,exchange_0,2025-02-05 00:00:00,5.0879942329745464,5.011056450048846
synthetic_exchange,economics,linear_trend,exchange_0,2025-02-06 00:00:00,5.054710699129407,5.021057865635806
synthetic_exchange,economics,linear_trend,exchange_0,2025-02-07 00:00:00,4.9952893008706,5.031059281222766
synthetic_exchange,economics,linear_trend,exchange_0,2025-02-08 00:00:00,4.962005767025454,5.041060696809726
synthetic_exchange,economics,linear_trend,exchange_0,2025-02-09 00:00:00,4.987453481402556,5.051062112396686
synthetic_exchange,economics,linear_trend,exchange_0,2025-02-10 00:00:00,5.0600000000000005,5.061063527983646
synthetic_exchange,economics,linear_trend,exchange_0,2025-02-11 00:00:00,5.132546518597444,5.071064943570606
synthetic_exchange,economics,linear_trend,exchange_0,2025-02-12 00:00:00,5.157994232974546,5.081066359157566
synthetic_exchange,economics,linear_trend,exchange_0,2025-02-13 00:00:00,5.124710699129404,5.091067774744526
synthetic_exchange,economics,linear_trend,exchange_0,2025-02-14 00:00:00,5.065289300870597,5.101069190331486
synthetic_exchange,economics,linear_trend,exchange_0,2025-02-15 00:00:00,5.0320057670254545,5.111070605918446
synthetic_exchange,economics,linear_trend,exchange_0,2025-02-16 00:00:00,5.057453481402556,5.121072021505407
synthetic_exchange,economics,linear_trend,exchange_0,2025-02-17 00:00:00,5.129999999999998,5.1310734370923665
synthetic_exchange,economics,linear_trend,exchange_0,2025-02-18 00:00:00,5.2025465185974396,5.141074852679326
synthetic_exchange,economics,linear_trend,exchange_0,2025-02-19 00:00:00,5.227994232974547,5.151076268266287
synthetic_exchange,economics,linear_trend,exchange_0,2025-02-20 00:00:00,5.194710699129402,5.161077683853247
synthetic_exchange,economics,linear_trend,exchange_0,2025-02-21 00:00:00,5.135289300870594,5.171079099440206
synthetic_exchange,economics,linear_trend,exchange_0,2025-02-22 00:00:00,5.102005767025453,5.181080515027167
synthetic_exchange,economics,linear_trend,exchange_0,2025-02-23 00:00:00,5.127453481402558,5.191081930614127
synthetic_exchange,economics,linear_trend,exchange_1,2025-01-31 00:00:00,4.955289300870595,4.991049372114047
synthetic_exchange,economics,linear_trend,exchange_1,2025-02-01 00:00:00,4.922005767025455,5.001050787701008
synthetic_exchange,economics,linear_trend,exchange_1,2025-02-02 00:00:00,4.947453481402558,5.011052203287967
synthetic_exchange,economics,linear_trend,exchange_1,2025-02-03 00:00:00,5.019999999999998,5.0210536188749275
synthetic_exchange,economics,linear_trend,exchange_1,2025-02-04 00:00:00,5.092546518597442,5.031055034461888
synthetic_exchange,economics,linear_trend,exchange_1,2025-02-05 00:00:00,5.117994232974547,5.041056450048847
synthetic_exchange,economics,linear_trend,exchange_1,2025-02-06 00:00:00,5.084710699129407,5.051057865635808
synthetic_exchange,economics,linear_trend,exchange_1,2025-02-07 00:00:00,5.0252893008706,5.061059281222768
synthetic_exchange,economics,linear_trend,exchange_1,2025-02-08 00:00:00,4.9920057670254545,5.071060696809727
synthetic_exchange,economics,linear_trend,exchange_1,2025-02-09 00:00:00,5.017453481402557,5.081062112396688
synthetic_exchange,economics,linear_trend,exchange_1,2025-02-10 00:00:00,5.090000000000001,5.091063527983648
synthetic_exchange,economics,linear_trend,exchange_1,2025-02-11 00:00:00,5.162546518597444,5.1010649435706075
synthetic_exchange,economics,linear_trend,exchange_1,2025-02-12 00:00:00,5.187994232974546,5.111066359157568
synthetic_exchange,economics,linear_trend,exchange_1,2025-02-13 00:00:00,5.154710699129404,5.121067774744528
synthetic_exchange,economics,linear_trend,exchange_1,2025-02-14 00:00:00,5.095289300870597,5.131069190331488
synthetic_exchange,economics,linear_trend,exchange_1,2025-02-15 00:00:00,5.062005767025455,5.141070605918448
synthetic_exchange,economics,linear_trend,exchange_1,2025-02-16 00:00:00,5.087453481402556,5.151072021505408
synthetic_exchange,economics,linear_trend,exchange_1,2025-02-17 00:00:00,5.159999999999998,5.161073437092368
synthetic_exchange,economics,linear_trend,exchange_1,2025-02-18 00:00:00,5.23254651859744,5.171074852679328
synthetic_exchange,economics,linear_trend,exchange_1,2025-02-19 00:00:00,5.257994232974547,5.181076268266288
synthetic_exchange,economics,linear_trend,exchange_1,2025-02-20 00:00:00,5.224710699129402,5.191077683853248
synthetic_exchange,economics,linear_trend,exchange_1,2025-02-21 00:00:00,5.165289300870595,5.201079099440208
synthetic_exchange,economics,linear_trend,exchange_1,2025-02-22 00:00:00,5.132005767025453,5.211080515027168
synthetic_exchange,economics,linear_trend,exchange_1,2025-02-23 00:00:00,5.157453481402558,5.221081930614128
synthetic_exchange,economics,ridge_ar,exchange_0,2025-01-31 00:00:00,4.9252893008705945,4.927857793430533
synthetic_exchange,economics,ridge_ar,exchange_0,2025-02-01 00:00:00,4.892005767025455,4.89968953434339
synthetic_exchange,economics,ridge_ar,exchange_0,2025-02-02 00:00:00,4.917453481402558,4.926800321804687
synthetic_exchange,economics,ridge_ar,exchange_0,2025-02-03 00:00:00,4.9899999999999975,4.995089874718577
synthetic_exchange,economics,ridge_ar,exchange_0,2025-02-04 00:00:00,5.062546518597442,5.059511602762508
synthetic_exchange,economics,ridge_ar,exchange_0,2025-02-05 00:00:00,5.0879942329745464,5.078556616290717
synthetic_exchange,economics,ridge_ar,exchange_0,2025-02-06 00:00:00,5.054710699129407,5.0451168761389615
synthetic_exchange,economics,ridge_ar,exchange_0,2025-02-07 00:00:00,4.9952893008706,4.991967491516538
synthetic_exchange,economics,ridge_ar,exchange_0,2025-02-08 00:00:00,4.962005767025454,4.966751556440386
synthetic_exchange,economics,ridge_ar,exchange_0,2025-02-09 00:00:00,4.987453481402556,4.995994379356601
synthetic_exchange,economics,ridge_ar,exchange_0,2025-02-10 00:00:00,5.0600000000000005,5.06526169474873
synthetic_exchange,economics,ridge_ar,exchange_0,2025-02-11 00:00:00,5.132546518597444,5.130042706274388
synthetic_exchange,economics,ridge_ar,exchange_0,2025-02-12 00:00:00,5.157994232974546,5.149074619769526
synthetic_exchange,economics,ridge_ar,exchange_0,2025-02-13 00:00:00,5.124710699129404,5.115517242883632
synthetic_exchange,economics,ridge_ar,exchange_0,2025-02-14 00:00:00,5.065289300870597,5.062243221710432
synthetic_exchange,economics,ridge_ar,exchange_0,2025-02-15 00:00:00,5.0320057670254545,5.03694715521079
synthetic_exchange,economics,ridge_ar,exchange_0,2025-02-16 00:00:00,5.057453481402556,5.066149868269287
synthetic_exchange,economics,ridge_ar,exchange_0,2025-02-17 00:00:00,5.129999999999998,5.135403148548021
synthetic_exchange,economics,ridge_ar,exchange_0,2025-02-18 00:00:00,5.2025465185974396,5.200178805086199
synthetic_exchange,economics,ridge_ar,exchange_0,2025-02-19 00:00:00,5.227994232974547,5.21920508746918
synthetic_exchange,economics,ridge_ar,exchange_0,2025-02-20 00:00:00,5.194710699129402,5.185640105751713
synthetic_exchange,economics,ridge_ar,exchange_0,2025-02-21 00:00:00,5.135289300870594,5.132359684407369
synthetic_exchange,economics,ridge_ar,exchange_0,2025-02-22 00:00:00,5.102005767025453,5.10706110672856
synthetic_exchange,economics,ridge_ar,exchange_0,2025-02-23 00:00:00,5.127453481402558,5.1362646071871865
synthetic_exchange,economics,ridge_ar,exchange_1,2025-01-31 00:00:00,4.955289300870595,4.9578577934305335
synthetic_exchange,economics,ridge_ar,exchange_1,2025-02-01 00:00:00,4.922005767025455,4.929689534343391
synthetic_exchange,economics,ridge_ar,exchange_1,2025-02-02 00:00:00,4.947453481402558,4.956800321804688
synthetic_exchange,economics,ridge_ar,exchange_1,2025-02-03 00:00:00,5.019999999999998,5.025089874718578
synthetic_exchange,economics,ridge_ar,exchange_1,2025-02-04 00:00:00,5.092546518597442,5.089511602762508
synthetic_exchange,economics,ridge_ar,exchange_1,2025-02-05 00:00:00,5.117994232974547,5.108556616290716
synthetic_exchange,economics,ridge_ar,exchange_1,2025-02-06 00:00:00,5.084710699129407,5.075116876138962
synthetic_exchange,economics,ridge_ar,exchange_1,2025-02-07 00:00:00,5.0252893008706,5.021967491516539
synthetic_exchange,economics,ridge_ar,exchange_1,2025-02-08 00:00:00,4.9920057670254545,4.996751556440387
synthetic_exchange,economics,ridge_ar,exchange_1,2025-02-09 00:00:00,5.017453481402557,5.025994379356602
synthetic_exchange,economics,ridge_ar,exchange_1,2025-02-10 00:00:00,5.090000000000001,5.095261694748731
synthetic_exchange,economics,ridge_ar,exchange_1,2025-02-11 00:00:00,5.162546518597444,5.160042706274388
synthetic_exchange,economics,ridge_ar,exchange_1,2025-02-12 00:00:00,5.187994232974546,5.179074619769527
synthetic_exchange,economics,ridge_ar,exchange_1,2025-02-13 00:00:00,5.154710699129404,5.145517242883633
synthetic_exchange,economics,ridge_ar,exchange_1,2025-02-14 00:00:00,5.095289300870597,5.092243221710432
synthetic_exchange,economics,ridge_ar,exchange_1,2025-02-15 00:00:00,5.062005767025455,5.06694715521079
synthetic_exchange,economics,ridge_ar,exchange_1,2025-02-16 00:00:00,5.087453481402556,5.096149868269288
synthetic_exchange,economics,ridge_ar,exchange_1,2025-02-17 00:00:00,5.159999999999998,5.165403148548021
synthetic_exchange,economics,ridge_ar,exchange_1,2025-02-18 00:00:00,5.23254651859744,5.230178805086199
synthetic_exchange,economics,ridge_ar,exchange_1,2025-02-19 00:00:00,5.257994232974547,5.24920508746918
synthetic_exchange,economics,ridge_ar,exchange_1,2025-02-20 00:00:00,5.224710699129402,5.215640105751714
synthetic_exchange,economics,ridge_ar,exchange_1,2025-02-21 00:00:00,5.165289300870595,5.162359684407369
synthetic_exchange,economics,ridge_ar,exchange_1,2025-02-22 00:00:00,5.132005767025453,5.13706110672856
synthetic_exchange,economics,ridge_ar,exchange_1,2025-02-23 00:00:00,5.157453481402558,5.166264607187188
synthetic_exchange,economics,hist_gradient_boosting_ar,exchange_0,2025-01-31 00:00:00,4.9252893008705945,4.953499824424629
synthetic_exchange,economics,hist_gradient_boosting_ar,exchange_0,2025-02-01 00:00:00,4.892005767025455,4.951602176622695
synthetic_exchange,economics,hist_gradient_boosting_ar,exchange_0,2025-02-02 00:00:00,4.917453481402558,4.951938376308327
synthetic_exchange,economics,hist_gradient_boosting_ar,exchange_0,2025-02-03 00:00:00,4.9899999999999975,4.951938376308327
synthetic_exchange,economics,hist_gradient_boosting_ar,exchange_0,2025-02-04 00:00:00,5.062546518597442,4.951938376308327
synthetic_exchange,economics,hist_gradient_boosting_ar,exchange_0,2025-02-05 00:00:00,5.0879942329745464,4.951938376308327
synthetic_exchange,economics,hist_gradient_boosting_ar,exchange_0,2025-02-06 00:00:00,5.054710699129407,4.951938376308327
synthetic_exchange,economics,hist_gradient_boosting_ar,exchange_0,2025-02-07 00:00:00,4.9952893008706,4.948916321743007
synthetic_exchange,economics,hist_gradient_boosting_ar,exchange_0,2025-02-08 00:00:00,4.962005767025454,4.947691032792905
synthetic_exchange,economics,hist_gradient_boosting_ar,exchange_0,2025-02-09 00:00:00,4.987453481402556,4.947691032792905
synthetic_exchange,economics,hist_gradient_boosting_ar,exchange_0,2025-02-10 00:00:00,5.0600000000000005,4.947691032792905
synthetic_exchange,economics,hist_gradient_boosting_ar,exchange_0,2025-02-11 00:00:00,5.132546518597444,4.947691032792905
synthetic_exchange,economics,hist_gradient_boosting_ar,exchange_0,2025-02-12 00:00:00,5.157994232974546,4.947691032792905
synthetic_exchange,economics,hist_gradient_boosting_ar,exchange_0,2025-02-13 00:00:00,5.124710699129404,4.947691032792905
synthetic_exchange,economics,hist_gradient_boosting_ar,exchange_0,2025-02-14 00:00:00,5.065289300870597,4.947691032792905
synthetic_exchange,economics,hist_gradient_boosting_ar,exchange_0,2025-02-15 00:00:00,5.0320057670254545,4.947691032792905
synthetic_exchange,economics,hist_gradient_boosting_ar,exchange_0,2025-02-16 00:00:00,5.057453481402556,4.947691032792905
synthetic_exchange,economics,hist_gradient_boosting_ar,exchange_0,2025-02-17 00:00:00,5.129999999999998,4.947691032792905
synthetic_exchange,economics,hist_gradient_boosting_ar,exchange_0,2025-02-18 00:00:00,5.2025465185974396,4.947691032792905
synthetic_exchange,economics,hist_gradient_boosting_ar,exchange_0,2025-02-19 00:00:00,5.227994232974547,4.947691032792905
synthetic_exchange,economics,hist_gradient_boosting_ar,exchange_0,2025-02-20 00:00:00,5.194710699129402,4.947691032792905
synthetic_exchange,economics,hist_gradient_boosting_ar,exchange_0,2025-02-21 00:00:00,5.135289300870594,4.947691032792905
synthetic_exchange,economics,hist_gradient_boosting_ar,exchange_0,2025-02-22 00:00:00,5.102005767025453,4.947691032792905
synthetic_exchange,economics,hist_gradient_boosting_ar,exchange_0,2025-02-23 00:00:00,5.127453481402558,4.947691032792905
synthetic_exchange,economics,hist_gradient_boosting_ar,exchange_1,2025-01-31 00:00:00,4.955289300870595,4.983499824424629
synthetic_exchange,economics,hist_gradient_boosting_ar,exchange_1,2025-02-01 00:00:00,4.922005767025455,4.981602176622696
synthetic_exchange,economics,hist_gradient_boosting_ar,exchange_1,2025-02-02 00:00:00,4.947453481402558,4.981938376308327
synthetic_exchange,economics,hist_gradient_boosting_ar,exchange_1,2025-02-03 00:00:00,5.019999999999998,4.981938376308327
synthetic_exchange,economics,hist_gradient_boosting_ar,exchange_1,2025-02-04 00:00:00,5.092546518597442,4.981938376308327
synthetic_exchange,economics,hist_gradient_boosting_ar,exchange_1,2025-02-05 00:00:00,5.117994232974547,4.981938376308327
synthetic_exchange,economics,hist_gradient_boosting_ar,exchange_1,2025-02-06 00:00:00,5.084710699129407,4.981938376308327
synthetic_exchange,economics,hist_gradient_boosting_ar,exchange_1,2025-02-07 00:00:00,5.0252893008706,4.978916321743007
synthetic_exchange,economics,hist_gradient_boosting_ar,exchange_1,2025-02-08 00:00:00,4.9920057670254545,4.977691032792905
synthetic_exchange,economics,hist_gradient_boosting_ar,exchange_1,2025-02-09 00:00:00,5.017453481402557,4.977691032792905
synthetic_exchange,economics,hist_gradient_boosting_ar,exchange_1,2025-02-10 00:00:00,5.090000000000001,4.977691032792905
synthetic_exchange,economics,hist_gradient_boosting_ar,exchange_1,2025-02-11 00:00:00,5.162546518597444,4.977691032792905
synthetic_exchange,economics,hist_gradient_boosting_ar,exchange_1,2025-02-12 00:00:00,5.187994232974546,4.977691032792905
synthetic_exchange,economics,hist_gradient_boosting_ar,exchange_1,2025-02-13 00:00:00,5.154710699129404,4.977691032792905
synthetic_exchange,economics,hist_gradient_boosting_ar,exchange_1,2025-02-14 00:00:00,5.095289300870597,4.977691032792905
synthetic_exchange,economics,hist_gradient_boosting_ar,exchange_1,2025-02-15 00:00:00,5.062005767025455,4.977691032792905
synthetic_exchange,economics,hist_gradient_boosting_ar,exchange_1,2025-02-16 00:00:00,5.087453481402556,4.977691032792905
synthetic_exchange,economics,hist_gradient_boosting_ar,exchange_1,2025-02-17 00:00:00,5.159999999999998,4.977691032792905
synthetic_exchange,economics,hist_gradient_boosting_ar,exchange_1,2025-02-18 00:00:00,5.23254651859744,4.977691032792905
synthetic_exchange,economics,hist_gradient_boosting_ar,exchange_1,2025-02-19 00:00:00,5.257994232974547,4.977691032792905
synthetic_exchange,economics,hist_gradient_boosting_ar,exchange_1,2025-02-20 00:00:00,5.224710699129402,4.977691032792905
synthetic_exchange,economics,hist_gradient_boosting_ar,exchange_1,2025-02-21 00:00:00,5.165289300870595,4.977691032792905
synthetic_exchange,economics,hist_gradient_boosting_ar,exchange_1,2025-02-22 00:00:00,5.132005767025453,4.977691032792905
synthetic_exchange,economics,hist_gradient_boosting_ar,exchange_1,2025-02-23 00:00:00,5.157453481402558,4.977691032792905
synthetic_exchange,economics,lightgbm_ar,exchange_0,2025-01-31 00:00:00,4.9252893008705945,4.947056942425993
synthetic_exchange,economics,lightgbm_ar,exchange_0,2025-02-01 00:00:00,4.892005767025455,4.975266289806735
synthetic_exchange,economics,lightgbm_ar,exchange_0,2025-02-02 00:00:00,4.917453481402558,4.975266289806735
synthetic_exchange,economics,lightgbm_ar,exchange_0,2025-02-03 00:00:00,4.9899999999999975,4.975266289806735
synthetic_exchange,economics,lightgbm_ar,exchange_0,2025-02-04 00:00:00,5.062546518597442,4.975266289806735
synthetic_exchange,economics,lightgbm_ar,exchange_0,2025-02-05 00:00:00,5.0879942329745464,4.975266289806735
synthetic_exchange,economics,lightgbm_ar,exchange_0,2025-02-06 00:00:00,5.054710699129407,4.975266289806735
synthetic_exchange,economics,lightgbm_ar,exchange_0,2025-02-07 00:00:00,4.9952893008706,4.975266289806735
synthetic_exchange,economics,lightgbm_ar,exchange_0,2025-02-08 00:00:00,4.962005767025454,4.975266289806735
synthetic_exchange,economics,lightgbm_ar,exchange_0,2025-02-09 00:00:00,4.987453481402556,4.975266289806735
synthetic_exchange,economics,lightgbm_ar,exchange_0,2025-02-10 00:00:00,5.0600000000000005,4.975266289806735
synthetic_exchange,economics,lightgbm_ar,exchange_0,2025-02-11 00:00:00,5.132546518597444,4.975266289806735
synthetic_exchange,economics,lightgbm_ar,exchange_0,2025-02-12 00:00:00,5.157994232974546,4.975266289806735
synthetic_exchange,economics,lightgbm_ar,exchange_0,2025-02-13 00:00:00,5.124710699129404,4.975266289806735
synthetic_exchange,economics,lightgbm_ar,exchange_0,2025-02-14 00:00:00,5.065289300870597,4.975266289806735
synthetic_exchange,economics,lightgbm_ar,exchange_0,2025-02-15 00:00:00,5.0320057670254545,4.975266289806735
synthetic_exchange,economics,lightgbm_ar,exchange_0,2025-02-16 00:00:00,5.057453481402556,4.975266289806735
synthetic_exchange,economics,lightgbm_ar,exchange_0,2025-02-17 00:00:00,5.129999999999998,4.975266289806735
synthetic_exchange,economics,lightgbm_ar,exchange_0,2025-02-18 00:00:00,5.2025465185974396,4.975266289806735
synthetic_exchange,economics,lightgbm_ar,exchange_0,2025-02-19 00:00:00,5.227994232974547,4.975266289806735
synthetic_exchange,economics,lightgbm_ar,exchange_0,2025-02-20 00:00:00,5.194710699129402,4.975266289806735
synthetic_exchange,economics,lightgbm_ar,exchange_0,2025-02-21 00:00:00,5.135289300870594,4.975266289806735
synthetic_exchange,economics,lightgbm_ar,exchange_0,2025-02-22 00:00:00,5.102005767025453,4.975266289806735
synthetic_exchange,economics,lightgbm_ar,exchange_0,2025-02-23 00:00:00,5.127453481402558,4.975266289806735
synthetic_exchange,economics,lightgbm_ar,exchange_1,2025-01-31 00:00:00,4.955289300870595,4.977056942425993
synthetic_exchange,economics,lightgbm_ar,exchange_1,2025-02-01 00:00:00,4.922005767025455,5.005266289806735
synthetic_exchange,economics,lightgbm_ar,exchange_1,2025-02-02 00:00:00,4.947453481402558,5.005266289806735
synthetic_exchange,economics,lightgbm_ar,exchange_1,2025-02-03 00:00:00,5.019999999999998,5.005266289806735
synthetic_exchange,economics,lightgbm_ar,exchange_1,2025-02-04 00:00:00,5.092546518597442,5.005266289806735
synthetic_exchange,economics,lightgbm_ar,exchange_1,2025-02-05 00:00:00,5.117994232974547,5.005266289806735
synthetic_exchange,economics,lightgbm_ar,exchange_1,2025-02-06 00:00:00,5.084710699129407,5.005266289806735
synthetic_exchange,economics,lightgbm_ar,exchange_1,2025-02-07 00:00:00,5.0252893008706,5.005266289806735
synthetic_exchange,economics,lightgbm_ar,exchange_1,2025-02-08 00:00:00,4.9920057670254545,5.005266289806735
synthetic_exchange,economics,lightgbm_ar,exchange_1,2025-02-09 00:00:00,5.017453481402557,5.005266289806735
synthetic_exchange,economics,lightgbm_ar,exchange_1,2025-02-10 00:00:00,5.090000000000001,5.005266289806735
synthetic_exchange,economics,lightgbm_ar,exchange_1,2025-02-11 00:00:00,5.162546518597444,5.005266289806735
synthetic_exchange,economics,lightgbm_ar,exchange_1,2025-02-12 00:00:00,5.187994232974546,5.005266289806735
synthetic_exchange,economics,lightgbm_ar,exchange_1,2025-02-13 00:00:00,5.154710699129404,5.005266289806735
synthetic_exchange,economics,lightgbm_ar,exchange_1,2025-02-14 00:00:00,5.095289300870597,5.005266289806735
synthetic_exchange,economics,lightgbm_ar,exchange_1,2025-02-15 00:00:00,5.062005767025455,5.005266289806735
synthetic_exchange,economics,lightgbm_ar,exchange_1,2025-02-16 00:00:00,5.087453481402556,5.005266289806735
synthetic_exchange,economics,lightgbm_ar,exchange_1,2025-02-17 00:00:00,5.159999999999998,5.005266289806735
synthetic_exchange,economics,lightgbm_ar,exchange_1,2025-02-18 00:00:00,5.23254651859744,5.005266289806735
synthetic_exchange,economics,lightgbm_ar,exchange_1,2025-02-19 00:00:00,5.257994232974547,5.005266289806735
synthetic_exchange,economics,lightgbm_ar,exchange_1,2025-02-20 00:00:00,5.224710699129402,5.005266289806735
synthetic_exchange,economics,lightgbm_ar,exchange_1,2025-02-21 00:00:00,5.165289300870595,5.005266289806735
synthetic_exchange,economics,lightgbm_ar,exchange_1,2025-02-22 00:00:00,5.132005767025453,5.005266289806735
synthetic_exchange,economics,lightgbm_ar,exchange_1,2025-02-23 00:00:00,5.157453481402558,5.005266289806735
synthetic_exchange,economics,xgboost_ar,exchange_0,2025-01-31 00:00:00,4.9252893008705945,4.9361989902466785
synthetic_exchange,economics,xgboost_ar,exchange_0,2025-02-01 00:00:00,4.892005767025455,4.942233762981084
synthetic_exchange,economics,xgboost_ar,exchange_0,2025-02-02 00:00:00,4.917453481402558,4.97419731396292
synthetic_exchange,economics,xgboost_ar,exchange_0,2025-02-03 00:00:00,4.9899999999999975,4.990733538474917
synthetic_exchange,economics,xgboost_ar,exchange_0,2025-02-04 00:00:00,5.062546518597442,4.991494502651925
synthetic_exchange,economics,xgboost_ar,exchange_0,2025-02-05 00:00:00,5.0879942329745464,4.976046252324217
synthetic_exchange,economics,xgboost_ar,exchange_0,2025-02-06 00:00:00,5.054710699129407,4.974958278139927
synthetic_exchange,economics,xgboost_ar,exchange_0,2025-02-07 00:00:00,4.9952893008706,4.9721756043180685
synthetic_exchange,economics,xgboost_ar,exchange_0,2025-02-08 00:00:00,4.962005767025454,4.974958278139927
synthetic_exchange,economics,xgboost_ar,exchange_0,2025-02-09 00:00:00,4.987453481402556,4.974958278139927
synthetic_exchange,economics,xgboost_ar,exchange_0,2025-02-10 00:00:00,5.0600000000000005,4.974958278139927
synthetic_exchange,economics,xgboost_ar,exchange_0,2025-02-11 00:00:00,5.132546518597444,4.974958278139927
synthetic_exchange,economics,xgboost_ar,exchange_0,2025-02-12 00:00:00,5.157994232974546,4.974958278139927
synthetic_exchange,economics,xgboost_ar,exchange_0,2025-02-13 00:00:00,5.124710699129404,4.974958278139927
synthetic_exchange,economics,xgboost_ar,exchange_0,2025-02-14 00:00:00,5.065289300870597,4.974958278139927
synthetic_exchange,economics,xgboost_ar,exchange_0,2025-02-15 00:00:00,5.0320057670254545,4.974958278139927
synthetic_exchange,economics,xgboost_ar,exchange_0,2025-02-16 00:00:00,5.057453481402556,4.974958278139927
synthetic_exchange,economics,xgboost_ar,exchange_0,2025-02-17 00:00:00,5.129999999999998,4.974958278139927
synthetic_exchange,economics,xgboost_ar,exchange_0,2025-02-18 00:00:00,5.2025465185974396,4.974958278139927
synthetic_exchange,economics,xgboost_ar,exchange_0,2025-02-19 00:00:00,5.227994232974547,4.974958278139927
synthetic_exchange,economics,xgboost_ar,exchange_0,2025-02-20 00:00:00,5.194710699129402,4.974958278139927
synthetic_exchange,economics,xgboost_ar,exchange_0,2025-02-21 00:00:00,5.135289300870594,4.974958278139927
synthetic_exchange,economics,xgboost_ar,exchange_0,2025-02-22 00:00:00,5.102005767025453,4.974958278139927
synthetic_exchange,economics,xgboost_ar,exchange_0,2025-02-23 00:00:00,5.127453481402558,4.974958278139927
synthetic_exchange,economics,xgboost_ar,exchange_1,2025-01-31 00:00:00,4.955289300870595,4.966198990246678
synthetic_exchange,economics,xgboost_ar,exchange_1,2025-02-01 00:00:00,4.922005767025455,4.972233762981085
synthetic_exchange,economics,xgboost_ar,exchange_1,2025-02-02 00:00:00,4.947453481402558,5.004197313962919
synthetic_exchange,economics,xgboost_ar,exchange_1,2025-02-03 00:00:00,5.019999999999998,5.020733538474917
synthetic_exchange,economics,xgboost_ar,exchange_1,2025-02-04 00:00:00,5.092546518597442,5.021494502651924
synthetic_exchange,economics,xgboost_ar,exchange_1,2025-02-05 00:00:00,5.117994232974547,5.006046252324216
synthetic_exchange,economics,xgboost_ar,exchange_1,2025-02-06 00:00:00,5.084710699129407,5.004958278139927
synthetic_exchange,economics,xgboost_ar,exchange_1,2025-02-07 00:00:00,5.0252893008706,5.002175604318069
synthetic_exchange,economics,xgboost_ar,exchange_1,2025-02-08 00:00:00,4.9920057670254545,5.004958278139927
synthetic_exchange,economics,xgboost_ar,exchange_1,2025-02-09 00:00:00,5.017453481402557,5.004958278139927
synthetic_exchange,economics,xgboost_ar,exchange_1,2025-02-10 00:00:00,5.090000000000001,5.004958278139927
synthetic_exchange,economics,xgboost_ar,exchange_1,2025-02-11 00:00:00,5.162546518597444,5.004958278139927
synthetic_exchange,economics,xgboost_ar,exchange_1,2025-02-12 00:00:00,5.187994232974546,5.004958278139927
synthetic_exchange,economics,xgboost_ar,exchange_1,2025-02-13 00:00:00,5.154710699129404,5.004958278139927
synthetic_exchange,economics,xgboost_ar,exchange_1,2025-02-14 00:00:00,5.095289300870597,5.004958278139927
synthetic_exchange,economics,xgboost_ar,exchange_1,2025-02-15 00:00:00,5.062005767025455,5.004958278139927
synthetic_exchange,economics,xgboost_ar,exchange_1,2025-02-16 00:00:00,5.087453481402556,5.004958278139927
synthetic_exchange,economics,xgboost_ar,exchange_1,2025-02-17 00:00:00,5.159999999999998,5.004958278139927
synthetic_exchange,economics,xgboost_ar,exchange_1,2025-02-18 00:00:00,5.23254651859744,5.004958278139927
synthetic_exchange,economics,xgboost_ar,exchange_1,2025-02-19 00:00:00,5.257994232974547,5.004958278139927
synthetic_exchange,economics,xgboost_ar,exchange_1,2025-02-20 00:00:00,5.224710699129402,5.004958278139927
synthetic_exchange,economics,xgboost_ar,exchange_1,2025-02-21 00:00:00,5.165289300870595,5.004958278139927
synthetic_exchange,economics,xgboost_ar,exchange_1,2025-02-22 00:00:00,5.132005767025453,5.004958278139927
synthetic_exchange,economics,xgboost_ar,exchange_1,2025-02-23 00:00:00,5.157453481402558,5.004958278139927
synthetic_exchange,economics,tabpfn_ts,exchange_0,2025-01-31 00:00:00,4.9252893008705945,4.9110236167907715
synthetic_exchange,economics,tabpfn_ts,exchange_0,2025-02-01 00:00:00,4.892005767025455,4.855775356292725
synthetic_exchange,economics,tabpfn_ts,exchange_0,2025-02-02 00:00:00,4.917453481402558,4.8827290534973145
synthetic_exchange,economics,tabpfn_ts,exchange_0,2025-02-03 00:00:00,4.9899999999999975,4.92758321762085
synthetic_exchange,economics,tabpfn_ts,exchange_0,2025-02-04 00:00:00,5.062546518597442,4.997744560241699
synthetic_exchange,economics,tabpfn_ts,exchange_0,2025-02-05 00:00:00,5.0879942329745464,5.012272357940674
synthetic_exchange,economics,tabpfn_ts,exchange_0,2025-02-06 00:00:00,5.054710699129407,4.998525619506836
synthetic_exchange,economics,tabpfn_ts,exchange_0,2025-02-07 00:00:00,4.9952893008706,4.933180332183838
synthetic_exchange,economics,tabpfn_ts,exchange_0,2025-02-08 00:00:00,4.962005767025454,4.906309604644775
synthetic_exchange,economics,tabpfn_ts,exchange_0,2025-02-09 00:00:00,4.987453481402556,4.930602550506592
synthetic_exchange,economics,tabpfn_ts,exchange_0,2025-02-10 00:00:00,5.0600000000000005,4.971461772918701
synthetic_exchange,economics,tabpfn_ts,exchange_0,2025-02-11 00:00:00,5.132546518597444,5.045963287353516
synthetic_exchange,economics,tabpfn_ts,exchange_0,2025-02-12 00:00:00,5.157994232974546,5.05801248550415
synthetic_exchange,economics,tabpfn_ts,exchange_0,2025-02-13 00:00:00,5.124710699129404,5.048578262329102
synthetic_exchange,economics,tabpfn_ts,exchange_0,2025-02-14 00:00:00,5.065289300870597,4.981636047363281
synthetic_exchange,economics,tabpfn_ts,exchange_0,2025-02-15 00:00:00,5.0320057670254545,4.95435094833374
synthetic_exchange,economics,tabpfn_ts,exchange_0,2025-02-16 00:00:00,5.057453481402556,4.9796881675720215
synthetic_exchange,economics,tabpfn_ts,exchange_0,2025-02-17 00:00:00,5.129999999999998,5.017510890960693
synthetic_exchange,economics,tabpfn_ts,exchange_0,2025-02-18 00:00:00,5.2025465185974396,5.080670356750488
synthetic_exchange,economics,tabpfn_ts,exchange_0,2025-02-19 00:00:00,5.227994232974547,5.1019415855407715
synthetic_exchange,economics,tabpfn_ts,exchange_0,2025-02-20 00:00:00,5.194710699129402,5.087510108947754
synthetic_exchange,economics,tabpfn_ts,exchange_0,2025-02-21 00:00:00,5.135289300870594,5.0290632247924805
synthetic_exchange,economics,tabpfn_ts,exchange_0,2025-02-22 00:00:00,5.102005767025453,4.998458385467529
synthetic_exchange,economics,tabpfn_ts,exchange_0,2025-02-23 00:00:00,5.127453481402558,5.023908615112305
synthetic_exchange,economics,tabpfn_ts,exchange_1,2025-01-31 00:00:00,4.955289300870595,4.941023826599121
synthetic_exchange,economics,tabpfn_ts,exchange_1,2025-02-01 00:00:00,4.922005767025455,4.885775089263916
synthetic_exchange,economics,tabpfn_ts,exchange_1,2025-02-02 00:00:00,4.947453481402558,4.912729263305664
synthetic_exchange,economics,tabpfn_ts,exchange_1,2025-02-03 00:00:00,5.019999999999998,4.957582950592041
synthetic_exchange,economics,tabpfn_ts,exchange_1,2025-02-04 00:00:00,5.092546518597442,5.027744770050049
synthetic_exchange,economics,tabpfn_ts,exchange_1,2025-02-05 00:00:00,5.117994232974547,5.042272567749023
synthetic_exchange,economics,tabpfn_ts,exchange_1,2025-02-06 00:00:00,5.084710699129407,5.0285258293151855
synthetic_exchange,economics,tabpfn_ts,exchange_1,2025-02-07 00:00:00,5.0252893008706,4.9631805419921875
synthetic_exchange,economics,tabpfn_ts,exchange_1,2025-02-08 00:00:00,4.9920057670254545,4.936309337615967
synthetic_exchange,economics,tabpfn_ts,exchange_1,2025-02-09 00:00:00,5.017453481402557,4.960602760314941
synthetic_exchange,economics,tabpfn_ts,exchange_1,2025-02-10 00:00:00,5.090000000000001,5.001461505889893
synthetic_exchange,economics,tabpfn_ts,exchange_1,2025-02-11 00:00:00,5.162546518597444,5.075963020324707
synthetic_exchange,economics,tabpfn_ts,exchange_1,2025-02-12 00:00:00,5.187994232974546,5.088012218475342
synthetic_exchange,economics,tabpfn_ts,exchange_1,2025-02-13 00:00:00,5.154710699129404,5.078578472137451
synthetic_exchange,economics,tabpfn_ts,exchange_1,2025-02-14 00:00:00,5.095289300870597,5.011635780334473
synthetic_exchange,economics,tabpfn_ts,exchange_1,2025-02-15 00:00:00,5.062005767025455,4.98435115814209
synthetic_exchange,economics,tabpfn_ts,exchange_1,2025-02-16 00:00:00,5.087453481402556,5.009687900543213
synthetic_exchange,economics,tabpfn_ts,exchange_1,2025-02-17 00:00:00,5.159999999999998,5.047511100769043
synthetic_exchange,economics,tabpfn_ts,exchange_1,2025-02-18 00:00:00,5.23254651859744,5.11067008972168
synthetic_exchange,economics,tabpfn_ts,exchange_1,2025-02-19 00:00:00,5.257994232974547,5.131941318511963
synthetic_exchange,economics,tabpfn_ts,exchange_1,2025-02-20 00:00:00,5.224710699129402,5.1175103187561035
synthetic_exchange,economics,tabpfn_ts,exchange_1,2025-02-21 00:00:00,5.165289300870595,5.059062957763672
synthetic_exchange,economics,tabpfn_ts,exchange_1,2025-02-22 00:00:00,5.132005767025453,5.028458595275879
synthetic_exchange,economics,tabpfn_ts,exchange_1,2025-02-23 00:00:00,5.157453481402558,5.053908348083496
stock_provided,finance,dummy_mean,0002.HK_1h,2026-03-17 13:30:00,73.25,74.89270834128062
stock_provided,finance,dummy_mean,0002.HK_1h,2026-03-17 14:30:00,73.25,74.89270834128062
stock_provided,finance,dummy_mean,0002.HK_1h,2026-03-17 15:30:00,73.44999694824219,74.89270834128062
stock_provided,finance,dummy_mean,0002.HK_1h,2026-03-18 09:30:00,73.75,74.89270834128062
stock_provided,finance,dummy_mean,0002.HK_1h,2026-03-18 10:30:00,73.80000305175781,74.89270834128062
stock_provided,finance,dummy_mean,0002.HK_1h,2026-03-18 11:30:00,73.8499984741211,74.89270834128062
stock_provided,finance,dummy_mean,0002.HK_1h,2026-03-18 12:30:00,74.0999984741211,74.89270834128062
stock_provided,finance,dummy_mean,0002.HK_1h,2026-03-18 13:30:00,74.30000305175781,74.89270834128062
stock_provided,finance,dummy_mean,0002.HK_1h,2026-03-18 14:30:00,74.0999984741211,74.89270834128062
stock_provided,finance,dummy_mean,0002.HK_1h,2026-03-18 15:30:00,74.30000305175781,74.89270834128062
stock_provided,finance,dummy_mean,0002.HK_1h,2026-03-19 09:30:00,73.94999694824219,74.89270834128062
stock_provided,finance,dummy_mean,0002.HK_1h,2026-03-19 10:30:00,73.6500015258789,74.89270834128062
stock_provided,finance,dummy_mean,0002.HK_1h,2026-03-19 11:30:00,73.75,74.89270834128062
stock_provided,finance,dummy_mean,0002.HK_1h,2026-03-19 12:30:00,73.5999984741211,74.89270834128062
stock_provided,finance,dummy_mean,0002.HK_1h,2026-03-19 13:30:00,73.55000305175781,74.89270834128062
stock_provided,finance,dummy_mean,0002.HK_1h,2026-03-19 14:30:00,73.75,74.89270834128062
stock_provided,finance,dummy_mean,0002.HK_1h,2026-03-19 15:30:00,73.75,74.89270834128062
stock_provided,finance,dummy_mean,0002.HK_1h,2026-03-20 09:30:00,73.5999984741211,74.89270834128062
stock_provided,finance,dummy_mean,0002.HK_1h,2026-03-20 10:30:00,73.55000305175781,74.89270834128062
stock_provided,finance,dummy_mean,0002.HK_1h,2026-03-20 11:30:00,73.6500015258789,74.89270834128062
stock_provided,finance,dummy_mean,0002.HK_1h,2026-03-20 12:30:00,73.55000305175781,74.89270834128062
stock_provided,finance,dummy_mean,0002.HK_1h,2026-03-20 13:30:00,73.5,74.89270834128062
stock_provided,finance,dummy_mean,0002.HK_1h,2026-03-20 14:30:00,73.6500015258789,74.89270834128062
stock_provided,finance,dummy_mean,0002.HK_1h,2026-03-20 15:30:00,73.5999984741211,74.89270834128062
stock_provided,finance,dummy_mean,0003.HK_1h,2026-03-17 13:30:00,7.260000228881836,7.548854179680347
stock_provided,finance,dummy_mean,0003.HK_1h,2026-03-17 14:30:00,7.269999980926514,7.548854179680347
stock_provided,finance,dummy_mean,0003.HK_1h,2026-03-17 15:30:00,7.260000228881836,7.548854179680347
stock_provided,finance,dummy_mean,0003.HK_1h,2026-03-18 09:30:00,7.25,7.548854179680347
stock_provided,finance,dummy_mean,0003.HK_1h,2026-03-18 10:30:00,7.239999771118164,7.548854179680347
stock_provided,finance,dummy_mean,0003.HK_1h,2026-03-18 11:30:00,7.239999771118164,7.548854179680347
stock_provided,finance,dummy_mean,0003.HK_1h,2026-03-18 12:30:00,7.269999980926514,7.548854179680347
stock_provided,finance,dummy_mean,0003.HK_1h,2026-03-18 13:30:00,7.289999961853027,7.548854179680347
stock_provided,finance,dummy_mean,0003.HK_1h,2026-03-18 14:30:00,7.300000190734863,7.548854179680347
stock_provided,finance,dummy_mean,0003.HK_1h,2026-03-18 15:30:00,7.289999961853027,7.548854179680347
stock_provided,finance,dummy_mean,0003.HK_1h,2026-03-19 09:30:00,7.340000152587891,7.548854179680347
stock_provided,finance,dummy_mean,0003.HK_1h,2026-03-19 10:30:00,7.340000152587891,7.548854179680347
stock_provided,finance,dummy_mean,0003.HK_1h,2026-03-19 11:30:00,7.360000133514404,7.548854179680347
stock_provided,finance,dummy_mean,0003.HK_1h,2026-03-19 12:30:00,7.380000114440918,7.548854179680347
stock_provided,finance,dummy_mean,0003.HK_1h,2026-03-19 13:30:00,7.389999866485596,7.548854179680347
stock_provided,finance,dummy_mean,0003.HK_1h,2026-03-19 14:30:00,7.389999866485596,7.548854179680347
stock_provided,finance,dummy_mean,0003.HK_1h,2026-03-19 15:30:00,7.420000076293945,7.548854179680347
stock_provided,finance,dummy_mean,0003.HK_1h,2026-03-20 09:30:00,7.389999866485596,7.548854179680347
stock_provided,finance,dummy_mean,0003.HK_1h,2026-03-20 10:30:00,7.349999904632568,7.548854179680347
stock_provided,finance,dummy_mean,0003.HK_1h,2026-03-20 11:30:00,7.340000152587891,7.548854179680347
stock_provided,finance,dummy_mean,0003.HK_1h,2026-03-20 12:30:00,7.349999904632568,7.548854179680347
stock_provided,finance,dummy_mean,0003.HK_1h,2026-03-20 13:30:00,7.320000171661377,7.548854179680347
stock_provided,finance,dummy_mean,0003.HK_1h,2026-03-20 14:30:00,7.329999923706055,7.548854179680347
stock_provided,finance,dummy_mean,0003.HK_1h,2026-03-20 15:30:00,7.340000152587891,7.548854179680347
stock_provided,finance,seasonal_naive,0002.HK_1h,2026-03-17 13:30:00,73.25,72.94999694824219
stock_provided,finance,seasonal_naive,0002.HK_1h,2026-03-17 14:30:00,73.25,72.8499984741211
stock_provided,finance,seasonal_naive,0002.HK_1h,2026-03-17 15:30:00,73.44999694824219,73.0
stock_provided,finance,seasonal_naive,0002.HK_1h,2026-03-18 09:30:00,73.75,73.0
stock_provided,finance,seasonal_naive,0002.HK_1h,2026-03-18 10:30:00,73.80000305175781,73.0
stock_provided,finance,seasonal_naive,0002.HK_1h,2026-03-18 11:30:00,73.8499984741211,73.1500015258789
stock_provided,finance,seasonal_naive,0002.HK_1h,2026-03-18 12:30:00,74.0999984741211,73.9000015258789
stock_provided,finance,seasonal_naive,0002.HK_1h,2026-03-18 13:30:00,74.30000305175781,73.94999694824219
stock_provided,finance,seasonal_naive,0002.HK_1h,2026-03-18 14:30:00,74.0999984741211,74.0
stock_provided,finance,seasonal_naive,0002.HK_1h,2026-03-18 15:30:00,74.30000305175781,73.94999694824219
stock_provided,finance,seasonal_naive,0002.HK_1h,2026-03-19 09:30:00,73.94999694824219,73.94999694824219
stock_provided,finance,seasonal_naive,0002.HK_1h,2026-03-19 10:30:00,73.6500015258789,73.6500015258789
stock_provided,finance,seasonal_naive,0002.HK_1h,2026-03-19 11:30:00,73.75,73.5999984741211
stock_provided,finance,seasonal_naive,0002.HK_1h,2026-03-19 12:30:00,73.5999984741211,73.19999694824219
stock_provided,finance,seasonal_naive,0002.HK_1h,2026-03-19 13:30:00,73.55000305175781,73.19999694824219
stock_provided,finance,seasonal_naive,0002.HK_1h,2026-03-19 14:30:00,73.75,73.1500015258789
stock_provided,finance,seasonal_naive,0002.HK_1h,2026-03-19 15:30:00,73.75,72.80000305175781
stock_provided,finance,seasonal_naive,0002.HK_1h,2026-03-20 09:30:00,73.5999984741211,73.0999984741211
stock_provided,finance,seasonal_naive,0002.HK_1h,2026-03-20 10:30:00,73.55000305175781,73.05000305175781
stock_provided,finance,seasonal_naive,0002.HK_1h,2026-03-20 11:30:00,73.6500015258789,73.0999984741211
stock_provided,finance,seasonal_naive,0002.HK_1h,2026-03-20 12:30:00,73.55000305175781,73.30000305175781
stock_provided,finance,seasonal_naive,0002.HK_1h,2026-03-20 13:30:00,73.5,73.0999984741211
stock_provided,finance,seasonal_naive,0002.HK_1h,2026-03-20 14:30:00,73.6500015258789,73.19999694824219
stock_provided,finance,seasonal_naive,0002.HK_1h,2026-03-20 15:30:00,73.5999984741211,73.19999694824219
stock_provided,finance,seasonal_naive,0003.HK_1h,2026-03-17 13:30:00,7.260000228881836,7.440000057220459
stock_provided,finance,seasonal_naive,0003.HK_1h,2026-03-17 14:30:00,7.269999980926514,7.480000019073486
stock_provided,finance,seasonal_naive,0003.HK_1h,2026-03-17 15:30:00,7.260000228881836,7.460000038146973
stock_provided,finance,seasonal_naive,0003.HK_1h,2026-03-18 09:30:00,7.25,7.46999979019165
stock_provided,finance,seasonal_naive,0003.HK_1h,2026-03-18 10:30:00,7.239999771118164,7.489999771118164
stock_provided,finance,seasonal_naive,0003.HK_1h,2026-03-18 11:30:00,7.239999771118164,7.489999771118164
stock_provided,finance,seasonal_naive,0003.HK_1h,2026-03-18 12:30:00,7.269999980926514,7.510000228881836
stock_provided,finance,seasonal_naive,0003.HK_1h,2026-03-18 13:30:00,7.289999961853027,7.510000228881836
stock_provided,finance,seasonal_naive,0003.HK_1h,2026-03-18 14:30:00,7.300000190734863,7.489999771118164
stock_provided,finance,seasonal_naive,0003.HK_1h,2026-03-18 15:30:00,7.289999961853027,7.489999771118164
stock_provided,finance,seasonal_naive,0003.HK_1h,2026-03-19 09:30:00,7.340000152587891,7.489999771118164
stock_provided,finance,seasonal_naive,0003.HK_1h,2026-03-19 10:30:00,7.340000152587891,7.460000038146973
stock_provided,finance,seasonal_naive,0003.HK_1h,2026-03-19 11:30:00,7.360000133514404,7.460000038146973
stock_provided,finance,seasonal_naive,0003.HK_1h,2026-03-19 12:30:00,7.380000114440918,7.369999885559082
stock_provided,finance,seasonal_naive,0003.HK_1h,2026-03-19 13:30:00,7.389999866485596,7.309999942779541
stock_provided,finance,seasonal_naive,0003.HK_1h,2026-03-19 14:30:00,7.389999866485596,7.340000152587891
stock_provided,finance,seasonal_naive,0003.HK_1h,2026-03-19 15:30:00,7.420000076293945,7.309999942779541
stock_provided,finance,seasonal_naive,0003.HK_1h,2026-03-20 09:30:00,7.389999866485596,7.329999923706055
stock_provided,finance,seasonal_naive,0003.HK_1h,2026-03-20 10:30:00,7.349999904632568,7.329999923706055
stock_provided,finance,seasonal_naive,0003.HK_1h,2026-03-20 11:30:00,7.340000152587891,7.340000152587891
stock_provided,finance,seasonal_naive,0003.HK_1h,2026-03-20 12:30:00,7.349999904632568,7.309999942779541
stock_provided,finance,seasonal_naive,0003.HK_1h,2026-03-20 13:30:00,7.320000171661377,7.269999980926514
stock_provided,finance,seasonal_naive,0003.HK_1h,2026-03-20 14:30:00,7.329999923706055,7.289999961853027
stock_provided,finance,seasonal_naive,0003.HK_1h,2026-03-20 15:30:00,7.340000152587891,7.289999961853027
stock_provided,finance,moving_average,0002.HK_1h,2026-03-17 13:30:00,73.25,73.30624930063884
stock_provided,finance,moving_average,0002.HK_1h,2026-03-17 14:30:00,73.25,73.30624930063884
stock_provided,finance,moving_average,0002.HK_1h,2026-03-17 15:30:00,73.44999694824219,73.30624930063884
stock_provided,finance,moving_average,0002.HK_1h,2026-03-18 09:30:00,73.75,73.30624930063884
stock_provided,finance,moving_average,0002.HK_1h,2026-03-18 10:30:00,73.80000305175781,73.30624930063884
stock_provided,finance,moving_average,0002.HK_1h,2026-03-18 11:30:00,73.8499984741211,73.30624930063884
stock_provided,finance,moving_average,0002.HK_1h,2026-03-18 12:30:00,74.0999984741211,73.30624930063884
stock_provided,finance,moving_average,0002.HK_1h,2026-03-18 13:30:00,74.30000305175781,73.30624930063884
stock_provided,finance,moving_average,0002.HK_1h,2026-03-18 14:30:00,74.0999984741211,73.30624930063884
stock_provided,finance,moving_average,0002.HK_1h,2026-03-18 15:30:00,74.30000305175781,73.30624930063884
stock_provided,finance,moving_average,0002.HK_1h,2026-03-19 09:30:00,73.94999694824219,73.30624930063884
stock_provided,finance,moving_average,0002.HK_1h,2026-03-19 10:30:00,73.6500015258789,73.30624930063884
stock_provided,finance,moving_average,0002.HK_1h,2026-03-19 11:30:00,73.75,73.30624930063884
stock_provided,finance,moving_average,0002.HK_1h,2026-03-19 12:30:00,73.5999984741211,73.30624930063884
stock_provided,finance,moving_average,0002.HK_1h,2026-03-19 13:30:00,73.55000305175781,73.30624930063884
stock_provided,finance,moving_average,0002.HK_1h,2026-03-19 14:30:00,73.75,73.30624930063884
stock_provided,finance,moving_average,0002.HK_1h,2026-03-19 15:30:00,73.75,73.30624930063884
stock_provided,finance,moving_average,0002.HK_1h,2026-03-20 09:30:00,73.5999984741211,73.30624930063884
stock_provided,finance,moving_average,0002.HK_1h,2026-03-20 10:30:00,73.55000305175781,73.30624930063884
stock_provided,finance,moving_average,0002.HK_1h,2026-03-20 11:30:00,73.6500015258789,73.30624930063884
stock_provided,finance,moving_average,0002.HK_1h,2026-03-20 12:30:00,73.55000305175781,73.30624930063884
stock_provided,finance,moving_average,0002.HK_1h,2026-03-20 13:30:00,73.5,73.30624930063884
stock_provided,finance,moving_average,0002.HK_1h,2026-03-20 14:30:00,73.6500015258789,73.30624930063884
stock_provided,finance,moving_average,0002.HK_1h,2026-03-20 15:30:00,73.5999984741211,73.30624930063884
stock_provided,finance,moving_average,0003.HK_1h,2026-03-17 13:30:00,7.260000228881836,7.405416627724965
stock_provided,finance,moving_average,0003.HK_1h,2026-03-17 14:30:00,7.269999980926514,7.405416627724965
stock_provided,finance,moving_average,0003.HK_1h,2026-03-17 15:30:00,7.260000228881836,7.405416627724965
stock_provided,finance,moving_average,0003.HK_1h,2026-03-18 09:30:00,7.25,7.405416627724965
stock_provided,finance,moving_average,0003.HK_1h,2026-03-18 10:30:00,7.239999771118164,7.405416627724965
stock_provided,finance,moving_average,0003.HK_1h,2026-03-18 11:30:00,7.239999771118164,7.405416627724965
stock_provided,finance,moving_average,0003.HK_1h,2026-03-18 12:30:00,7.269999980926514,7.405416627724965
stock_provided,finance,moving_average,0003.HK_1h,2026-03-18 13:30:00,7.289999961853027,7.405416627724965
stock_provided,finance,moving_average,0003.HK_1h,2026-03-18 14:30:00,7.300000190734863,7.405416627724965
stock_provided,finance,moving_average,0003.HK_1h,2026-03-18 15:30:00,7.289999961853027,7.405416627724965
stock_provided,finance,moving_average,0003.HK_1h,2026-03-19 09:30:00,7.340000152587891,7.405416627724965
stock_provided,finance,moving_average,0003.HK_1h,2026-03-19 10:30:00,7.340000152587891,7.405416627724965
stock_provided,finance,moving_average,0003.HK_1h,2026-03-19 11:30:00,7.360000133514404,7.405416627724965
stock_provided,finance,moving_average,0003.HK_1h,2026-03-19 12:30:00,7.380000114440918,7.405416627724965
stock_provided,finance,moving_average,0003.HK_1h,2026-03-19 13:30:00,7.389999866485596,7.405416627724965
stock_provided,finance,moving_average,0003.HK_1h,2026-03-19 14:30:00,7.389999866485596,7.405416627724965
stock_provided,finance,moving_average,0003.HK_1h,2026-03-19 15:30:00,7.420000076293945,7.405416627724965
stock_provided,finance,moving_average,0003.HK_1h,2026-03-20 09:30:00,7.389999866485596,7.405416627724965
stock_provided,finance,moving_average,0003.HK_1h,2026-03-20 10:30:00,7.349999904632568,7.405416627724965
stock_provided,finance,moving_average,0003.HK_1h,2026-03-20 11:30:00,7.340000152587891,7.405416627724965
stock_provided,finance,moving_average,0003.HK_1h,2026-03-20 12:30:00,7.349999904632568,7.405416627724965
stock_provided,finance,moving_average,0003.HK_1h,2026-03-20 13:30:00,7.320000171661377,7.405416627724965
stock_provided,finance,moving_average,0003.HK_1h,2026-03-20 14:30:00,7.329999923706055,7.405416627724965
stock_provided,finance,moving_average,0003.HK_1h,2026-03-20 15:30:00,7.340000152587891,7.405416627724965
stock_provided,finance,linear_trend,0002.HK_1h,2026-03-17 13:30:00,73.25,73.6542997863696
stock_provided,finance,linear_trend,0002.HK_1h,2026-03-17 14:30:00,73.25,73.64146653709592
stock_provided,finance,linear_trend,0002.HK_1h,2026-03-17 15:30:00,73.44999694824219,73.62863328782223
stock_provided,finance,linear_trend,0002.HK_1h,2026-03-18 09:30:00,73.75,73.61580003854854
stock_provided,finance,linear_trend,0002.HK_1h,2026-03-18 10:30:00,73.80000305175781,73.60296678927484
stock_provided,finance,linear_trend,0002.HK_1h,2026-03-18 11:30:00,73.8499984741211,73.59013354000116
stock_provided,finance,linear_trend,0002.HK_1h,2026-03-18 12:30:00,74.0999984741211,73.57730029072748
stock_provided,finance,linear_trend,0002.HK_1h,2026-03-18 13:30:00,74.30000305175781,73.56446704145378
stock_provided,finance,linear_trend,0002.HK_1h,2026-03-18 14:30:00,74.0999984741211,73.5516337921801
stock_provided,finance,linear_trend,0002.HK_1h,2026-03-18 15:30:00,74.30000305175781,73.5388005429064
stock_provided,finance,linear_trend,0002.HK_1h,2026-03-19 09:30:00,73.94999694824219,73.52596729363272
stock_provided,finance,linear_trend,0002.HK_1h,2026-03-19 10:30:00,73.6500015258789,73.51313404435903
stock_provided,finance,linear_trend,0002.HK_1h,2026-03-19 11:30:00,73.75,73.50030079508534
stock_provided,finance,linear_trend,0002.HK_1h,2026-03-19 12:30:00,73.5999984741211,73.48746754581165
stock_provided,finance,linear_trend,0002.HK_1h,2026-03-19 13:30:00,73.55000305175781,73.47463429653796
stock_provided,finance,linear_trend,0002.HK_1h,2026-03-19 14:30:00,73.75,73.46180104726427
stock_provided,finance,linear_trend,0002.HK_1h,2026-03-19 15:30:00,73.75,73.44896779799058
stock_provided,finance,linear_trend,0002.HK_1h,2026-03-20 09:30:00,73.5999984741211,73.4361345487169
stock_provided,finance,linear_trend,0002.HK_1h,2026-03-20 10:30:00,73.55000305175781,73.42330129944321
stock_provided,finance,linear_trend,0002.HK_1h,2026-03-20 11:30:00,73.6500015258789,73.41046805016951
stock_provided,finance,linear_trend,0002.HK_1h,2026-03-20 12:30:00,73.55000305175781,73.39763480089583
stock_provided,finance,linear_trend,0002.HK_1h,2026-03-20 13:30:00,73.5,73.38480155162213
stock_provided,finance,linear_trend,0002.HK_1h,2026-03-20 14:30:00,73.6500015258789,73.37196830234845
stock_provided,finance,linear_trend,0002.HK_1h,2026-03-20 15:30:00,73.5999984741211,73.35913505307477
stock_provided,finance,linear_trend,0003.HK_1h,2026-03-17 13:30:00,7.260000228881836,7.463037733476199
stock_provided,finance,linear_trend,0003.HK_1h,2026-03-17 14:30:00,7.269999980926514,7.4621484438782275
stock_provided,finance,linear_trend,0003.HK_1h,2026-03-17 15:30:00,7.260000228881836,7.461259154280257
stock_provided,finance,linear_trend,0003.HK_1h,2026-03-18 09:30:00,7.25,7.460369864682287
stock_provided,finance,linear_trend,0003.HK_1h,2026-03-18 10:30:00,7.239999771118164,7.459480575084316
stock_provided,finance,linear_trend,0003.HK_1h,2026-03-18 11:30:00,7.239999771118164,7.458591285486346
stock_provided,finance,linear_trend,0003.HK_1h,2026-03-18 12:30:00,7.269999980926514,7.4577019958883755
stock_provided,finance,linear_trend,0003.HK_1h,2026-03-18 13:30:00,7.289999961853027,7.456812706290405
stock_provided,finance,linear_trend,0003.HK_1h,2026-03-18 14:30:00,7.300000190734863,7.455923416692435
stock_provided,finance,linear_trend,0003.HK_1h,2026-03-18 15:30:00,7.289999961853027,7.455034127094464
stock_provided,finance,linear_trend,0003.HK_1h,2026-03-19 09:30:00,7.340000152587891,7.454144837496494
stock_provided,finance,linear_trend,0003.HK_1h,2026-03-19 10:30:00,7.340000152587891,7.453255547898523
stock_provided,finance,linear_trend,0003.HK_1h,2026-03-19 11:30:00,7.360000133514404,7.452366258300553
stock_provided,finance,linear_trend,0003.HK_1h,2026-03-19 12:30:00,7.380000114440918,7.451476968702583
stock_provided,finance,linear_trend,0003.HK_1h,2026-03-19 13:30:00,7.389999866485596,7.450587679104612
stock_provided,finance,linear_trend,0003.HK_1h,2026-03-19 14:30:00,7.389999866485596,7.449698389506642
stock_provided,finance,linear_trend,0003.HK_1h,2026-03-19 15:30:00,7.420000076293945,7.448809099908671
stock_provided,finance,linear_trend,0003.HK_1h,2026-03-20 09:30:00,7.389999866485596,7.447919810310701
stock_provided,finance,linear_trend,0003.HK_1h,2026-03-20 10:30:00,7.349999904632568,7.4470305207127305
stock_provided,finance,linear_trend,0003.HK_1h,2026-03-20 11:30:00,7.340000152587891,7.44614123111476
stock_provided,finance,linear_trend,0003.HK_1h,2026-03-20 12:30:00,7.349999904632568,7.44525194151679
stock_provided,finance,linear_trend,0003.HK_1h,2026-03-20 13:30:00,7.320000171661377,7.444362651918819
stock_provided,finance,linear_trend,0003.HK_1h,2026-03-20 14:30:00,7.329999923706055,7.443473362320849
stock_provided,finance,linear_trend,0003.HK_1h,2026-03-20 15:30:00,7.340000152587891,7.4425840727228785
stock_provided,finance,ridge_ar,0002.HK_1h,2026-03-17 13:30:00,73.25,73.18034435923762
stock_provided,finance,ridge_ar,0002.HK_1h,2026-03-17 14:30:00,73.25,73.15272290854878
stock_provided,finance,ridge_ar,0002.HK_1h,2026-03-17 15:30:00,73.44999694824219,73.15997186113097
stock_provided,finance,ridge_ar,0002.HK_1h,2026-03-18 09:30:00,73.75,73.16731830523497
stock_provided,finance,ridge_ar,0002.HK_1h,2026-03-18 10:30:00,73.80000305175781,73.17386194667164
stock_provided,finance,ridge_ar,0002.HK_1h,2026-03-18 11:30:00,73.8499984741211,73.16444382413829
stock_provided,finance,ridge_ar,0002.HK_1h,2026-03-18 12:30:00,74.0999984741211,73.12699093223004
stock_provided,finance,ridge_ar,0002.HK_1h,2026-03-18 13:30:00,74.30000305175781,73.09757298873281
stock_provided,finance,ridge_ar,0002.HK_1h,2026-03-18 14:30:00,74.0999984741211,73.0613841521365
stock_provided,finance,ridge_ar,0002.HK_1h,2026-03-18 15:30:00,74.30000305175781,73.00104696425197
stock_provided,finance,ridge_ar,0002.HK_1h,2026-03-19 09:30:00,73.94999694824219,72.94342077699916
stock_provided,finance,ridge_ar,0002.HK_1h,2026-03-19 10:30:00,73.6500015258789,72.89155896710857
stock_provided,finance,ridge_ar,0002.HK_1h,2026-03-19 11:30:00,73.75,72.82766645893209
stock_provided,finance,ridge_ar,0002.HK_1h,2026-03-19 12:30:00,73.5999984741211,72.76883538140105
stock_provided,finance,ridge_ar,0002.HK_1h,2026-03-19 13:30:00,73.55000305175781,72.70836995730411
stock_provided,finance,ridge_ar,0002.HK_1h,2026-03-19 14:30:00,73.75,72.64034501337846
stock_provided,finance,ridge_ar,0002.HK_1h,2026-03-19 15:30:00,73.75,72.62518774516931
stock_provided,finance,ridge_ar,0002.HK_1h,2026-03-20 09:30:00,73.5999984741211,72.60746680631252
stock_provided,finance,ridge_ar,0002.HK_1h,2026-03-20 10:30:00,73.55000305175781,72.59609645626432
stock_provided,finance,ridge_ar,0002.HK_1h,2026-03-20 11:30:00,73.6500015258789,72.58950717324869
stock_provided,finance,ridge_ar,0002.HK_1h,2026-03-20 12:30:00,73.55000305175781,72.5689380128662
stock_provided,finance,ridge_ar,0002.HK_1h,2026-03-20 13:30:00,73.5,72.55772274497679
stock_provided,finance,ridge_ar,0002.HK_1h,2026-03-20 14:30:00,73.6500015258789,72.53445765553857
stock_provided,finance,ridge_ar,0002.HK_1h,2026-03-20 15:30:00,73.5999984741211,72.51901255201761
stock_provided,finance,ridge_ar,0003.HK_1h,2026-03-17 13:30:00,7.260000228881836,7.2923162042084435
stock_provided,finance,ridge_ar,0003.HK_1h,2026-03-17 14:30:00,7.269999980926514,7.294509120015267
stock_provided,finance,ridge_ar,0003.HK_1h,2026-03-17 15:30:00,7.260000228881836,7.3033639190947754
stock_provided,finance,ridge_ar,0003.HK_1h,2026-03-18 09:30:00,7.25,7.312226052229185
stock_provided,finance,ridge_ar,0003.HK_1h,2026-03-18 10:30:00,7.239999771118164,7.319057251390049
stock_provided,finance,ridge_ar,0003.HK_1h,2026-03-18 11:30:00,7.239999771118164,7.324462533236494
stock_provided,finance,ridge_ar,0003.HK_1h,2026-03-18 12:30:00,7.269999980926514,7.329433915385867
stock_provided,finance,ridge_ar,0003.HK_1h,2026-03-18 13:30:00,7.289999961853027,7.3346191304556445
stock_provided,finance,ridge_ar,0003.HK_1h,2026-03-18 14:30:00,7.300000190734863,7.340627301606361
stock_provided,finance,ridge_ar,0003.HK_1h,2026-03-18 15:30:00,7.289999961853027,7.345198038459254
stock_provided,finance,ridge_ar,0003.HK_1h,2026-03-19 09:30:00,7.340000152587891,7.349157022447604
stock_provided,finance,ridge_ar,0003.HK_1h,2026-03-19 10:30:00,7.340000152587891,7.354340443286625
stock_provided,finance,ridge_ar,0003.HK_1h,2026-03-19 11:30:00,7.360000133514404,7.357749221394371
stock_provided,finance,ridge_ar,0003.HK_1h,2026-03-19 12:30:00,7.380000114440918,7.363480864308793
stock_provided,finance,ridge_ar,0003.HK_1h,2026-03-19 13:30:00,7.389999866485596,7.369709724371389
stock_provided,finance,ridge_ar,0003.HK_1h,2026-03-19 14:30:00,7.389999866485596,7.374029783201434
stock_provided,finance,ridge_ar,0003.HK_1h,2026-03-19 15:30:00,7.420000076293945,7.375848701390547
stock_provided,finance,ridge_ar,0003.HK_1h,2026-03-20 09:30:00,7.389999866485596,7.3771540432150475
stock_provided,finance,ridge_ar,0003.HK_1h,2026-03-20 10:30:00,7.349999904632568,7.379110568314351
stock_provided,finance,ridge_ar,0003.HK_1h,2026-03-20 11:30:00,7.340000152587891,7.380284126643809
stock_provided,finance,ridge_ar,0003.HK_1h,2026-03-20 12:30:00,7.349999904632568,7.380835005802913
stock_provided,finance,ridge_ar,0003.HK_1h,2026-03-20 13:30:00,7.320000171661377,7.382127206252384
stock_provided,finance,ridge_ar,0003.HK_1h,2026-03-20 14:30:00,7.329999923706055,7.381347491332587
stock_provided,finance,ridge_ar,0003.HK_1h,2026-03-20 15:30:00,7.340000152587891,7.383286902684282
stock_provided,finance,hist_gradient_boosting_ar,0002.HK_1h,2026-03-17 13:30:00,73.25,73.07479582933269
stock_provided,finance,hist_gradient_boosting_ar,0002.HK_1h,2026-03-17 14:30:00,73.25,73.07718256006775
stock_provided,finance,hist_gradient_boosting_ar,0002.HK_1h,2026-03-17 15:30:00,73.44999694824219,73.13812013232962
stock_provided,finance,hist_gradient_boosting_ar,0002.HK_1h,2026-03-18 09:30:00,73.75,73.13812013232962
stock_provided,finance,hist_gradient_boosting_ar,0002.HK_1h,2026-03-18 10:30:00,73.80000305175781,73.13812013232962
stock_provided,finance,hist_gradient_boosting_ar,0002.HK_1h,2026-03-18 11:30:00,73.8499984741211,73.13812013232962
stock_provided,finance,hist_gradient_boosting_ar,0002.HK_1h,2026-03-18 12:30:00,74.0999984741211,73.18849825065648
stock_provided,finance,hist_gradient_boosting_ar,0002.HK_1h,2026-03-18 13:30:00,74.30000305175781,73.12387669097004
stock_provided,finance,hist_gradient_boosting_ar,0002.HK_1h,2026-03-18 14:30:00,74.0999984741211,73.13903379385478
stock_provided,finance,hist_gradient_boosting_ar,0002.HK_1h,2026-03-18 15:30:00,74.30000305175781,73.10330234485254
stock_provided,finance,hist_gradient_boosting_ar,0002.HK_1h,2026-03-19 09:30:00,73.94999694824219,73.18908694141064
stock_provided,finance,hist_gradient_boosting_ar,0002.HK_1h,2026-03-19 10:30:00,73.6500015258789,73.165405490292
stock_provided,finance,hist_gradient_boosting_ar,0002.HK_1h,2026-03-19 11:30:00,73.75,73.07604817313883
stock_provided,finance,hist_gradient_boosting_ar,0002.HK_1h,2026-03-19 12:30:00,73.5999984741211,73.04981318703918
stock_provided,finance,hist_gradient_boosting_ar,0002.HK_1h,2026-03-19 13:30:00,73.55000305175781,73.07064002162436
stock_provided,finance,hist_gradient_boosting_ar,0002.HK_1h,2026-03-19 14:30:00,73.75,73.07064002162436
stock_provided,finance,hist_gradient_boosting_ar,0002.HK_1h,2026-03-19 15:30:00,73.75,73.10063727899924
stock_provided,finance,hist_gradient_boosting_ar,0002.HK_1h,2026-03-20 09:30:00,73.5999984741211,73.10063727899924
stock_provided,finance,hist_gradient_boosting_ar,0002.HK_1h,2026-03-20 10:30:00,73.55000305175781,73.10063727899924
stock_provided,finance,hist_gradient_boosting_ar,0002.HK_1h,2026-03-20 11:30:00,73.6500015258789,73.10063727899924
stock_provided,finance,hist_gradient_boosting_ar,0002.HK_1h,2026-03-20 12:30:00,73.55000305175781,73.10063727899924
stock_provided,finance,hist_gradient_boosting_ar,0002.HK_1h,2026-03-20 13:30:00,73.5,73.10063727899924
stock_provided,finance,hist_gradient_boosting_ar,0002.HK_1h,2026-03-20 14:30:00,73.6500015258789,73.10063727899924
stock_provided,finance,hist_gradient_boosting_ar,0002.HK_1h,2026-03-20 15:30:00,73.5999984741211,73.10063727899924
stock_provided,finance,hist_gradient_boosting_ar,0003.HK_1h,2026-03-17 13:30:00,7.260000228881836,7.3209689171148575
stock_provided,finance,hist_gradient_boosting_ar,0003.HK_1h,2026-03-17 14:30:00,7.269999980926514,7.323629018902581
stock_provided,finance,hist_gradient_boosting_ar,0003.HK_1h,2026-03-17 15:30:00,7.260000228881836,7.326044565383891
stock_provided,finance,hist_gradient_boosting_ar,0003.HK_1h,2026-03-18 09:30:00,7.25,7.326044565383891
stock_provided,finance,hist_gradient_boosting_ar,0003.HK_1h,2026-03-18 10:30:00,7.239999771118164,7.325245479672182
stock_provided,finance,hist_gradient_boosting_ar,0003.HK_1h,2026-03-18 11:30:00,7.239999771118164,7.325245479672182
stock_provided,finance,hist_gradient_boosting_ar,0003.HK_1h,2026-03-18 12:30:00,7.269999980926514,7.329666329721808
stock_provided,finance,hist_gradient_boosting_ar,0003.HK_1h,2026-03-18 13:30:00,7.289999961853027,7.329666329721808
stock_provided,finance,hist_gradient_boosting_ar,0003.HK_1h,2026-03-18 14:30:00,7.300000190734863,7.329666329721808
stock_provided,finance,hist_gradient_boosting_ar,0003.HK_1h,2026-03-18 15:30:00,7.289999961853027,7.329666329721808
stock_provided,finance,hist_gradient_boosting_ar,0003.HK_1h,2026-03-19 09:30:00,7.340000152587891,7.329666329721808
stock_provided,finance,hist_gradient_boosting_ar,0003.HK_1h,2026-03-19 10:30:00,7.340000152587891,7.330465415433517
stock_provided,finance,hist_gradient_boosting_ar,0003.HK_1h,2026-03-19 11:30:00,7.360000133514404,7.330465415433517
stock_provided,finance,hist_gradient_boosting_ar,0003.HK_1h,2026-03-19 12:30:00,7.380000114440918,7.328178699646614
stock_provided,finance,hist_gradient_boosting_ar,0003.HK_1h,2026-03-19 13:30:00,7.389999866485596,7.328178699646614
stock_provided,finance,hist_gradient_boosting_ar,0003.HK_1h,2026-03-19 14:30:00,7.389999866485596,7.328178699646614
stock_provided,finance,hist_gradient_boosting_ar,0003.HK_1h,2026-03-19 15:30:00,7.420000076293945,7.325389767164483
stock_provided,finance,hist_gradient_boosting_ar,0003.HK_1h,2026-03-20 09:30:00,7.389999866485596,7.325763153165303
stock_provided,finance,hist_gradient_boosting_ar,0003.HK_1h,2026-03-20 10:30:00,7.349999904632568,7.325896758399368
stock_provided,finance,hist_gradient_boosting_ar,0003.HK_1h,2026-03-20 11:30:00,7.340000152587891,7.325896758399368
stock_provided,finance,hist_gradient_boosting_ar,0003.HK_1h,2026-03-20 12:30:00,7.349999904632568,7.321342303115677
stock_provided,finance,hist_gradient_boosting_ar,0003.HK_1h,2026-03-20 13:30:00,7.320000171661377,7.3249099105963245
stock_provided,finance,hist_gradient_boosting_ar,0003.HK_1h,2026-03-20 14:30:00,7.329999923706055,7.324536524595505
stock_provided,finance,hist_gradient_boosting_ar,0003.HK_1h,2026-03-20 15:30:00,7.340000152587891,7.3273254570776345
stock_provided,finance,lightgbm_ar,0002.HK_1h,2026-03-17 13:30:00,73.25,73.12231287692049
stock_provided,finance,lightgbm_ar,0002.HK_1h,2026-03-17 14:30:00,73.25,73.12665090002109
stock_provided,finance,lightgbm_ar,0002.HK_1h,2026-03-17 15:30:00,73.44999694824219,73.24246939755788
stock_provided,finance,lightgbm_ar,0002.HK_1h,2026-03-18 09:30:00,73.75,73.2849787911349
stock_provided,finance,lightgbm_ar,0002.HK_1h,2026-03-18 10:30:00,73.80000305175781,73.23122421772675
stock_provided,finance,lightgbm_ar,0002.HK_1h,2026-03-18 11:30:00,73.8499984741211,73.20085810698323
stock_provided,finance,lightgbm_ar,0002.HK_1h,2026-03-18 12:30:00,74.0999984741211,73.21339617726616
stock_provided,finance,lightgbm_ar,0002.HK_1h,2026-03-18 13:30:00,74.30000305175781,73.25706818391166
stock_provided,finance,lightgbm_ar,0002.HK_1h,2026-03-18 14:30:00,74.0999984741211,73.22294350410601
stock_provided,finance,lightgbm_ar,0002.HK_1h,2026-03-18 15:30:00,74.30000305175781,73.13544794308035
stock_provided,finance,lightgbm_ar,0002.HK_1h,2026-03-19 09:30:00,73.94999694824219,73.07002150426432
stock_provided,finance,lightgbm_ar,0002.HK_1h,2026-03-19 10:30:00,73.6500015258789,73.03605912927141
stock_provided,finance,lightgbm_ar,0002.HK_1h,2026-03-19 11:30:00,73.75,73.04521385837266
stock_provided,finance,lightgbm_ar,0002.HK_1h,2026-03-19 12:30:00,73.5999984741211,73.16998444356778
stock_provided,finance,lightgbm_ar,0002.HK_1h,2026-03-19 13:30:00,73.55000305175781,73.2146566672587
stock_provided,finance,lightgbm_ar,0002.HK_1h,2026-03-19 14:30:00,73.75,73.17320408115253
stock_provided,finance,lightgbm_ar,0002.HK_1h,2026-03-19 15:30:00,73.75,73.19510557465777
stock_provided,finance,lightgbm_ar,0002.HK_1h,2026-03-20 09:30:00,73.5999984741211,73.23127735850025
stock_provided,finance,lightgbm_ar,0002.HK_1h,2026-03-20 10:30:00,73.55000305175781,73.21535910678122
stock_provided,finance,lightgbm_ar,0002.HK_1h,2026-03-20 11:30:00,73.6500015258789,73.21207287151883
stock_provided,finance,lightgbm_ar,0002.HK_1h,2026-03-20 12:30:00,73.55000305175781,73.21207287151883
stock_provided,finance,lightgbm_ar,0002.HK_1h,2026-03-20 13:30:00,73.5,73.21207287151883
stock_provided,finance,lightgbm_ar,0002.HK_1h,2026-03-20 14:30:00,73.6500015258789,73.21207287151883
stock_provided,finance,lightgbm_ar,0002.HK_1h,2026-03-20 15:30:00,73.5999984741211,73.21207287151883
stock_provided,finance,lightgbm_ar,0003.HK_1h,2026-03-17 13:30:00,7.260000228881836,7.304111591668278
stock_provided,finance,lightgbm_ar,0003.HK_1h,2026-03-17 14:30:00,7.269999980926514,7.314086311902257
stock_provided,finance,lightgbm_ar,0003.HK_1h,2026-03-17 15:30:00,7.260000228881836,7.320536201912164
stock_provided,finance,lightgbm_ar,0003.HK_1h,2026-03-18 09:30:00,7.25,7.320811923600399
stock_provided,finance,lightgbm_ar,0003.HK_1h,2026-03-18 10:30:00,7.239999771118164,7.321600450153078
stock_provided,finance,lightgbm_ar,0003.HK_1h,2026-03-18 11:30:00,7.239999771118164,7.321600450153078
stock_provided,finance,lightgbm_ar,0003.HK_1h,2026-03-18 12:30:00,7.269999980926514,7.319003167039837
stock_provided,finance,lightgbm_ar,0003.HK_1h,2026-03-18 13:30:00,7.289999961853027,7.319003167039837
stock_provided,finance,lightgbm_ar,0003.HK_1h,2026-03-18 14:30:00,7.300000190734863,7.321600450153078
stock_provided,finance,lightgbm_ar,0003.HK_1h,2026-03-18 15:30:00,7.289999961853027,7.321600450153078
stock_provided,finance,lightgbm_ar,0003.HK_1h,2026-03-19 09:30:00,7.340000152587891,7.321600450153078
stock_provided,finance,lightgbm_ar,0003.HK_1h,2026-03-19 10:30:00,7.340000152587891,7.320536201912164
stock_provided,finance,lightgbm_ar,0003.HK_1h,2026-03-19 11:30:00,7.360000133514404,7.320536201912164
stock_provided,finance,lightgbm_ar,0003.HK_1h,2026-03-19 12:30:00,7.380000114440918,7.317022172842643
stock_provided,finance,lightgbm_ar,0003.HK_1h,2026-03-19 13:30:00,7.389999866485596,7.317553862836648
stock_provided,finance,lightgbm_ar,0003.HK_1h,2026-03-19 14:30:00,7.389999866485596,7.317553862836648
stock_provided,finance,lightgbm_ar,0003.HK_1h,2026-03-19 15:30:00,7.420000076293945,7.31031649461563
stock_provided,finance,lightgbm_ar,0003.HK_1h,2026-03-20 09:30:00,7.389999866485596,7.310988577579614
stock_provided,finance,lightgbm_ar,0003.HK_1h,2026-03-20 10:30:00,7.349999904632568,7.3111677454959105
stock_provided,finance,lightgbm_ar,0003.HK_1h,2026-03-20 11:30:00,7.340000152587891,7.3111677454959105
stock_provided,finance,lightgbm_ar,0003.HK_1h,2026-03-20 12:30:00,7.349999904632568,7.310988577579614
stock_provided,finance,lightgbm_ar,0003.HK_1h,2026-03-20 13:30:00,7.320000171661377,7.310988577579614
stock_provided,finance,lightgbm_ar,0003.HK_1h,2026-03-20 14:30:00,7.329999923706055,7.31031649461563
stock_provided,finance,lightgbm_ar,0003.HK_1h,2026-03-20 15:30:00,7.340000152587891,7.327733051851492
stock_provided,finance,xgboost_ar,0002.HK_1h,2026-03-17 13:30:00,73.25,73.00735011333798
stock_provided,finance,xgboost_ar,0002.HK_1h,2026-03-17 14:30:00,73.25,72.67815236368497
stock_provided,finance,xgboost_ar,0002.HK_1h,2026-03-17 15:30:00,73.44999694824219,72.35785537629572
stock_provided,finance,xgboost_ar,0002.HK_1h,2026-03-18 09:30:00,73.75,72.34623570776861
stock_provided,finance,xgboost_ar,0002.HK_1h,2026-03-18 10:30:00,73.80000305175781,72.3299659571447
stock_provided,finance,xgboost_ar,0002.HK_1h,2026-03-18 11:30:00,73.8499984741211,72.30796411380263
stock_provided,finance,xgboost_ar,0002.HK_1h,2026-03-18 12:30:00,74.0999984741211,72.15161213795889
stock_provided,finance,xgboost_ar,0002.HK_1h,2026-03-18 13:30:00,74.30000305175781,72.15210391959836
stock_provided,finance,xgboost_ar,0002.HK_1h,2026-03-18 14:30:00,74.0999984741211,72.1474819003033
stock_provided,finance,xgboost_ar,0002.HK_1h,2026-03-18 15:30:00,74.30000305175781,72.13791415350262
stock_provided,finance,xgboost_ar,0002.HK_1h,2026-03-19 09:30:00,73.94999694824219,72.12916675065823
stock_provided,finance,xgboost_ar,0002.HK_1h,2026-03-19 10:30:00,73.6500015258789,72.10113489382691
stock_provided,finance,xgboost_ar,0002.HK_1h,2026-03-19 11:30:00,73.75,72.08015089588918
stock_provided,finance,xgboost_ar,0002.HK_1h,2026-03-19 12:30:00,73.5999984741211,72.27443498164303
stock_provided,finance,xgboost_ar,0002.HK_1h,2026-03-19 13:30:00,73.55000305175781,72.2911904462736
stock_provided,finance,xgboost_ar,0002.HK_1h,2026-03-19 14:30:00,73.75,72.2934564037475
stock_provided,finance,xgboost_ar,0002.HK_1h,2026-03-19 15:30:00,73.75,72.52469464869289
stock_provided,finance,xgboost_ar,0002.HK_1h,2026-03-20 09:30:00,73.5999984741211,72.5233567356577
stock_provided,finance,xgboost_ar,0002.HK_1h,2026-03-20 10:30:00,73.55000305175781,72.55932900016931
stock_provided,finance,xgboost_ar,0002.HK_1h,2026-03-20 11:30:00,73.6500015258789,72.55528932193346
stock_provided,finance,xgboost_ar,0002.HK_1h,2026-03-20 12:30:00,73.55000305175781,72.42879813914159
stock_provided,finance,xgboost_ar,0002.HK_1h,2026-03-20 13:30:00,73.5,72.55528932193346
stock_provided,finance,xgboost_ar,0002.HK_1h,2026-03-20 14:30:00,73.6500015258789,72.62291733697376
stock_provided,finance,xgboost_ar,0002.HK_1h,2026-03-20 15:30:00,73.5999984741211,72.56476559916948
stock_provided,finance,xgboost_ar,0003.HK_1h,2026-03-17 13:30:00,7.260000228881836,7.295195851383164
stock_provided,finance,xgboost_ar,0003.HK_1h,2026-03-17 14:30:00,7.269999980926514,7.301333963948188
stock_provided,finance,xgboost_ar,0003.HK_1h,2026-03-17 15:30:00,7.260000228881836,7.321796503468667
stock_provided,finance,xgboost_ar,0003.HK_1h,2026-03-18 09:30:00,7.25,7.321762662415466
stock_provided,finance,xgboost_ar,0003.HK_1h,2026-03-18 10:30:00,7.239999771118164,7.322642893401693
stock_provided,finance,xgboost_ar,0003.HK_1h,2026-03-18 11:30:00,7.239999771118164,7.320918480072249
stock_provided,finance,xgboost_ar,0003.HK_1h,2026-03-18 12:30:00,7.269999980926514,7.320918480072249
stock_provided,finance,xgboost_ar,0003.HK_1h,2026-03-18 13:30:00,7.289999961853027,7.320918480072249
stock_provided,finance,xgboost_ar,0003.HK_1h,2026-03-18 14:30:00,7.300000190734863,7.320918480072249
stock_provided,finance,xgboost_ar,0003.HK_1h,2026-03-18 15:30:00,7.289999961853027,7.320918480072249
stock_provided,finance,xgboost_ar,0003.HK_1h,2026-03-19 09:30:00,7.340000152587891,7.320918480072249
stock_provided,finance,xgboost_ar,0003.HK_1h,2026-03-19 10:30:00,7.340000152587891,7.320918480072249
stock_provided,finance,xgboost_ar,0003.HK_1h,2026-03-19 11:30:00,7.360000133514404,7.320918480072249
stock_provided,finance,xgboost_ar,0003.HK_1h,2026-03-19 12:30:00,7.380000114440918,7.331123388612998
stock_provided,finance,xgboost_ar,0003.HK_1h,2026-03-19 13:30:00,7.389999866485596,7.315941949321783
stock_provided,finance,xgboost_ar,0003.HK_1h,2026-03-19 14:30:00,7.389999866485596,7.315748616397746
stock_provided,finance,xgboost_ar,0003.HK_1h,2026-03-19 15:30:00,7.420000076293945,7.312842415314076
stock_provided,finance,xgboost_ar,0003.HK_1h,2026-03-20 09:30:00,7.389999866485596,7.316204860282292
stock_provided,finance,xgboost_ar,0003.HK_1h,2026-03-20 10:30:00,7.349999904632568,7.316204860282292
stock_provided,finance,xgboost_ar,0003.HK_1h,2026-03-20 11:30:00,7.340000152587891,7.316204860282292
stock_provided,finance,xgboost_ar,0003.HK_1h,2026-03-20 12:30:00,7.349999904632568,7.316204860282292
stock_provided,finance,xgboost_ar,0003.HK_1h,2026-03-20 13:30:00,7.320000171661377,7.312786056844818
stock_provided,finance,xgboost_ar,0003.HK_1h,2026-03-20 14:30:00,7.329999923706055,7.3115874394647475
stock_provided,finance,xgboost_ar,0003.HK_1h,2026-03-20 15:30:00,7.340000152587891,7.314717957644725
stock_provided,finance,tabpfn_ts,0002.HK_1h,2026-03-17 13:30:00,73.25,73.20951843261719
stock_provided,finance,tabpfn_ts,0002.HK_1h,2026-03-17 14:30:00,73.25,73.21251678466797
stock_provided,finance,tabpfn_ts,0002.HK_1h,2026-03-17 15:30:00,73.44999694824219,73.21240997314453
stock_provided,finance,tabpfn_ts,0002.HK_1h,2026-03-18 09:30:00,73.75,73.21414947509766
stock_provided,finance,tabpfn_ts,0002.HK_1h,2026-03-18 10:30:00,73.80000305175781,73.21086883544922
stock_provided,finance,tabpfn_ts,0002.HK_1h,2026-03-18 11:30:00,73.8499984741211,73.2077865600586
stock_provided,finance,tabpfn_ts,0002.HK_1h,2026-03-18 12:30:00,74.0999984741211,73.20097351074219
stock_provided,finance,tabpfn_ts,0002.HK_1h,2026-03-18 13:30:00,74.30000305175781,73.1985092163086
stock_provided,finance,tabpfn_ts,0002.HK_1h,2026-03-18 14:30:00,74.0999984741211,73.19252014160156
stock_provided,finance,tabpfn_ts,0002.HK_1h,2026-03-18 15:30:00,74.30000305175781,73.18807220458984
stock_provided,finance,tabpfn_ts,0002.HK_1h,2026-03-19 09:30:00,73.94999694824219,73.17501068115234
stock_provided,finance,tabpfn_ts,0002.HK_1h,2026-03-19 10:30:00,73.6500015258789,73.1669921875
stock_provided,finance,tabpfn_ts,0002.HK_1h,2026-03-19 11:30:00,73.75,73.16486358642578
stock_provided,finance,tabpfn_ts,0002.HK_1h,2026-03-19 12:30:00,73.5999984741211,73.16606140136719
stock_provided,finance,tabpfn_ts,0002.HK_1h,2026-03-19 13:30:00,73.55000305175781,73.17292022705078
stock_provided,finance,tabpfn_ts,0002.HK_1h,2026-03-19 14:30:00,73.75,73.17823791503906
stock_provided,finance,tabpfn_ts,0002.HK_1h,2026-03-19 15:30:00,73.75,73.18376922607422
stock_provided,finance,tabpfn_ts,0002.HK_1h,2026-03-20 09:30:00,73.5999984741211,73.20611572265625
stock_provided,finance,tabpfn_ts,0002.HK_1h,2026-03-20 10:30:00,73.55000305175781,73.20805358886719
stock_provided,finance,tabpfn_ts,0002.HK_1h,2026-03-20 11:30:00,73.6500015258789,73.21083068847656
stock_provided,finance,tabpfn_ts,0002.HK_1h,2026-03-20 12:30:00,73.55000305175781,73.21434020996094
stock_provided,finance,tabpfn_ts,0002.HK_1h,2026-03-20 13:30:00,73.5,73.21884155273438
stock_provided,finance,tabpfn_ts,0002.HK_1h,2026-03-20 14:30:00,73.6500015258789,73.21719360351562
stock_provided,finance,tabpfn_ts,0002.HK_1h,2026-03-20 15:30:00,73.5999984741211,73.21016693115234
stock_provided,finance,tabpfn_ts,0003.HK_1h,2026-03-17 13:30:00,7.260000228881836,7.283994197845459
stock_provided,finance,tabpfn_ts,0003.HK_1h,2026-03-17 14:30:00,7.269999980926514,7.284069538116455
stock_provided,finance,tabpfn_ts,0003.HK_1h,2026-03-17 15:30:00,7.260000228881836,7.284050941467285
stock_provided,finance,tabpfn_ts,0003.HK_1h,2026-03-18 09:30:00,7.25,7.285341739654541
stock_provided,finance,tabpfn_ts,0003.HK_1h,2026-03-18 10:30:00,7.239999771118164,7.288193702697754
stock_provided,finance,tabpfn_ts,0003.HK_1h,2026-03-18 11:30:00,7.239999771118164,7.290616512298584
stock_provided,finance,tabpfn_ts,0003.HK_1h,2026-03-18 12:30:00,7.269999980926514,7.292996883392334
stock_provided,finance,tabpfn_ts,0003.HK_1h,2026-03-18 13:30:00,7.289999961853027,7.297754764556885
stock_provided,finance,tabpfn_ts,0003.HK_1h,2026-03-18 14:30:00,7.300000190734863,7.301543235778809
stock_provided,finance,tabpfn_ts,0003.HK_1h,2026-03-18 15:30:00,7.289999961853027,7.304053783416748
stock_provided,finance,tabpfn_ts,0003.HK_1h,2026-03-19 09:30:00,7.340000152587891,7.307804107666016
stock_provided,finance,tabpfn_ts,0003.HK_1h,2026-03-19 10:30:00,7.340000152587891,7.309274673461914
stock_provided,finance,tabpfn_ts,0003.HK_1h,2026-03-19 11:30:00,7.360000133514404,7.309550762176514
stock_provided,finance,tabpfn_ts,0003.HK_1h,2026-03-19 12:30:00,7.380000114440918,7.310068607330322
stock_provided,finance,tabpfn_ts,0003.HK_1h,2026-03-19 13:30:00,7.389999866485596,7.310144424438477
stock_provided,finance,tabpfn_ts,0003.HK_1h,2026-03-19 14:30:00,7.389999866485596,7.312541484832764
stock_provided,finance,tabpfn_ts,0003.HK_1h,2026-03-19 15:30:00,7.420000076293945,7.316202640533447
stock_provided,finance,tabpfn_ts,0003.HK_1h,2026-03-20 09:30:00,7.389999866485596,7.328125
stock_provided,finance,tabpfn_ts,0003.HK_1h,2026-03-20 10:30:00,7.349999904632568,7.330088138580322
stock_provided,finance,tabpfn_ts,0003.HK_1h,2026-03-20 11:30:00,7.340000152587891,7.330331325531006
stock_provided,finance,tabpfn_ts,0003.HK_1h,2026-03-20 12:30:00,7.349999904632568,7.330666542053223
stock_provided,finance,tabpfn_ts,0003.HK_1h,2026-03-20 13:30:00,7.320000171661377,7.330200672149658
stock_provided,finance,tabpfn_ts,0003.HK_1h,2026-03-20 14:30:00,7.329999923706055,7.328719139099121
stock_provided,finance,tabpfn_ts,0003.HK_1h,2026-03-20 15:30:00,7.340000152587891,7.328488349914551
