dataset,domain,model,unique_id,ds,y,y_hat
synthetic_energy,energy,dummy_mean,energy_0,2024-01-10 12:00:00,14.560000000000015,12.353286777551812
synthetic_energy,energy,dummy_mean,energy_0,2024-01-10 13:00:00,13.93295238724371,12.353286777551812
synthetic_energy,energy,dummy_mean,energy_0,2024-01-10 14:00:00,13.34999999999999,12.353286777551812
synthetic_energy,energy,dummy_mean,energy_0,2024-01-10 15:00:00,12.852233047033636,12.353286777551812
synthetic_energy,energy,dummy_mean,energy_0,2024-01-10 16:00:00,12.474936490538903,12.353286777551812
synthetic_energy,energy,dummy_mean,energy_0,2024-01-10 17:00:00,12.245185434277328,12.353286777551812
synthetic_energy,energy,dummy_mean,energy_0,2024-01-10 18:00:00,12.18,12.353286777551812
synthetic_energy,energy,dummy_mean,energy_0,2024-01-10 19:00:00,12.285185434277327,12.353286777551812
synthetic_energy,energy,dummy_mean,energy_0,2024-01-10 20:00:00,12.554936490538902,12.353286777551812
synthetic_energy,energy,dummy_mean,energy_0,2024-01-10 21:00:00,12.972233047033619,12.353286777551812
synthetic_energy,energy,dummy_mean,energy_0,2024-01-10 22:00:00,13.50999999999999,12.353286777551812
synthetic_energy,energy,dummy_mean,energy_0,2024-01-10 23:00:00,14.132952387243687,12.353286777551812
synthetic_energy,energy,dummy_mean,energy_1,2024-01-10 12:00:00,15.560000000000015,13.353286777551812
synthetic_energy,energy,dummy_mean,energy_1,2024-01-10 13:00:00,14.93295238724371,13.353286777551812
synthetic_energy,energy,dummy_mean,energy_1,2024-01-10 14:00:00,14.34999999999999,13.353286777551812
synthetic_energy,energy,dummy_mean,energy_1,2024-01-10 15:00:00,13.852233047033636,13.353286777551812
synthetic_energy,energy,dummy_mean,energy_1,2024-01-10 16:00:00,13.474936490538905,13.353286777551812
synthetic_energy,energy,dummy_mean,energy_1,2024-01-10 17:00:00,13.245185434277328,13.353286777551812
synthetic_energy,energy,dummy_mean,energy_1,2024-01-10 18:00:00,13.18,13.353286777551812
synthetic_energy,energy,dummy_mean,energy_1,2024-01-10 19:00:00,13.285185434277327,13.353286777551812
synthetic_energy,energy,dummy_mean,energy_1,2024-01-10 20:00:00,13.5549364905389,13.353286777551812
synthetic_energy,energy,dummy_mean,energy_1,2024-01-10 21:00:00,13.972233047033619,13.353286777551812
synthetic_energy,energy,dummy_mean,energy_1,2024-01-10 22:00:00,14.50999999999999,13.353286777551812
synthetic_energy,energy,dummy_mean,energy_1,2024-01-10 23:00:00,15.132952387243687,13.353286777551812
synthetic_energy,energy,dummy_mean,energy_2,2024-01-10 12:00:00,16.560000000000016,14.353286777551812
synthetic_energy,energy,dummy_mean,energy_2,2024-01-10 13:00:00,15.93295238724371,14.353286777551812
synthetic_energy,energy,dummy_mean,energy_2,2024-01-10 14:00:00,15.34999999999999,14.353286777551812
synthetic_energy,energy,dummy_mean,energy_2,2024-01-10 15:00:00,14.852233047033636,14.353286777551812
synthetic_energy,energy,dummy_mean,energy_2,2024-01-10 16:00:00,14.474936490538905,14.353286777551812
synthetic_energy,energy,dummy_mean,energy_2,2024-01-10 17:00:00,14.245185434277328,14.353286777551812
synthetic_energy,energy,dummy_mean,energy_2,2024-01-10 18:00:00,14.18,14.353286777551812
synthetic_energy,energy,dummy_mean,energy_2,2024-01-10 19:00:00,14.285185434277327,14.353286777551812
synthetic_energy,energy,dummy_mean,energy_2,2024-01-10 20:00:00,14.5549364905389,14.353286777551812
synthetic_energy,energy,dummy_mean,energy_2,2024-01-10 21:00:00,14.972233047033619,14.353286777551812
synthetic_energy,energy,dummy_mean,energy_2,2024-01-10 22:00:00,15.50999999999999,14.353286777551812
synthetic_energy,energy,dummy_mean,energy_2,2024-01-10 23:00:00,16.132952387243687,14.353286777551812
synthetic_energy,energy,seasonal_naive,energy_0,2024-01-10 12:00:00,14.560000000000015,14.319999999999995
synthetic_energy,energy,seasonal_naive,energy_0,2024-01-10 13:00:00,13.93295238724371,14.987047612756283
synthetic_energy,energy,seasonal_naive,energy_0,2024-01-10 14:00:00,13.34999999999999,15.609999999999985
synthetic_energy,energy,seasonal_naive,energy_0,2024-01-10 15:00:00,12.852233047033636,16.14776695296637
synthetic_energy,energy,seasonal_naive,energy_0,2024-01-10 16:00:00,12.474936490538903,16.5650635094611
synthetic_energy,energy,seasonal_naive,energy_0,2024-01-10 17:00:00,12.245185434277328,16.834814565722667
synthetic_energy,energy,seasonal_naive,energy_0,2024-01-10 18:00:00,12.18,16.94
synthetic_energy,energy,seasonal_naive,energy_0,2024-01-10 19:00:00,12.285185434277327,16.87481456572267
synthetic_energy,energy,seasonal_naive,energy_0,2024-01-10 20:00:00,12.554936490538902,16.645063509461103
synthetic_energy,energy,seasonal_naive,energy_0,2024-01-10 21:00:00,12.972233047033619,16.267766952966376
synthetic_energy,energy,seasonal_naive,energy_0,2024-01-10 22:00:00,13.50999999999999,15.770000000000003
synthetic_energy,energy,seasonal_naive,energy_0,2024-01-10 23:00:00,14.132952387243687,15.18704761275632
synthetic_energy,energy,seasonal_naive,energy_1,2024-01-10 12:00:00,15.560000000000015,15.319999999999995
synthetic_energy,energy,seasonal_naive,energy_1,2024-01-10 13:00:00,14.93295238724371,15.987047612756283
synthetic_energy,energy,seasonal_naive,energy_1,2024-01-10 14:00:00,14.34999999999999,16.609999999999985
synthetic_energy,energy,seasonal_naive,energy_1,2024-01-10 15:00:00,13.852233047033636,17.14776695296637
synthetic_energy,energy,seasonal_naive,energy_1,2024-01-10 16:00:00,13.474936490538905,17.5650635094611
synthetic_energy,energy,seasonal_naive,energy_1,2024-01-10 17:00:00,13.245185434277328,17.834814565722667
synthetic_energy,energy,seasonal_naive,energy_1,2024-01-10 18:00:00,13.18,17.94
synthetic_energy,energy,seasonal_naive,energy_1,2024-01-10 19:00:00,13.285185434277327,17.87481456572267
synthetic_energy,energy,seasonal_naive,energy_1,2024-01-10 20:00:00,13.5549364905389,17.645063509461103
synthetic_energy,energy,seasonal_naive,energy_1,2024-01-10 21:00:00,13.972233047033619,17.267766952966376
synthetic_energy,energy,seasonal_naive,energy_1,2024-01-10 22:00:00,14.50999999999999,16.770000000000003
synthetic_energy,energy,seasonal_naive,energy_1,2024-01-10 23:00:00,15.132952387243687,16.18704761275632
synthetic_energy,energy,seasonal_naive,energy_2,2024-01-10 12:00:00,16.560000000000016,16.319999999999993
synthetic_energy,energy,seasonal_naive,energy_2,2024-01-10 13:00:00,15.93295238724371,16.987047612756285
synthetic_energy,energy,seasonal_naive,energy_2,2024-01-10 14:00:00,15.34999999999999,17.609999999999985
synthetic_energy,energy,seasonal_naive,energy_2,2024-01-10 15:00:00,14.852233047033636,18.14776695296637
synthetic_energy,energy,seasonal_naive,energy_2,2024-01-10 16:00:00,14.474936490538905,18.5650635094611
synthetic_energy,energy,seasonal_naive,energy_2,2024-01-10 17:00:00,14.245185434277328,18.834814565722667
synthetic_energy,energy,seasonal_naive,energy_2,2024-01-10 18:00:00,14.18,18.94
synthetic_energy,energy,seasonal_naive,energy_2,2024-01-10 19:00:00,14.285185434277327,18.87481456572267
synthetic_energy,energy,seasonal_naive,energy_2,2024-01-10 20:00:00,14.5549364905389,18.645063509461103
synthetic_energy,energy,seasonal_naive,energy_2,2024-01-10 21:00:00,14.972233047033619,18.267766952966376
synthetic_energy,energy,seasonal_naive,energy_2,2024-01-10 22:00:00,15.50999999999999,17.770000000000003
synthetic_energy,energy,seasonal_naive,energy_2,2024-01-10 23:00:00,16.132952387243687,17.18704761275632
synthetic_energy,energy,moving_average,energy_0,2024-01-10 12:00:00,14.560000000000015,14.310000000000002
synthetic_energy,energy,moving_average,energy_0,2024-01-10 13:00:00,13.93295238724371,14.310000000000002
synthetic_energy,energy,moving_average,energy_0,2024-01-10 14:00:00,13.34999999999999,14.310000000000002
synthetic_energy,energy,moving_average,energy_0,2024-01-10 15:00:00,12.852233047033636,14.310000000000002
synthetic_energy,energy,moving_average,energy_0,2024-01-10 16:00:00,12.474936490538903,14.310000000000002
synthetic_energy,energy,moving_average,energy_0,2024-01-10 17:00:00,12.245185434277328,14.310000000000002
synthetic_energy,energy,moving_average,energy_0,2024-01-10 18:00:00,12.18,14.310000000000002
synthetic_energy,energy,moving_average,energy_0,2024-01-10 19:00:00,12.285185434277327,14.310000000000002
synthetic_energy,energy,moving_average,energy_0,2024-01-10 20:00:00,12.554936490538902,14.310000000000002
synthetic_energy,energy,moving_average,energy_0,2024-01-10 21:00:00,12.972233047033619,14.310000000000002
synthetic_energy,energy,moving_average,energy_0,2024-01-10 22:00:00,13.50999999999999,14.310000000000002
synthetic_energy,energy,moving_average,energy_0,2024-01-10 23:00:00,14.132952387243687,14.310000000000002
synthetic_energy,energy,moving_average,energy_1,2024-01-10 12:00:00,15.560000000000015,15.310000000000002
synthetic_energy,energy,moving_average,energy_1,2024-01-10 13:00:00,14.93295238724371,15.310000000000002
synthetic_energy,energy,moving_average,energy_1,2024-01-10 14:00:00,14.34999999999999,15.310000000000002
synthetic_energy,energy,moving_average,energy_1,2024-01-10 15:00:00,13.852233047033636,15.310000000000002
synthetic_energy,energy,moving_average,energy_1,2024-01-10 16:00:00,13.474936490538905,15.310000000000002
synthetic_energy,energy,moving_average,energy_1,2024-01-10 17:00:00,13.245185434277328,15.310000000000002
synthetic_energy,energy,moving_average,energy_1,2024-01-10 18:00:00,13.18,15.310000000000002
synthetic_energy,energy,moving_average,energy_1,2024-01-10 19:00:00,13.285185434277327,15.310000000000002
synthetic_energy,energy,moving_average,energy_1,2024-01-10 20:00:00,13.5549364905389,15.310000000000002
synthetic_energy,energy,moving_average,energy_1,2024-01-10 21:00:00,13.972233047033619,15.310000000000002
synthetic_energy,energy,moving_average,energy_1,2024-01-10 22:00:00,14.50999999999999,15.310000000000002
synthetic_energy,energy,moving_average,energy_1,2024-01-10 23:00:00,15.132952387243687,15.310000000000002
synthetic_energy,energy,moving_average,energy_2,2024-01-10 12:00:00,16.560000000000016,16.310000000000002
synthetic_energy,energy,moving_average,energy_2,2024-01-10 13:00:00,15.93295238724371,16.310000000000002
synthetic_energy,energy,moving_average,energy_2,2024-01-10 14:00:00,15.34999999999999,16.310000000000002
synthetic_energy,energy,moving_average,energy_2,2024-01-10 15:00:00,14.852233047033636,16.310000000000002
synthetic_energy,energy,moving_average,energy_2,2024-01-10 16:00:00,14.474936490538905,16.310000000000002
synthetic_energy,energy,moving_average,energy_2,2024-01-10 17:00:00,14.245185434277328,16.310000000000002
synthetic_energy,energy,moving_average,energy_2,2024-01-10 18:00:00,14.18,16.310000000000002
synthetic_energy,energy,moving_average,energy_2,2024-01-10 19:00:00,14.285185434277327,16.310000000000002
synthetic_energy,energy,moving_average,energy_2,2024-01-10 20:00:00,14.5549364905389,16.310000000000002
synthetic_energy,energy,moving_average,energy_2,2024-01-10 21:00:00,14.972233047033619,16.310000000000002
synthetic_energy,energy,moving_average,energy_2,2024-01-10 22:00:00,15.50999999999999,16.310000000000002
synthetic_energy,energy,moving_average,energy_2,2024-01-10 23:00:00,16.132952387243687,16.310000000000002
synthetic_energy,energy,linear_trend,energy_0,2024-01-10 12:00:00,14.560000000000015,14.644387483863074
synthetic_energy,energy,linear_trend,energy_0,2024-01-10 13:00:00,13.93295238724371,14.66439709701863
synthetic_energy,energy,linear_trend,energy_0,2024-01-10 14:00:00,13.34999999999999,14.684406710174187
synthetic_energy,energy,linear_trend,energy_0,2024-01-10 15:00:00,12.852233047033636,14.704416323329745
synthetic_energy,energy,linear_trend,energy_0,2024-01-10 16:00:00,12.474936490538903,14.7244259364853
synthetic_energy,energy,linear_trend,energy_0,2024-01-10 17:00:00,12.245185434277328,14.744435549640858
synthetic_energy,energy,linear_trend,energy_0,2024-01-10 18:00:00,12.18,14.764445162796415
synthetic_energy,energy,linear_trend,energy_0,2024-01-10 19:00:00,12.285185434277327,14.784454775951971
synthetic_energy,energy,linear_trend,energy_0,2024-01-10 20:00:00,12.554936490538902,14.80446438910753
synthetic_energy,energy,linear_trend,energy_0,2024-01-10 21:00:00,12.972233047033619,14.824474002263084
synthetic_energy,energy,linear_trend,energy_0,2024-01-10 22:00:00,13.50999999999999,14.844483615418643
synthetic_energy,energy,linear_trend,energy_0,2024-01-10 23:00:00,14.132952387243687,14.864493228574199
synthetic_energy,energy,linear_trend,energy_1,2024-01-10 12:00:00,15.560000000000015,15.644387483863074
synthetic_energy,energy,linear_trend,energy_1,2024-01-10 13:00:00,14.93295238724371,15.664397097018629
synthetic_energy,energy,linear_trend,energy_1,2024-01-10 14:00:00,14.34999999999999,15.684406710174187
synthetic_energy,energy,linear_trend,energy_1,2024-01-10 15:00:00,13.852233047033636,15.704416323329744
synthetic_energy,energy,linear_trend,energy_1,2024-01-10 16:00:00,13.474936490538905,15.7244259364853
synthetic_energy,energy,linear_trend,energy_1,2024-01-10 17:00:00,13.245185434277328,15.744435549640858
synthetic_energy,energy,linear_trend,energy_1,2024-01-10 18:00:00,13.18,15.764445162796413
synthetic_energy,energy,linear_trend,energy_1,2024-01-10 19:00:00,13.285185434277327,15.784454775951971
synthetic_energy,energy,linear_trend,energy_1,2024-01-10 20:00:00,13.5549364905389,15.804464389107528
synthetic_energy,energy,linear_trend,energy_1,2024-01-10 21:00:00,13.972233047033619,15.824474002263084
synthetic_energy,energy,linear_trend,energy_1,2024-01-10 22:00:00,14.50999999999999,15.844483615418643
synthetic_energy,energy,linear_trend,energy_1,2024-01-10 23:00:00,15.132952387243687,15.864493228574197
synthetic_energy,energy,linear_trend,energy_2,2024-01-10 12:00:00,16.560000000000016,16.64438748386307
synthetic_energy,energy,linear_trend,energy_2,2024-01-10 13:00:00,15.93295238724371,16.66439709701863
synthetic_energy,energy,linear_trend,energy_2,2024-01-10 14:00:00,15.34999999999999,16.684406710174187
synthetic_energy,energy,linear_trend,energy_2,2024-01-10 15:00:00,14.852233047033636,16.704416323329742
synthetic_energy,energy,linear_trend,energy_2,2024-01-10 16:00:00,14.474936490538905,16.724425936485297
synthetic_energy,energy,linear_trend,energy_2,2024-01-10 17:00:00,14.245185434277328,16.744435549640855
synthetic_energy,energy,linear_trend,energy_2,2024-01-10 18:00:00,14.18,16.764445162796413
synthetic_energy,energy,linear_trend,energy_2,2024-01-10 19:00:00,14.285185434277327,16.784454775951968
synthetic_energy,energy,linear_trend,energy_2,2024-01-10 20:00:00,14.5549364905389,16.804464389107526
synthetic_energy,energy,linear_trend,energy_2,2024-01-10 21:00:00,14.972233047033619,16.82447400226308
synthetic_energy,energy,linear_trend,energy_2,2024-01-10 22:00:00,15.50999999999999,16.84448361541864
synthetic_energy,energy,linear_trend,energy_2,2024-01-10 23:00:00,16.132952387243687,16.864493228574197
synthetic_energy,energy,ridge_ar,energy_0,2024-01-10 12:00:00,14.560000000000015,14.570772733497698
synthetic_energy,energy,ridge_ar,energy_0,2024-01-10 13:00:00,13.93295238724371,13.946657219856458
synthetic_energy,energy,ridge_ar,energy_0,2024-01-10 14:00:00,13.34999999999999,13.36527432213999
synthetic_energy,energy,ridge_ar,energy_0,2024-01-10 15:00:00,12.852233047033636,12.867965810444208
synthetic_energy,energy,ridge_ar,energy_0,2024-01-10 16:00:00,12.474936490538903,12.48990046546388
synthetic_energy,energy,ridge_ar,energy_0,2024-01-10 17:00:00,12.245185434277328,12.259921880040118
synthetic_energy,energy,ridge_ar,energy_0,2024-01-10 18:00:00,12.18,12.196648436961237
synthetic_energy,energy,ridge_ar,energy_0,2024-01-10 19:00:00,12.285185434277327,12.307932233861065
synthetic_energy,energy,ridge_ar,energy_0,2024-01-10 20:00:00,12.554936490538902,12.590320257574543
synthetic_energy,energy,ridge_ar,energy_0,2024-01-10 21:00:00,12.972233047033619,13.028677355596344
synthetic_energy,energy,ridge_ar,energy_0,2024-01-10 22:00:00,13.50999999999999,13.596020592553302
synthetic_energy,energy,ridge_ar,energy_0,2024-01-10 23:00:00,14.132952387243687,14.253458416430437
synthetic_energy,energy,ridge_ar,energy_1,2024-01-10 12:00:00,15.560000000000015,15.570772733497698
synthetic_energy,energy,ridge_ar,energy_1,2024-01-10 13:00:00,14.93295238724371,14.946657219856458
synthetic_energy,energy,ridge_ar,energy_1,2024-01-10 14:00:00,14.34999999999999,14.36527432213999
synthetic_energy,energy,ridge_ar,energy_1,2024-01-10 15:00:00,13.852233047033636,13.867965810444208
synthetic_energy,energy,ridge_ar,energy_1,2024-01-10 16:00:00,13.474936490538905,13.48990046546388
synthetic_energy,energy,ridge_ar,energy_1,2024-01-10 17:00:00,13.245185434277328,13.259921880040118
synthetic_energy,energy,ridge_ar,energy_1,2024-01-10 18:00:00,13.18,13.196648436961237
synthetic_energy,energy,ridge_ar,energy_1,2024-01-10 19:00:00,13.285185434277327,13.307932233861065
synthetic_energy,energy,ridge_ar,energy_1,2024-01-10 20:00:00,13.5549364905389,13.590320257574543
synthetic_energy,energy,ridge_ar,energy_1,2024-01-10 21:00:00,13.972233047033619,14.028677355596344
synthetic_energy,energy,ridge_ar,energy_1,2024-01-10 22:00:00,14.50999999999999,14.596020592553302
synthetic_energy,energy,ridge_ar,energy_1,2024-01-10 23:00:00,15.132952387243687,15.253458416430437
synthetic_energy,energy,ridge_ar,energy_2,2024-01-10 12:00:00,16.560000000000016,16.570772733497698
synthetic_energy,energy,ridge_ar,energy_2,2024-01-10 13:00:00,15.93295238724371,15.946657219856458
synthetic_energy,energy,ridge_ar,energy_2,2024-01-10 14:00:00,15.34999999999999,15.36527432213999
synthetic_energy,energy,ridge_ar,energy_2,2024-01-10 15:00:00,14.852233047033636,14.867965810444208
synthetic_energy,energy,ridge_ar,energy_2,2024-01-10 16:00:00,14.474936490538905,14.48990046546388
synthetic_energy,energy,ridge_ar,energy_2,2024-01-10 17:00:00,14.245185434277328,14.259921880040118
synthetic_energy,energy,ridge_ar,energy_2,2024-01-10 18:00:00,14.18,14.196648436961237
synthetic_energy,energy,ridge_ar,energy_2,2024-01-10 19:00:00,14.285185434277327,14.307932233861065
synthetic_energy,energy,ridge_ar,energy_2,2024-01-10 20:00:00,14.5549364905389,14.590320257574541
synthetic_energy,energy,ridge_ar,energy_2,2024-01-10 21:00:00,14.972233047033619,15.028677355596342
synthetic_energy,energy,ridge_ar,energy_2,2024-01-10 22:00:00,15.50999999999999,15.596020592553296
synthetic_energy,energy,ridge_ar,energy_2,2024-01-10 23:00:00,16.132952387243687,16.253458416430433
synthetic_energy,energy,hist_gradient_boosting_ar,energy_0,2024-01-10 12:00:00,14.560000000000015,14.548090185869938
synthetic_energy,energy,hist_gradient_boosting_ar,energy_0,2024-01-10 13:00:00,13.93295238724371,13.956120760126113
synthetic_energy,energy,hist_gradient_boosting_ar,energy_0,2024-01-10 14:00:00,13.34999999999999,13.364039967778576
synthetic_energy,energy,hist_gradient_boosting_ar,energy_0,2024-01-10 15:00:00,12.852233047033636,12.883712652354795
synthetic_energy,energy,hist_gradient_boosting_ar,energy_0,2024-01-10 16:00:00,12.474936490538903,12.491216330764395
synthetic_energy,energy,hist_gradient_boosting_ar,energy_0,2024-01-10 17:00:00,12.245185434277328,12.265184546324718
synthetic_energy,energy,hist_gradient_boosting_ar,energy_0,2024-01-10 18:00:00,12.18,12.168341463926707
synthetic_energy,energy,hist_gradient_boosting_ar,energy_0,2024-01-10 19:00:00,12.285185434277327,12.312996273806515
synthetic_energy,energy,hist_gradient_boosting_ar,energy_0,2024-01-10 20:00:00,12.554936490538902,12.55099085381314
synthetic_energy,energy,hist_gradient_boosting_ar,energy_0,2024-01-10 21:00:00,12.972233047033619,12.99488116447246
synthetic_energy,energy,hist_gradient_boosting_ar,energy_0,2024-01-10 22:00:00,13.50999999999999,13.546258128731024
synthetic_energy,energy,hist_gradient_boosting_ar,energy_0,2024-01-10 23:00:00,14.132952387243687,14.187368128010299
synthetic_energy,energy,hist_gradient_boosting_ar,energy_1,2024-01-10 12:00:00,15.560000000000015,15.548090185869938
synthetic_energy,energy,hist_gradient_boosting_ar,energy_1,2024-01-10 13:00:00,14.93295238724371,14.956120760126113
synthetic_energy,energy,hist_gradient_boosting_ar,energy_1,2024-01-10 14:00:00,14.34999999999999,14.364039967778576
synthetic_energy,energy,hist_gradient_boosting_ar,energy_1,2024-01-10 15:00:00,13.852233047033636,13.883712652354795
synthetic_energy,energy,hist_gradient_boosting_ar,energy_1,2024-01-10 16:00:00,13.474936490538905,13.491216330764395
synthetic_energy,energy,hist_gradient_boosting_ar,energy_1,2024-01-10 17:00:00,13.245185434277328,13.265184546324718
synthetic_energy,energy,hist_gradient_boosting_ar,energy_1,2024-01-10 18:00:00,13.18,13.168341463926707
synthetic_energy,energy,hist_gradient_boosting_ar,energy_1,2024-01-10 19:00:00,13.285185434277327,13.312996273806515
synthetic_energy,energy,hist_gradient_boosting_ar,energy_1,2024-01-10 20:00:00,13.5549364905389,13.55099085381314
synthetic_energy,energy,hist_gradient_boosting_ar,energy_1,2024-01-10 21:00:00,13.972233047033619,13.99488116447246
synthetic_energy,energy,hist_gradient_boosting_ar,energy_1,2024-01-10 22:00:00,14.50999999999999,14.546258128731024
synthetic_energy,energy,hist_gradient_boosting_ar,energy_1,2024-01-10 23:00:00,15.132952387243687,15.187368128010299
synthetic_energy,energy,hist_gradient_boosting_ar,energy_2,2024-01-10 12:00:00,16.560000000000016,16.54809018586994
synthetic_energy,energy,hist_gradient_boosting_ar,energy_2,2024-01-10 13:00:00,15.93295238724371,15.956120760126113
synthetic_energy,energy,hist_gradient_boosting_ar,energy_2,2024-01-10 14:00:00,15.34999999999999,15.364039967778576
synthetic_energy,energy,hist_gradient_boosting_ar,energy_2,2024-01-10 15:00:00,14.852233047033636,14.883712652354795
synthetic_energy,energy,hist_gradient_boosting_ar,energy_2,2024-01-10 16:00:00,14.474936490538905,14.491216330764395
synthetic_energy,energy,hist_gradient_boosting_ar,energy_2,2024-01-10 17:00:00,14.245185434277328,14.265184546324718
synthetic_energy,energy,hist_gradient_boosting_ar,energy_2,2024-01-10 18:00:00,14.18,14.168341463926707
synthetic_energy,energy,hist_gradient_boosting_ar,energy_2,2024-01-10 19:00:00,14.285185434277327,14.312996273806515
synthetic_energy,energy,hist_gradient_boosting_ar,energy_2,2024-01-10 20:00:00,14.5549364905389,14.55099085381314
synthetic_energy,energy,hist_gradient_boosting_ar,energy_2,2024-01-10 21:00:00,14.972233047033619,14.99488116447246
synthetic_energy,energy,hist_gradient_boosting_ar,energy_2,2024-01-10 22:00:00,15.50999999999999,15.546258128731024
synthetic_energy,energy,hist_gradient_boosting_ar,energy_2,2024-01-10 23:00:00,16.132952387243687,16.1873681280103
synthetic_energy,energy,lightgbm_ar,energy_0,2024-01-10 12:00:00,14.560000000000015,14.556074679696149
synthetic_energy,energy,lightgbm_ar,energy_0,2024-01-10 13:00:00,13.93295238724371,13.979394815016803
synthetic_energy,energy,lightgbm_ar,energy_0,2024-01-10 14:00:00,13.34999999999999,13.398819847455048
synthetic_energy,energy,lightgbm_ar,energy_0,2024-01-10 15:00:00,12.852233047033636,12.879419500116354
synthetic_energy,energy,lightgbm_ar,energy_0,2024-01-10 16:00:00,12.474936490538903,12.553338787771626
synthetic_energy,energy,lightgbm_ar,energy_0,2024-01-10 17:00:00,12.245185434277328,12.337578418420971
synthetic_energy,energy,lightgbm_ar,energy_0,2024-01-10 18:00:00,12.18,12.116786877372222
synthetic_energy,energy,lightgbm_ar,energy_0,2024-01-10 19:00:00,12.285185434277327,12.262583857091508
synthetic_energy,energy,lightgbm_ar,energy_0,2024-01-10 20:00:00,12.554936490538902,12.49165900057133
synthetic_energy,energy,lightgbm_ar,energy_0,2024-01-10 21:00:00,12.972233047033619,12.946833398961902
synthetic_energy,energy,lightgbm_ar,energy_0,2024-01-10 22:00:00,13.50999999999999,13.537044054041402
synthetic_energy,energy,lightgbm_ar,energy_0,2024-01-10 23:00:00,14.132952387243687,14.170920129562358
synthetic_energy,energy,lightgbm_ar,energy_1,2024-01-10 12:00:00,15.560000000000015,15.556074679696149
synthetic_energy,energy,lightgbm_ar,energy_1,2024-01-10 13:00:00,14.93295238724371,14.979394815016803
synthetic_energy,energy,lightgbm_ar,energy_1,2024-01-10 14:00:00,14.34999999999999,14.398819847455048
synthetic_energy,energy,lightgbm_ar,energy_1,2024-01-10 15:00:00,13.852233047033636,13.879419500116354
synthetic_energy,energy,lightgbm_ar,energy_1,2024-01-10 16:00:00,13.474936490538905,13.553338787771626
synthetic_energy,energy,lightgbm_ar,energy_1,2024-01-10 17:00:00,13.245185434277328,13.337578418420971
synthetic_energy,energy,lightgbm_ar,energy_1,2024-01-10 18:00:00,13.18,13.116786877372222
synthetic_energy,energy,lightgbm_ar,energy_1,2024-01-10 19:00:00,13.285185434277327,13.262583857091508
synthetic_energy,energy,lightgbm_ar,energy_1,2024-01-10 20:00:00,13.5549364905389,13.49165900057133
synthetic_energy,energy,lightgbm_ar,energy_1,2024-01-10 21:00:00,13.972233047033619,13.946833398961902
synthetic_energy,energy,lightgbm_ar,energy_1,2024-01-10 22:00:00,14.50999999999999,14.537044054041402
synthetic_energy,energy,lightgbm_ar,energy_1,2024-01-10 23:00:00,15.132952387243687,15.170920129562358
synthetic_energy,energy,lightgbm_ar,energy_2,2024-01-10 12:00:00,16.560000000000016,16.55607467969615
synthetic_energy,energy,lightgbm_ar,energy_2,2024-01-10 13:00:00,15.93295238724371,15.979394815016803
synthetic_energy,energy,lightgbm_ar,energy_2,2024-01-10 14:00:00,15.34999999999999,15.398819847455048
synthetic_energy,energy,lightgbm_ar,energy_2,2024-01-10 15:00:00,14.852233047033636,14.879419500116354
synthetic_energy,energy,lightgbm_ar,energy_2,2024-01-10 16:00:00,14.474936490538905,14.553338787771626
synthetic_energy,energy,lightgbm_ar,energy_2,2024-01-10 17:00:00,14.245185434277328,14.337578418420971
synthetic_energy,energy,lightgbm_ar,energy_2,2024-01-10 18:00:00,14.18,14.116786877372222
synthetic_energy,energy,lightgbm_ar,energy_2,2024-01-10 19:00:00,14.285185434277327,14.262583857091508
synthetic_energy,energy,lightgbm_ar,energy_2,2024-01-10 20:00:00,14.5549364905389,14.49165900057133
synthetic_energy,energy,lightgbm_ar,energy_2,2024-01-10 21:00:00,14.972233047033619,14.946833398961902
synthetic_energy,energy,lightgbm_ar,energy_2,2024-01-10 22:00:00,15.50999999999999,15.537044054041402
synthetic_energy,energy,lightgbm_ar,energy_2,2024-01-10 23:00:00,16.132952387243687,16.170920129562358
synthetic_energy,energy,xgboost_ar,energy_0,2024-01-10 12:00:00,14.560000000000015,14.563525965717254
synthetic_energy,energy,xgboost_ar,energy_0,2024-01-10 13:00:00,13.93295238724371,13.958160051634177
synthetic_energy,energy,xgboost_ar,energy_0,2024-01-10 14:00:00,13.34999999999999,13.332373144556655
synthetic_energy,energy,xgboost_ar,energy_0,2024-01-10 15:00:00,12.852233047033636,12.774415301643218
synthetic_energy,energy,xgboost_ar,energy_0,2024-01-10 16:00:00,12.474936490538903,12.432596175574458
synthetic_energy,energy,xgboost_ar,energy_0,2024-01-10 17:00:00,12.245185434277328,12.129401635106785
synthetic_energy,energy,xgboost_ar,energy_0,2024-01-10 18:00:00,12.18,12.066451984253034
synthetic_energy,energy,xgboost_ar,energy_0,2024-01-10 19:00:00,12.285185434277327,12.16944397503006
synthetic_energy,energy,xgboost_ar,energy_0,2024-01-10 20:00:00,12.554936490538902,12.462169671052587
synthetic_energy,energy,xgboost_ar,energy_0,2024-01-10 21:00:00,12.972233047033619,12.810380434659736
synthetic_energy,energy,xgboost_ar,energy_0,2024-01-10 22:00:00,13.50999999999999,13.446871064365666
synthetic_energy,energy,xgboost_ar,energy_0,2024-01-10 23:00:00,14.132952387243687,13.975725545653225
synthetic_energy,energy,xgboost_ar,energy_1,2024-01-10 12:00:00,15.560000000000015,15.563525965717254
synthetic_energy,energy,xgboost_ar,energy_1,2024-01-10 13:00:00,14.93295238724371,14.958160051634177
synthetic_energy,energy,xgboost_ar,energy_1,2024-01-10 14:00:00,14.34999999999999,14.332373144556655
synthetic_energy,energy,xgboost_ar,energy_1,2024-01-10 15:00:00,13.852233047033636,13.774415301643218
synthetic_energy,energy,xgboost_ar,energy_1,2024-01-10 16:00:00,13.474936490538905,13.432596175574458
synthetic_energy,energy,xgboost_ar,energy_1,2024-01-10 17:00:00,13.245185434277328,13.129401635106785
synthetic_energy,energy,xgboost_ar,energy_1,2024-01-10 18:00:00,13.18,13.066451984253034
synthetic_energy,energy,xgboost_ar,energy_1,2024-01-10 19:00:00,13.285185434277327,13.16944397503006
synthetic_energy,energy,xgboost_ar,energy_1,2024-01-10 20:00:00,13.5549364905389,13.462169671052587
synthetic_energy,energy,xgboost_ar,energy_1,2024-01-10 21:00:00,13.972233047033619,13.810380434659736
synthetic_energy,energy,xgboost_ar,energy_1,2024-01-10 22:00:00,14.50999999999999,14.446871064365666
synthetic_energy,energy,xgboost_ar,energy_1,2024-01-10 23:00:00,15.132952387243687,14.975725545653225
synthetic_energy,energy,xgboost_ar,energy_2,2024-01-10 12:00:00,16.560000000000016,16.563525965717254
synthetic_energy,energy,xgboost_ar,energy_2,2024-01-10 13:00:00,15.93295238724371,15.958160051634177
synthetic_energy,energy,xgboost_ar,energy_2,2024-01-10 14:00:00,15.34999999999999,15.332373144556655
synthetic_energy,energy,xgboost_ar,energy_2,2024-01-10 15:00:00,14.852233047033636,14.774415301643218
synthetic_energy,energy,xgboost_ar,energy_2,2024-01-10 16:00:00,14.474936490538905,14.432596175574458
synthetic_energy,energy,xgboost_ar,energy_2,2024-01-10 17:00:00,14.245185434277328,14.129401635106785
synthetic_energy,energy,xgboost_ar,energy_2,2024-01-10 18:00:00,14.18,14.066451984253034
synthetic_energy,energy,xgboost_ar,energy_2,2024-01-10 19:00:00,14.285185434277327,14.16944397503006
synthetic_energy,energy,xgboost_ar,energy_2,2024-01-10 20:00:00,14.5549364905389,14.462169671052587
synthetic_energy,energy,xgboost_ar,energy_2,2024-01-10 21:00:00,14.972233047033619,14.810380434659736
synthetic_energy,energy,xgboost_ar,energy_2,2024-01-10 22:00:00,15.50999999999999,15.446871064365666
synthetic_energy,energy,xgboost_ar,energy_2,2024-01-10 23:00:00,16.132952387243687,15.975725545653225
synthetic_energy,energy,tabpfn_ts,energy_0,2024-01-10 12:00:00,14.560000000000015,14.589151382446289
synthetic_energy,energy,tabpfn_ts,energy_0,2024-01-10 13:00:00,13.93295238724371,13.95991325378418
synthetic_energy,energy,tabpfn_ts,energy_0,2024-01-10 14:00:00,13.34999999999999,13.358536720275879
synthetic_energy,energy,tabpfn_ts,energy_0,2024-01-10 15:00:00,12.852233047033636,12.878290176391602
synthetic_energy,energy,tabpfn_ts,energy_0,2024-01-10 16:00:00,12.474936490538903,12.440627098083496
synthetic_energy,energy,tabpfn_ts,energy_0,2024-01-10 17:00:00,12.245185434277328,12.15959358215332
synthetic_energy,energy,tabpfn_ts,energy_0,2024-01-10 18:00:00,12.18,12.10250186920166
synthetic_energy,energy,tabpfn_ts,energy_0,2024-01-10 19:00:00,12.285185434277327,12.211874008178711
synthetic_energy,energy,tabpfn_ts,energy_0,2024-01-10 20:00:00,12.554936490538902,12.525195121765137
synthetic_energy,energy,tabpfn_ts,energy_0,2024-01-10 21:00:00,12.972233047033619,12.973785400390625
synthetic_energy,energy,tabpfn_ts,energy_0,2024-01-10 22:00:00,13.50999999999999,13.522930145263672
synthetic_energy,energy,tabpfn_ts,energy_0,2024-01-10 23:00:00,14.132952387243687,14.116134643554688
synthetic_energy,energy,tabpfn_ts,energy_1,2024-01-10 12:00:00,15.560000000000015,15.589151382446289
synthetic_energy,energy,tabpfn_ts,energy_1,2024-01-10 13:00:00,14.93295238724371,14.95991325378418
synthetic_energy,energy,tabpfn_ts,energy_1,2024-01-10 14:00:00,14.34999999999999,14.358536720275879
synthetic_energy,energy,tabpfn_ts,energy_1,2024-01-10 15:00:00,13.852233047033636,13.878290176391602
synthetic_energy,energy,tabpfn_ts,energy_1,2024-01-10 16:00:00,13.474936490538905,13.440627098083496
synthetic_energy,energy,tabpfn_ts,energy_1,2024-01-10 17:00:00,13.245185434277328,13.15959358215332
synthetic_energy,energy,tabpfn_ts,energy_1,2024-01-10 18:00:00,13.18,13.10250186920166
synthetic_energy,energy,tabpfn_ts,energy_1,2024-01-10 19:00:00,13.285185434277327,13.211874008178711
synthetic_energy,energy,tabpfn_ts,energy_1,2024-01-10 20:00:00,13.5549364905389,13.525195121765137
synthetic_energy,energy,tabpfn_ts,energy_1,2024-01-10 21:00:00,13.972233047033619,13.973785400390625
synthetic_energy,energy,tabpfn_ts,energy_1,2024-01-10 22:00:00,14.50999999999999,14.522930145263672
synthetic_energy,energy,tabpfn_ts,energy_1,2024-01-10 23:00:00,15.132952387243687,15.116134643554688
synthetic_energy,energy,tabpfn_ts,energy_2,2024-01-10 12:00:00,16.560000000000016,16.589149475097656
synthetic_energy,energy,tabpfn_ts,energy_2,2024-01-10 13:00:00,15.93295238724371,15.95991325378418
synthetic_energy,energy,tabpfn_ts,energy_2,2024-01-10 14:00:00,15.34999999999999,15.358536720275879
synthetic_energy,energy,tabpfn_ts,energy_2,2024-01-10 15:00:00,14.852233047033636,14.878290176391602
synthetic_energy,energy,tabpfn_ts,energy_2,2024-01-10 16:00:00,14.474936490538905,14.440627098083496
synthetic_energy,energy,tabpfn_ts,energy_2,2024-01-10 17:00:00,14.245185434277328,14.15959358215332
synthetic_energy,energy,tabpfn_ts,energy_2,2024-01-10 18:00:00,14.18,14.10250186920166
synthetic_energy,energy,tabpfn_ts,energy_2,2024-01-10 19:00:00,14.285185434277327,14.211874008178711
synthetic_energy,energy,tabpfn_ts,energy_2,2024-01-10 20:00:00,14.5549364905389,14.525195121765137
synthetic_energy,energy,tabpfn_ts,energy_2,2024-01-10 21:00:00,14.972233047033619,14.973785400390625
synthetic_energy,energy,tabpfn_ts,energy_2,2024-01-10 22:00:00,15.50999999999999,15.522930145263672
synthetic_energy,energy,tabpfn_ts,energy_2,2024-01-10 23:00:00,16.132952387243687,16.116134643554688
synthetic_traffic,traffic,dummy_mean,traffic_0,2024-01-10 12:00:00,32.345494447404135,30.832477477853995
synthetic_traffic,traffic,dummy_mean,traffic_0,2024-01-10 13:00:00,30.20336280861623,30.832477477853995
synthetic_traffic,traffic,dummy_mean,traffic_0,2024-01-10 14:00:00,28.19915561548945,30.832477477853995
synthetic_traffic,traffic,dummy_mean,traffic_0,2024-01-10 15:00:00,26.46446609406727,30.832477477853995
synthetic_traffic,traffic,dummy_mean,traffic_0,2024-01-10 16:00:00,25.11231498303725,30.832477477853995
synthetic_traffic,traffic,dummy_mean,traffic_0,2024-01-10 17:00:00,24.229455623521815,30.832477477853995
synthetic_traffic,traffic,dummy_mean,traffic_0,2024-01-10 18:00:00,23.870469405576202,30.832477477853995
synthetic_traffic,traffic,dummy_mean,traffic_0,2024-01-10 19:00:00,24.054053946407954,30.832477477853995
synthetic_traffic,traffic,dummy_mean,traffic_0,2024-01-10 20:00:00,24.761756943915355,30.832477477853995
synthetic_traffic,traffic,dummy_mean,traffic_0,2024-01-10 21:00:00,25.939241980053595,30.832477477853995
synthetic_traffic,traffic,dummy_mean,traffic_0,2024-01-10 22:00:00,27.499999999999968,30.832477477853995
synthetic_traffic,traffic,dummy_mean,traffic_0,2024-01-10 23:00:00,29.33125352399899,30.832477477853995
synthetic_traffic,traffic,dummy_mean,traffic_1,2024-01-10 12:00:00,33.345494447404135,31.832477477853995
synthetic_traffic,traffic,dummy_mean,traffic_1,2024-01-10 13:00:00,31.20336280861623,31.832477477853995
synthetic_traffic,traffic,dummy_mean,traffic_1,2024-01-10 14:00:00,29.19915561548945,31.832477477853995
synthetic_traffic,traffic,dummy_mean,traffic_1,2024-01-10 15:00:00,27.46446609406727,31.832477477853995
synthetic_traffic,traffic,dummy_mean,traffic_1,2024-01-10 16:00:00,26.11231498303725,31.832477477853995
synthetic_traffic,traffic,dummy_mean,traffic_1,2024-01-10 17:00:00,25.229455623521815,31.832477477853995
synthetic_traffic,traffic,dummy_mean,traffic_1,2024-01-10 18:00:00,24.870469405576202,31.832477477853995
synthetic_traffic,traffic,dummy_mean,traffic_1,2024-01-10 19:00:00,25.054053946407954,31.832477477853995
synthetic_traffic,traffic,dummy_mean,traffic_1,2024-01-10 20:00:00,25.761756943915355,31.832477477853995
synthetic_traffic,traffic,dummy_mean,traffic_1,2024-01-10 21:00:00,26.939241980053595,31.832477477853995
synthetic_traffic,traffic,dummy_mean,traffic_1,2024-01-10 22:00:00,28.499999999999968,31.832477477853995
synthetic_traffic,traffic,dummy_mean,traffic_1,2024-01-10 23:00:00,30.33125352399899,31.832477477853995
synthetic_traffic,traffic,dummy_mean,traffic_2,2024-01-10 12:00:00,34.345494447404135,32.83247747785399
synthetic_traffic,traffic,dummy_mean,traffic_2,2024-01-10 13:00:00,32.203362808616234,32.83247747785399
synthetic_traffic,traffic,dummy_mean,traffic_2,2024-01-10 14:00:00,30.19915561548945,32.83247747785399
synthetic_traffic,traffic,dummy_mean,traffic_2,2024-01-10 15:00:00,28.46446609406727,32.83247747785399
synthetic_traffic,traffic,dummy_mean,traffic_2,2024-01-10 16:00:00,27.11231498303725,32.83247747785399
synthetic_traffic,traffic,dummy_mean,traffic_2,2024-01-10 17:00:00,26.229455623521815,32.83247747785399
synthetic_traffic,traffic,dummy_mean,traffic_2,2024-01-10 18:00:00,25.870469405576202,32.83247747785399
synthetic_traffic,traffic,dummy_mean,traffic_2,2024-01-10 19:00:00,26.054053946407954,32.83247747785399
synthetic_traffic,traffic,dummy_mean,traffic_2,2024-01-10 20:00:00,26.761756943915355,32.83247747785399
synthetic_traffic,traffic,dummy_mean,traffic_2,2024-01-10 21:00:00,27.939241980053595,32.83247747785399
synthetic_traffic,traffic,dummy_mean,traffic_2,2024-01-10 22:00:00,29.499999999999968,32.83247747785399
synthetic_traffic,traffic,dummy_mean,traffic_2,2024-01-10 23:00:00,31.33125352399899,32.83247747785399
synthetic_traffic,traffic,seasonal_naive,traffic_0,2024-01-10 12:00:00,32.345494447404135,32.92478373654545
synthetic_traffic,traffic,seasonal_naive,traffic_0,2024-01-10 13:00:00,30.20336280861623,34.96832983968731
synthetic_traffic,traffic,seasonal_naive,traffic_0,2024-01-10 14:00:00,28.19915561548945,36.86671841735838
synthetic_traffic,traffic,seasonal_naive,traffic_0,2024-01-10 15:00:00,26.46446609406727,38.48850424041749
synthetic_traffic,traffic,seasonal_naive,traffic_0,2024-01-10 16:00:00,25.11231498303725,39.720824476208136
synthetic_traffic,traffic,seasonal_naive,traffic_0,2024-01-10 17:00:00,24.229455623521815,40.47709337792247
synthetic_traffic,traffic,seasonal_naive,traffic_0,2024-01-10 18:00:00,23.870469405576202,40.702906603707255
synthetic_traffic,traffic,seasonal_naive,traffic_0,2024-01-10 19:00:00,24.054053946407954,40.37975279082637
synthetic_traffic,traffic,seasonal_naive,traffic_0,2024-01-10 20:00:00,24.761756943915355,39.526279441628844
synthetic_traffic,traffic,seasonal_naive,traffic_0,2024-01-10 21:00:00,25.939241980053595,38.197026847177256
synthetic_traffic,traffic,seasonal_naive,traffic_0,2024-01-10 22:00:00,27.499999999999968,36.478716322947996
synthetic_traffic,traffic,seasonal_naive,traffic_0,2024-01-10 23:00:00,29.33125352399899,34.48434570012023
synthetic_traffic,traffic,seasonal_naive,traffic_1,2024-01-10 12:00:00,33.345494447404135,33.92478373654545
synthetic_traffic,traffic,seasonal_naive,traffic_1,2024-01-10 13:00:00,31.20336280861623,35.96832983968731
synthetic_traffic,traffic,seasonal_naive,traffic_1,2024-01-10 14:00:00,29.19915561548945,37.86671841735838
synthetic_traffic,traffic,seasonal_naive,traffic_1,2024-01-10 15:00:00,27.46446609406727,39.48850424041749
synthetic_traffic,traffic,seasonal_naive,traffic_1,2024-01-10 16:00:00,26.11231498303725,40.720824476208136
synthetic_traffic,traffic,seasonal_naive,traffic_1,2024-01-10 17:00:00,25.229455623521815,41.47709337792247
synthetic_traffic,traffic,seasonal_naive,traffic_1,2024-01-10 18:00:00,24.870469405576202,41.702906603707255
synthetic_traffic,traffic,seasonal_naive,traffic_1,2024-01-10 19:00:00,25.054053946407954,41.37975279082637
synthetic_traffic,traffic,seasonal_naive,traffic_1,2024-01-10 20:00:00,25.761756943915355,40.526279441628844
synthetic_traffic,traffic,seasonal_naive,traffic_1,2024-01-10 21:00:00,26.939241980053595,39.197026847177256
synthetic_traffic,traffic,seasonal_naive,traffic_1,2024-01-10 22:00:00,28.499999999999968,37.478716322947996
synthetic_traffic,traffic,seasonal_naive,traffic_1,2024-01-10 23:00:00,30.33125352399899,35.48434570012023
synthetic_traffic,traffic,seasonal_naive,traffic_2,2024-01-10 12:00:00,34.345494447404135,34.92478373654545
synthetic_traffic,traffic,seasonal_naive,traffic_2,2024-01-10 13:00:00,32.203362808616234,36.96832983968731
synthetic_traffic,traffic,seasonal_naive,traffic_2,2024-01-10 14:00:00,30.19915561548945,38.86671841735838
synthetic_traffic,traffic,seasonal_naive,traffic_2,2024-01-10 15:00:00,28.46446609406727,40.48850424041749
synthetic_traffic,traffic,seasonal_naive,traffic_2,2024-01-10 16:00:00,27.11231498303725,41.720824476208136
synthetic_traffic,traffic,seasonal_naive,traffic_2,2024-01-10 17:00:00,26.229455623521815,42.47709337792247
synthetic_traffic,traffic,seasonal_naive,traffic_2,2024-01-10 18:00:00,25.870469405576202,42.702906603707255
synthetic_traffic,traffic,seasonal_naive,traffic_2,2024-01-10 19:00:00,26.054053946407954,42.37975279082637
synthetic_traffic,traffic,seasonal_naive,traffic_2,2024-01-10 20:00:00,26.761756943915355,41.526279441628844
synthetic_traffic,traffic,seasonal_naive,traffic_2,2024-01-10 21:00:00,27.939241980053595,40.197026847177256
synthetic_traffic,traffic,seasonal_naive,traffic_2,2024-01-10 22:00:00,29.499999999999968,38.478716322947996
synthetic_traffic,traffic,seasonal_naive,traffic_2,2024-01-10 23:00:00,31.33125352399899,36.48434570012023
synthetic_traffic,traffic,moving_average,traffic_0,2024-01-10 12:00:00,32.345494447404135,32.839321529050785
synthetic_traffic,traffic,moving_average,traffic_0,2024-01-10 13:00:00,30.20336280861623,32.839321529050785
synthetic_traffic,traffic,moving_average,traffic_0,2024-01-10 14:00:00,28.19915561548945,32.839321529050785
synthetic_traffic,traffic,moving_average,traffic_0,2024-01-10 15:00:00,26.46446609406727,32.839321529050785
synthetic_traffic,traffic,moving_average,traffic_0,2024-01-10 16:00:00,25.11231498303725,32.839321529050785
synthetic_traffic,traffic,moving_average,traffic_0,2024-01-10 17:00:00,24.229455623521815,32.839321529050785
synthetic_traffic,traffic,moving_average,traffic_0,2024-01-10 18:00:00,23.870469405576202,32.839321529050785
synthetic_traffic,traffic,moving_average,traffic_0,2024-01-10 19:00:00,24.054053946407954,32.839321529050785
synthetic_traffic,traffic,moving_average,traffic_0,2024-01-10 20:00:00,24.761756943915355,32.839321529050785
synthetic_traffic,traffic,moving_average,traffic_0,2024-01-10 21:00:00,25.939241980053595,32.839321529050785
synthetic_traffic,traffic,moving_average,traffic_0,2024-01-10 22:00:00,27.499999999999968,32.839321529050785
synthetic_traffic,traffic,moving_average,traffic_0,2024-01-10 23:00:00,29.33125352399899,32.839321529050785
synthetic_traffic,traffic,moving_average,traffic_1,2024-01-10 12:00:00,33.345494447404135,33.839321529050785
synthetic_traffic,traffic,moving_average,traffic_1,2024-01-10 13:00:00,31.20336280861623,33.839321529050785
synthetic_traffic,traffic,moving_average,traffic_1,2024-01-10 14:00:00,29.19915561548945,33.839321529050785
synthetic_traffic,traffic,moving_average,traffic_1,2024-01-10 15:00:00,27.46446609406727,33.839321529050785
synthetic_traffic,traffic,moving_average,traffic_1,2024-01-10 16:00:00,26.11231498303725,33.839321529050785
synthetic_traffic,traffic,moving_average,traffic_1,2024-01-10 17:00:00,25.229455623521815,33.839321529050785
synthetic_traffic,traffic,moving_average,traffic_1,2024-01-10 18:00:00,24.870469405576202,33.839321529050785
synthetic_traffic,traffic,moving_average,traffic_1,2024-01-10 19:00:00,25.054053946407954,33.839321529050785
synthetic_traffic,traffic,moving_average,traffic_1,2024-01-10 20:00:00,25.761756943915355,33.839321529050785
synthetic_traffic,traffic,moving_average,traffic_1,2024-01-10 21:00:00,26.939241980053595,33.839321529050785
synthetic_traffic,traffic,moving_average,traffic_1,2024-01-10 22:00:00,28.499999999999968,33.839321529050785
synthetic_traffic,traffic,moving_average,traffic_1,2024-01-10 23:00:00,30.33125352399899,33.839321529050785
synthetic_traffic,traffic,moving_average,traffic_2,2024-01-10 12:00:00,34.345494447404135,34.839321529050785
synthetic_traffic,traffic,moving_average,traffic_2,2024-01-10 13:00:00,32.203362808616234,34.839321529050785
synthetic_traffic,traffic,moving_average,traffic_2,2024-01-10 14:00:00,30.19915561548945,34.839321529050785
synthetic_traffic,traffic,moving_average,traffic_2,2024-01-10 15:00:00,28.46446609406727,34.839321529050785
synthetic_traffic,traffic,moving_average,traffic_2,2024-01-10 16:00:00,27.11231498303725,34.839321529050785
synthetic_traffic,traffic,moving_average,traffic_2,2024-01-10 17:00:00,26.229455623521815,34.839321529050785
synthetic_traffic,traffic,moving_average,traffic_2,2024-01-10 18:00:00,25.870469405576202,34.839321529050785
synthetic_traffic,traffic,moving_average,traffic_2,2024-01-10 19:00:00,26.054053946407954,34.839321529050785
synthetic_traffic,traffic,moving_average,traffic_2,2024-01-10 20:00:00,26.761756943915355,34.839321529050785
synthetic_traffic,traffic,moving_average,traffic_2,2024-01-10 21:00:00,27.939241980053595,34.839321529050785
synthetic_traffic,traffic,moving_average,traffic_2,2024-01-10 22:00:00,29.499999999999968,34.839321529050785
synthetic_traffic,traffic,moving_average,traffic_2,2024-01-10 23:00:00,31.33125352399899,34.839321529050785
synthetic_traffic,traffic,linear_trend,traffic_0,2024-01-10 12:00:00,32.345494447404135,30.623306367318065
synthetic_traffic,traffic,linear_trend,traffic_0,2024-01-10 13:00:00,30.20336280861623,30.621479545391985
synthetic_traffic,traffic,linear_trend,traffic_0,2024-01-10 14:00:00,28.19915561548945,30.619652723465908
synthetic_traffic,traffic,linear_trend,traffic_0,2024-01-10 15:00:00,26.46446609406727,30.61782590153983
synthetic_traffic,traffic,linear_trend,traffic_0,2024-01-10 16:00:00,25.11231498303725,30.61599907961375
synthetic_traffic,traffic,linear_trend,traffic_0,2024-01-10 17:00:00,24.229455623521815,30.614172257687674
synthetic_traffic,traffic,linear_trend,traffic_0,2024-01-10 18:00:00,23.870469405576202,30.612345435761597
synthetic_traffic,traffic,linear_trend,traffic_0,2024-01-10 19:00:00,24.054053946407954,30.610518613835517
synthetic_traffic,traffic,linear_trend,traffic_0,2024-01-10 20:00:00,24.761756943915355,30.60869179190944
synthetic_traffic,traffic,linear_trend,traffic_0,2024-01-10 21:00:00,25.939241980053595,30.606864969983363
synthetic_traffic,traffic,linear_trend,traffic_0,2024-01-10 22:00:00,27.499999999999968,30.605038148057282
synthetic_traffic,traffic,linear_trend,traffic_0,2024-01-10 23:00:00,29.33125352399899,30.603211326131206
synthetic_traffic,traffic,linear_trend,traffic_1,2024-01-10 12:00:00,33.345494447404135,31.623306367318072
synthetic_traffic,traffic,linear_trend,traffic_1,2024-01-10 13:00:00,31.20336280861623,31.621479545391992
synthetic_traffic,traffic,linear_trend,traffic_1,2024-01-10 14:00:00,29.19915561548945,31.619652723465915
synthetic_traffic,traffic,linear_trend,traffic_1,2024-01-10 15:00:00,27.46446609406727,31.617825901539835
synthetic_traffic,traffic,linear_trend,traffic_1,2024-01-10 16:00:00,26.11231498303725,31.615999079613758
synthetic_traffic,traffic,linear_trend,traffic_1,2024-01-10 17:00:00,25.229455623521815,31.61417225768768
synthetic_traffic,traffic,linear_trend,traffic_1,2024-01-10 18:00:00,24.870469405576202,31.6123454357616
synthetic_traffic,traffic,linear_trend,traffic_1,2024-01-10 19:00:00,25.054053946407954,31.610518613835524
synthetic_traffic,traffic,linear_trend,traffic_1,2024-01-10 20:00:00,25.761756943915355,31.608691791909447
synthetic_traffic,traffic,linear_trend,traffic_1,2024-01-10 21:00:00,26.939241980053595,31.606864969983366
synthetic_traffic,traffic,linear_trend,traffic_1,2024-01-10 22:00:00,28.499999999999968,31.60503814805729
synthetic_traffic,traffic,linear_trend,traffic_1,2024-01-10 23:00:00,30.33125352399899,31.603211326131213
synthetic_traffic,traffic,linear_trend,traffic_2,2024-01-10 12:00:00,34.345494447404135,32.62330636731808
synthetic_traffic,traffic,linear_trend,traffic_2,2024-01-10 13:00:00,32.203362808616234,32.621479545392006
synthetic_traffic,traffic,linear_trend,traffic_2,2024-01-10 14:00:00,30.19915561548945,32.619652723465926
synthetic_traffic,traffic,linear_trend,traffic_2,2024-01-10 15:00:00,28.46446609406727,32.617825901539845
synthetic_traffic,traffic,linear_trend,traffic_2,2024-01-10 16:00:00,27.11231498303725,32.61599907961377
synthetic_traffic,traffic,linear_trend,traffic_2,2024-01-10 17:00:00,26.229455623521815,32.61417225768769
synthetic_traffic,traffic,linear_trend,traffic_2,2024-01-10 18:00:00,25.870469405576202,32.61234543576161
synthetic_traffic,traffic,linear_trend,traffic_2,2024-01-10 19:00:00,26.054053946407954,32.61051861383554
synthetic_traffic,traffic,linear_trend,traffic_2,2024-01-10 20:00:00,26.761756943915355,32.60869179190946
synthetic_traffic,traffic,linear_trend,traffic_2,2024-01-10 21:00:00,27.939241980053595,32.60686496998338
synthetic_traffic,traffic,linear_trend,traffic_2,2024-01-10 22:00:00,29.499999999999968,32.605038148057304
synthetic_traffic,traffic,linear_trend,traffic_2,2024-01-10 23:00:00,31.33125352399899,32.60321132613122
synthetic_traffic,traffic,ridge_ar,traffic_0,2024-01-10 12:00:00,32.345494447404135,32.42067644509846
synthetic_traffic,traffic,ridge_ar,traffic_0,2024-01-10 13:00:00,30.20336280861623,30.360728920812647
synthetic_traffic,traffic,ridge_ar,traffic_0,2024-01-10 14:00:00,28.19915561548945,28.46246484653321
synthetic_traffic,traffic,ridge_ar,traffic_0,2024-01-10 15:00:00,26.46446609406727,26.822013975895352
synthetic_traffic,traffic,ridge_ar,traffic_0,2024-01-10 16:00:00,25.11231498303725,25.555459241059964
synthetic_traffic,traffic,ridge_ar,traffic_0,2024-01-10 17:00:00,24.229455623521815,24.736459754968152
synthetic_traffic,traffic,ridge_ar,traffic_0,2024-01-10 18:00:00,23.870469405576202,24.425084501100685
synthetic_traffic,traffic,ridge_ar,traffic_0,2024-01-10 19:00:00,24.054053946407954,24.641119220015362
synthetic_traffic,traffic,ridge_ar,traffic_0,2024-01-10 20:00:00,24.761756943915355,25.3752157546288
synthetic_traffic,traffic,ridge_ar,traffic_0,2024-01-10 21:00:00,25.939241980053595,26.580040800954208
synthetic_traffic,traffic,ridge_ar,traffic_0,2024-01-10 22:00:00,27.499999999999968,28.178227326046645
synthetic_traffic,traffic,ridge_ar,traffic_0,2024-01-10 23:00:00,29.33125352399899,30.063984828122102
synthetic_traffic,traffic,ridge_ar,traffic_1,2024-01-10 12:00:00,33.345494447404135,33.42067644509846
synthetic_traffic,traffic,ridge_ar,traffic_1,2024-01-10 13:00:00,31.20336280861623,31.360728920812647
synthetic_traffic,traffic,ridge_ar,traffic_1,2024-01-10 14:00:00,29.19915561548945,29.46246484653321
synthetic_traffic,traffic,ridge_ar,traffic_1,2024-01-10 15:00:00,27.46446609406727,27.822013975895352
synthetic_traffic,traffic,ridge_ar,traffic_1,2024-01-10 16:00:00,26.11231498303725,26.555459241059964
synthetic_traffic,traffic,ridge_ar,traffic_1,2024-01-10 17:00:00,25.229455623521815,25.736459754968152
synthetic_traffic,traffic,ridge_ar,traffic_1,2024-01-10 18:00:00,24.870469405576202,25.425084501100685
synthetic_traffic,traffic,ridge_ar,traffic_1,2024-01-10 19:00:00,25.054053946407954,25.641119220015362
synthetic_traffic,traffic,ridge_ar,traffic_1,2024-01-10 20:00:00,25.761756943915355,26.3752157546288
synthetic_traffic,traffic,ridge_ar,traffic_1,2024-01-10 21:00:00,26.939241980053595,27.580040800954208
synthetic_traffic,traffic,ridge_ar,traffic_1,2024-01-10 22:00:00,28.499999999999968,29.178227326046645
synthetic_traffic,traffic,ridge_ar,traffic_1,2024-01-10 23:00:00,30.33125352399899,31.063984828122102
synthetic_traffic,traffic,ridge_ar,traffic_2,2024-01-10 12:00:00,34.345494447404135,34.42067644509846
synthetic_traffic,traffic,ridge_ar,traffic_2,2024-01-10 13:00:00,32.203362808616234,32.36072892081265
synthetic_traffic,traffic,ridge_ar,traffic_2,2024-01-10 14:00:00,30.19915561548945,30.46246484653321
synthetic_traffic,traffic,ridge_ar,traffic_2,2024-01-10 15:00:00,28.46446609406727,28.822013975895352
synthetic_traffic,traffic,ridge_ar,traffic_2,2024-01-10 16:00:00,27.11231498303725,27.555459241059964
synthetic_traffic,traffic,ridge_ar,traffic_2,2024-01-10 17:00:00,26.229455623521815,26.736459754968152
synthetic_traffic,traffic,ridge_ar,traffic_2,2024-01-10 18:00:00,25.870469405576202,26.425084501100685
synthetic_traffic,traffic,ridge_ar,traffic_2,2024-01-10 19:00:00,26.054053946407954,26.641119220015362
synthetic_traffic,traffic,ridge_ar,traffic_2,2024-01-10 20:00:00,26.761756943915355,27.375215754628805
synthetic_traffic,traffic,ridge_ar,traffic_2,2024-01-10 21:00:00,27.939241980053595,28.58004080095421
synthetic_traffic,traffic,ridge_ar,traffic_2,2024-01-10 22:00:00,29.499999999999968,30.178227326046652
synthetic_traffic,traffic,ridge_ar,traffic_2,2024-01-10 23:00:00,31.33125352399899,32.06398482812211
synthetic_traffic,traffic,hist_gradient_boosting_ar,traffic_0,2024-01-10 12:00:00,32.345494447404135,32.37840559584568
synthetic_traffic,traffic,hist_gradient_boosting_ar,traffic_0,2024-01-10 13:00:00,30.20336280861623,30.620753037666315
synthetic_traffic,traffic,hist_gradient_boosting_ar,traffic_0,2024-01-10 14:00:00,28.19915561548945,28.325953538722114
synthetic_traffic,traffic,hist_gradient_boosting_ar,traffic_0,2024-01-10 15:00:00,26.46446609406727,26.897023003649643
synthetic_traffic,traffic,hist_gradient_boosting_ar,traffic_0,2024-01-10 16:00:00,25.11231498303725,25.20832048764599
synthetic_traffic,traffic,hist_gradient_boosting_ar,traffic_0,2024-01-10 17:00:00,24.229455623521815,24.473187845155934
synthetic_traffic,traffic,hist_gradient_boosting_ar,traffic_0,2024-01-10 18:00:00,23.870469405576202,24.54706032267729
synthetic_traffic,traffic,hist_gradient_boosting_ar,traffic_0,2024-01-10 19:00:00,24.054053946407954,25.037210924147914
synthetic_traffic,traffic,hist_gradient_boosting_ar,traffic_0,2024-01-10 20:00:00,24.761756943915355,25.74288584913179
synthetic_traffic,traffic,hist_gradient_boosting_ar,traffic_0,2024-01-10 21:00:00,25.939241980053595,26.722133786535547
synthetic_traffic,traffic,hist_gradient_boosting_ar,traffic_0,2024-01-10 22:00:00,27.499999999999968,27.873520211456597
synthetic_traffic,traffic,hist_gradient_boosting_ar,traffic_0,2024-01-10 23:00:00,29.33125352399899,30.276176538261023
synthetic_traffic,traffic,hist_gradient_boosting_ar,traffic_1,2024-01-10 12:00:00,33.345494447404135,33.37840559584568
synthetic_traffic,traffic,hist_gradient_boosting_ar,traffic_1,2024-01-10 13:00:00,31.20336280861623,31.620753037666315
synthetic_traffic,traffic,hist_gradient_boosting_ar,traffic_1,2024-01-10 14:00:00,29.19915561548945,29.325953538722114
synthetic_traffic,traffic,hist_gradient_boosting_ar,traffic_1,2024-01-10 15:00:00,27.46446609406727,27.897023003649643
synthetic_traffic,traffic,hist_gradient_boosting_ar,traffic_1,2024-01-10 16:00:00,26.11231498303725,26.20832048764599
synthetic_traffic,traffic,hist_gradient_boosting_ar,traffic_1,2024-01-10 17:00:00,25.229455623521815,25.473187845155934
synthetic_traffic,traffic,hist_gradient_boosting_ar,traffic_1,2024-01-10 18:00:00,24.870469405576202,25.54706032267729
synthetic_traffic,traffic,hist_gradient_boosting_ar,traffic_1,2024-01-10 19:00:00,25.054053946407954,26.037210924147914
synthetic_traffic,traffic,hist_gradient_boosting_ar,traffic_1,2024-01-10 20:00:00,25.761756943915355,26.74288584913179
synthetic_traffic,traffic,hist_gradient_boosting_ar,traffic_1,2024-01-10 21:00:00,26.939241980053595,27.722133786535547
synthetic_traffic,traffic,hist_gradient_boosting_ar,traffic_1,2024-01-10 22:00:00,28.499999999999968,28.873520211456597
synthetic_traffic,traffic,hist_gradient_boosting_ar,traffic_1,2024-01-10 23:00:00,30.33125352399899,31.276176538261023
synthetic_traffic,traffic,hist_gradient_boosting_ar,traffic_2,2024-01-10 12:00:00,34.345494447404135,34.37840559584568
synthetic_traffic,traffic,hist_gradient_boosting_ar,traffic_2,2024-01-10 13:00:00,32.203362808616234,32.62075303766631
synthetic_traffic,traffic,hist_gradient_boosting_ar,traffic_2,2024-01-10 14:00:00,30.19915561548945,30.32595353872211
synthetic_traffic,traffic,hist_gradient_boosting_ar,traffic_2,2024-01-10 15:00:00,28.46446609406727,28.897023003649636
synthetic_traffic,traffic,hist_gradient_boosting_ar,traffic_2,2024-01-10 16:00:00,27.11231498303725,27.208320487645988
synthetic_traffic,traffic,hist_gradient_boosting_ar,traffic_2,2024-01-10 17:00:00,26.229455623521815,26.47318784515593
synthetic_traffic,traffic,hist_gradient_boosting_ar,traffic_2,2024-01-10 18:00:00,25.870469405576202,26.540768024297066
synthetic_traffic,traffic,hist_gradient_boosting_ar,traffic_2,2024-01-10 19:00:00,26.054053946407954,27.03721092414791
synthetic_traffic,traffic,hist_gradient_boosting_ar,traffic_2,2024-01-10 20:00:00,26.761756943915355,27.742885849131785
synthetic_traffic,traffic,hist_gradient_boosting_ar,traffic_2,2024-01-10 21:00:00,27.939241980053595,28.722133786535544
synthetic_traffic,traffic,hist_gradient_boosting_ar,traffic_2,2024-01-10 22:00:00,29.499999999999968,29.873520211456594
synthetic_traffic,traffic,hist_gradient_boosting_ar,traffic_2,2024-01-10 23:00:00,31.33125352399899,32.27617653826102
synthetic_traffic,traffic,lightgbm_ar,traffic_0,2024-01-10 12:00:00,32.345494447404135,32.340506914343436
synthetic_traffic,traffic,lightgbm_ar,traffic_0,2024-01-10 13:00:00,30.20336280861623,30.051456590198974
synthetic_traffic,traffic,lightgbm_ar,traffic_0,2024-01-10 14:00:00,28.19915561548945,28.24853939172083
synthetic_traffic,traffic,lightgbm_ar,traffic_0,2024-01-10 15:00:00,26.46446609406727,27.409532473660654
synthetic_traffic,traffic,lightgbm_ar,traffic_0,2024-01-10 16:00:00,25.11231498303725,25.47691937757436
synthetic_traffic,traffic,lightgbm_ar,traffic_0,2024-01-10 17:00:00,24.229455623521815,24.28181224326276
synthetic_traffic,traffic,lightgbm_ar,traffic_0,2024-01-10 18:00:00,23.870469405576202,24.33682107177761
synthetic_traffic,traffic,lightgbm_ar,traffic_0,2024-01-10 19:00:00,24.054053946407954,24.748362997348195
synthetic_traffic,traffic,lightgbm_ar,traffic_0,2024-01-10 20:00:00,24.761756943915355,25.159852713384684
synthetic_traffic,traffic,lightgbm_ar,traffic_0,2024-01-10 21:00:00,25.939241980053595,26.563142628292155
synthetic_traffic,traffic,lightgbm_ar,traffic_0,2024-01-10 22:00:00,27.499999999999968,28.09983477485578
synthetic_traffic,traffic,lightgbm_ar,traffic_0,2024-01-10 23:00:00,29.33125352399899,29.997256838939368
synthetic_traffic,traffic,lightgbm_ar,traffic_1,2024-01-10 12:00:00,33.345494447404135,33.340506914343436
synthetic_traffic,traffic,lightgbm_ar,traffic_1,2024-01-10 13:00:00,31.20336280861623,31.051456590198974
synthetic_traffic,traffic,lightgbm_ar,traffic_1,2024-01-10 14:00:00,29.19915561548945,29.24853939172083
synthetic_traffic,traffic,lightgbm_ar,traffic_1,2024-01-10 15:00:00,27.46446609406727,28.409532473660654
synthetic_traffic,traffic,lightgbm_ar,traffic_1,2024-01-10 16:00:00,26.11231498303725,26.47691937757436
synthetic_traffic,traffic,lightgbm_ar,traffic_1,2024-01-10 17:00:00,25.229455623521815,25.28181224326276
synthetic_traffic,traffic,lightgbm_ar,traffic_1,2024-01-10 18:00:00,24.870469405576202,25.33682107177761
synthetic_traffic,traffic,lightgbm_ar,traffic_1,2024-01-10 19:00:00,25.054053946407954,25.748362997348195
synthetic_traffic,traffic,lightgbm_ar,traffic_1,2024-01-10 20:00:00,25.761756943915355,26.159852713384684
synthetic_traffic,traffic,lightgbm_ar,traffic_1,2024-01-10 21:00:00,26.939241980053595,27.563142628292155
synthetic_traffic,traffic,lightgbm_ar,traffic_1,2024-01-10 22:00:00,28.499999999999968,29.09983477485578
synthetic_traffic,traffic,lightgbm_ar,traffic_1,2024-01-10 23:00:00,30.33125352399899,30.997256838939368
synthetic_traffic,traffic,lightgbm_ar,traffic_2,2024-01-10 12:00:00,34.345494447404135,34.348542115819754
synthetic_traffic,traffic,lightgbm_ar,traffic_2,2024-01-10 13:00:00,32.203362808616234,32.2048961797893
synthetic_traffic,traffic,lightgbm_ar,traffic_2,2024-01-10 14:00:00,30.19915561548945,30.33272886780291
synthetic_traffic,traffic,lightgbm_ar,traffic_2,2024-01-10 15:00:00,28.46446609406727,28.597956275718435
synthetic_traffic,traffic,lightgbm_ar,traffic_2,2024-01-10 16:00:00,27.11231498303725,26.973123565709905
synthetic_traffic,traffic,lightgbm_ar,traffic_2,2024-01-10 17:00:00,26.229455623521815,26.11427793613394
synthetic_traffic,traffic,lightgbm_ar,traffic_2,2024-01-10 18:00:00,25.870469405576202,25.881649085786087
synthetic_traffic,traffic,lightgbm_ar,traffic_2,2024-01-10 19:00:00,26.054053946407954,26.213354504921764
synthetic_traffic,traffic,lightgbm_ar,traffic_2,2024-01-10 20:00:00,26.761756943915355,26.723736343242802
synthetic_traffic,traffic,lightgbm_ar,traffic_2,2024-01-10 21:00:00,27.939241980053595,27.907669208175285
synthetic_traffic,traffic,lightgbm_ar,traffic_2,2024-01-10 22:00:00,29.499999999999968,29.48973034016301
synthetic_traffic,traffic,lightgbm_ar,traffic_2,2024-01-10 23:00:00,31.33125352399899,31.36030633855002
synthetic_traffic,traffic,xgboost_ar,traffic_0,2024-01-10 12:00:00,32.345494447404135,32.36102085629435
synthetic_traffic,traffic,xgboost_ar,traffic_0,2024-01-10 13:00:00,30.20336280861623,30.136881624447067
synthetic_traffic,traffic,xgboost_ar,traffic_0,2024-01-10 14:00:00,28.19915561548945,27.676075439822938
synthetic_traffic,traffic,xgboost_ar,traffic_0,2024-01-10 15:00:00,26.46446609406727,26.241113483641946
synthetic_traffic,traffic,xgboost_ar,traffic_0,2024-01-10 16:00:00,25.11231498303725,25.14803703836208
synthetic_traffic,traffic,xgboost_ar,traffic_0,2024-01-10 17:00:00,24.229455623521815,24.30858623278172
synthetic_traffic,traffic,xgboost_ar,traffic_0,2024-01-10 18:00:00,23.870469405576202,24.241870348466882
synthetic_traffic,traffic,xgboost_ar,traffic_0,2024-01-10 19:00:00,24.054053946407954,24.54884977711523
synthetic_traffic,traffic,xgboost_ar,traffic_0,2024-01-10 20:00:00,24.761756943915355,25.108650448044127
synthetic_traffic,traffic,xgboost_ar,traffic_0,2024-01-10 21:00:00,25.939241980053595,26.00727645369684
synthetic_traffic,traffic,xgboost_ar,traffic_0,2024-01-10 22:00:00,27.499999999999968,27.47500460725533
synthetic_traffic,traffic,xgboost_ar,traffic_0,2024-01-10 23:00:00,29.33125352399899,29.442046933903022
synthetic_traffic,traffic,xgboost_ar,traffic_1,2024-01-10 12:00:00,33.345494447404135,33.36102085629435
synthetic_traffic,traffic,xgboost_ar,traffic_1,2024-01-10 13:00:00,31.20336280861623,31.136881624447067
synthetic_traffic,traffic,xgboost_ar,traffic_1,2024-01-10 14:00:00,29.19915561548945,28.676075439822938
synthetic_traffic,traffic,xgboost_ar,traffic_1,2024-01-10 15:00:00,27.46446609406727,27.241113483641946
synthetic_traffic,traffic,xgboost_ar,traffic_1,2024-01-10 16:00:00,26.11231498303725,26.14803703836208
synthetic_traffic,traffic,xgboost_ar,traffic_1,2024-01-10 17:00:00,25.229455623521815,25.30858623278172
synthetic_traffic,traffic,xgboost_ar,traffic_1,2024-01-10 18:00:00,24.870469405576202,25.241870348466882
synthetic_traffic,traffic,xgboost_ar,traffic_1,2024-01-10 19:00:00,25.054053946407954,25.54884977711523
synthetic_traffic,traffic,xgboost_ar,traffic_1,2024-01-10 20:00:00,25.761756943915355,26.108650448044127
synthetic_traffic,traffic,xgboost_ar,traffic_1,2024-01-10 21:00:00,26.939241980053595,27.00727645369684
synthetic_traffic,traffic,xgboost_ar,traffic_1,2024-01-10 22:00:00,28.499999999999968,28.47500460725533
synthetic_traffic,traffic,xgboost_ar,traffic_1,2024-01-10 23:00:00,30.33125352399899,30.442046933903022
synthetic_traffic,traffic,xgboost_ar,traffic_2,2024-01-10 12:00:00,34.345494447404135,34.361020856294346
synthetic_traffic,traffic,xgboost_ar,traffic_2,2024-01-10 13:00:00,32.203362808616234,32.136881624447064
synthetic_traffic,traffic,xgboost_ar,traffic_2,2024-01-10 14:00:00,30.19915561548945,29.676075439822934
synthetic_traffic,traffic,xgboost_ar,traffic_2,2024-01-10 15:00:00,28.46446609406727,28.241113483641943
synthetic_traffic,traffic,xgboost_ar,traffic_2,2024-01-10 16:00:00,27.11231498303725,27.148037038362077
synthetic_traffic,traffic,xgboost_ar,traffic_2,2024-01-10 17:00:00,26.229455623521815,26.308586232781717
synthetic_traffic,traffic,xgboost_ar,traffic_2,2024-01-10 18:00:00,25.870469405576202,26.241870348466882
synthetic_traffic,traffic,xgboost_ar,traffic_2,2024-01-10 19:00:00,26.054053946407954,26.548849777115223
synthetic_traffic,traffic,xgboost_ar,traffic_2,2024-01-10 20:00:00,26.761756943915355,27.108650448044123
synthetic_traffic,traffic,xgboost_ar,traffic_2,2024-01-10 21:00:00,27.939241980053595,28.00727645369684
synthetic_traffic,traffic,xgboost_ar,traffic_2,2024-01-10 22:00:00,29.499999999999968,29.47500460725533
synthetic_traffic,traffic,xgboost_ar,traffic_2,2024-01-10 23:00:00,31.33125352399899,31.44204693390302
synthetic_traffic,traffic,tabpfn_ts,traffic_0,2024-01-10 12:00:00,32.345494447404135,32.3194580078125
synthetic_traffic,traffic,tabpfn_ts,traffic_0,2024-01-10 13:00:00,30.20336280861623,30.221755981445312
synthetic_traffic,traffic,tabpfn_ts,traffic_0,2024-01-10 14:00:00,28.19915561548945,28.08193016052246
synthetic_traffic,traffic,tabpfn_ts,traffic_0,2024-01-10 15:00:00,26.46446609406727,26.194297790527344
synthetic_traffic,traffic,tabpfn_ts,traffic_0,2024-01-10 16:00:00,25.11231498303725,24.930953979492188
synthetic_traffic,traffic,tabpfn_ts,traffic_0,2024-01-10 17:00:00,24.229455623521815,24.37133026123047
synthetic_traffic,traffic,tabpfn_ts,traffic_0,2024-01-10 18:00:00,23.870469405576202,24.22605323791504
synthetic_traffic,traffic,tabpfn_ts,traffic_0,2024-01-10 19:00:00,24.054053946407954,24.441692352294922
synthetic_traffic,traffic,tabpfn_ts,traffic_0,2024-01-10 20:00:00,24.761756943915355,25.478199005126953
synthetic_traffic,traffic,tabpfn_ts,traffic_0,2024-01-10 21:00:00,25.939241980053595,27.072080612182617
synthetic_traffic,traffic,tabpfn_ts,traffic_0,2024-01-10 22:00:00,27.499999999999968,28.932884216308594
synthetic_traffic,traffic,tabpfn_ts,traffic_0,2024-01-10 23:00:00,29.33125352399899,31.14809226989746
synthetic_traffic,traffic,tabpfn_ts,traffic_1,2024-01-10 12:00:00,33.345494447404135,33.3194580078125
synthetic_traffic,traffic,tabpfn_ts,traffic_1,2024-01-10 13:00:00,31.20336280861623,31.221755981445312
synthetic_traffic,traffic,tabpfn_ts,traffic_1,2024-01-10 14:00:00,29.19915561548945,29.08193016052246
synthetic_traffic,traffic,tabpfn_ts,traffic_1,2024-01-10 15:00:00,27.46446609406727,27.194297790527344
synthetic_traffic,traffic,tabpfn_ts,traffic_1,2024-01-10 16:00:00,26.11231498303725,25.930953979492188
synthetic_traffic,traffic,tabpfn_ts,traffic_1,2024-01-10 17:00:00,25.229455623521815,25.37133026123047
synthetic_traffic,traffic,tabpfn_ts,traffic_1,2024-01-10 18:00:00,24.870469405576202,25.22605323791504
synthetic_traffic,traffic,tabpfn_ts,traffic_1,2024-01-10 19:00:00,25.054053946407954,25.441692352294922
synthetic_traffic,traffic,tabpfn_ts,traffic_1,2024-01-10 20:00:00,25.761756943915355,26.478199005126953
synthetic_traffic,traffic,tabpfn_ts,traffic_1,2024-01-10 21:00:00,26.939241980053595,28.072080612182617
synthetic_traffic,traffic,tabpfn_ts,traffic_1,2024-01-10 22:00:00,28.499999999999968,29.932884216308594
synthetic_traffic,traffic,tabpfn_ts,traffic_1,2024-01-10 23:00:00,30.33125352399899,32.148094177246094
synthetic_traffic,traffic,tabpfn_ts,traffic_2,2024-01-10 12:00:00,34.345494447404135,34.3194580078125
synthetic_traffic,traffic,tabpfn_ts,traffic_2,2024-01-10 13:00:00,32.203362808616234,32.22175598144531
synthetic_traffic,traffic,tabpfn_ts,traffic_2,2024-01-10 14:00:00,30.19915561548945,30.08193016052246
synthetic_traffic,traffic,tabpfn_ts,traffic_2,2024-01-10 15:00:00,28.46446609406727,28.194297790527344
synthetic_traffic,traffic,tabpfn_ts,traffic_2,2024-01-10 16:00:00,27.11231498303725,26.930953979492188
synthetic_traffic,traffic,tabpfn_ts,traffic_2,2024-01-10 17:00:00,26.229455623521815,26.37133026123047
synthetic_traffic,traffic,tabpfn_ts,traffic_2,2024-01-10 18:00:00,25.870469405576202,26.22605323791504
synthetic_traffic,traffic,tabpfn_ts,traffic_2,2024-01-10 19:00:00,26.054053946407954,26.441692352294922
synthetic_traffic,traffic,tabpfn_ts,traffic_2,2024-01-10 20:00:00,26.761756943915355,27.478199005126953
synthetic_traffic,traffic,tabpfn_ts,traffic_2,2024-01-10 21:00:00,27.939241980053595,29.072080612182617
synthetic_traffic,traffic,tabpfn_ts,traffic_2,2024-01-10 22:00:00,29.499999999999968,30.932884216308594
synthetic_traffic,traffic,tabpfn_ts,traffic_2,2024-01-10 23:00:00,31.33125352399899,33.148094177246094
synthetic_weather,weather,dummy_mean,weather_0,2024-01-09 06:00:00,23.5,17.724418919777737
synthetic_weather,weather,dummy_mean,weather_0,2024-01-09 06:10:00,23.48764498441539,17.724418919777737
synthetic_weather,weather,dummy_mean,weather_0,2024-01-09 06:20:00,23.450819800851686,17.724418919777737
synthetic_weather,weather,dummy_mean,weather_0,2024-01-09 06:30:00,23.39023700876128,17.724418919777737
synthetic_weather,weather,dummy_mean,weather_0,2024-01-09 06:40:00,23.307060986620538,17.724418919777737
synthetic_weather,weather,dummy_mean,weather_0,2024-01-09 06:50:00,23.20287384044295,17.724418919777737
synthetic_weather,weather,dummy_mean,weather_0,2024-01-09 07:00:00,23.07962913144536,17.724418919777737
synthetic_weather,weather,dummy_mean,weather_0,2024-01-09 07:10:00,22.93959482540397,17.724418919777737
synthetic_weather,weather,dummy_mean,weather_0,2024-01-09 07:20:00,22.78528719276301,17.724418919777737
synthetic_weather,weather,dummy_mean,weather_0,2024-01-09 07:30:00,22.61939766255644,17.724418919777737
synthetic_weather,weather,dummy_mean,weather_0,2024-01-09 07:40:00,22.444714846349797,17.724418919777737
synthetic_weather,weather,dummy_mean,weather_0,2024-01-09 07:50:00,22.26404409422829,17.724418919777737
synthetic_weather,weather,dummy_mean,weather_1,2024-01-09 06:00:00,24.5,18.724418919777737
synthetic_weather,weather,dummy_mean,weather_1,2024-01-09 06:10:00,24.48764498441539,18.724418919777737
synthetic_weather,weather,dummy_mean,weather_1,2024-01-09 06:20:00,24.450819800851686,18.724418919777737
synthetic_weather,weather,dummy_mean,weather_1,2024-01-09 06:30:00,24.39023700876128,18.724418919777737
synthetic_weather,weather,dummy_mean,weather_1,2024-01-09 06:40:00,24.307060986620538,18.724418919777737
synthetic_weather,weather,dummy_mean,weather_1,2024-01-09 06:50:00,24.20287384044295,18.724418919777737
synthetic_weather,weather,dummy_mean,weather_1,2024-01-09 07:00:00,24.07962913144536,18.724418919777737
synthetic_weather,weather,dummy_mean,weather_1,2024-01-09 07:10:00,23.93959482540397,18.724418919777737
synthetic_weather,weather,dummy_mean,weather_1,2024-01-09 07:20:00,23.78528719276301,18.724418919777737
synthetic_weather,weather,dummy_mean,weather_1,2024-01-09 07:30:00,23.61939766255644,18.724418919777737
synthetic_weather,weather,dummy_mean,weather_1,2024-01-09 07:40:00,23.444714846349797,18.724418919777737
synthetic_weather,weather,dummy_mean,weather_1,2024-01-09 07:50:00,23.26404409422829,18.724418919777737
synthetic_weather,weather,seasonal_naive,weather_0,2024-01-09 06:00:00,23.5,22.080127018922212
synthetic_weather,weather,seasonal_naive,weather_0,2024-01-09 06:10:00,23.48764498441539,22.264044094228257
synthetic_weather,weather,seasonal_naive,weather_0,2024-01-09 06:20:00,23.450819800851686,22.444714846349765
synthetic_weather,weather,seasonal_naive,weather_0,2024-01-09 06:30:00,23.39023700876128,22.619397662556413
synthetic_weather,weather,seasonal_naive,weather_0,2024-01-09 06:40:00,23.307060986620538,22.785287192763008
synthetic_weather,weather,seasonal_naive,weather_0,2024-01-09 06:50:00,23.20287384044295,22.93959482540397
synthetic_weather,weather,seasonal_naive,weather_0,2024-01-09 07:00:00,23.07962913144536,23.079629131445337
synthetic_weather,weather,seasonal_naive,weather_0,2024-01-09 07:10:00,22.93959482540397,23.20287384044293
synthetic_weather,weather,seasonal_naive,weather_0,2024-01-09 07:20:00,22.78528719276301,23.307060986620524
synthetic_weather,weather,seasonal_naive,weather_0,2024-01-09 07:30:00,22.61939766255644,23.390237008761265
synthetic_weather,weather,seasonal_naive,weather_0,2024-01-09 07:40:00,22.444714846349797,23.450819800851676
synthetic_weather,weather,seasonal_naive,weather_0,2024-01-09 07:50:00,22.26404409422829,23.48764498441539
synthetic_weather,weather,seasonal_naive,weather_1,2024-01-09 06:00:00,24.5,23.080127018922212
synthetic_weather,weather,seasonal_naive,weather_1,2024-01-09 06:10:00,24.48764498441539,23.264044094228257
synthetic_weather,weather,seasonal_naive,weather_1,2024-01-09 06:20:00,24.450819800851686,23.444714846349765
synthetic_weather,weather,seasonal_naive,weather_1,2024-01-09 06:30:00,24.39023700876128,23.619397662556413
synthetic_weather,weather,seasonal_naive,weather_1,2024-01-09 06:40:00,24.307060986620538,23.785287192763008
synthetic_weather,weather,seasonal_naive,weather_1,2024-01-09 06:50:00,24.20287384044295,23.93959482540397
synthetic_weather,weather,seasonal_naive,weather_1,2024-01-09 07:00:00,24.07962913144536,24.079629131445337
synthetic_weather,weather,seasonal_naive,weather_1,2024-01-09 07:10:00,23.93959482540397,24.20287384044293
synthetic_weather,weather,seasonal_naive,weather_1,2024-01-09 07:20:00,23.78528719276301,24.307060986620524
synthetic_weather,weather,seasonal_naive,weather_1,2024-01-09 07:30:00,23.61939766255644,24.390237008761265
synthetic_weather,weather,seasonal_naive,weather_1,2024-01-09 07:40:00,23.444714846349797,24.450819800851676
synthetic_weather,weather,seasonal_naive,weather_1,2024-01-09 07:50:00,23.26404409422829,24.48764498441539
synthetic_weather,weather,moving_average,weather_0,2024-01-09 06:00:00,23.5,21.96349070729001
synthetic_weather,weather,moving_average,weather_0,2024-01-09 06:10:00,23.48764498441539,21.96349070729001
synthetic_weather,weather,moving_average,weather_0,2024-01-09 06:20:00,23.450819800851686,21.96349070729001
synthetic_weather,weather,moving_average,weather_0,2024-01-09 06:30:00,23.39023700876128,21.96349070729001
synthetic_weather,weather,moving_average,weather_0,2024-01-09 06:40:00,23.307060986620538,21.96349070729001
synthetic_weather,weather,moving_average,weather_0,2024-01-09 06:50:00,23.20287384044295,21.96349070729001
synthetic_weather,weather,moving_average,weather_0,2024-01-09 07:00:00,23.07962913144536,21.96349070729001
synthetic_weather,weather,moving_average,weather_0,2024-01-09 07:10:00,22.93959482540397,21.96349070729001
synthetic_weather,weather,moving_average,weather_0,2024-01-09 07:20:00,22.78528719276301,21.96349070729001
synthetic_weather,weather,moving_average,weather_0,2024-01-09 07:30:00,22.61939766255644,21.96349070729001
synthetic_weather,weather,moving_average,weather_0,2024-01-09 07:40:00,22.444714846349797,21.96349070729001
synthetic_weather,weather,moving_average,weather_0,2024-01-09 07:50:00,22.26404409422829,21.96349070729001
synthetic_weather,weather,moving_average,weather_1,2024-01-09 06:00:00,24.5,22.96349070729001
synthetic_weather,weather,moving_average,weather_1,2024-01-09 06:10:00,24.48764498441539,22.96349070729001
synthetic_weather,weather,moving_average,weather_1,2024-01-09 06:20:00,24.450819800851686,22.96349070729001
synthetic_weather,weather,moving_average,weather_1,2024-01-09 06:30:00,24.39023700876128,22.96349070729001
synthetic_weather,weather,moving_average,weather_1,2024-01-09 06:40:00,24.307060986620538,22.96349070729001
synthetic_weather,weather,moving_average,weather_1,2024-01-09 06:50:00,24.20287384044295,22.96349070729001
synthetic_weather,weather,moving_average,weather_1,2024-01-09 07:00:00,24.07962913144536,22.96349070729001
synthetic_weather,weather,moving_average,weather_1,2024-01-09 07:10:00,23.93959482540397,22.96349070729001
synthetic_weather,weather,moving_average,weather_1,2024-01-09 07:20:00,23.78528719276301,22.96349070729001
synthetic_weather,weather,moving_average,weather_1,2024-01-09 07:30:00,23.61939766255644,22.96349070729001
synthetic_weather,weather,moving_average,weather_1,2024-01-09 07:40:00,23.444714846349797,22.96349070729001
synthetic_weather,weather,moving_average,weather_1,2024-01-09 07:50:00,23.26404409422829,22.96349070729001
synthetic_weather,weather,linear_trend,weather_0,2024-01-09 06:00:00,23.5,18.669825522163165
synthetic_weather,weather,linear_trend,weather_0,2024-01-09 06:10:00,23.48764498441539,18.67473672529244
synthetic_weather,weather,linear_trend,weather_0,2024-01-09 06:20:00,23.450819800851686,18.679647928421716
synthetic_weather,weather,linear_trend,weather_0,2024-01-09 06:30:00,23.39023700876128,18.68455913155099
synthetic_weather,weather,linear_trend,weather_0,2024-01-09 06:40:00,23.307060986620538,18.689470334680266
synthetic_weather,weather,linear_trend,weather_0,2024-01-09 06:50:00,23.20287384044295,18.69438153780954
synthetic_weather,weather,linear_trend,weather_0,2024-01-09 07:00:00,23.07962913144536,18.699292740938816
synthetic_weather,weather,linear_trend,weather_0,2024-01-09 07:10:00,22.93959482540397,18.70420394406809
synthetic_weather,weather,linear_trend,weather_0,2024-01-09 07:20:00,22.78528719276301,18.709115147197362
synthetic_weather,weather,linear_trend,weather_0,2024-01-09 07:30:00,22.61939766255644,18.714026350326638
synthetic_weather,weather,linear_trend,weather_0,2024-01-09 07:40:00,22.444714846349797,18.718937553455913
synthetic_weather,weather,linear_trend,weather_0,2024-01-09 07:50:00,22.26404409422829,18.723848756585188
synthetic_weather,weather,linear_trend,weather_1,2024-01-09 06:00:00,24.5,19.669825522163165
synthetic_weather,weather,linear_trend,weather_1,2024-01-09 06:10:00,24.48764498441539,19.67473672529244
synthetic_weather,weather,linear_trend,weather_1,2024-01-09 06:20:00,24.450819800851686,19.679647928421716
synthetic_weather,weather,linear_trend,weather_1,2024-01-09 06:30:00,24.39023700876128,19.68455913155099
synthetic_weather,weather,linear_trend,weather_1,2024-01-09 06:40:00,24.307060986620538,19.689470334680266
synthetic_weather,weather,linear_trend,weather_1,2024-01-09 06:50:00,24.20287384044295,19.69438153780954
synthetic_weather,weather,linear_trend,weather_1,2024-01-09 07:00:00,24.07962913144536,19.699292740938816
synthetic_weather,weather,linear_trend,weather_1,2024-01-09 07:10:00,23.93959482540397,19.70420394406809
synthetic_weather,weather,linear_trend,weather_1,2024-01-09 07:20:00,23.78528719276301,19.709115147197366
synthetic_weather,weather,linear_trend,weather_1,2024-01-09 07:30:00,23.61939766255644,19.71402635032664
synthetic_weather,weather,linear_trend,weather_1,2024-01-09 07:40:00,23.444714846349797,19.718937553455916
synthetic_weather,weather,linear_trend,weather_1,2024-01-09 07:50:00,23.26404409422829,19.723848756585188
synthetic_weather,weather,ridge_ar,weather_0,2024-01-09 06:00:00,23.5,23.573615594577852
synthetic_weather,weather,ridge_ar,weather_0,2024-01-09 06:10:00,23.48764498441539,23.62169590990624
synthetic_weather,weather,ridge_ar,weather_0,2024-01-09 06:20:00,23.450819800851686,23.66090075502752
synthetic_weather,weather,ridge_ar,weather_0,2024-01-09 06:30:00,23.39023700876128,23.687921886098177
synthetic_weather,weather,ridge_ar,weather_0,2024-01-09 06:40:00,23.307060986620538,23.700600713136122
synthetic_weather,weather,ridge_ar,weather_0,2024-01-09 06:50:00,23.20287384044295,23.700503416142247
synthetic_weather,weather,ridge_ar,weather_0,2024-01-09 07:00:00,23.07962913144536,23.687875593160957
synthetic_weather,weather,ridge_ar,weather_0,2024-01-09 07:10:00,22.93959482540397,23.663583422410056
synthetic_weather,weather,ridge_ar,weather_0,2024-01-09 07:20:00,22.78528719276301,23.628839387546602
synthetic_weather,weather,ridge_ar,weather_0,2024-01-09 07:30:00,22.61939766255644,23.585080433177396
synthetic_weather,weather,ridge_ar,weather_0,2024-01-09 07:40:00,22.444714846349797,23.534027743783106
synthetic_weather,weather,ridge_ar,weather_0,2024-01-09 07:50:00,22.26404409422829,23.477638784845457
synthetic_weather,weather,ridge_ar,weather_1,2024-01-09 06:00:00,24.5,24.573615594577852
synthetic_weather,weather,ridge_ar,weather_1,2024-01-09 06:10:00,24.48764498441539,24.62169590990624
synthetic_weather,weather,ridge_ar,weather_1,2024-01-09 06:20:00,24.450819800851686,24.66090075502752
synthetic_weather,weather,ridge_ar,weather_1,2024-01-09 06:30:00,24.39023700876128,24.687921886098177
synthetic_weather,weather,ridge_ar,weather_1,2024-01-09 06:40:00,24.307060986620538,24.700600713136122
synthetic_weather,weather,ridge_ar,weather_1,2024-01-09 06:50:00,24.20287384044295,24.700503416142247
synthetic_weather,weather,ridge_ar,weather_1,2024-01-09 07:00:00,24.07962913144536,24.687875593160957
synthetic_weather,weather,ridge_ar,weather_1,2024-01-09 07:10:00,23.93959482540397,24.663583422410056
synthetic_weather,weather,ridge_ar,weather_1,2024-01-09 07:20:00,23.78528719276301,24.628839387546602
synthetic_weather,weather,ridge_ar,weather_1,2024-01-09 07:30:00,23.61939766255644,24.585080433177396
synthetic_weather,weather,ridge_ar,weather_1,2024-01-09 07:40:00,23.444714846349797,24.534027743783106
synthetic_weather,weather,ridge_ar,weather_1,2024-01-09 07:50:00,23.26404409422829,24.477638784845457
synthetic_weather,weather,hist_gradient_boosting_ar,weather_0,2024-01-09 06:00:00,23.5,23.48490799208995
synthetic_weather,weather,hist_gradient_boosting_ar,weather_0,2024-01-09 06:10:00,23.48764498441539,23.483221339994458
synthetic_weather,weather,hist_gradient_boosting_ar,weather_0,2024-01-09 06:20:00,23.450819800851686,23.448537840857572
synthetic_weather,weather,hist_gradient_boosting_ar,weather_0,2024-01-09 06:30:00,23.39023700876128,23.393061417925015
synthetic_weather,weather,hist_gradient_boosting_ar,weather_0,2024-01-09 06:40:00,23.307060986620538,23.306210185086357
synthetic_weather,weather,hist_gradient_boosting_ar,weather_0,2024-01-09 06:50:00,23.20287384044295,23.192308641976663
synthetic_weather,weather,hist_gradient_boosting_ar,weather_0,2024-01-09 07:00:00,23.07962913144536,23.075942141537478
synthetic_weather,weather,hist_gradient_boosting_ar,weather_0,2024-01-09 07:10:00,22.93959482540397,22.940298059656655
synthetic_weather,weather,hist_gradient_boosting_ar,weather_0,2024-01-09 07:20:00,22.78528719276301,22.77678707046138
synthetic_weather,weather,hist_gradient_boosting_ar,weather_0,2024-01-09 07:30:00,22.61939766255644,22.607069397968043
synthetic_weather,weather,hist_gradient_boosting_ar,weather_0,2024-01-09 07:40:00,22.444714846349797,22.443212446166317
synthetic_weather,weather,hist_gradient_boosting_ar,weather_0,2024-01-09 07:50:00,22.26404409422829,22.255388761377397
synthetic_weather,weather,hist_gradient_boosting_ar,weather_1,2024-01-09 06:00:00,24.5,24.48490799208995
synthetic_weather,weather,hist_gradient_boosting_ar,weather_1,2024-01-09 06:10:00,24.48764498441539,24.483221339994458
synthetic_weather,weather,hist_gradient_boosting_ar,weather_1,2024-01-09 06:20:00,24.450819800851686,24.448537840857572
synthetic_weather,weather,hist_gradient_boosting_ar,weather_1,2024-01-09 06:30:00,24.39023700876128,24.393061417925015
synthetic_weather,weather,hist_gradient_boosting_ar,weather_1,2024-01-09 06:40:00,24.307060986620538,24.306210185086357
synthetic_weather,weather,hist_gradient_boosting_ar,weather_1,2024-01-09 06:50:00,24.20287384044295,24.192308641976663
synthetic_weather,weather,hist_gradient_boosting_ar,weather_1,2024-01-09 07:00:00,24.07962913144536,24.075942141537478
synthetic_weather,weather,hist_gradient_boosting_ar,weather_1,2024-01-09 07:10:00,23.93959482540397,23.940298059656655
synthetic_weather,weather,hist_gradient_boosting_ar,weather_1,2024-01-09 07:20:00,23.78528719276301,23.77678707046138
synthetic_weather,weather,hist_gradient_boosting_ar,weather_1,2024-01-09 07:30:00,23.61939766255644,23.607069397968043
synthetic_weather,weather,hist_gradient_boosting_ar,weather_1,2024-01-09 07:40:00,23.444714846349797,23.443212446166317
synthetic_weather,weather,hist_gradient_boosting_ar,weather_1,2024-01-09 07:50:00,23.26404409422829,23.255388761377397
synthetic_weather,weather,lightgbm_ar,weather_0,2024-01-09 06:00:00,23.5,23.49215534168959
synthetic_weather,weather,lightgbm_ar,weather_0,2024-01-09 06:10:00,23.48764498441539,23.463947718742098
synthetic_weather,weather,lightgbm_ar,weather_0,2024-01-09 06:20:00,23.450819800851686,23.395653270612822
synthetic_weather,weather,lightgbm_ar,weather_0,2024-01-09 06:30:00,23.39023700876128,23.37449115949639
synthetic_weather,weather,lightgbm_ar,weather_0,2024-01-09 06:40:00,23.307060986620538,23.284268013369402
synthetic_weather,weather,lightgbm_ar,weather_0,2024-01-09 06:50:00,23.20287384044295,23.20586783457503
synthetic_weather,weather,lightgbm_ar,weather_0,2024-01-09 07:00:00,23.07962913144536,23.088058923625116
synthetic_weather,weather,lightgbm_ar,weather_0,2024-01-09 07:10:00,22.93959482540397,22.98747268187955
synthetic_weather,weather,lightgbm_ar,weather_0,2024-01-09 07:20:00,22.78528719276301,22.80131517125718
synthetic_weather,weather,lightgbm_ar,weather_0,2024-01-09 07:30:00,22.61939766255644,22.736904071386277
synthetic_weather,weather,lightgbm_ar,weather_0,2024-01-09 07:40:00,22.444714846349797,22.530978725494265
synthetic_weather,weather,lightgbm_ar,weather_0,2024-01-09 07:50:00,22.26404409422829,22.267760421830324
synthetic_weather,weather,lightgbm_ar,weather_1,2024-01-09 06:00:00,24.5,24.49215534168959
synthetic_weather,weather,lightgbm_ar,weather_1,2024-01-09 06:10:00,24.48764498441539,24.463947718742098
synthetic_weather,weather,lightgbm_ar,weather_1,2024-01-09 06:20:00,24.450819800851686,24.395653270612822
synthetic_weather,weather,lightgbm_ar,weather_1,2024-01-09 06:30:00,24.39023700876128,24.37449115949639
synthetic_weather,weather,lightgbm_ar,weather_1,2024-01-09 06:40:00,24.307060986620538,24.284268013369402
synthetic_weather,weather,lightgbm_ar,weather_1,2024-01-09 06:50:00,24.20287384044295,24.20586783457503
synthetic_weather,weather,lightgbm_ar,weather_1,2024-01-09 07:00:00,24.07962913144536,24.088058923625116
synthetic_weather,weather,lightgbm_ar,weather_1,2024-01-09 07:10:00,23.93959482540397,23.98747268187955
synthetic_weather,weather,lightgbm_ar,weather_1,2024-01-09 07:20:00,23.78528719276301,23.80131517125718
synthetic_weather,weather,lightgbm_ar,weather_1,2024-01-09 07:30:00,23.61939766255644,23.736904071386277
synthetic_weather,weather,lightgbm_ar,weather_1,2024-01-09 07:40:00,23.444714846349797,23.530978725494265
synthetic_weather,weather,lightgbm_ar,weather_1,2024-01-09 07:50:00,23.26404409422829,23.267760421830324
synthetic_weather,weather,xgboost_ar,weather_0,2024-01-09 06:00:00,23.5,23.48241957879688
synthetic_weather,weather,xgboost_ar,weather_0,2024-01-09 06:10:00,23.48764498441539,23.479443188054304
synthetic_weather,weather,xgboost_ar,weather_0,2024-01-09 06:20:00,23.450819800851686,23.43308034288818
synthetic_weather,weather,xgboost_ar,weather_0,2024-01-09 06:30:00,23.39023700876128,23.3745142956775
synthetic_weather,weather,xgboost_ar,weather_0,2024-01-09 06:40:00,23.307060986620538,23.2778649868017
synthetic_weather,weather,xgboost_ar,weather_0,2024-01-09 06:50:00,23.20287384044295,23.163279502563103
synthetic_weather,weather,xgboost_ar,weather_0,2024-01-09 07:00:00,23.07962913144536,23.015601342861373
synthetic_weather,weather,xgboost_ar,weather_0,2024-01-09 07:10:00,22.93959482540397,22.82600439727468
synthetic_weather,weather,xgboost_ar,weather_0,2024-01-09 07:20:00,22.78528719276301,22.677758756177063
synthetic_weather,weather,xgboost_ar,weather_0,2024-01-09 07:30:00,22.61939766255644,22.50149142257974
synthetic_weather,weather,xgboost_ar,weather_0,2024-01-09 07:40:00,22.444714846349797,22.326252568829528
synthetic_weather,weather,xgboost_ar,weather_0,2024-01-09 07:50:00,22.26404409422829,22.128248602322103
synthetic_weather,weather,xgboost_ar,weather_1,2024-01-09 06:00:00,24.5,24.48241957879688
synthetic_weather,weather,xgboost_ar,weather_1,2024-01-09 06:10:00,24.48764498441539,24.479443188054304
synthetic_weather,weather,xgboost_ar,weather_1,2024-01-09 06:20:00,24.450819800851686,24.43308034288818
synthetic_weather,weather,xgboost_ar,weather_1,2024-01-09 06:30:00,24.39023700876128,24.3745142956775
synthetic_weather,weather,xgboost_ar,weather_1,2024-01-09 06:40:00,24.307060986620538,24.2778649868017
synthetic_weather,weather,xgboost_ar,weather_1,2024-01-09 06:50:00,24.20287384044295,24.163279502563103
synthetic_weather,weather,xgboost_ar,weather_1,2024-01-09 07:00:00,24.07962913144536,24.015601342861373
synthetic_weather,weather,xgboost_ar,weather_1,2024-01-09 07:10:00,23.93959482540397,23.82600439727468
synthetic_weather,weather,xgboost_ar,weather_1,2024-01-09 07:20:00,23.78528719276301,23.677758756177063
synthetic_weather,weather,xgboost_ar,weather_1,2024-01-09 07:30:00,23.61939766255644,23.50149142257974
synthetic_weather,weather,xgboost_ar,weather_1,2024-01-09 07:40:00,23.444714846349797,23.326252568829528
synthetic_weather,weather,xgboost_ar,weather_1,2024-01-09 07:50:00,23.26404409422829,23.128248602322103
synthetic_weather,weather,tabpfn_ts,weather_0,2024-01-09 06:00:00,23.5,23.50304412841797
synthetic_weather,weather,tabpfn_ts,weather_0,2024-01-09 06:10:00,23.48764498441539,23.52277946472168
synthetic_weather,weather,tabpfn_ts,weather_0,2024-01-09 06:20:00,23.450819800851686,23.54608154296875
synthetic_weather,weather,tabpfn_ts,weather_0,2024-01-09 06:30:00,23.39023700876128,23.572052001953125
synthetic_weather,weather,tabpfn_ts,weather_0,2024-01-09 06:40:00,23.307060986620538,23.579896926879883
synthetic_weather,weather,tabpfn_ts,weather_0,2024-01-09 06:50:00,23.20287384044295,23.597999572753906
synthetic_weather,weather,tabpfn_ts,weather_0,2024-01-09 07:00:00,23.07962913144536,23.29828453063965
synthetic_weather,weather,tabpfn_ts,weather_0,2024-01-09 07:10:00,22.93959482540397,23.307409286499023
synthetic_weather,weather,tabpfn_ts,weather_0,2024-01-09 07:20:00,22.78528719276301,23.31718635559082
synthetic_weather,weather,tabpfn_ts,weather_0,2024-01-09 07:30:00,22.61939766255644,23.315963745117188
synthetic_weather,weather,tabpfn_ts,weather_0,2024-01-09 07:40:00,22.444714846349797,23.308094024658203
synthetic_weather,weather,tabpfn_ts,weather_0,2024-01-09 07:50:00,22.26404409422829,23.295303344726562
synthetic_weather,weather,tabpfn_ts,weather_1,2024-01-09 06:00:00,24.5,24.50304412841797
synthetic_weather,weather,tabpfn_ts,weather_1,2024-01-09 06:10:00,24.48764498441539,24.52277946472168
synthetic_weather,weather,tabpfn_ts,weather_1,2024-01-09 06:20:00,24.450819800851686,24.54608154296875
synthetic_weather,weather,tabpfn_ts,weather_1,2024-01-09 06:30:00,24.39023700876128,24.572052001953125
synthetic_weather,weather,tabpfn_ts,weather_1,2024-01-09 06:40:00,24.307060986620538,24.579896926879883
synthetic_weather,weather,tabpfn_ts,weather_1,2024-01-09 06:50:00,24.20287384044295,24.597999572753906
synthetic_weather,weather,tabpfn_ts,weather_1,2024-01-09 07:00:00,24.07962913144536,24.29828453063965
synthetic_weather,weather,tabpfn_ts,weather_1,2024-01-09 07:10:00,23.93959482540397,24.307409286499023
synthetic_weather,weather,tabpfn_ts,weather_1,2024-01-09 07:20:00,23.78528719276301,24.31718635559082
synthetic_weather,weather,tabpfn_ts,weather_1,2024-01-09 07:30:00,23.61939766255644,24.315963745117188
synthetic_weather,weather,tabpfn_ts,weather_1,2024-01-09 07:40:00,23.444714846349797,24.308094024658203
synthetic_weather,weather,tabpfn_ts,weather_1,2024-01-09 07:50:00,23.26404409422829,24.295303344726562
synthetic_exchange,economics,dummy_mean,exchange_0,2025-02-12 00:00:00,5.157994232974546,3.154796890018295
synthetic_exchange,economics,dummy_mean,exchange_0,2025-02-13 00:00:00,5.124710699129404,3.154796890018295
synthetic_exchange,economics,dummy_mean,exchange_0,2025-02-14 00:00:00,5.065289300870597,3.154796890018295
synthetic_exchange,economics,dummy_mean,exchange_0,2025-02-15 00:00:00,5.0320057670254545,3.154796890018295
synthetic_exchange,economics,dummy_mean,exchange_0,2025-02-16 00:00:00,5.057453481402556,3.154796890018295
synthetic_exchange,economics,dummy_mean,exchange_0,2025-02-17 00:00:00,5.129999999999998,3.154796890018295
synthetic_exchange,economics,dummy_mean,exchange_0,2025-02-18 00:00:00,5.2025465185974396,3.154796890018295
synthetic_exchange,economics,dummy_mean,exchange_0,2025-02-19 00:00:00,5.227994232974547,3.154796890018295
synthetic_exchange,economics,dummy_mean,exchange_0,2025-02-20 00:00:00,5.194710699129402,3.154796890018295
synthetic_exchange,economics,dummy_mean,exchange_0,2025-02-21 00:00:00,5.135289300870594,3.154796890018295
synthetic_exchange,economics,dummy_mean,exchange_0,2025-02-22 00:00:00,5.102005767025453,3.154796890018295
synthetic_exchange,economics,dummy_mean,exchange_0,2025-02-23 00:00:00,5.127453481402558,3.154796890018295
synthetic_exchange,economics,dummy_mean,exchange_1,2025-02-12 00:00:00,5.187994232974546,3.1847968900182955
synthetic_exchange,economics,dummy_mean,exchange_1,2025-02-13 00:00:00,5.154710699129404,3.1847968900182955
synthetic_exchange,economics,dummy_mean,exchange_1,2025-02-14 00:00:00,5.095289300870597,3.1847968900182955
synthetic_exchange,economics,dummy_mean,exchange_1,2025-02-15 00:00:00,5.062005767025455,3.1847968900182955
synthetic_exchange,economics,dummy_mean,exchange_1,2025-02-16 00:00:00,5.087453481402556,3.1847968900182955
synthetic_exchange,economics,dummy_mean,exchange_1,2025-02-17 00:00:00,5.159999999999998,3.1847968900182955
synthetic_exchange,economics,dummy_mean,exchange_1,2025-02-18 00:00:00,5.23254651859744,3.1847968900182955
synthetic_exchange,economics,dummy_mean,exchange_1,2025-02-19 00:00:00,5.257994232974547,3.1847968900182955
synthetic_exchange,economics,dummy_mean,exchange_1,2025-02-20 00:00:00,5.224710699129402,3.1847968900182955
synthetic_exchange,economics,dummy_mean,exchange_1,2025-02-21 00:00:00,5.165289300870595,3.1847968900182955
synthetic_exchange,economics,dummy_mean,exchange_1,2025-02-22 00:00:00,5.132005767025453,3.1847968900182955
synthetic_exchange,economics,dummy_mean,exchange_1,2025-02-23 00:00:00,5.157453481402558,3.1847968900182955
synthetic_exchange,economics,dummy_mean,exchange_2,2025-02-12 00:00:00,5.2179942329745455,3.2147968900182953
synthetic_exchange,economics,dummy_mean,exchange_2,2025-02-13 00:00:00,5.184710699129403,3.2147968900182953
synthetic_exchange,economics,dummy_mean,exchange_2,2025-02-14 00:00:00,5.125289300870596,3.2147968900182953
synthetic_exchange,economics,dummy_mean,exchange_2,2025-02-15 00:00:00,5.092005767025454,3.2147968900182953
synthetic_exchange,economics,dummy_mean,exchange_2,2025-02-16 00:00:00,5.117453481402555,3.2147968900182953
synthetic_exchange,economics,dummy_mean,exchange_2,2025-02-17 00:00:00,5.189999999999998,3.2147968900182953
synthetic_exchange,economics,dummy_mean,exchange_2,2025-02-18 00:00:00,5.262546518597439,3.2147968900182953
synthetic_exchange,economics,dummy_mean,exchange_2,2025-02-19 00:00:00,5.287994232974547,3.2147968900182953
synthetic_exchange,economics,dummy_mean,exchange_2,2025-02-20 00:00:00,5.254710699129402,3.2147968900182953
synthetic_exchange,economics,dummy_mean,exchange_2,2025-02-21 00:00:00,5.195289300870594,3.2147968900182953
synthetic_exchange,economics,dummy_mean,exchange_2,2025-02-22 00:00:00,5.162005767025453,3.2147968900182953
synthetic_exchange,economics,dummy_mean,exchange_2,2025-02-23 00:00:00,5.1874534814025575,3.2147968900182953
synthetic_exchange,economics,seasonal_naive,exchange_0,2025-02-12 00:00:00,5.157994232974546,4.9252893008705945
synthetic_exchange,economics,seasonal_naive,exchange_0,2025-02-13 00:00:00,5.124710699129404,4.892005767025455
synthetic_exchange,economics,seasonal_naive,exchange_0,2025-02-14 00:00:00,5.065289300870597,4.917453481402558
synthetic_exchange,economics,seasonal_naive,exchange_0,2025-02-15 00:00:00,5.0320057670254545,4.9899999999999975
synthetic_exchange,economics,seasonal_naive,exchange_0,2025-02-16 00:00:00,5.057453481402556,5.062546518597442
synthetic_exchange,economics,seasonal_naive,exchange_0,2025-02-17 00:00:00,5.129999999999998,5.0879942329745464
synthetic_exchange,economics,seasonal_naive,exchange_0,2025-02-18 00:00:00,5.2025465185974396,5.054710699129407
synthetic_exchange,economics,seasonal_naive,exchange_0,2025-02-19 00:00:00,5.227994232974547,4.9952893008706
synthetic_exchange,economics,seasonal_naive,exchange_0,2025-02-20 00:00:00,5.194710699129402,4.962005767025454
synthetic_exchange,economics,seasonal_naive,exchange_0,2025-02-21 00:00:00,5.135289300870594,4.987453481402556
synthetic_exchange,economics,seasonal_naive,exchange_0,2025-02-22 00:00:00,5.102005767025453,5.0600000000000005
synthetic_exchange,economics,seasonal_naive,exchange_0,2025-02-23 00:00:00,5.127453481402558,5.132546518597444
synthetic_exchange,economics,seasonal_naive,exchange_1,2025-02-12 00:00:00,5.187994232974546,4.955289300870595
synthetic_exchange,economics,seasonal_naive,exchange_1,2025-02-13 00:00:00,5.154710699129404,4.922005767025455
synthetic_exchange,economics,seasonal_naive,exchange_1,2025-02-14 00:00:00,5.095289300870597,4.947453481402558
synthetic_exchange,economics,seasonal_naive,exchange_1,2025-02-15 00:00:00,5.062005767025455,5.019999999999998
synthetic_exchange,economics,seasonal_naive,exchange_1,2025-02-16 00:00:00,5.087453481402556,5.092546518597442
synthetic_exchange,economics,seasonal_naive,exchange_1,2025-02-17 00:00:00,5.159999999999998,5.117994232974547
synthetic_exchange,economics,seasonal_naive,exchange_1,2025-02-18 00:00:00,5.23254651859744,5.084710699129407
synthetic_exchange,economics,seasonal_naive,exchange_1,2025-02-19 00:00:00,5.257994232974547,5.0252893008706
synthetic_exchange,economics,seasonal_naive,exchange_1,2025-02-20 00:00:00,5.224710699129402,4.9920057670254545
synthetic_exchange,economics,seasonal_naive,exchange_1,2025-02-21 00:00:00,5.165289300870595,5.017453481402557
synthetic_exchange,economics,seasonal_naive,exchange_1,2025-02-22 00:00:00,5.132005767025453,5.090000000000001
synthetic_exchange,economics,seasonal_naive,exchange_1,2025-02-23 00:00:00,5.157453481402558,5.162546518597444
synthetic_exchange,economics,seasonal_naive,exchange_2,2025-02-12 00:00:00,5.2179942329745455,4.985289300870594
synthetic_exchange,economics,seasonal_naive,exchange_2,2025-02-13 00:00:00,5.184710699129403,4.9520057670254545
synthetic_exchange,economics,seasonal_naive,exchange_2,2025-02-14 00:00:00,5.125289300870596,4.9774534814025575
synthetic_exchange,economics,seasonal_naive,exchange_2,2025-02-15 00:00:00,5.092005767025454,5.049999999999997
synthetic_exchange,economics,seasonal_naive,exchange_2,2025-02-16 00:00:00,5.117453481402555,5.122546518597441
synthetic_exchange,economics,seasonal_naive,exchange_2,2025-02-17 00:00:00,5.189999999999998,5.147994232974546
synthetic_exchange,economics,seasonal_naive,exchange_2,2025-02-18 00:00:00,5.262546518597439,5.1147106991294065
synthetic_exchange,economics,seasonal_naive,exchange_2,2025-02-19 00:00:00,5.287994232974547,5.0552893008706
synthetic_exchange,economics,seasonal_naive,exchange_2,2025-02-20 00:00:00,5.254710699129402,5.022005767025454
synthetic_exchange,economics,seasonal_naive,exchange_2,2025-02-21 00:00:00,5.195289300870594,5.047453481402556
synthetic_exchange,economics,seasonal_naive,exchange_2,2025-02-22 00:00:00,5.162005767025453,5.12
synthetic_exchange,economics,seasonal_naive,exchange_2,2025-02-23 00:00:00,5.1874534814025575,5.192546518597443
synthetic_exchange,economics,moving_average,exchange_0,2025-02-12 00:00:00,5.157994232974546,4.955000000000001
synthetic_exchange,economics,moving_average,exchange_0,2025-02-13 00:00:00,5.124710699129404,4.955000000000001
synthetic_exchange,economics,moving_average,exchange_0,2025-02-14 00:00:00,5.065289300870597,4.955000000000001
synthetic_exchange,economics,moving_average,exchange_0,2025-02-15 00:00:00,5.0320057670254545,4.955000000000001
synthetic_exchange,economics,moving_average,exchange_0,2025-02-16 00:00:00,5.057453481402556,4.955000000000001
synthetic_exchange,economics,moving_average,exchange_0,2025-02-17 00:00:00,5.129999999999998,4.955000000000001
synthetic_exchange,economics,moving_average,exchange_0,2025-02-18 00:00:00,5.2025465185974396,4.955000000000001
synthetic_exchange,economics,moving_average,exchange_0,2025-02-19 00:00:00,5.227994232974547,4.955000000000001
synthetic_exchange,economics,moving_average,exchange_0,2025-02-20 00:00:00,5.194710699129402,4.955000000000001
synthetic_exchange,economics,moving_average,exchange_0,2025-02-21 00:00:00,5.135289300870594,4.955000000000001
synthetic_exchange,economics,moving_average,exchange_0,2025-02-22 00:00:00,5.102005767025453,4.955000000000001
synthetic_exchange,economics,moving_average,exchange_0,2025-02-23 00:00:00,5.127453481402558,4.955000000000001
synthetic_exchange,economics,moving_average,exchange_1,2025-02-12 00:00:00,5.187994232974546,4.985
synthetic_exchange,economics,moving_average,exchange_1,2025-02-13 00:00:00,5.154710699129404,4.985
synthetic_exchange,economics,moving_average,exchange_1,2025-02-14 00:00:00,5.095289300870597,4.985
synthetic_exchange,economics,moving_average,exchange_1,2025-02-15 00:00:00,5.062005767025455,4.985
synthetic_exchange,economics,moving_average,exchange_1,2025-02-16 00:00:00,5.087453481402556,4.985
synthetic_exchange,economics,moving_average,exchange_1,2025-02-17 00:00:00,5.159999999999998,4.985
synthetic_exchange,economics,moving_average,exchange_1,2025-02-18 00:00:00,5.23254651859744,4.985
synthetic_exchange,economics,moving_average,exchange_1,2025-02-19 00:00:00,5.257994232974547,4.985
synthetic_exchange,economics,moving_average,exchange_1,2025-02-20 00:00:00,5.224710699129402,4.985
synthetic_exchange,economics,moving_average,exchange_1,2025-02-21 00:00:00,5.165289300870595,4.985
synthetic_exchange,economics,moving_average,exchange_1,2025-02-22 00:00:00,5.132005767025453,4.985
synthetic_exchange,economics,moving_average,exchange_1,2025-02-23 00:00:00,5.157453481402558,4.985
synthetic_exchange,economics,moving_average,exchange_2,2025-02-12 00:00:00,5.2179942329745455,5.015000000000001
synthetic_exchange,economics,moving_average,exchange_2,2025-02-13 00:00:00,5.184710699129403,5.015000000000001
synthetic_exchange,economics,moving_average,exchange_2,2025-02-14 00:00:00,5.125289300870596,5.015000000000001
synthetic_exchange,economics,moving_average,exchange_2,2025-02-15 00:00:00,5.092005767025454,5.015000000000001
synthetic_exchange,economics,moving_average,exchange_2,2025-02-16 00:00:00,5.117453481402555,5.015000000000001
synthetic_exchange,economics,moving_average,exchange_2,2025-02-17 00:00:00,5.189999999999998,5.015000000000001
synthetic_exchange,economics,moving_average,exchange_2,2025-02-18 00:00:00,5.262546518597439,5.015000000000001
synthetic_exchange,economics,moving_average,exchange_2,2025-02-19 00:00:00,5.287994232974547,5.015000000000001
synthetic_exchange,economics,moving_average,exchange_2,2025-02-20 00:00:00,5.254710699129402,5.015000000000001
synthetic_exchange,economics,moving_average,exchange_2,2025-02-21 00:00:00,5.195289300870594,5.015000000000001
synthetic_exchange,economics,moving_average,exchange_2,2025-02-22 00:00:00,5.162005767025453,5.015000000000001
synthetic_exchange,economics,moving_average,exchange_2,2025-02-23 00:00:00,5.1874534814025575,5.015000000000001
synthetic_exchange,economics,linear_trend,exchange_0,2025-02-12 00:00:00,5.157994232974546,5.0800871915033
synthetic_exchange,economics,linear_trend,exchange_0,2025-02-13 00:00:00,5.124710699129404,5.090088699562962
synthetic_exchange,economics,linear_trend,exchange_0,2025-02-14 00:00:00,5.065289300870597,5.100090207622625
synthetic_exchange,economics,linear_trend,exchange_0,2025-02-15 00:00:00,5.0320057670254545,5.110091715682287
synthetic_exchange,economics,linear_trend,exchange_0,2025-02-16 00:00:00,5.057453481402556,5.120093223741949
synthetic_exchange,economics,linear_trend,exchange_0,2025-02-17 00:00:00,5.129999999999998,5.130094731801612
synthetic_exchange,economics,linear_trend,exchange_0,2025-02-18 00:00:00,5.2025465185974396,5.140096239861274
synthetic_exchange,economics,linear_trend,exchange_0,2025-02-19 00:00:00,5.227994232974547,5.150097747920936
synthetic_exchange,economics,linear_trend,exchange_0,2025-02-20 00:00:00,5.194710699129402,5.160099255980599
synthetic_exchange,economics,linear_trend,exchange_0,2025-02-21 00:00:00,5.135289300870594,5.170100764040261
synthetic_exchange,economics,linear_trend,exchange_0,2025-02-22 00:00:00,5.102005767025453,5.180102272099924
synthetic_exchange,economics,linear_trend,exchange_0,2025-02-23 00:00:00,5.127453481402558,5.1901037801595855
synthetic_exchange,economics,linear_trend,exchange_1,2025-02-12 00:00:00,5.187994232974546,5.1100871915033
synthetic_exchange,economics,linear_trend,exchange_1,2025-02-13 00:00:00,5.154710699129404,5.120088699562963
synthetic_exchange,economics,linear_trend,exchange_1,2025-02-14 00:00:00,5.095289300870597,5.130090207622625
synthetic_exchange,economics,linear_trend,exchange_1,2025-02-15 00:00:00,5.062005767025455,5.140091715682288
synthetic_exchange,economics,linear_trend,exchange_1,2025-02-16 00:00:00,5.087453481402556,5.15009322374195
synthetic_exchange,economics,linear_trend,exchange_1,2025-02-17 00:00:00,5.159999999999998,5.160094731801612
synthetic_exchange,economics,linear_trend,exchange_1,2025-02-18 00:00:00,5.23254651859744,5.170096239861275
synthetic_exchange,economics,linear_trend,exchange_1,2025-02-19 00:00:00,5.257994232974547,5.180097747920937
synthetic_exchange,economics,linear_trend,exchange_1,2025-02-20 00:00:00,5.224710699129402,5.190099255980599
synthetic_exchange,economics,linear_trend,exchange_1,2025-02-21 00:00:00,5.165289300870595,5.200100764040262
synthetic_exchange,economics,linear_trend,exchange_1,2025-02-22 00:00:00,5.132005767025453,5.210102272099924
synthetic_exchange,economics,linear_trend,exchange_1,2025-02-23 00:00:00,5.157453481402558,5.220103780159587
synthetic_exchange,economics,linear_trend,exchange_2,2025-02-12 00:00:00,5.2179942329745455,5.140087191503297
synthetic_exchange,economics,linear_trend,exchange_2,2025-02-13 00:00:00,5.184710699129403,5.150088699562959
synthetic_exchange,economics,linear_trend,exchange_2,2025-02-14 00:00:00,5.125289300870596,5.160090207622622
synthetic_exchange,economics,linear_trend,exchange_2,2025-02-15 00:00:00,5.092005767025454,5.170091715682284
synthetic_exchange,economics,linear_trend,exchange_2,2025-02-16 00:00:00,5.117453481402555,5.180093223741946
synthetic_exchange,economics,linear_trend,exchange_2,2025-02-17 00:00:00,5.189999999999998,5.190094731801609
synthetic_exchange,economics,linear_trend,exchange_2,2025-02-18 00:00:00,5.262546518597439,5.200096239861271
synthetic_exchange,economics,linear_trend,exchange_2,2025-02-19 00:00:00,5.287994232974547,5.210097747920933
synthetic_exchange,economics,linear_trend,exchange_2,2025-02-20 00:00:00,5.254710699129402,5.220099255980596
synthetic_exchange,economics,linear_trend,exchange_2,2025-02-21 00:00:00,5.195289300870594,5.230100764040258
synthetic_exchange,economics,linear_trend,exchange_2,2025-02-22 00:00:00,5.162005767025453,5.240102272099921
synthetic_exchange,economics,linear_trend,exchange_2,2025-02-23 00:00:00,5.1874534814025575,5.2501037801595825
synthetic_exchange,economics,ridge_ar,exchange_0,2025-02-12 00:00:00,5.157994232974546,5.169838055074452
synthetic_exchange,economics,ridge_ar,exchange_0,2025-02-13 00:00:00,5.124710699129404,5.066434438270114
synthetic_exchange,economics,ridge_ar,exchange_0,2025-02-14 00:00:00,5.065289300870597,5.164248901218636
synthetic_exchange,economics,ridge_ar,exchange_0,2025-02-15 00:00:00,5.0320057670254545,4.855600397694993
synthetic_exchange,economics,ridge_ar,exchange_0,2025-02-16 00:00:00,5.057453481402556,4.620163861530133
synthetic_exchange,economics,ridge_ar,exchange_0,2025-02-17 00:00:00,5.129999999999998,3.2219198377194016
synthetic_exchange,economics,ridge_ar,exchange_0,2025-02-18 00:00:00,5.2025465185974396,-11.188911233369637
synthetic_exchange,economics,ridge_ar,exchange_0,2025-02-19 00:00:00,5.227994232974547,-176.16856291236894
synthetic_exchange,economics,ridge_ar,exchange_0,2025-02-20 00:00:00,5.194710699129402,-2071.4896995149606
synthetic_exchange,economics,ridge_ar,exchange_0,2025-02-21 00:00:00,5.135289300870594,-23847.276506127455
synthetic_exchange,economics,ridge_ar,exchange_0,2025-02-22 00:00:00,5.102005767025453,-274036.5334418083
synthetic_exchange,economics,ridge_ar,exchange_0,2025-02-23 00:00:00,5.127453481402558,-3148546.925808347
synthetic_exchange,economics,ridge_ar,exchange_1,2025-02-12 00:00:00,5.187994232974546,5.199838055074452
synthetic_exchange,economics,ridge_ar,exchange_1,2025-02-13 00:00:00,5.154710699129404,5.096434438270112
synthetic_exchange,economics,ridge_ar,exchange_1,2025-02-14 00:00:00,5.095289300870597,5.194248901218639
synthetic_exchange,economics,ridge_ar,exchange_1,2025-02-15 00:00:00,5.062005767025455,4.885600397694987
synthetic_exchange,economics,ridge_ar,exchange_1,2025-02-16 00:00:00,5.087453481402556,4.650163861530106
synthetic_exchange,economics,ridge_ar,exchange_1,2025-02-17 00:00:00,5.159999999999998,3.251919837719188
synthetic_exchange,economics,ridge_ar,exchange_1,2025-02-18 00:00:00,5.23254651859744,-11.158911233372026
synthetic_exchange,economics,ridge_ar,exchange_1,2025-02-19 00:00:00,5.257994232974547,-176.13856291239637
synthetic_exchange,economics,ridge_ar,exchange_1,2025-02-20 00:00:00,5.224710699129402,-2071.459699515276
synthetic_exchange,economics,ridge_ar,exchange_1,2025-02-21 00:00:00,5.165289300870595,-23847.246506131083
synthetic_exchange,economics,ridge_ar,exchange_1,2025-02-22 00:00:00,5.132005767025453,-274036.50344185
synthetic_exchange,economics,ridge_ar,exchange_1,2025-02-23 00:00:00,5.157453481402558,-3148546.895808825
synthetic_exchange,economics,ridge_ar,exchange_2,2025-02-12 00:00:00,5.2179942329745455,5.229838055074449
synthetic_exchange,economics,ridge_ar,exchange_2,2025-02-13 00:00:00,5.184710699129403,5.1264344382701195
synthetic_exchange,economics,ridge_ar,exchange_2,2025-02-14 00:00:00,5.125289300870596,5.22424890121863
synthetic_exchange,economics,ridge_ar,exchange_2,2025-02-15 00:00:00,5.092005767025454,4.915600397695015
synthetic_exchange,economics,ridge_ar,exchange_2,2025-02-16 00:00:00,5.117453481402555,4.680163861530232
synthetic_exchange,economics,ridge_ar,exchange_2,2025-02-17 00:00:00,5.189999999999998,3.2819198377201744
synthetic_exchange,economics,ridge_ar,exchange_2,2025-02-18 00:00:00,5.262546518597439,-11.128911233361007
synthetic_exchange,economics,ridge_ar,exchange_2,2025-02-19 00:00:00,5.287994232974547,-176.1085629122699
synthetic_exchange,economics,ridge_ar,exchange_2,2025-02-20 00:00:00,5.254710699129402,-2071.4296995138234
synthetic_exchange,economics,ridge_ar,exchange_2,2025-02-21 00:00:00,5.195289300870594,-23847.216506114386
synthetic_exchange,economics,ridge_ar,exchange_2,2025-02-22 00:00:00,5.162005767025453,-274036.4734416581
synthetic_exchange,economics,ridge_ar,exchange_2,2025-02-23 00:00:00,5.1874534814025575,-3148546.8658066206
synthetic_exchange,economics,hist_gradient_boosting_ar,exchange_0,2025-02-12 00:00:00,5.157994232974546,5.08143896320909
synthetic_exchange,economics,hist_gradient_boosting_ar,exchange_0,2025-02-13 00:00:00,5.124710699129404,5.08143896320909
synthetic_exchange,economics,hist_gradient_boosting_ar,exchange_0,2025-02-14 00:00:00,5.065289300870597,5.08143896320909
synthetic_exchange,economics,hist_gradient_boosting_ar,exchange_0,2025-02-15 00:00:00,5.0320057670254545,5.08143896320909
synthetic_exchange,economics,hist_gradient_boosting_ar,exchange_0,2025-02-16 00:00:00,5.057453481402556,5.08143896320909
synthetic_exchange,economics,hist_gradient_boosting_ar,exchange_0,2025-02-17 00:00:00,5.129999999999998,5.08143896320909
synthetic_exchange,economics,hist_gradient_boosting_ar,exchange_0,2025-02-18 00:00:00,5.2025465185974396,5.08143896320909
synthetic_exchange,economics,hist_gradient_boosting_ar,exchange_0,2025-02-19 00:00:00,5.227994232974547,5.08143896320909
synthetic_exchange,economics,hist_gradient_boosting_ar,exchange_0,2025-02-20 00:00:00,5.194710699129402,5.08143896320909
synthetic_exchange,economics,hist_gradient_boosting_ar,exchange_0,2025-02-21 00:00:00,5.135289300870594,5.08143896320909
synthetic_exchange,economics,hist_gradient_boosting_ar,exchange_0,2025-02-22 00:00:00,5.102005767025453,5.08143896320909
synthetic_exchange,economics,hist_gradient_boosting_ar,exchange_0,2025-02-23 00:00:00,5.127453481402558,5.08143896320909
synthetic_exchange,economics,hist_gradient_boosting_ar,exchange_1,2025-02-12 00:00:00,5.187994232974546,5.11143896320909
synthetic_exchange,economics,hist_gradient_boosting_ar,exchange_1,2025-02-13 00:00:00,5.154710699129404,5.11143896320909
synthetic_exchange,economics,hist_gradient_boosting_ar,exchange_1,2025-02-14 00:00:00,5.095289300870597,5.11143896320909
synthetic_exchange,economics,hist_gradient_boosting_ar,exchange_1,2025-02-15 00:00:00,5.062005767025455,5.11143896320909
synthetic_exchange,economics,hist_gradient_boosting_ar,exchange_1,2025-02-16 00:00:00,5.087453481402556,5.11143896320909
synthetic_exchange,economics,hist_gradient_boosting_ar,exchange_1,2025-02-17 00:00:00,5.159999999999998,5.11143896320909
synthetic_exchange,economics,hist_gradient_boosting_ar,exchange_1,2025-02-18 00:00:00,5.23254651859744,5.11143896320909
synthetic_exchange,economics,hist_gradient_boosting_ar,exchange_1,2025-02-19 00:00:00,5.257994232974547,5.11143896320909
synthetic_exchange,economics,hist_gradient_boosting_ar,exchange_1,2025-02-20 00:00:00,5.224710699129402,5.11143896320909
synthetic_exchange,economics,hist_gradient_boosting_ar,exchange_1,2025-02-21 00:00:00,5.165289300870595,5.11143896320909
synthetic_exchange,economics,hist_gradient_boosting_ar,exchange_1,2025-02-22 00:00:00,5.132005767025453,5.11143896320909
synthetic_exchange,economics,hist_gradient_boosting_ar,exchange_1,2025-02-23 00:00:00,5.157453481402558,5.11143896320909
synthetic_exchange,economics,hist_gradient_boosting_ar,exchange_2,2025-02-12 00:00:00,5.2179942329745455,5.141438963209089
synthetic_exchange,economics,hist_gradient_boosting_ar,exchange_2,2025-02-13 00:00:00,5.184710699129403,5.141438963209089
synthetic_exchange,economics,hist_gradient_boosting_ar,exchange_2,2025-02-14 00:00:00,5.125289300870596,5.141438963209089
synthetic_exchange,economics,hist_gradient_boosting_ar,exchange_2,2025-02-15 00:00:00,5.092005767025454,5.141438963209089
synthetic_exchange,economics,hist_gradient_boosting_ar,exchange_2,2025-02-16 00:00:00,5.117453481402555,5.141438963209089
synthetic_exchange,economics,hist_gradient_boosting_ar,exchange_2,2025-02-17 00:00:00,5.189999999999998,5.141438963209089
synthetic_exchange,economics,hist_gradient_boosting_ar,exchange_2,2025-02-18 00:00:00,5.262546518597439,5.141438963209089
synthetic_exchange,economics,hist_gradient_boosting_ar,exchange_2,2025-02-19 00:00:00,5.287994232974547,5.141438963209089
synthetic_exchange,economics,hist_gradient_boosting_ar,exchange_2,2025-02-20 00:00:00,5.254710699129402,5.141438963209089
synthetic_exchange,economics,hist_gradient_boosting_ar,exchange_2,2025-02-21 00:00:00,5.195289300870594,5.141438963209089
synthetic_exchange,economics,hist_gradient_boosting_ar,exchange_2,2025-02-22 00:00:00,5.162005767025453,5.141438963209089
synthetic_exchange,economics,hist_gradient_boosting_ar,exchange_2,2025-02-23 00:00:00,5.1874534814025575,5.141438963209089
synthetic_exchange,economics,lightgbm_ar,exchange_0,2025-02-12 00:00:00,5.157994232974546,5.093276390402644
synthetic_exchange,economics,lightgbm_ar,exchange_0,2025-02-13 00:00:00,5.124710699129404,5.0746820733520455
synthetic_exchange,economics,lightgbm_ar,exchange_0,2025-02-14 00:00:00,5.065289300870597,5.0746820733520455
synthetic_exchange,economics,lightgbm_ar,exchange_0,2025-02-15 00:00:00,5.0320057670254545,5.097704736120944
synthetic_exchange,economics,lightgbm_ar,exchange_0,2025-02-16 00:00:00,5.057453481402556,5.097704736120944
synthetic_exchange,economics,lightgbm_ar,exchange_0,2025-02-17 00:00:00,5.129999999999998,5.097704736120944
synthetic_exchange,economics,lightgbm_ar,exchange_0,2025-02-18 00:00:00,5.2025465185974396,5.097704736120944
synthetic_exchange,economics,lightgbm_ar,exchange_0,2025-02-19 00:00:00,5.227994232974547,5.097704736120944
synthetic_exchange,economics,lightgbm_ar,exchange_0,2025-02-20 00:00:00,5.194710699129402,5.097704736120944
synthetic_exchange,economics,lightgbm_ar,exchange_0,2025-02-21 00:00:00,5.135289300870594,5.097704736120944
synthetic_exchange,economics,lightgbm_ar,exchange_0,2025-02-22 00:00:00,5.102005767025453,5.097704736120944
synthetic_exchange,economics,lightgbm_ar,exchange_0,2025-02-23 00:00:00,5.127453481402558,5.097704736120944
synthetic_exchange,economics,lightgbm_ar,exchange_1,2025-02-12 00:00:00,5.187994232974546,5.123276390402644
synthetic_exchange,economics,lightgbm_ar,exchange_1,2025-02-13 00:00:00,5.154710699129404,5.104682073352046
synthetic_exchange,economics,lightgbm_ar,exchange_1,2025-02-14 00:00:00,5.095289300870597,5.104682073352046
synthetic_exchange,economics,lightgbm_ar,exchange_1,2025-02-15 00:00:00,5.062005767025455,5.127704736120945
synthetic_exchange,economics,lightgbm_ar,exchange_1,2025-02-16 00:00:00,5.087453481402556,5.127704736120945
synthetic_exchange,economics,lightgbm_ar,exchange_1,2025-02-17 00:00:00,5.159999999999998,5.127704736120945
synthetic_exchange,economics,lightgbm_ar,exchange_1,2025-02-18 00:00:00,5.23254651859744,5.127704736120945
synthetic_exchange,economics,lightgbm_ar,exchange_1,2025-02-19 00:00:00,5.257994232974547,5.127704736120945
synthetic_exchange,economics,lightgbm_ar,exchange_1,2025-02-20 00:00:00,5.224710699129402,5.127704736120945
synthetic_exchange,economics,lightgbm_ar,exchange_1,2025-02-21 00:00:00,5.165289300870595,5.127704736120945
synthetic_exchange,economics,lightgbm_ar,exchange_1,2025-02-22 00:00:00,5.132005767025453,5.127704736120945
synthetic_exchange,economics,lightgbm_ar,exchange_1,2025-02-23 00:00:00,5.157453481402558,5.127704736120945
synthetic_exchange,economics,lightgbm_ar,exchange_2,2025-02-12 00:00:00,5.2179942329745455,5.1532763904026435
synthetic_exchange,economics,lightgbm_ar,exchange_2,2025-02-13 00:00:00,5.184710699129403,5.134682073352044
synthetic_exchange,economics,lightgbm_ar,exchange_2,2025-02-14 00:00:00,5.125289300870596,5.134682073352044
synthetic_exchange,economics,lightgbm_ar,exchange_2,2025-02-15 00:00:00,5.092005767025454,5.1577047361209445
synthetic_exchange,economics,lightgbm_ar,exchange_2,2025-02-16 00:00:00,5.117453481402555,5.1577047361209445
synthetic_exchange,economics,lightgbm_ar,exchange_2,2025-02-17 00:00:00,5.189999999999998,5.1577047361209445
synthetic_exchange,economics,lightgbm_ar,exchange_2,2025-02-18 00:00:00,5.262546518597439,5.1577047361209445
synthetic_exchange,economics,lightgbm_ar,exchange_2,2025-02-19 00:00:00,5.287994232974547,5.1577047361209445
synthetic_exchange,economics,lightgbm_ar,exchange_2,2025-02-20 00:00:00,5.254710699129402,5.1577047361209445
synthetic_exchange,economics,lightgbm_ar,exchange_2,2025-02-21 00:00:00,5.195289300870594,5.1577047361209445
synthetic_exchange,economics,lightgbm_ar,exchange_2,2025-02-22 00:00:00,5.162005767025453,5.1577047361209445
synthetic_exchange,economics,lightgbm_ar,exchange_2,2025-02-23 00:00:00,5.1874534814025575,5.1577047361209445
synthetic_exchange,economics,xgboost_ar,exchange_0,2025-02-12 00:00:00,5.157994232974546,5.072945785589974
synthetic_exchange,economics,xgboost_ar,exchange_0,2025-02-13 00:00:00,5.124710699129404,5.05117466262095
synthetic_exchange,economics,xgboost_ar,exchange_0,2025-02-14 00:00:00,5.065289300870597,5.040390867512327
synthetic_exchange,economics,xgboost_ar,exchange_0,2025-02-15 00:00:00,5.0320057670254545,5.0634416794993715
synthetic_exchange,economics,xgboost_ar,exchange_0,2025-02-16 00:00:00,5.057453481402556,5.074225474607994
synthetic_exchange,economics,xgboost_ar,exchange_0,2025-02-17 00:00:00,5.129999999999998,5.074225474607994
synthetic_exchange,economics,xgboost_ar,exchange_0,2025-02-18 00:00:00,5.2025465185974396,5.074225474607994
synthetic_exchange,economics,xgboost_ar,exchange_0,2025-02-19 00:00:00,5.227994232974547,5.074225474607994
synthetic_exchange,economics,xgboost_ar,exchange_0,2025-02-20 00:00:00,5.194710699129402,5.059111116580482
synthetic_exchange,economics,xgboost_ar,exchange_0,2025-02-21 00:00:00,5.135289300870594,5.068014417278963
synthetic_exchange,economics,xgboost_ar,exchange_0,2025-02-22 00:00:00,5.102005767025453,5.074225474607994
synthetic_exchange,economics,xgboost_ar,exchange_0,2025-02-23 00:00:00,5.127453481402558,5.074225474607994
synthetic_exchange,economics,xgboost_ar,exchange_1,2025-02-12 00:00:00,5.187994232974546,5.102945785589975
synthetic_exchange,economics,xgboost_ar,exchange_1,2025-02-13 00:00:00,5.154710699129404,5.081174662620951
synthetic_exchange,economics,xgboost_ar,exchange_1,2025-02-14 00:00:00,5.095289300870597,5.070390867512328
synthetic_exchange,economics,xgboost_ar,exchange_1,2025-02-15 00:00:00,5.062005767025455,5.093441679499373
synthetic_exchange,economics,xgboost_ar,exchange_1,2025-02-16 00:00:00,5.087453481402556,5.104225474607995
synthetic_exchange,economics,xgboost_ar,exchange_1,2025-02-17 00:00:00,5.159999999999998,5.104225474607995
synthetic_exchange,economics,xgboost_ar,exchange_1,2025-02-18 00:00:00,5.23254651859744,5.104225474607995
synthetic_exchange,economics,xgboost_ar,exchange_1,2025-02-19 00:00:00,5.257994232974547,5.104225474607995
synthetic_exchange,economics,xgboost_ar,exchange_1,2025-02-20 00:00:00,5.224710699129402,5.089111116580482
synthetic_exchange,economics,xgboost_ar,exchange_1,2025-02-21 00:00:00,5.165289300870595,5.098014417278964
synthetic_exchange,economics,xgboost_ar,exchange_1,2025-02-22 00:00:00,5.132005767025453,5.104225474607995
synthetic_exchange,economics,xgboost_ar,exchange_1,2025-02-23 00:00:00,5.157453481402558,5.104225474607995
synthetic_exchange,economics,xgboost_ar,exchange_2,2025-02-12 00:00:00,5.2179942329745455,5.132945785589975
synthetic_exchange,economics,xgboost_ar,exchange_2,2025-02-13 00:00:00,5.184710699129403,5.111174662620949
synthetic_exchange,economics,xgboost_ar,exchange_2,2025-02-14 00:00:00,5.125289300870596,5.100390867512328
synthetic_exchange,economics,xgboost_ar,exchange_2,2025-02-15 00:00:00,5.092005767025454,5.123441679499372
synthetic_exchange,economics,xgboost_ar,exchange_2,2025-02-16 00:00:00,5.117453481402555,5.1342254746079945
synthetic_exchange,economics,xgboost_ar,exchange_2,2025-02-17 00:00:00,5.189999999999998,5.1342254746079945
synthetic_exchange,economics,xgboost_ar,exchange_2,2025-02-18 00:00:00,5.262546518597439,5.1342254746079945
synthetic_exchange,economics,xgboost_ar,exchange_2,2025-02-19 00:00:00,5.287994232974547,5.1342254746079945
synthetic_exchange,economics,xgboost_ar,exchange_2,2025-02-20 00:00:00,5.254710699129402,5.119111116580481
synthetic_exchange,economics,xgboost_ar,exchange_2,2025-02-21 00:00:00,5.195289300870594,5.128014417278963
synthetic_exchange,economics,xgboost_ar,exchange_2,2025-02-22 00:00:00,5.162005767025453,5.1342254746079945
synthetic_exchange,economics,xgboost_ar,exchange_2,2025-02-23 00:00:00,5.1874534814025575,5.1342254746079945
synthetic_exchange,economics,tabpfn_ts,exchange_0,2025-02-12 00:00:00,5.157994232974546,5.108187198638916
synthetic_exchange,economics,tabpfn_ts,exchange_0,2025-02-13 00:00:00,5.124710699129404,5.112908840179443
synthetic_exchange,economics,tabpfn_ts,exchange_0,2025-02-14 00:00:00,5.065289300870597,5.079800128936768
synthetic_exchange,economics,tabpfn_ts,exchange_0,2025-02-15 00:00:00,5.0320057670254545,5.072696685791016
synthetic_exchange,economics,tabpfn_ts,exchange_0,2025-02-16 00:00:00,5.057453481402556,5.073014736175537
synthetic_exchange,economics,tabpfn_ts,exchange_0,2025-02-17 00:00:00,5.129999999999998,5.098957061767578
synthetic_exchange,economics,tabpfn_ts,exchange_0,2025-02-18 00:00:00,5.2025465185974396,5.140928268432617
synthetic_exchange,economics,tabpfn_ts,exchange_0,2025-02-19 00:00:00,5.227994232974547,5.149779319763184
synthetic_exchange,economics,tabpfn_ts,exchange_0,2025-02-20 00:00:00,5.194710699129402,5.153746128082275
synthetic_exchange,economics,tabpfn_ts,exchange_0,2025-02-21 00:00:00,5.135289300870594,5.12860631942749
synthetic_exchange,economics,tabpfn_ts,exchange_0,2025-02-22 00:00:00,5.102005767025453,5.118673801422119
synthetic_exchange,economics,tabpfn_ts,exchange_0,2025-02-23 00:00:00,5.127453481402558,5.127035140991211
synthetic_exchange,economics,tabpfn_ts,exchange_1,2025-02-12 00:00:00,5.187994232974546,5.138186931610107
synthetic_exchange,economics,tabpfn_ts,exchange_1,2025-02-13 00:00:00,5.154710699129404,5.142909049987793
synthetic_exchange,economics,tabpfn_ts,exchange_1,2025-02-14 00:00:00,5.095289300870597,5.109799861907959
synthetic_exchange,economics,tabpfn_ts,exchange_1,2025-02-15 00:00:00,5.062005767025455,5.102696418762207
synthetic_exchange,economics,tabpfn_ts,exchange_1,2025-02-16 00:00:00,5.087453481402556,5.1030144691467285
synthetic_exchange,economics,tabpfn_ts,exchange_1,2025-02-17 00:00:00,5.159999999999998,5.1289567947387695
synthetic_exchange,economics,tabpfn_ts,exchange_1,2025-02-18 00:00:00,5.23254651859744,5.170928478240967
synthetic_exchange,economics,tabpfn_ts,exchange_1,2025-02-19 00:00:00,5.257994232974547,5.179779529571533
synthetic_exchange,economics,tabpfn_ts,exchange_1,2025-02-20 00:00:00,5.224710699129402,5.183745861053467
synthetic_exchange,economics,tabpfn_ts,exchange_1,2025-02-21 00:00:00,5.165289300870595,5.15860652923584
synthetic_exchange,economics,tabpfn_ts,exchange_1,2025-02-22 00:00:00,5.132005767025453,5.148674011230469
synthetic_exchange,economics,tabpfn_ts,exchange_1,2025-02-23 00:00:00,5.157453481402558,5.1570353507995605
synthetic_exchange,economics,tabpfn_ts,exchange_2,2025-02-12 00:00:00,5.2179942329745455,5.168187141418457
synthetic_exchange,economics,tabpfn_ts,exchange_2,2025-02-13 00:00:00,5.184710699129403,5.172908782958984
synthetic_exchange,economics,tabpfn_ts,exchange_2,2025-02-14 00:00:00,5.125289300870596,5.139800071716309
synthetic_exchange,economics,tabpfn_ts,exchange_2,2025-02-15 00:00:00,5.092005767025454,5.132696628570557
synthetic_exchange,economics,tabpfn_ts,exchange_2,2025-02-16 00:00:00,5.117453481402555,5.133014678955078
synthetic_exchange,economics,tabpfn_ts,exchange_2,2025-02-17 00:00:00,5.189999999999998,5.158957004547119
synthetic_exchange,economics,tabpfn_ts,exchange_2,2025-02-18 00:00:00,5.262546518597439,5.200928211212158
synthetic_exchange,economics,tabpfn_ts,exchange_2,2025-02-19 00:00:00,5.287994232974547,5.209779262542725
synthetic_exchange,economics,tabpfn_ts,exchange_2,2025-02-20 00:00:00,5.254710699129402,5.213745594024658
synthetic_exchange,economics,tabpfn_ts,exchange_2,2025-02-21 00:00:00,5.195289300870594,5.188606262207031
synthetic_exchange,economics,tabpfn_ts,exchange_2,2025-02-22 00:00:00,5.162005767025453,5.17867374420166
synthetic_exchange,economics,tabpfn_ts,exchange_2,2025-02-23 00:00:00,5.1874534814025575,5.187035083770752
stock_provided,finance,dummy_mean,0002.HK_1h,2026-03-19 11:30:00,73.75,73.44882814089458
stock_provided,finance,dummy_mean,0002.HK_1h,2026-03-19 12:30:00,73.5999984741211,73.44882814089458
stock_provided,finance,dummy_mean,0002.HK_1h,2026-03-19 13:30:00,73.55000305175781,73.44882814089458
stock_provided,finance,dummy_mean,0002.HK_1h,2026-03-19 14:30:00,73.75,73.44882814089458
stock_provided,finance,dummy_mean,0002.HK_1h,2026-03-19 15:30:00,73.75,73.44882814089458
stock_provided,finance,dummy_mean,0002.HK_1h,2026-03-20 09:30:00,73.5999984741211,73.44882814089458
stock_provided,finance,dummy_mean,0002.HK_1h,2026-03-20 10:30:00,73.55000305175781,73.44882814089458
stock_provided,finance,dummy_mean,0002.HK_1h,2026-03-20 11:30:00,73.6500015258789,73.44882814089458
stock_provided,finance,dummy_mean,0002.HK_1h,2026-03-20 12:30:00,73.55000305175781,73.44882814089458
stock_provided,finance,dummy_mean,0002.HK_1h,2026-03-20 13:30:00,73.5,73.44882814089458
stock_provided,finance,dummy_mean,0002.HK_1h,2026-03-20 14:30:00,73.6500015258789,73.44882814089458
stock_provided,finance,dummy_mean,0002.HK_1h,2026-03-20 15:30:00,73.5999984741211,73.44882814089458
stock_provided,finance,dummy_mean,0003.HK_1h,2026-03-19 11:30:00,7.360000133514404,7.370364597688119
stock_provided,finance,dummy_mean,0003.HK_1h,2026-03-19 12:30:00,7.380000114440918,7.370364597688119
stock_provided,finance,dummy_mean,0003.HK_1h,2026-03-19 13:30:00,7.389999866485596,7.370364597688119
stock_provided,finance,dummy_mean,0003.HK_1h,2026-03-19 14:30:00,7.389999866485596,7.370364597688119
stock_provided,finance,dummy_mean,0003.HK_1h,2026-03-19 15:30:00,7.420000076293945,7.370364597688119
stock_provided,finance,dummy_mean,0003.HK_1h,2026-03-20 09:30:00,7.389999866485596,7.370364597688119
stock_provided,finance,dummy_mean,0003.HK_1h,2026-03-20 10:30:00,7.349999904632568,7.370364597688119
stock_provided,finance,dummy_mean,0003.HK_1h,2026-03-20 11:30:00,7.340000152587891,7.370364597688119
stock_provided,finance,dummy_mean,0003.HK_1h,2026-03-20 12:30:00,7.349999904632568,7.370364597688119
stock_provided,finance,dummy_mean,0003.HK_1h,2026-03-20 13:30:00,7.320000171661377,7.370364597688119
stock_provided,finance,dummy_mean,0003.HK_1h,2026-03-20 14:30:00,7.329999923706055,7.370364597688119
stock_provided,finance,dummy_mean,0003.HK_1h,2026-03-20 15:30:00,7.340000152587891,7.370364597688119
stock_provided,finance,dummy_mean,0006.HK_1h,2026-03-19 11:30:00,62.04999923706055,59.79466145237287
stock_provided,finance,dummy_mean,0006.HK_1h,2026-03-19 12:30:00,62.400001525878906,59.79466145237287
stock_provided,finance,dummy_mean,0006.HK_1h,2026-03-19 13:30:00,62.20000076293945,59.79466145237287
stock_provided,finance,dummy_mean,0006.HK_1h,2026-03-19 14:30:00,62.25,59.79466145237287
stock_provided,finance,dummy_mean,0006.HK_1h,2026-03-19 15:30:00,62.0,59.79466145237287
stock_provided,finance,dummy_mean,0006.HK_1h,2026-03-20 09:30:00,61.900001525878906,59.79466145237287
stock_provided,finance,dummy_mean,0006.HK_1h,2026-03-20 10:30:00,62.0,59.79466145237287
stock_provided,finance,dummy_mean,0006.HK_1h,2026-03-20 11:30:00,62.09999847412109,59.79466145237287
stock_provided,finance,dummy_mean,0006.HK_1h,2026-03-20 12:30:00,61.95000076293945,59.79466145237287
stock_provided,finance,dummy_mean,0006.HK_1h,2026-03-20 13:30:00,61.900001525878906,59.79466145237287
stock_provided,finance,dummy_mean,0006.HK_1h,2026-03-20 14:30:00,61.900001525878906,59.79466145237287
stock_provided,finance,dummy_mean,0006.HK_1h,2026-03-20 15:30:00,61.79999923706055,59.79466145237287
stock_provided,finance,seasonal_naive,0002.HK_1h,2026-03-19 11:30:00,73.75,73.25
stock_provided,finance,seasonal_naive,0002.HK_1h,2026-03-19 12:30:00,73.5999984741211,73.25
stock_provided,finance,seasonal_naive,0002.HK_1h,2026-03-19 13:30:00,73.55000305175781,73.44999694824219
stock_provided,finance,seasonal_naive,0002.HK_1h,2026-03-19 14:30:00,73.75,73.75
stock_provided,finance,seasonal_naive,0002.HK_1h,2026-03-19 15:30:00,73.75,73.80000305175781
stock_provided,finance,seasonal_naive,0002.HK_1h,2026-03-20 09:30:00,73.5999984741211,73.8499984741211
stock_provided,finance,seasonal_naive,0002.HK_1h,2026-03-20 10:30:00,73.55000305175781,74.0999984741211
stock_provided,finance,seasonal_naive,0002.HK_1h,2026-03-20 11:30:00,73.6500015258789,74.30000305175781
stock_provided,finance,seasonal_naive,0002.HK_1h,2026-03-20 12:30:00,73.55000305175781,74.0999984741211
stock_provided,finance,seasonal_naive,0002.HK_1h,2026-03-20 13:30:00,73.5,74.30000305175781
stock_provided,finance,seasonal_naive,0002.HK_1h,2026-03-20 14:30:00,73.6500015258789,73.94999694824219
stock_provided,finance,seasonal_naive,0002.HK_1h,2026-03-20 15:30:00,73.5999984741211,73.6500015258789
stock_provided,finance,seasonal_naive,0003.HK_1h,2026-03-19 11:30:00,7.360000133514404,7.260000228881836
stock_provided,finance,seasonal_naive,0003.HK_1h,2026-03-19 12:30:00,7.380000114440918,7.269999980926514
stock_provided,finance,seasonal_naive,0003.HK_1h,2026-03-19 13:30:00,7.389999866485596,7.260000228881836
stock_provided,finance,seasonal_naive,0003.HK_1h,2026-03-19 14:30:00,7.389999866485596,7.25
stock_provided,finance,seasonal_naive,0003.HK_1h,2026-03-19 15:30:00,7.420000076293945,7.239999771118164
stock_provided,finance,seasonal_naive,0003.HK_1h,2026-03-20 09:30:00,7.389999866485596,7.239999771118164
stock_provided,finance,seasonal_naive,0003.HK_1h,2026-03-20 10:30:00,7.349999904632568,7.269999980926514
stock_provided,finance,seasonal_naive,0003.HK_1h,2026-03-20 11:30:00,7.340000152587891,7.289999961853027
stock_provided,finance,seasonal_naive,0003.HK_1h,2026-03-20 12:30:00,7.349999904632568,7.300000190734863
stock_provided,finance,seasonal_naive,0003.HK_1h,2026-03-20 13:30:00,7.320000171661377,7.289999961853027
stock_provided,finance,seasonal_naive,0003.HK_1h,2026-03-20 14:30:00,7.329999923706055,7.340000152587891
stock_provided,finance,seasonal_naive,0003.HK_1h,2026-03-20 15:30:00,7.340000152587891,7.340000152587891
stock_provided,finance,seasonal_naive,0006.HK_1h,2026-03-19 11:30:00,62.04999923706055,61.5
stock_provided,finance,seasonal_naive,0006.HK_1h,2026-03-19 12:30:00,62.400001525878906,61.34999847412109
stock_provided,finance,seasonal_naive,0006.HK_1h,2026-03-19 13:30:00,62.20000076293945,61.45000076293945
stock_provided,finance,seasonal_naive,0006.HK_1h,2026-03-19 14:30:00,62.25,61.900001525878906
stock_provided,finance,seasonal_naive,0006.HK_1h,2026-03-19 15:30:00,62.0,61.84999847412109
stock_provided,finance,seasonal_naive,0006.HK_1h,2026-03-20 09:30:00,61.900001525878906,61.900001525878906
stock_provided,finance,seasonal_naive,0006.HK_1h,2026-03-20 10:30:00,62.0,62.20000076293945
stock_provided,finance,seasonal_naive,0006.HK_1h,2026-03-20 11:30:00,62.09999847412109,62.54999923706055
stock_provided,finance,seasonal_naive,0006.HK_1h,2026-03-20 12:30:00,61.95000076293945,62.25
stock_provided,finance,seasonal_naive,0006.HK_1h,2026-03-20 13:30:00,61.900001525878906,62.25
stock_provided,finance,seasonal_naive,0006.HK_1h,2026-03-20 14:30:00,61.900001525878906,62.45000076293945
stock_provided,finance,seasonal_naive,0006.HK_1h,2026-03-20 15:30:00,61.79999923706055,61.95000076293945
stock_provided,finance,moving_average,0002.HK_1h,2026-03-19 11:30:00,73.75,73.4895830154419
stock_provided,finance,moving_average,0002.HK_1h,2026-03-19 12:30:00,73.5999984741211,73.4895830154419
stock_provided,finance,moving_average,0002.HK_1h,2026-03-19 13:30:00,73.55000305175781,73.4895830154419
stock_provided,finance,moving_average,0002.HK_1h,2026-03-19 14:30:00,73.75,73.4895830154419
stock_provided,finance,moving_average,0002.HK_1h,2026-03-19 15:30:00,73.75,73.4895830154419
stock_provided,finance,moving_average,0002.HK_1h,2026-03-20 09:30:00,73.5999984741211,73.4895830154419
stock_provided,finance,moving_average,0002.HK_1h,2026-03-20 10:30:00,73.55000305175781,73.4895830154419
stock_provided,finance,moving_average,0002.HK_1h,2026-03-20 11:30:00,73.6500015258789,73.4895830154419
stock_provided,finance,moving_average,0002.HK_1h,2026-03-20 12:30:00,73.55000305175781,73.4895830154419
stock_provided,finance,moving_average,0002.HK_1h,2026-03-20 13:30:00,73.5,73.4895830154419
stock_provided,finance,moving_average,0002.HK_1h,2026-03-20 14:30:00,73.6500015258789,73.4895830154419
stock_provided,finance,moving_average,0002.HK_1h,2026-03-20 15:30:00,73.5999984741211,73.4895830154419
stock_provided,finance,moving_average,0003.HK_1h,2026-03-19 11:30:00,7.360000133514404,7.304166674613953
stock_provided,finance,moving_average,0003.HK_1h,2026-03-19 12:30:00,7.380000114440918,7.304166674613953
stock_provided,finance,moving_average,0003.HK_1h,2026-03-19 13:30:00,7.389999866485596,7.304166674613953
stock_provided,finance,moving_average,0003.HK_1h,2026-03-19 14:30:00,7.389999866485596,7.304166674613953
stock_provided,finance,moving_average,0003.HK_1h,2026-03-19 15:30:00,7.420000076293945,7.304166674613953
stock_provided,finance,moving_average,0003.HK_1h,2026-03-20 09:30:00,7.389999866485596,7.304166674613953
stock_provided,finance,moving_average,0003.HK_1h,2026-03-20 10:30:00,7.349999904632568,7.304166674613953
stock_provided,finance,moving_average,0003.HK_1h,2026-03-20 11:30:00,7.340000152587891,7.304166674613953
stock_provided,finance,moving_average,0003.HK_1h,2026-03-20 12:30:00,7.349999904632568,7.304166674613953
stock_provided,finance,moving_average,0003.HK_1h,2026-03-20 13:30:00,7.320000171661377,7.304166674613953
stock_provided,finance,moving_average,0003.HK_1h,2026-03-20 14:30:00,7.329999923706055,7.304166674613953
stock_provided,finance,moving_average,0003.HK_1h,2026-03-20 15:30:00,7.340000152587891,7.304166674613953
stock_provided,finance,moving_average,0006.HK_1h,2026-03-19 11:30:00,62.04999923706055,61.633333365122475
stock_provided,finance,moving_average,0006.HK_1h,2026-03-19 12:30:00,62.400001525878906,61.633333365122475
stock_provided,finance,moving_average,0006.HK_1h,2026-03-19 13:30:00,62.20000076293945,61.633333365122475
stock_provided,finance,moving_average,0006.HK_1h,2026-03-19 14:30:00,62.25,61.633333365122475
stock_provided,finance,moving_average,0006.HK_1h,2026-03-19 15:30:00,62.0,61.633333365122475
stock_provided,finance,moving_average,0006.HK_1h,2026-03-20 09:30:00,61.900001525878906,61.633333365122475
stock_provided,finance,moving_average,0006.HK_1h,2026-03-20 10:30:00,62.0,61.633333365122475
stock_provided,finance,moving_average,0006.HK_1h,2026-03-20 11:30:00,62.09999847412109,61.633333365122475
stock_provided,finance,moving_average,0006.HK_1h,2026-03-20 12:30:00,61.95000076293945,61.633333365122475
stock_provided,finance,moving_average,0006.HK_1h,2026-03-20 13:30:00,61.900001525878906,61.633333365122475
stock_provided,finance,moving_average,0006.HK_1h,2026-03-20 14:30:00,61.900001525878906,61.633333365122475
stock_provided,finance,moving_average,0006.HK_1h,2026-03-20 15:30:00,61.79999923706055,61.633333365122475
stock_provided,finance,linear_trend,0002.HK_1h,2026-03-19 11:30:00,73.75,75.96635720084501
stock_provided,finance,linear_trend,0002.HK_1h,2026-03-19 12:30:00,73.5999984741211,75.97943527388371
stock_provided,finance,linear_trend,0002.HK_1h,2026-03-19 13:30:00,73.55000305175781,75.99251334692241
stock_provided,finance,linear_trend,0002.HK_1h,2026-03-19 14:30:00,73.75,76.00559141996112
stock_provided,finance,linear_trend,0002.HK_1h,2026-03-19 15:30:00,73.75,76.01866949299982
stock_provided,finance,linear_trend,0002.HK_1h,2026-03-20 09:30:00,73.5999984741211,76.03174756603852
stock_provided,finance,linear_trend,0002.HK_1h,2026-03-20 10:30:00,73.55000305175781,76.04482563907723
stock_provided,finance,linear_trend,0002.HK_1h,2026-03-20 11:30:00,73.6500015258789,76.05790371211593
stock_provided,finance,linear_trend,0002.HK_1h,2026-03-20 12:30:00,73.55000305175781,76.07098178515463
stock_provided,finance,linear_trend,0002.HK_1h,2026-03-20 13:30:00,73.5,76.08405985819334
stock_provided,finance,linear_trend,0002.HK_1h,2026-03-20 14:30:00,73.6500015258789,76.09713793123204
stock_provided,finance,linear_trend,0002.HK_1h,2026-03-20 15:30:00,73.5999984741211,76.11021600427074
stock_provided,finance,linear_trend,0003.HK_1h,2026-03-19 11:30:00,7.360000133514404,7.634032184664997
stock_provided,finance,linear_trend,0003.HK_1h,2026-03-19 12:30:00,7.380000114440918,7.635401886415526
stock_provided,finance,linear_trend,0003.HK_1h,2026-03-19 13:30:00,7.389999866485596,7.636771588166055
stock_provided,finance,linear_trend,0003.HK_1h,2026-03-19 14:30:00,7.389999866485596,7.638141289916584
stock_provided,finance,linear_trend,0003.HK_1h,2026-03-19 15:30:00,7.420000076293945,7.639510991667113
stock_provided,finance,linear_trend,0003.HK_1h,2026-03-20 09:30:00,7.389999866485596,7.6408806934176425
stock_provided,finance,linear_trend,0003.HK_1h,2026-03-20 10:30:00,7.349999904632568,7.642250395168172
stock_provided,finance,linear_trend,0003.HK_1h,2026-03-20 11:30:00,7.340000152587891,7.643620096918701
stock_provided,finance,linear_trend,0003.HK_1h,2026-03-20 12:30:00,7.349999904632568,7.64498979866923
stock_provided,finance,linear_trend,0003.HK_1h,2026-03-20 13:30:00,7.320000171661377,7.646359500419759
stock_provided,finance,linear_trend,0003.HK_1h,2026-03-20 14:30:00,7.329999923706055,7.6477292021702885
stock_provided,finance,linear_trend,0003.HK_1h,2026-03-20 15:30:00,7.340000152587891,7.649098903920818
stock_provided,finance,linear_trend,0006.HK_1h,2026-03-19 11:30:00,62.04999923706055,64.03284778680043
stock_provided,finance,linear_trend,0006.HK_1h,2026-03-19 12:30:00,62.400001525878906,64.05486433918706
stock_provided,finance,linear_trend,0006.HK_1h,2026-03-19 13:30:00,62.20000076293945,64.07688089157371
stock_provided,finance,linear_trend,0006.HK_1h,2026-03-19 14:30:00,62.25,64.09889744396034
stock_provided,finance,linear_trend,0006.HK_1h,2026-03-19 15:30:00,62.0,64.12091399634699
stock_provided,finance,linear_trend,0006.HK_1h,2026-03-20 09:30:00,61.900001525878906,64.14293054873362
stock_provided,finance,linear_trend,0006.HK_1h,2026-03-20 10:30:00,62.0,64.16494710112025
stock_provided,finance,linear_trend,0006.HK_1h,2026-03-20 11:30:00,62.09999847412109,64.1869636535069
stock_provided,finance,linear_trend,0006.HK_1h,2026-03-20 12:30:00,61.95000076293945,64.20898020589352
stock_provided,finance,linear_trend,0006.HK_1h,2026-03-20 13:30:00,61.900001525878906,64.23099675828016
stock_provided,finance,linear_trend,0006.HK_1h,2026-03-20 14:30:00,61.900001525878906,64.2530133106668
stock_provided,finance,linear_trend,0006.HK_1h,2026-03-20 15:30:00,61.79999923706055,64.27502986305343
stock_provided,finance,ridge_ar,0002.HK_1h,2026-03-19 11:30:00,73.75,73.66464025956724
stock_provided,finance,ridge_ar,0002.HK_1h,2026-03-19 12:30:00,73.5999984741211,73.68167403374835
stock_provided,finance,ridge_ar,0002.HK_1h,2026-03-19 13:30:00,73.55000305175781,73.69394153807802
stock_provided,finance,ridge_ar,0002.HK_1h,2026-03-19 14:30:00,73.75,73.69985924426908
stock_provided,finance,ridge_ar,0002.HK_1h,2026-03-19 15:30:00,73.75,73.71099801615053
stock_provided,finance,ridge_ar,0002.HK_1h,2026-03-20 09:30:00,73.5999984741211,73.71938981552887
stock_provided,finance,ridge_ar,0002.HK_1h,2026-03-20 10:30:00,73.55000305175781,73.723509790244
stock_provided,finance,ridge_ar,0002.HK_1h,2026-03-20 11:30:00,73.6500015258789,73.72382926972597
stock_provided,finance,ridge_ar,0002.HK_1h,2026-03-20 12:30:00,73.55000305175781,73.72921551915039
stock_provided,finance,ridge_ar,0002.HK_1h,2026-03-20 13:30:00,73.5,73.7331694787954
stock_provided,finance,ridge_ar,0002.HK_1h,2026-03-20 14:30:00,73.6500015258789,73.74747667061344
stock_provided,finance,ridge_ar,0002.HK_1h,2026-03-20 15:30:00,73.5999984741211,73.77111151204787
stock_provided,finance,ridge_ar,0003.HK_1h,2026-03-19 11:30:00,7.360000133514404,7.339403370080011
stock_provided,finance,ridge_ar,0003.HK_1h,2026-03-19 12:30:00,7.380000114440918,7.3394282280785035
stock_provided,finance,ridge_ar,0003.HK_1h,2026-03-19 13:30:00,7.389999866485596,7.340443703530942
stock_provided,finance,ridge_ar,0003.HK_1h,2026-03-19 14:30:00,7.389999866485596,7.341356552258739
stock_provided,finance,ridge_ar,0003.HK_1h,2026-03-19 15:30:00,7.420000076293945,7.342907108284568
stock_provided,finance,ridge_ar,0003.HK_1h,2026-03-20 09:30:00,7.389999866485596,7.344200469349888
stock_provided,finance,ridge_ar,0003.HK_1h,2026-03-20 10:30:00,7.349999904632568,7.344650679547569
stock_provided,finance,ridge_ar,0003.HK_1h,2026-03-20 11:30:00,7.340000152587891,7.344449081565853
stock_provided,finance,ridge_ar,0003.HK_1h,2026-03-20 12:30:00,7.349999904632568,7.344422684423523
stock_provided,finance,ridge_ar,0003.HK_1h,2026-03-20 13:30:00,7.320000171661377,7.345345296933406
stock_provided,finance,ridge_ar,0003.HK_1h,2026-03-20 14:30:00,7.329999923706055,7.3448428187402195
stock_provided,finance,ridge_ar,0003.HK_1h,2026-03-20 15:30:00,7.340000152587891,7.344581435708632
stock_provided,finance,ridge_ar,0006.HK_1h,2026-03-19 11:30:00,62.04999923706055,61.93689384942602
stock_provided,finance,ridge_ar,0006.HK_1h,2026-03-19 12:30:00,62.400001525878906,61.936182458630626
stock_provided,finance,ridge_ar,0006.HK_1h,2026-03-19 13:30:00,62.20000076293945,61.933540427007365
stock_provided,finance,ridge_ar,0006.HK_1h,2026-03-19 14:30:00,62.25,61.92035575314158
stock_provided,finance,ridge_ar,0006.HK_1h,2026-03-19 15:30:00,62.0,61.91813332204458
stock_provided,finance,ridge_ar,0006.HK_1h,2026-03-20 09:30:00,61.900001525878906,61.91336362137368
stock_provided,finance,ridge_ar,0006.HK_1h,2026-03-20 10:30:00,62.0,61.90480834716828
stock_provided,finance,ridge_ar,0006.HK_1h,2026-03-20 11:30:00,62.09999847412109,61.888964175930504
stock_provided,finance,ridge_ar,0006.HK_1h,2026-03-20 12:30:00,61.95000076293945,61.87942415895846
stock_provided,finance,ridge_ar,0006.HK_1h,2026-03-20 13:30:00,61.900001525878906,61.87284211044367
stock_provided,finance,ridge_ar,0006.HK_1h,2026-03-20 14:30:00,61.900001525878906,61.86121575067446
stock_provided,finance,ridge_ar,0006.HK_1h,2026-03-20 15:30:00,61.79999923706055,61.86563165515653
stock_provided,finance,hist_gradient_boosting_ar,0002.HK_1h,2026-03-19 11:30:00,73.75,73.66729123379868
stock_provided,finance,hist_gradient_boosting_ar,0002.HK_1h,2026-03-19 12:30:00,73.5999984741211,73.69484323968489
stock_provided,finance,hist_gradient_boosting_ar,0002.HK_1h,2026-03-19 13:30:00,73.55000305175781,73.6773836979417
stock_provided,finance,hist_gradient_boosting_ar,0002.HK_1h,2026-03-19 14:30:00,73.75,73.65045996732066
stock_provided,finance,hist_gradient_boosting_ar,0002.HK_1h,2026-03-19 15:30:00,73.75,73.60469440317681
stock_provided,finance,hist_gradient_boosting_ar,0002.HK_1h,2026-03-20 09:30:00,73.5999984741211,73.57154203959612
stock_provided,finance,hist_gradient_boosting_ar,0002.HK_1h,2026-03-20 10:30:00,73.55000305175781,73.45415844235289
stock_provided,finance,hist_gradient_boosting_ar,0002.HK_1h,2026-03-20 11:30:00,73.6500015258789,73.4619349337301
stock_provided,finance,hist_gradient_boosting_ar,0002.HK_1h,2026-03-20 12:30:00,73.55000305175781,73.4821901325984
stock_provided,finance,hist_gradient_boosting_ar,0002.HK_1h,2026-03-20 13:30:00,73.5,73.56471283902495
stock_provided,finance,hist_gradient_boosting_ar,0002.HK_1h,2026-03-20 14:30:00,73.6500015258789,73.6503703815843
stock_provided,finance,hist_gradient_boosting_ar,0002.HK_1h,2026-03-20 15:30:00,73.5999984741211,73.93238922761066
stock_provided,finance,hist_gradient_boosting_ar,0003.HK_1h,2026-03-19 11:30:00,7.360000133514404,7.340535113555277
stock_provided,finance,hist_gradient_boosting_ar,0003.HK_1h,2026-03-19 12:30:00,7.380000114440918,7.333341262900983
stock_provided,finance,hist_gradient_boosting_ar,0003.HK_1h,2026-03-19 13:30:00,7.389999866485596,7.330493961287933
stock_provided,finance,hist_gradient_boosting_ar,0003.HK_1h,2026-03-19 14:30:00,7.389999866485596,7.335620369277283
stock_provided,finance,hist_gradient_boosting_ar,0003.HK_1h,2026-03-19 15:30:00,7.420000076293945,7.3309490994852
stock_provided,finance,hist_gradient_boosting_ar,0003.HK_1h,2026-03-20 09:30:00,7.389999866485596,7.336924343984281
stock_provided,finance,hist_gradient_boosting_ar,0003.HK_1h,2026-03-20 10:30:00,7.349999904632568,7.336602867243828
stock_provided,finance,hist_gradient_boosting_ar,0003.HK_1h,2026-03-20 11:30:00,7.340000152587891,7.33580956070406
stock_provided,finance,hist_gradient_boosting_ar,0003.HK_1h,2026-03-20 12:30:00,7.349999904632568,7.332321771719425
stock_provided,finance,hist_gradient_boosting_ar,0003.HK_1h,2026-03-20 13:30:00,7.320000171661377,7.33263967198742
stock_provided,finance,hist_gradient_boosting_ar,0003.HK_1h,2026-03-20 14:30:00,7.329999923706055,7.346695028137544
stock_provided,finance,hist_gradient_boosting_ar,0003.HK_1h,2026-03-20 15:30:00,7.340000152587891,7.3581081058175135
stock_provided,finance,hist_gradient_boosting_ar,0006.HK_1h,2026-03-19 11:30:00,62.04999923706055,61.70187536854437
stock_provided,finance,hist_gradient_boosting_ar,0006.HK_1h,2026-03-19 12:30:00,62.400001525878906,61.654702086348514
stock_provided,finance,hist_gradient_boosting_ar,0006.HK_1h,2026-03-19 13:30:00,62.20000076293945,61.47242133545413
stock_provided,finance,hist_gradient_boosting_ar,0006.HK_1h,2026-03-19 14:30:00,62.25,61.59006912826732
stock_provided,finance,hist_gradient_boosting_ar,0006.HK_1h,2026-03-19 15:30:00,62.0,61.727881043360206
stock_provided,finance,hist_gradient_boosting_ar,0006.HK_1h,2026-03-20 09:30:00,61.900001525878906,61.714898102985885
stock_provided,finance,hist_gradient_boosting_ar,0006.HK_1h,2026-03-20 10:30:00,62.0,61.62376762488774
stock_provided,finance,hist_gradient_boosting_ar,0006.HK_1h,2026-03-20 11:30:00,62.09999847412109,61.59153419608802
stock_provided,finance,hist_gradient_boosting_ar,0006.HK_1h,2026-03-20 12:30:00,61.95000076293945,61.553035466754054
stock_provided,finance,hist_gradient_boosting_ar,0006.HK_1h,2026-03-20 13:30:00,61.900001525878906,61.67894229747842
stock_provided,finance,hist_gradient_boosting_ar,0006.HK_1h,2026-03-20 14:30:00,61.900001525878906,61.78943337394994
stock_provided,finance,hist_gradient_boosting_ar,0006.HK_1h,2026-03-20 15:30:00,61.79999923706055,61.65635492932385
stock_provided,finance,lightgbm_ar,0002.HK_1h,2026-03-19 11:30:00,73.75,73.730580173279
stock_provided,finance,lightgbm_ar,0002.HK_1h,2026-03-19 12:30:00,73.5999984741211,73.70277413516109
stock_provided,finance,lightgbm_ar,0002.HK_1h,2026-03-19 13:30:00,73.55000305175781,73.81058280285771
stock_provided,finance,lightgbm_ar,0002.HK_1h,2026-03-19 14:30:00,73.75,73.85432615092401
stock_provided,finance,lightgbm_ar,0002.HK_1h,2026-03-19 15:30:00,73.75,73.82606359573226
stock_provided,finance,lightgbm_ar,0002.HK_1h,2026-03-20 09:30:00,73.5999984741211,73.94264819964408
stock_provided,finance,lightgbm_ar,0002.HK_1h,2026-03-20 10:30:00,73.55000305175781,73.97662804578636
stock_provided,finance,lightgbm_ar,0002.HK_1h,2026-03-20 11:30:00,73.6500015258789,73.99344763533429
stock_provided,finance,lightgbm_ar,0002.HK_1h,2026-03-20 12:30:00,73.55000305175781,74.04524483642831
stock_provided,finance,lightgbm_ar,0002.HK_1h,2026-03-20 13:30:00,73.5,74.03306242069829
stock_provided,finance,lightgbm_ar,0002.HK_1h,2026-03-20 14:30:00,73.6500015258789,74.06080456472989
stock_provided,finance,lightgbm_ar,0002.HK_1h,2026-03-20 15:30:00,73.5999984741211,74.04915768472974
stock_provided,finance,lightgbm_ar,0003.HK_1h,2026-03-19 11:30:00,7.360000133514404,7.34400096023755
stock_provided,finance,lightgbm_ar,0003.HK_1h,2026-03-19 12:30:00,7.380000114440918,7.333227473838686
stock_provided,finance,lightgbm_ar,0003.HK_1h,2026-03-19 13:30:00,7.389999866485596,7.332384815801813
stock_provided,finance,lightgbm_ar,0003.HK_1h,2026-03-19 14:30:00,7.389999866485596,7.335683703761043
stock_provided,finance,lightgbm_ar,0003.HK_1h,2026-03-19 15:30:00,7.420000076293945,7.334041442977561
stock_provided,finance,lightgbm_ar,0003.HK_1h,2026-03-20 09:30:00,7.389999866485596,7.336436262124457
stock_provided,finance,lightgbm_ar,0003.HK_1h,2026-03-20 10:30:00,7.349999904632568,7.336436262124457
stock_provided,finance,lightgbm_ar,0003.HK_1h,2026-03-20 11:30:00,7.340000152587891,7.339994070701136
stock_provided,finance,lightgbm_ar,0003.HK_1h,2026-03-20 12:30:00,7.349999904632568,7.338500084496749
stock_provided,finance,lightgbm_ar,0003.HK_1h,2026-03-20 13:30:00,7.320000171661377,7.333731743540406
stock_provided,finance,lightgbm_ar,0003.HK_1h,2026-03-20 14:30:00,7.329999923706055,7.343112399248362
stock_provided,finance,lightgbm_ar,0003.HK_1h,2026-03-20 15:30:00,7.340000152587891,7.354407019921417
stock_provided,finance,lightgbm_ar,0006.HK_1h,2026-03-19 11:30:00,62.04999923706055,61.75422503285265
stock_provided,finance,lightgbm_ar,0006.HK_1h,2026-03-19 12:30:00,62.400001525878906,61.558656635407985
stock_provided,finance,lightgbm_ar,0006.HK_1h,2026-03-19 13:30:00,62.20000076293945,61.47124920248754
stock_provided,finance,lightgbm_ar,0006.HK_1h,2026-03-19 14:30:00,62.25,61.49810459189857
stock_provided,finance,lightgbm_ar,0006.HK_1h,2026-03-19 15:30:00,62.0,61.59916948159718
stock_provided,finance,lightgbm_ar,0006.HK_1h,2026-03-20 09:30:00,61.900001525878906,61.6810145745306
stock_provided,finance,lightgbm_ar,0006.HK_1h,2026-03-20 10:30:00,62.0,61.72298448877116
stock_provided,finance,lightgbm_ar,0006.HK_1h,2026-03-20 11:30:00,62.09999847412109,61.65758224104389
stock_provided,finance,lightgbm_ar,0006.HK_1h,2026-03-20 12:30:00,61.95000076293945,61.607479869719995
stock_provided,finance,lightgbm_ar,0006.HK_1h,2026-03-20 13:30:00,61.900001525878906,61.56725519513875
stock_provided,finance,lightgbm_ar,0006.HK_1h,2026-03-20 14:30:00,61.900001525878906,61.754056786894964
stock_provided,finance,lightgbm_ar,0006.HK_1h,2026-03-20 15:30:00,61.79999923706055,61.717141217283285
stock_provided,finance,xgboost_ar,0002.HK_1h,2026-03-19 11:30:00,73.75,73.78270084142355
stock_provided,finance,xgboost_ar,0002.HK_1h,2026-03-19 12:30:00,73.5999984741211,73.78020200370777
stock_provided,finance,xgboost_ar,0002.HK_1h,2026-03-19 13:30:00,73.55000305175781,73.73305327987057
stock_provided,finance,xgboost_ar,0002.HK_1h,2026-03-19 14:30:00,73.75,73.76504415890457
stock_provided,finance,xgboost_ar,0002.HK_1h,2026-03-19 15:30:00,73.75,73.73419599825964
stock_provided,finance,xgboost_ar,0002.HK_1h,2026-03-20 09:30:00,73.5999984741211,73.74681543494272
stock_provided,finance,xgboost_ar,0002.HK_1h,2026-03-20 10:30:00,73.55000305175781,73.74652749440615
stock_provided,finance,xgboost_ar,0002.HK_1h,2026-03-20 11:30:00,73.6500015258789,73.76485763537868
stock_provided,finance,xgboost_ar,0002.HK_1h,2026-03-20 12:30:00,73.55000305175781,73.79037918168949
stock_provided,finance,xgboost_ar,0002.HK_1h,2026-03-20 13:30:00,73.5,73.81502691065896
stock_provided,finance,xgboost_ar,0002.HK_1h,2026-03-20 14:30:00,73.6500015258789,73.8947990688151
stock_provided,finance,xgboost_ar,0002.HK_1h,2026-03-20 15:30:00,73.5999984741211,73.93584754042072
stock_provided,finance,xgboost_ar,0003.HK_1h,2026-03-19 11:30:00,7.360000133514404,7.341569457988109
stock_provided,finance,xgboost_ar,0003.HK_1h,2026-03-19 12:30:00,7.380000114440918,7.344750099080334
stock_provided,finance,xgboost_ar,0003.HK_1h,2026-03-19 13:30:00,7.389999866485596,7.341100870961951
stock_provided,finance,xgboost_ar,0003.HK_1h,2026-03-19 14:30:00,7.389999866485596,7.339361939326524
stock_provided,finance,xgboost_ar,0003.HK_1h,2026-03-19 15:30:00,7.420000076293945,7.336840194638091
stock_provided,finance,xgboost_ar,0003.HK_1h,2026-03-20 09:30:00,7.389999866485596,7.33742587722774
stock_provided,finance,xgboost_ar,0003.HK_1h,2026-03-20 10:30:00,7.349999904632568,7.337804417235026
stock_provided,finance,xgboost_ar,0003.HK_1h,2026-03-20 11:30:00,7.340000152587891,7.339816235735967
stock_provided,finance,xgboost_ar,0003.HK_1h,2026-03-20 12:30:00,7.349999904632568,7.340164621487097
stock_provided,finance,xgboost_ar,0003.HK_1h,2026-03-20 13:30:00,7.320000171661377,7.34044982260744
stock_provided,finance,xgboost_ar,0003.HK_1h,2026-03-20 14:30:00,7.329999923706055,7.3460805613914655
stock_provided,finance,xgboost_ar,0003.HK_1h,2026-03-20 15:30:00,7.340000152587891,7.345241969635179
stock_provided,finance,xgboost_ar,0006.HK_1h,2026-03-19 11:30:00,62.04999923706055,61.893504299776815
stock_provided,finance,xgboost_ar,0006.HK_1h,2026-03-19 12:30:00,62.400001525878906,61.785606514552924
stock_provided,finance,xgboost_ar,0006.HK_1h,2026-03-19 13:30:00,62.20000076293945,61.671422924572816
stock_provided,finance,xgboost_ar,0006.HK_1h,2026-03-19 14:30:00,62.25,61.616808547337975
stock_provided,finance,xgboost_ar,0006.HK_1h,2026-03-19 15:30:00,62.0,61.61802473274954
stock_provided,finance,xgboost_ar,0006.HK_1h,2026-03-20 09:30:00,61.900001525878906,61.605948721244964
stock_provided,finance,xgboost_ar,0006.HK_1h,2026-03-20 10:30:00,62.0,61.639103753792455
stock_provided,finance,xgboost_ar,0006.HK_1h,2026-03-20 11:30:00,62.09999847412109,61.644093907405725
stock_provided,finance,xgboost_ar,0006.HK_1h,2026-03-20 12:30:00,61.95000076293945,61.619916867407056
stock_provided,finance,xgboost_ar,0006.HK_1h,2026-03-20 13:30:00,61.900001525878906,61.6311643750826
stock_provided,finance,xgboost_ar,0006.HK_1h,2026-03-20 14:30:00,61.900001525878906,61.64704166091469
stock_provided,finance,xgboost_ar,0006.HK_1h,2026-03-20 15:30:00,61.79999923706055,61.606316454639774
stock_provided,finance,tabpfn_ts,0002.HK_1h,2026-03-19 11:30:00,73.75,74.05750274658203
stock_provided,finance,tabpfn_ts,0002.HK_1h,2026-03-19 12:30:00,73.5999984741211,74.05450439453125
stock_provided,finance,tabpfn_ts,0002.HK_1h,2026-03-19 13:30:00,73.55000305175781,74.01921844482422
stock_provided,finance,tabpfn_ts,0002.HK_1h,2026-03-19 14:30:00,73.75,74.04307556152344
stock_provided,finance,tabpfn_ts,0002.HK_1h,2026-03-19 15:30:00,73.75,74.02952575683594
stock_provided,finance,tabpfn_ts,0002.HK_1h,2026-03-20 09:30:00,73.5999984741211,73.93610382080078
stock_provided,finance,tabpfn_ts,0002.HK_1h,2026-03-20 10:30:00,73.55000305175781,73.9272232055664
stock_provided,finance,tabpfn_ts,0002.HK_1h,2026-03-20 11:30:00,73.6500015258789,73.92264556884766
stock_provided,finance,tabpfn_ts,0002.HK_1h,2026-03-20 12:30:00,73.55000305175781,73.92469787597656
stock_provided,finance,tabpfn_ts,0002.HK_1h,2026-03-20 13:30:00,73.5,73.92279052734375
stock_provided,finance,tabpfn_ts,0002.HK_1h,2026-03-20 14:30:00,73.6500015258789,73.9123764038086
stock_provided,finance,tabpfn_ts,0002.HK_1h,2026-03-20 15:30:00,73.5999984741211,73.89573669433594
stock_provided,finance,tabpfn_ts,0003.HK_1h,2026-03-19 11:30:00,7.360000133514404,7.3339948654174805
stock_provided,finance,tabpfn_ts,0003.HK_1h,2026-03-19 12:30:00,7.380000114440918,7.337443828582764
stock_provided,finance,tabpfn_ts,0003.HK_1h,2026-03-19 13:30:00,7.389999866485596,7.3406243324279785
stock_provided,finance,tabpfn_ts,0003.HK_1h,2026-03-19 14:30:00,7.389999866485596,7.342996597290039
stock_provided,finance,tabpfn_ts,0003.HK_1h,2026-03-19 15:30:00,7.420000076293945,7.345617294311523
stock_provided,finance,tabpfn_ts,0003.HK_1h,2026-03-20 09:30:00,7.389999866485596,7.349730968475342
stock_provided,finance,tabpfn_ts,0003.HK_1h,2026-03-20 10:30:00,7.349999904632568,7.349852561950684
stock_provided,finance,tabpfn_ts,0003.HK_1h,2026-03-20 11:30:00,7.340000152587891,7.349514484405518
stock_provided,finance,tabpfn_ts,0003.HK_1h,2026-03-20 12:30:00,7.349999904632568,7.348430633544922
stock_provided,finance,tabpfn_ts,0003.HK_1h,2026-03-20 13:30:00,7.320000171661377,7.3469767570495605
stock_provided,finance,tabpfn_ts,0003.HK_1h,2026-03-20 14:30:00,7.329999923706055,7.346015930175781
stock_provided,finance,tabpfn_ts,0003.HK_1h,2026-03-20 15:30:00,7.340000152587891,7.34599494934082
stock_provided,finance,tabpfn_ts,0006.HK_1h,2026-03-19 11:30:00,62.04999923706055,62.22377014160156
stock_provided,finance,tabpfn_ts,0006.HK_1h,2026-03-19 12:30:00,62.400001525878906,62.17778015136719
stock_provided,finance,tabpfn_ts,0006.HK_1h,2026-03-19 13:30:00,62.20000076293945,62.17026901245117
stock_provided,finance,tabpfn_ts,0006.HK_1h,2026-03-19 14:30:00,62.25,62.16130065917969
stock_provided,finance,tabpfn_ts,0006.HK_1h,2026-03-19 15:30:00,62.0,62.18380355834961
stock_provided,finance,tabpfn_ts,0006.HK_1h,2026-03-20 09:30:00,61.900001525878906,62.30133819580078
stock_provided,finance,tabpfn_ts,0006.HK_1h,2026-03-20 10:30:00,62.0,62.315704345703125
stock_provided,finance,tabpfn_ts,0006.HK_1h,2026-03-20 11:30:00,62.09999847412109,62.3147087097168
stock_provided,finance,tabpfn_ts,0006.HK_1h,2026-03-20 12:30:00,61.95000076293945,62.31415557861328
stock_provided,finance,tabpfn_ts,0006.HK_1h,2026-03-20 13:30:00,61.900001525878906,62.313926696777344
stock_provided,finance,tabpfn_ts,0006.HK_1h,2026-03-20 14:30:00,61.900001525878906,62.295204162597656
stock_provided,finance,tabpfn_ts,0006.HK_1h,2026-03-20 15:30:00,61.79999923706055,62.27530288696289
