dataset,domain,model,unique_id,ds,y,y_hat
synthetic_energy,energy,dummy_mean,energy_0,2024-01-10 00:00:00,14.319999999999995,12.39
synthetic_energy,energy,dummy_mean,energy_0,2024-01-10 01:00:00,14.987047612756283,12.39
synthetic_energy,energy,dummy_mean,energy_0,2024-01-10 02:00:00,15.609999999999985,12.39
synthetic_energy,energy,dummy_mean,energy_0,2024-01-10 03:00:00,16.14776695296637,12.39
synthetic_energy,energy,dummy_mean,energy_0,2024-01-10 04:00:00,16.5650635094611,12.39
synthetic_energy,energy,dummy_mean,energy_0,2024-01-10 05:00:00,16.834814565722667,12.39
synthetic_energy,energy,dummy_mean,energy_0,2024-01-10 06:00:00,16.94,12.39
synthetic_energy,energy,dummy_mean,energy_0,2024-01-10 07:00:00,16.87481456572267,12.39
synthetic_energy,energy,dummy_mean,energy_0,2024-01-10 08:00:00,16.645063509461103,12.39
synthetic_energy,energy,dummy_mean,energy_0,2024-01-10 09:00:00,16.267766952966376,12.39
synthetic_energy,energy,dummy_mean,energy_0,2024-01-10 10:00:00,15.770000000000003,12.39
synthetic_energy,energy,dummy_mean,energy_0,2024-01-10 11:00:00,15.18704761275632,12.39
synthetic_energy,energy,dummy_mean,energy_0,2024-01-10 12:00:00,14.560000000000015,12.39
synthetic_energy,energy,dummy_mean,energy_0,2024-01-10 13:00:00,13.93295238724371,12.39
synthetic_energy,energy,dummy_mean,energy_0,2024-01-10 14:00:00,13.34999999999999,12.39
synthetic_energy,energy,dummy_mean,energy_0,2024-01-10 15:00:00,12.852233047033636,12.39
synthetic_energy,energy,dummy_mean,energy_0,2024-01-10 16:00:00,12.474936490538903,12.39
synthetic_energy,energy,dummy_mean,energy_0,2024-01-10 17:00:00,12.245185434277328,12.39
synthetic_energy,energy,dummy_mean,energy_0,2024-01-10 18:00:00,12.18,12.39
synthetic_energy,energy,dummy_mean,energy_0,2024-01-10 19:00:00,12.285185434277327,12.39
synthetic_energy,energy,dummy_mean,energy_0,2024-01-10 20:00:00,12.554936490538902,12.39
synthetic_energy,energy,dummy_mean,energy_0,2024-01-10 21:00:00,12.972233047033619,12.39
synthetic_energy,energy,dummy_mean,energy_0,2024-01-10 22:00:00,13.50999999999999,12.39
synthetic_energy,energy,dummy_mean,energy_0,2024-01-10 23:00:00,14.132952387243687,12.39
synthetic_energy,energy,dummy_mean,energy_1,2024-01-10 00:00:00,15.319999999999995,13.39
synthetic_energy,energy,dummy_mean,energy_1,2024-01-10 01:00:00,15.987047612756283,13.39
synthetic_energy,energy,dummy_mean,energy_1,2024-01-10 02:00:00,16.609999999999985,13.39
synthetic_energy,energy,dummy_mean,energy_1,2024-01-10 03:00:00,17.14776695296637,13.39
synthetic_energy,energy,dummy_mean,energy_1,2024-01-10 04:00:00,17.5650635094611,13.39
synthetic_energy,energy,dummy_mean,energy_1,2024-01-10 05:00:00,17.834814565722667,13.39
synthetic_energy,energy,dummy_mean,energy_1,2024-01-10 06:00:00,17.94,13.39
synthetic_energy,energy,dummy_mean,energy_1,2024-01-10 07:00:00,17.87481456572267,13.39
synthetic_energy,energy,dummy_mean,energy_1,2024-01-10 08:00:00,17.645063509461103,13.39
synthetic_energy,energy,dummy_mean,energy_1,2024-01-10 09:00:00,17.267766952966376,13.39
synthetic_energy,energy,dummy_mean,energy_1,2024-01-10 10:00:00,16.770000000000003,13.39
synthetic_energy,energy,dummy_mean,energy_1,2024-01-10 11:00:00,16.18704761275632,13.39
synthetic_energy,energy,dummy_mean,energy_1,2024-01-10 12:00:00,15.560000000000015,13.39
synthetic_energy,energy,dummy_mean,energy_1,2024-01-10 13:00:00,14.93295238724371,13.39
synthetic_energy,energy,dummy_mean,energy_1,2024-01-10 14:00:00,14.34999999999999,13.39
synthetic_energy,energy,dummy_mean,energy_1,2024-01-10 15:00:00,13.852233047033636,13.39
synthetic_energy,energy,dummy_mean,energy_1,2024-01-10 16:00:00,13.474936490538905,13.39
synthetic_energy,energy,dummy_mean,energy_1,2024-01-10 17:00:00,13.245185434277328,13.39
synthetic_energy,energy,dummy_mean,energy_1,2024-01-10 18:00:00,13.18,13.39
synthetic_energy,energy,dummy_mean,energy_1,2024-01-10 19:00:00,13.285185434277327,13.39
synthetic_energy,energy,dummy_mean,energy_1,2024-01-10 20:00:00,13.5549364905389,13.39
synthetic_energy,energy,dummy_mean,energy_1,2024-01-10 21:00:00,13.972233047033619,13.39
synthetic_energy,energy,dummy_mean,energy_1,2024-01-10 22:00:00,14.50999999999999,13.39
synthetic_energy,energy,dummy_mean,energy_1,2024-01-10 23:00:00,15.132952387243687,13.39
synthetic_energy,energy,dummy_mean,energy_2,2024-01-10 00:00:00,16.319999999999993,14.39
synthetic_energy,energy,dummy_mean,energy_2,2024-01-10 01:00:00,16.987047612756285,14.39
synthetic_energy,energy,dummy_mean,energy_2,2024-01-10 02:00:00,17.609999999999985,14.39
synthetic_energy,energy,dummy_mean,energy_2,2024-01-10 03:00:00,18.14776695296637,14.39
synthetic_energy,energy,dummy_mean,energy_2,2024-01-10 04:00:00,18.5650635094611,14.39
synthetic_energy,energy,dummy_mean,energy_2,2024-01-10 05:00:00,18.834814565722667,14.39
synthetic_energy,energy,dummy_mean,energy_2,2024-01-10 06:00:00,18.94,14.39
synthetic_energy,energy,dummy_mean,energy_2,2024-01-10 07:00:00,18.87481456572267,14.39
synthetic_energy,energy,dummy_mean,energy_2,2024-01-10 08:00:00,18.645063509461103,14.39
synthetic_energy,energy,dummy_mean,energy_2,2024-01-10 09:00:00,18.267766952966376,14.39
synthetic_energy,energy,dummy_mean,energy_2,2024-01-10 10:00:00,17.770000000000003,14.39
synthetic_energy,energy,dummy_mean,energy_2,2024-01-10 11:00:00,17.18704761275632,14.39
synthetic_energy,energy,dummy_mean,energy_2,2024-01-10 12:00:00,16.560000000000016,14.39
synthetic_energy,energy,dummy_mean,energy_2,2024-01-10 13:00:00,15.93295238724371,14.39
synthetic_energy,energy,dummy_mean,energy_2,2024-01-10 14:00:00,15.34999999999999,14.39
synthetic_energy,energy,dummy_mean,energy_2,2024-01-10 15:00:00,14.852233047033636,14.39
synthetic_energy,energy,dummy_mean,energy_2,2024-01-10 16:00:00,14.474936490538905,14.39
synthetic_energy,energy,dummy_mean,energy_2,2024-01-10 17:00:00,14.245185434277328,14.39
synthetic_energy,energy,dummy_mean,energy_2,2024-01-10 18:00:00,14.18,14.39
synthetic_energy,energy,dummy_mean,energy_2,2024-01-10 19:00:00,14.285185434277327,14.39
synthetic_energy,energy,dummy_mean,energy_2,2024-01-10 20:00:00,14.5549364905389,14.39
synthetic_energy,energy,dummy_mean,energy_2,2024-01-10 21:00:00,14.972233047033619,14.39
synthetic_energy,energy,dummy_mean,energy_2,2024-01-10 22:00:00,15.50999999999999,14.39
synthetic_energy,energy,dummy_mean,energy_2,2024-01-10 23:00:00,16.132952387243687,14.39
synthetic_energy,energy,seasonal_naive,energy_0,2024-01-10 00:00:00,14.319999999999995,13.839999999999995
synthetic_energy,energy,seasonal_naive,energy_0,2024-01-10 01:00:00,14.987047612756283,14.5070476127563
synthetic_energy,energy,seasonal_naive,energy_0,2024-01-10 02:00:00,15.609999999999985,15.129999999999985
synthetic_energy,energy,seasonal_naive,energy_0,2024-01-10 03:00:00,16.14776695296637,15.66776695296636
synthetic_energy,energy,seasonal_naive,energy_0,2024-01-10 04:00:00,16.5650635094611,16.085063509461094
synthetic_energy,energy,seasonal_naive,energy_0,2024-01-10 05:00:00,16.834814565722667,16.354814565722666
synthetic_energy,energy,seasonal_naive,energy_0,2024-01-10 06:00:00,16.94,16.46
synthetic_energy,energy,seasonal_naive,energy_0,2024-01-10 07:00:00,16.87481456572267,16.39481456572267
synthetic_energy,energy,seasonal_naive,energy_0,2024-01-10 08:00:00,16.645063509461103,16.165063509461092
synthetic_energy,energy,seasonal_naive,energy_0,2024-01-10 09:00:00,16.267766952966376,15.787766952966376
synthetic_energy,energy,seasonal_naive,energy_0,2024-01-10 10:00:00,15.770000000000003,15.290000000000003
synthetic_energy,energy,seasonal_naive,energy_0,2024-01-10 11:00:00,15.18704761275632,14.707047612756302
synthetic_energy,energy,seasonal_naive,energy_0,2024-01-10 12:00:00,14.560000000000015,14.080000000000014
synthetic_energy,energy,seasonal_naive,energy_0,2024-01-10 13:00:00,13.93295238724371,13.452952387243707
synthetic_energy,energy,seasonal_naive,energy_0,2024-01-10 14:00:00,13.34999999999999,12.870000000000005
synthetic_energy,energy,seasonal_naive,energy_0,2024-01-10 15:00:00,12.852233047033636,12.372233047033646
synthetic_energy,energy,seasonal_naive,energy_0,2024-01-10 16:00:00,12.474936490538903,11.994936490538903
synthetic_energy,energy,seasonal_naive,energy_0,2024-01-10 17:00:00,12.245185434277328,11.765185434277328
synthetic_energy,energy,seasonal_naive,energy_0,2024-01-10 18:00:00,12.18,11.7
synthetic_energy,energy,seasonal_naive,energy_0,2024-01-10 19:00:00,12.285185434277327,11.805185434277327
synthetic_energy,energy,seasonal_naive,energy_0,2024-01-10 20:00:00,12.554936490538902,12.074936490538903
synthetic_energy,energy,seasonal_naive,energy_0,2024-01-10 21:00:00,12.972233047033619,12.492233047033633
synthetic_energy,energy,seasonal_naive,energy_0,2024-01-10 22:00:00,13.50999999999999,13.02999999999999
synthetic_energy,energy,seasonal_naive,energy_0,2024-01-10 23:00:00,14.132952387243687,13.65295238724369
synthetic_energy,energy,seasonal_naive,energy_1,2024-01-10 00:00:00,15.319999999999995,14.839999999999995
synthetic_energy,energy,seasonal_naive,energy_1,2024-01-10 01:00:00,15.987047612756283,15.5070476127563
synthetic_energy,energy,seasonal_naive,energy_1,2024-01-10 02:00:00,16.609999999999985,16.129999999999985
synthetic_energy,energy,seasonal_naive,energy_1,2024-01-10 03:00:00,17.14776695296637,16.66776695296636
synthetic_energy,energy,seasonal_naive,energy_1,2024-01-10 04:00:00,17.5650635094611,17.085063509461094
synthetic_energy,energy,seasonal_naive,energy_1,2024-01-10 05:00:00,17.834814565722667,17.354814565722666
synthetic_energy,energy,seasonal_naive,energy_1,2024-01-10 06:00:00,17.94,17.46
synthetic_energy,energy,seasonal_naive,energy_1,2024-01-10 07:00:00,17.87481456572267,17.39481456572267
synthetic_energy,energy,seasonal_naive,energy_1,2024-01-10 08:00:00,17.645063509461103,17.165063509461092
synthetic_energy,energy,seasonal_naive,energy_1,2024-01-10 09:00:00,17.267766952966376,16.787766952966376
synthetic_energy,energy,seasonal_naive,energy_1,2024-01-10 10:00:00,16.770000000000003,16.290000000000003
synthetic_energy,energy,seasonal_naive,energy_1,2024-01-10 11:00:00,16.18704761275632,15.707047612756302
synthetic_energy,energy,seasonal_naive,energy_1,2024-01-10 12:00:00,15.560000000000015,15.080000000000014
synthetic_energy,energy,seasonal_naive,energy_1,2024-01-10 13:00:00,14.93295238724371,14.452952387243707
synthetic_energy,energy,seasonal_naive,energy_1,2024-01-10 14:00:00,14.34999999999999,13.870000000000005
synthetic_energy,energy,seasonal_naive,energy_1,2024-01-10 15:00:00,13.852233047033636,13.372233047033646
synthetic_energy,energy,seasonal_naive,energy_1,2024-01-10 16:00:00,13.474936490538905,12.994936490538903
synthetic_energy,energy,seasonal_naive,energy_1,2024-01-10 17:00:00,13.245185434277328,12.765185434277328
synthetic_energy,energy,seasonal_naive,energy_1,2024-01-10 18:00:00,13.18,12.7
synthetic_energy,energy,seasonal_naive,energy_1,2024-01-10 19:00:00,13.285185434277327,12.805185434277327
synthetic_energy,energy,seasonal_naive,energy_1,2024-01-10 20:00:00,13.5549364905389,13.074936490538903
synthetic_energy,energy,seasonal_naive,energy_1,2024-01-10 21:00:00,13.972233047033619,13.492233047033633
synthetic_energy,energy,seasonal_naive,energy_1,2024-01-10 22:00:00,14.50999999999999,14.02999999999999
synthetic_energy,energy,seasonal_naive,energy_1,2024-01-10 23:00:00,15.132952387243687,14.65295238724369
synthetic_energy,energy,seasonal_naive,energy_2,2024-01-10 00:00:00,16.319999999999993,15.839999999999995
synthetic_energy,energy,seasonal_naive,energy_2,2024-01-10 01:00:00,16.987047612756285,16.507047612756303
synthetic_energy,energy,seasonal_naive,energy_2,2024-01-10 02:00:00,17.609999999999985,17.129999999999985
synthetic_energy,energy,seasonal_naive,energy_2,2024-01-10 03:00:00,18.14776695296637,17.66776695296636
synthetic_energy,energy,seasonal_naive,energy_2,2024-01-10 04:00:00,18.5650635094611,18.085063509461094
synthetic_energy,energy,seasonal_naive,energy_2,2024-01-10 05:00:00,18.834814565722667,18.354814565722666
synthetic_energy,energy,seasonal_naive,energy_2,2024-01-10 06:00:00,18.94,18.46
synthetic_energy,energy,seasonal_naive,energy_2,2024-01-10 07:00:00,18.87481456572267,18.39481456572267
synthetic_energy,energy,seasonal_naive,energy_2,2024-01-10 08:00:00,18.645063509461103,18.165063509461092
synthetic_energy,energy,seasonal_naive,energy_2,2024-01-10 09:00:00,18.267766952966376,17.787766952966376
synthetic_energy,energy,seasonal_naive,energy_2,2024-01-10 10:00:00,17.770000000000003,17.290000000000003
synthetic_energy,energy,seasonal_naive,energy_2,2024-01-10 11:00:00,17.18704761275632,16.707047612756302
synthetic_energy,energy,seasonal_naive,energy_2,2024-01-10 12:00:00,16.560000000000016,16.080000000000013
synthetic_energy,energy,seasonal_naive,energy_2,2024-01-10 13:00:00,15.93295238724371,15.452952387243707
synthetic_energy,energy,seasonal_naive,energy_2,2024-01-10 14:00:00,15.34999999999999,14.870000000000005
synthetic_energy,energy,seasonal_naive,energy_2,2024-01-10 15:00:00,14.852233047033636,14.372233047033646
synthetic_energy,energy,seasonal_naive,energy_2,2024-01-10 16:00:00,14.474936490538905,13.994936490538903
synthetic_energy,energy,seasonal_naive,energy_2,2024-01-10 17:00:00,14.245185434277328,13.765185434277328
synthetic_energy,energy,seasonal_naive,energy_2,2024-01-10 18:00:00,14.18,13.7
synthetic_energy,energy,seasonal_naive,energy_2,2024-01-10 19:00:00,14.285185434277327,13.805185434277327
synthetic_energy,energy,seasonal_naive,energy_2,2024-01-10 20:00:00,14.5549364905389,14.074936490538903
synthetic_energy,energy,seasonal_naive,energy_2,2024-01-10 21:00:00,14.972233047033619,14.492233047033633
synthetic_energy,energy,seasonal_naive,energy_2,2024-01-10 22:00:00,15.50999999999999,15.02999999999999
synthetic_energy,energy,seasonal_naive,energy_2,2024-01-10 23:00:00,16.132952387243687,15.65295238724369
synthetic_energy,energy,moving_average,energy_0,2024-01-10 00:00:00,14.319999999999995,14.07
synthetic_energy,energy,moving_average,energy_0,2024-01-10 01:00:00,14.987047612756283,14.07
synthetic_energy,energy,moving_average,energy_0,2024-01-10 02:00:00,15.609999999999985,14.07
synthetic_energy,energy,moving_average,energy_0,2024-01-10 03:00:00,16.14776695296637,14.07
synthetic_energy,energy,moving_average,energy_0,2024-01-10 04:00:00,16.5650635094611,14.07
synthetic_energy,energy,moving_average,energy_0,2024-01-10 05:00:00,16.834814565722667,14.07
synthetic_energy,energy,moving_average,energy_0,2024-01-10 06:00:00,16.94,14.07
synthetic_energy,energy,moving_average,energy_0,2024-01-10 07:00:00,16.87481456572267,14.07
synthetic_energy,energy,moving_average,energy_0,2024-01-10 08:00:00,16.645063509461103,14.07
synthetic_energy,energy,moving_average,energy_0,2024-01-10 09:00:00,16.267766952966376,14.07
synthetic_energy,energy,moving_average,energy_0,2024-01-10 10:00:00,15.770000000000003,14.07
synthetic_energy,energy,moving_average,energy_0,2024-01-10 11:00:00,15.18704761275632,14.07
synthetic_energy,energy,moving_average,energy_0,2024-01-10 12:00:00,14.560000000000015,14.07
synthetic_energy,energy,moving_average,energy_0,2024-01-10 13:00:00,13.93295238724371,14.07
synthetic_energy,energy,moving_average,energy_0,2024-01-10 14:00:00,13.34999999999999,14.07
synthetic_energy,energy,moving_average,energy_0,2024-01-10 15:00:00,12.852233047033636,14.07
synthetic_energy,energy,moving_average,energy_0,2024-01-10 16:00:00,12.474936490538903,14.07
synthetic_energy,energy,moving_average,energy_0,2024-01-10 17:00:00,12.245185434277328,14.07
synthetic_energy,energy,moving_average,energy_0,2024-01-10 18:00:00,12.18,14.07
synthetic_energy,energy,moving_average,energy_0,2024-01-10 19:00:00,12.285185434277327,14.07
synthetic_energy,energy,moving_average,energy_0,2024-01-10 20:00:00,12.554936490538902,14.07
synthetic_energy,energy,moving_average,energy_0,2024-01-10 21:00:00,12.972233047033619,14.07
synthetic_energy,energy,moving_average,energy_0,2024-01-10 22:00:00,13.50999999999999,14.07
synthetic_energy,energy,moving_average,energy_0,2024-01-10 23:00:00,14.132952387243687,14.07
synthetic_energy,energy,moving_average,energy_1,2024-01-10 00:00:00,15.319999999999995,15.07
synthetic_energy,energy,moving_average,energy_1,2024-01-10 01:00:00,15.987047612756283,15.07
synthetic_energy,energy,moving_average,energy_1,2024-01-10 02:00:00,16.609999999999985,15.07
synthetic_energy,energy,moving_average,energy_1,2024-01-10 03:00:00,17.14776695296637,15.07
synthetic_energy,energy,moving_average,energy_1,2024-01-10 04:00:00,17.5650635094611,15.07
synthetic_energy,energy,moving_average,energy_1,2024-01-10 05:00:00,17.834814565722667,15.07
synthetic_energy,energy,moving_average,energy_1,2024-01-10 06:00:00,17.94,15.07
synthetic_energy,energy,moving_average,energy_1,2024-01-10 07:00:00,17.87481456572267,15.07
synthetic_energy,energy,moving_average,energy_1,2024-01-10 08:00:00,17.645063509461103,15.07
synthetic_energy,energy,moving_average,energy_1,2024-01-10 09:00:00,17.267766952966376,15.07
synthetic_energy,energy,moving_average,energy_1,2024-01-10 10:00:00,16.770000000000003,15.07
synthetic_energy,energy,moving_average,energy_1,2024-01-10 11:00:00,16.18704761275632,15.07
synthetic_energy,energy,moving_average,energy_1,2024-01-10 12:00:00,15.560000000000015,15.07
synthetic_energy,energy,moving_average,energy_1,2024-01-10 13:00:00,14.93295238724371,15.07
synthetic_energy,energy,moving_average,energy_1,2024-01-10 14:00:00,14.34999999999999,15.07
synthetic_energy,energy,moving_average,energy_1,2024-01-10 15:00:00,13.852233047033636,15.07
synthetic_energy,energy,moving_average,energy_1,2024-01-10 16:00:00,13.474936490538905,15.07
synthetic_energy,energy,moving_average,energy_1,2024-01-10 17:00:00,13.245185434277328,15.07
synthetic_energy,energy,moving_average,energy_1,2024-01-10 18:00:00,13.18,15.07
synthetic_energy,energy,moving_average,energy_1,2024-01-10 19:00:00,13.285185434277327,15.07
synthetic_energy,energy,moving_average,energy_1,2024-01-10 20:00:00,13.5549364905389,15.07
synthetic_energy,energy,moving_average,energy_1,2024-01-10 21:00:00,13.972233047033619,15.07
synthetic_energy,energy,moving_average,energy_1,2024-01-10 22:00:00,14.50999999999999,15.07
synthetic_energy,energy,moving_average,energy_1,2024-01-10 23:00:00,15.132952387243687,15.07
synthetic_energy,energy,moving_average,energy_2,2024-01-10 00:00:00,16.319999999999993,16.07
synthetic_energy,energy,moving_average,energy_2,2024-01-10 01:00:00,16.987047612756285,16.07
synthetic_energy,energy,moving_average,energy_2,2024-01-10 02:00:00,17.609999999999985,16.07
synthetic_energy,energy,moving_average,energy_2,2024-01-10 03:00:00,18.14776695296637,16.07
synthetic_energy,energy,moving_average,energy_2,2024-01-10 04:00:00,18.5650635094611,16.07
synthetic_energy,energy,moving_average,energy_2,2024-01-10 05:00:00,18.834814565722667,16.07
synthetic_energy,energy,moving_average,energy_2,2024-01-10 06:00:00,18.94,16.07
synthetic_energy,energy,moving_average,energy_2,2024-01-10 07:00:00,18.87481456572267,16.07
synthetic_energy,energy,moving_average,energy_2,2024-01-10 08:00:00,18.645063509461103,16.07
synthetic_energy,energy,moving_average,energy_2,2024-01-10 09:00:00,18.267766952966376,16.07
synthetic_energy,energy,moving_average,energy_2,2024-01-10 10:00:00,17.770000000000003,16.07
synthetic_energy,energy,moving_average,energy_2,2024-01-10 11:00:00,17.18704761275632,16.07
synthetic_energy,energy,moving_average,energy_2,2024-01-10 12:00:00,16.560000000000016,16.07
synthetic_energy,energy,moving_average,energy_2,2024-01-10 13:00:00,15.93295238724371,16.07
synthetic_energy,energy,moving_average,energy_2,2024-01-10 14:00:00,15.34999999999999,16.07
synthetic_energy,energy,moving_average,energy_2,2024-01-10 15:00:00,14.852233047033636,16.07
synthetic_energy,energy,moving_average,energy_2,2024-01-10 16:00:00,14.474936490538905,16.07
synthetic_energy,energy,moving_average,energy_2,2024-01-10 17:00:00,14.245185434277328,16.07
synthetic_energy,energy,moving_average,energy_2,2024-01-10 18:00:00,14.18,16.07
synthetic_energy,energy,moving_average,energy_2,2024-01-10 19:00:00,14.285185434277327,16.07
synthetic_energy,energy,moving_average,energy_2,2024-01-10 20:00:00,14.5549364905389,16.07
synthetic_energy,energy,moving_average,energy_2,2024-01-10 21:00:00,14.972233047033619,16.07
synthetic_energy,energy,moving_average,energy_2,2024-01-10 22:00:00,15.50999999999999,16.07
synthetic_energy,energy,moving_average,energy_2,2024-01-10 23:00:00,16.132952387243687,16.07
synthetic_energy,energy,linear_trend,energy_0,2024-01-10 00:00:00,14.319999999999995,14.02173740395058
synthetic_energy,energy,linear_trend,energy_0,2024-01-10 01:00:00,14.987047612756283,14.038646599846441
synthetic_energy,energy,linear_trend,energy_0,2024-01-10 02:00:00,15.609999999999985,14.0555557957423
synthetic_energy,energy,linear_trend,energy_0,2024-01-10 03:00:00,16.14776695296637,14.072464991638162
synthetic_energy,energy,linear_trend,energy_0,2024-01-10 04:00:00,16.5650635094611,14.089374187534023
synthetic_energy,energy,linear_trend,energy_0,2024-01-10 05:00:00,16.834814565722667,14.106283383429885
synthetic_energy,energy,linear_trend,energy_0,2024-01-10 06:00:00,16.94,14.123192579325746
synthetic_energy,energy,linear_trend,energy_0,2024-01-10 07:00:00,16.87481456572267,14.140101775221606
synthetic_energy,energy,linear_trend,energy_0,2024-01-10 08:00:00,16.645063509461103,14.157010971117467
synthetic_energy,energy,linear_trend,energy_0,2024-01-10 09:00:00,16.267766952966376,14.173920167013328
synthetic_energy,energy,linear_trend,energy_0,2024-01-10 10:00:00,15.770000000000003,14.190829362909188
synthetic_energy,energy,linear_trend,energy_0,2024-01-10 11:00:00,15.18704761275632,14.20773855880505
synthetic_energy,energy,linear_trend,energy_0,2024-01-10 12:00:00,14.560000000000015,14.22464775470091
synthetic_energy,energy,linear_trend,energy_0,2024-01-10 13:00:00,13.93295238724371,14.241556950596772
synthetic_energy,energy,linear_trend,energy_0,2024-01-10 14:00:00,13.34999999999999,14.258466146492633
synthetic_energy,energy,linear_trend,energy_0,2024-01-10 15:00:00,12.852233047033636,14.275375342388493
synthetic_energy,energy,linear_trend,energy_0,2024-01-10 16:00:00,12.474936490538903,14.292284538284354
synthetic_energy,energy,linear_trend,energy_0,2024-01-10 17:00:00,12.245185434277328,14.309193734180216
synthetic_energy,energy,linear_trend,energy_0,2024-01-10 18:00:00,12.18,14.326102930076075
synthetic_energy,energy,linear_trend,energy_0,2024-01-10 19:00:00,12.285185434277327,14.343012125971937
synthetic_energy,energy,linear_trend,energy_0,2024-01-10 20:00:00,12.554936490538902,14.359921321867798
synthetic_energy,energy,linear_trend,energy_0,2024-01-10 21:00:00,12.972233047033619,14.37683051776366
synthetic_energy,energy,linear_trend,energy_0,2024-01-10 22:00:00,13.50999999999999,14.39373971365952
synthetic_energy,energy,linear_trend,energy_0,2024-01-10 23:00:00,14.132952387243687,14.41064890955538
synthetic_energy,energy,linear_trend,energy_1,2024-01-10 00:00:00,15.319999999999995,15.021737403950581
synthetic_energy,energy,linear_trend,energy_1,2024-01-10 01:00:00,15.987047612756283,15.038646599846441
synthetic_energy,energy,linear_trend,energy_1,2024-01-10 02:00:00,16.609999999999985,15.055555795742302
synthetic_energy,energy,linear_trend,energy_1,2024-01-10 03:00:00,17.14776695296637,15.072464991638164
synthetic_energy,energy,linear_trend,energy_1,2024-01-10 04:00:00,17.5650635094611,15.089374187534023
synthetic_energy,energy,linear_trend,energy_1,2024-01-10 05:00:00,17.834814565722667,15.106283383429885
synthetic_energy,energy,linear_trend,energy_1,2024-01-10 06:00:00,17.94,15.123192579325746
synthetic_energy,energy,linear_trend,energy_1,2024-01-10 07:00:00,17.87481456572267,15.140101775221607
synthetic_energy,energy,linear_trend,energy_1,2024-01-10 08:00:00,17.645063509461103,15.157010971117469
synthetic_energy,energy,linear_trend,energy_1,2024-01-10 09:00:00,17.267766952966376,15.173920167013328
synthetic_energy,energy,linear_trend,energy_1,2024-01-10 10:00:00,16.770000000000003,15.19082936290919
synthetic_energy,energy,linear_trend,energy_1,2024-01-10 11:00:00,16.18704761275632,15.207738558805051
synthetic_energy,energy,linear_trend,energy_1,2024-01-10 12:00:00,15.560000000000015,15.22464775470091
synthetic_energy,energy,linear_trend,energy_1,2024-01-10 13:00:00,14.93295238724371,15.241556950596772
synthetic_energy,energy,linear_trend,energy_1,2024-01-10 14:00:00,14.34999999999999,15.258466146492633
synthetic_energy,energy,linear_trend,energy_1,2024-01-10 15:00:00,13.852233047033636,15.275375342388495
synthetic_energy,energy,linear_trend,energy_1,2024-01-10 16:00:00,13.474936490538905,15.292284538284356
synthetic_energy,energy,linear_trend,energy_1,2024-01-10 17:00:00,13.245185434277328,15.309193734180216
synthetic_energy,energy,linear_trend,energy_1,2024-01-10 18:00:00,13.18,15.326102930076077
synthetic_energy,energy,linear_trend,energy_1,2024-01-10 19:00:00,13.285185434277327,15.343012125971939
synthetic_energy,energy,linear_trend,energy_1,2024-01-10 20:00:00,13.5549364905389,15.3599213218678
synthetic_energy,energy,linear_trend,energy_1,2024-01-10 21:00:00,13.972233047033619,15.376830517763661
synthetic_energy,energy,linear_trend,energy_1,2024-01-10 22:00:00,14.50999999999999,15.39373971365952
synthetic_energy,energy,linear_trend,energy_1,2024-01-10 23:00:00,15.132952387243687,15.410648909555382
synthetic_energy,energy,linear_trend,energy_2,2024-01-10 00:00:00,16.319999999999993,16.02173740395058
synthetic_energy,energy,linear_trend,energy_2,2024-01-10 01:00:00,16.987047612756285,16.038646599846444
synthetic_energy,energy,linear_trend,energy_2,2024-01-10 02:00:00,17.609999999999985,16.055555795742304
synthetic_energy,energy,linear_trend,energy_2,2024-01-10 03:00:00,18.14776695296637,16.072464991638167
synthetic_energy,energy,linear_trend,energy_2,2024-01-10 04:00:00,18.5650635094611,16.089374187534027
synthetic_energy,energy,linear_trend,energy_2,2024-01-10 05:00:00,18.834814565722667,16.10628338342989
synthetic_energy,energy,linear_trend,energy_2,2024-01-10 06:00:00,18.94,16.12319257932575
synthetic_energy,energy,linear_trend,energy_2,2024-01-10 07:00:00,18.87481456572267,16.14010177522161
synthetic_energy,energy,linear_trend,energy_2,2024-01-10 08:00:00,18.645063509461103,16.157010971117472
synthetic_energy,energy,linear_trend,energy_2,2024-01-10 09:00:00,18.267766952966376,16.173920167013332
synthetic_energy,energy,linear_trend,energy_2,2024-01-10 10:00:00,17.770000000000003,16.19082936290919
synthetic_energy,energy,linear_trend,energy_2,2024-01-10 11:00:00,17.18704761275632,16.207738558805055
synthetic_energy,energy,linear_trend,energy_2,2024-01-10 12:00:00,16.560000000000016,16.224647754700914
synthetic_energy,energy,linear_trend,energy_2,2024-01-10 13:00:00,15.93295238724371,16.241556950596777
synthetic_energy,energy,linear_trend,energy_2,2024-01-10 14:00:00,15.34999999999999,16.258466146492637
synthetic_energy,energy,linear_trend,energy_2,2024-01-10 15:00:00,14.852233047033636,16.275375342388497
synthetic_energy,energy,linear_trend,energy_2,2024-01-10 16:00:00,14.474936490538905,16.29228453828436
synthetic_energy,energy,linear_trend,energy_2,2024-01-10 17:00:00,14.245185434277328,16.30919373418022
synthetic_energy,energy,linear_trend,energy_2,2024-01-10 18:00:00,14.18,16.326102930076082
synthetic_energy,energy,linear_trend,energy_2,2024-01-10 19:00:00,14.285185434277327,16.343012125971942
synthetic_energy,energy,linear_trend,energy_2,2024-01-10 20:00:00,14.5549364905389,16.3599213218678
synthetic_energy,energy,linear_trend,energy_2,2024-01-10 21:00:00,14.972233047033619,16.376830517763665
synthetic_energy,energy,linear_trend,energy_2,2024-01-10 22:00:00,15.50999999999999,16.393739713659524
synthetic_energy,energy,linear_trend,energy_2,2024-01-10 23:00:00,16.132952387243687,16.410648909555384
synthetic_energy,energy,ridge_ar,energy_0,2024-01-10 00:00:00,14.319999999999995,14.327083746145059
synthetic_energy,energy,ridge_ar,energy_0,2024-01-10 01:00:00,14.987047612756283,14.995260237816531
synthetic_energy,energy,ridge_ar,energy_0,2024-01-10 02:00:00,15.609999999999985,15.61660851244618
synthetic_energy,energy,ridge_ar,energy_0,2024-01-10 03:00:00,16.14776695296637,16.150148730643572
synthetic_energy,energy,ridge_ar,energy_0,2024-01-10 04:00:00,16.5650635094611,16.561583904890583
synthetic_energy,energy,ridge_ar,energy_0,2024-01-10 05:00:00,16.834814565722667,16.826101635682683
synthetic_energy,energy,ridge_ar,energy_0,2024-01-10 06:00:00,16.94,16.928416052496413
synthetic_energy,energy,ridge_ar,energy_0,2024-01-10 07:00:00,16.87481456572267,16.863648562005725
synthetic_energy,energy,ridge_ar,energy_0,2024-01-10 08:00:00,16.645063509461103,16.63752566143667
synthetic_energy,energy,ridge_ar,energy_0,2024-01-10 09:00:00,16.267766952966376,16.266144476037724
synthetic_energy,energy,ridge_ar,energy_0,2024-01-10 10:00:00,15.770000000000003,15.77524225616276
synthetic_energy,energy,ridge_ar,energy_0,2024-01-10 11:00:00,15.18704761275632,15.198756832691423
synthetic_energy,energy,ridge_ar,energy_0,2024-01-10 12:00:00,14.560000000000015,14.57671502029812
synthetic_energy,energy,ridge_ar,energy_0,2024-01-10 13:00:00,13.93295238724371,13.952587523943627
synthetic_energy,energy,ridge_ar,energy_0,2024-01-10 14:00:00,13.34999999999999,13.370325505910136
synthetic_energy,energy,ridge_ar,energy_0,2024-01-10 15:00:00,12.852233047033636,12.871326425835235
synthetic_energy,energy,ridge_ar,energy_0,2024-01-10 16:00:00,12.474936490538903,12.491563322226744
synthetic_energy,energy,ridge_ar,energy_0,2024-01-10 17:00:00,12.245185434277328,12.25907891308783
synthetic_energy,energy,ridge_ar,energy_0,2024-01-10 18:00:00,12.18,12.192002173018777
synthetic_energy,energy,ridge_ar,energy_0,2024-01-10 19:00:00,12.285185434277327,12.297197555253085
synthetic_energy,energy,ridge_ar,energy_0,2024-01-10 20:00:00,12.554936490538902,12.569615695996514
synthetic_energy,energy,ridge_ar,energy_0,2024-01-10 21:00:00,12.972233047033619,12.992392218880388
synthetic_energy,energy,ridge_ar,energy_0,2024-01-10 22:00:00,13.50999999999999,13.537747363140847
synthetic_energy,energy,ridge_ar,energy_0,2024-01-10 23:00:00,14.132952387243687,14.168758765789612
synthetic_energy,energy,ridge_ar,energy_1,2024-01-10 00:00:00,15.319999999999995,15.327083746145059
synthetic_energy,energy,ridge_ar,energy_1,2024-01-10 01:00:00,15.987047612756283,15.995260237816531
synthetic_energy,energy,ridge_ar,energy_1,2024-01-10 02:00:00,16.609999999999985,16.61660851244618
synthetic_energy,energy,ridge_ar,energy_1,2024-01-10 03:00:00,17.14776695296637,17.150148730643572
synthetic_energy,energy,ridge_ar,energy_1,2024-01-10 04:00:00,17.5650635094611,17.561583904890583
synthetic_energy,energy,ridge_ar,energy_1,2024-01-10 05:00:00,17.834814565722667,17.826101635682683
synthetic_energy,energy,ridge_ar,energy_1,2024-01-10 06:00:00,17.94,17.92841605249641
synthetic_energy,energy,ridge_ar,energy_1,2024-01-10 07:00:00,17.87481456572267,17.863648562005725
synthetic_energy,energy,ridge_ar,energy_1,2024-01-10 08:00:00,17.645063509461103,17.63752566143667
synthetic_energy,energy,ridge_ar,energy_1,2024-01-10 09:00:00,17.267766952966376,17.266144476037724
synthetic_energy,energy,ridge_ar,energy_1,2024-01-10 10:00:00,16.770000000000003,16.77524225616276
synthetic_energy,energy,ridge_ar,energy_1,2024-01-10 11:00:00,16.18704761275632,16.198756832691423
synthetic_energy,energy,ridge_ar,energy_1,2024-01-10 12:00:00,15.560000000000015,15.57671502029812
synthetic_energy,energy,ridge_ar,energy_1,2024-01-10 13:00:00,14.93295238724371,14.952587523943627
synthetic_energy,energy,ridge_ar,energy_1,2024-01-10 14:00:00,14.34999999999999,14.370325505910136
synthetic_energy,energy,ridge_ar,energy_1,2024-01-10 15:00:00,13.852233047033636,13.871326425835235
synthetic_energy,energy,ridge_ar,energy_1,2024-01-10 16:00:00,13.474936490538905,13.491563322226742
synthetic_energy,energy,ridge_ar,energy_1,2024-01-10 17:00:00,13.245185434277328,13.25907891308783
synthetic_energy,energy,ridge_ar,energy_1,2024-01-10 18:00:00,13.18,13.192002173018775
synthetic_energy,energy,ridge_ar,energy_1,2024-01-10 19:00:00,13.285185434277327,13.297197555253087
synthetic_energy,energy,ridge_ar,energy_1,2024-01-10 20:00:00,13.5549364905389,13.569615695996516
synthetic_energy,energy,ridge_ar,energy_1,2024-01-10 21:00:00,13.972233047033619,13.992392218880388
synthetic_energy,energy,ridge_ar,energy_1,2024-01-10 22:00:00,14.50999999999999,14.53774736314085
synthetic_energy,energy,ridge_ar,energy_1,2024-01-10 23:00:00,15.132952387243687,15.168758765789613
synthetic_energy,energy,ridge_ar,energy_2,2024-01-10 00:00:00,16.319999999999993,16.327083746145057
synthetic_energy,energy,ridge_ar,energy_2,2024-01-10 01:00:00,16.987047612756285,16.99526023781653
synthetic_energy,energy,ridge_ar,energy_2,2024-01-10 02:00:00,17.609999999999985,17.616608512446177
synthetic_energy,energy,ridge_ar,energy_2,2024-01-10 03:00:00,18.14776695296637,18.150148730643572
synthetic_energy,energy,ridge_ar,energy_2,2024-01-10 04:00:00,18.5650635094611,18.561583904890583
synthetic_energy,energy,ridge_ar,energy_2,2024-01-10 05:00:00,18.834814565722667,18.826101635682683
synthetic_energy,energy,ridge_ar,energy_2,2024-01-10 06:00:00,18.94,18.928416052496413
synthetic_energy,energy,ridge_ar,energy_2,2024-01-10 07:00:00,18.87481456572267,18.863648562005725
synthetic_energy,energy,ridge_ar,energy_2,2024-01-10 08:00:00,18.645063509461103,18.63752566143667
synthetic_energy,energy,ridge_ar,energy_2,2024-01-10 09:00:00,18.267766952966376,18.266144476037724
synthetic_energy,energy,ridge_ar,energy_2,2024-01-10 10:00:00,17.770000000000003,17.77524225616276
synthetic_energy,energy,ridge_ar,energy_2,2024-01-10 11:00:00,17.18704761275632,17.198756832691423
synthetic_energy,energy,ridge_ar,energy_2,2024-01-10 12:00:00,16.560000000000016,16.576715020298117
synthetic_energy,energy,ridge_ar,energy_2,2024-01-10 13:00:00,15.93295238724371,15.952587523943626
synthetic_energy,energy,ridge_ar,energy_2,2024-01-10 14:00:00,15.34999999999999,15.370325505910136
synthetic_energy,energy,ridge_ar,energy_2,2024-01-10 15:00:00,14.852233047033636,14.871326425835235
synthetic_energy,energy,ridge_ar,energy_2,2024-01-10 16:00:00,14.474936490538905,14.491563322226742
synthetic_energy,energy,ridge_ar,energy_2,2024-01-10 17:00:00,14.245185434277328,14.25907891308783
synthetic_energy,energy,ridge_ar,energy_2,2024-01-10 18:00:00,14.18,14.192002173018775
synthetic_energy,energy,ridge_ar,energy_2,2024-01-10 19:00:00,14.285185434277327,14.297197555253085
synthetic_energy,energy,ridge_ar,energy_2,2024-01-10 20:00:00,14.5549364905389,14.569615695996513
synthetic_energy,energy,ridge_ar,energy_2,2024-01-10 21:00:00,14.972233047033619,14.992392218880386
synthetic_energy,energy,ridge_ar,energy_2,2024-01-10 22:00:00,15.50999999999999,15.537747363140847
synthetic_energy,energy,ridge_ar,energy_2,2024-01-10 23:00:00,16.132952387243687,16.16875876578961
synthetic_energy,energy,hist_gradient_boosting_ar,energy_0,2024-01-10 00:00:00,14.319999999999995,14.345147139162174
synthetic_energy,energy,hist_gradient_boosting_ar,energy_0,2024-01-10 01:00:00,14.987047612756283,15.074992037353248
synthetic_energy,energy,hist_gradient_boosting_ar,energy_0,2024-01-10 02:00:00,15.609999999999985,15.669988389122945
synthetic_energy,energy,hist_gradient_boosting_ar,energy_0,2024-01-10 03:00:00,16.14776695296637,16.167765549960254
synthetic_energy,energy,hist_gradient_boosting_ar,energy_0,2024-01-10 04:00:00,16.5650635094611,16.269579137027645
synthetic_energy,energy,hist_gradient_boosting_ar,energy_0,2024-01-10 05:00:00,16.834814565722667,16.288340501686122
synthetic_energy,energy,hist_gradient_boosting_ar,energy_0,2024-01-10 06:00:00,16.94,16.29097374080685
synthetic_energy,energy,hist_gradient_boosting_ar,energy_0,2024-01-10 07:00:00,16.87481456572267,16.29097374080685
synthetic_energy,energy,hist_gradient_boosting_ar,energy_0,2024-01-10 08:00:00,16.645063509461103,16.29097374080685
synthetic_energy,energy,hist_gradient_boosting_ar,energy_0,2024-01-10 09:00:00,16.267766952966376,16.279726933360543
synthetic_energy,energy,hist_gradient_boosting_ar,energy_0,2024-01-10 10:00:00,15.770000000000003,15.869545914290901
synthetic_energy,energy,hist_gradient_boosting_ar,energy_0,2024-01-10 11:00:00,15.18704761275632,15.246314894077415
synthetic_energy,energy,hist_gradient_boosting_ar,energy_0,2024-01-10 12:00:00,14.560000000000015,14.525722943175495
synthetic_energy,energy,hist_gradient_boosting_ar,energy_0,2024-01-10 13:00:00,13.93295238724371,13.95269333663351
synthetic_energy,energy,hist_gradient_boosting_ar,energy_0,2024-01-10 14:00:00,13.34999999999999,13.35211812488152
synthetic_energy,energy,hist_gradient_boosting_ar,energy_0,2024-01-10 15:00:00,12.852233047033636,12.862752779264904
synthetic_energy,energy,hist_gradient_boosting_ar,energy_0,2024-01-10 16:00:00,12.474936490538903,12.499026192255439
synthetic_energy,energy,hist_gradient_boosting_ar,energy_0,2024-01-10 17:00:00,12.245185434277328,12.22412564487085
synthetic_energy,energy,hist_gradient_boosting_ar,energy_0,2024-01-10 18:00:00,12.18,12.168984045168436
synthetic_energy,energy,hist_gradient_boosting_ar,energy_0,2024-01-10 19:00:00,12.285185434277327,12.313575191384492
synthetic_energy,energy,hist_gradient_boosting_ar,energy_0,2024-01-10 20:00:00,12.554936490538902,12.555118630528893
synthetic_energy,energy,hist_gradient_boosting_ar,energy_0,2024-01-10 21:00:00,12.972233047033619,12.975515777499039
synthetic_energy,energy,hist_gradient_boosting_ar,energy_0,2024-01-10 22:00:00,13.50999999999999,13.552889836134678
synthetic_energy,energy,hist_gradient_boosting_ar,energy_0,2024-01-10 23:00:00,14.132952387243687,14.181546994315969
synthetic_energy,energy,hist_gradient_boosting_ar,energy_1,2024-01-10 00:00:00,15.319999999999995,15.345147139162174
synthetic_energy,energy,hist_gradient_boosting_ar,energy_1,2024-01-10 01:00:00,15.987047612756283,16.074992037353248
synthetic_energy,energy,hist_gradient_boosting_ar,energy_1,2024-01-10 02:00:00,16.609999999999985,16.669988389122945
synthetic_energy,energy,hist_gradient_boosting_ar,energy_1,2024-01-10 03:00:00,17.14776695296637,17.167765549960254
synthetic_energy,energy,hist_gradient_boosting_ar,energy_1,2024-01-10 04:00:00,17.5650635094611,17.269579137027645
synthetic_energy,energy,hist_gradient_boosting_ar,energy_1,2024-01-10 05:00:00,17.834814565722667,17.288340501686122
synthetic_energy,energy,hist_gradient_boosting_ar,energy_1,2024-01-10 06:00:00,17.94,17.29097374080685
synthetic_energy,energy,hist_gradient_boosting_ar,energy_1,2024-01-10 07:00:00,17.87481456572267,17.29097374080685
synthetic_energy,energy,hist_gradient_boosting_ar,energy_1,2024-01-10 08:00:00,17.645063509461103,17.29097374080685
synthetic_energy,energy,hist_gradient_boosting_ar,energy_1,2024-01-10 09:00:00,17.267766952966376,17.279726933360543
synthetic_energy,energy,hist_gradient_boosting_ar,energy_1,2024-01-10 10:00:00,16.770000000000003,16.869545914290903
synthetic_energy,energy,hist_gradient_boosting_ar,energy_1,2024-01-10 11:00:00,16.18704761275632,16.246314894077415
synthetic_energy,energy,hist_gradient_boosting_ar,energy_1,2024-01-10 12:00:00,15.560000000000015,15.525722943175495
synthetic_energy,energy,hist_gradient_boosting_ar,energy_1,2024-01-10 13:00:00,14.93295238724371,14.95269333663351
synthetic_energy,energy,hist_gradient_boosting_ar,energy_1,2024-01-10 14:00:00,14.34999999999999,14.35211812488152
synthetic_energy,energy,hist_gradient_boosting_ar,energy_1,2024-01-10 15:00:00,13.852233047033636,13.862752779264904
synthetic_energy,energy,hist_gradient_boosting_ar,energy_1,2024-01-10 16:00:00,13.474936490538905,13.499026192255439
synthetic_energy,energy,hist_gradient_boosting_ar,energy_1,2024-01-10 17:00:00,13.245185434277328,13.22412564487085
synthetic_energy,energy,hist_gradient_boosting_ar,energy_1,2024-01-10 18:00:00,13.18,13.168984045168436
synthetic_energy,energy,hist_gradient_boosting_ar,energy_1,2024-01-10 19:00:00,13.285185434277327,13.313575191384492
synthetic_energy,energy,hist_gradient_boosting_ar,energy_1,2024-01-10 20:00:00,13.5549364905389,13.555118630528893
synthetic_energy,energy,hist_gradient_boosting_ar,energy_1,2024-01-10 21:00:00,13.972233047033619,13.975515777499039
synthetic_energy,energy,hist_gradient_boosting_ar,energy_1,2024-01-10 22:00:00,14.50999999999999,14.552889836134678
synthetic_energy,energy,hist_gradient_boosting_ar,energy_1,2024-01-10 23:00:00,15.132952387243687,15.181546994315969
synthetic_energy,energy,hist_gradient_boosting_ar,energy_2,2024-01-10 00:00:00,16.319999999999993,16.345147139162172
synthetic_energy,energy,hist_gradient_boosting_ar,energy_2,2024-01-10 01:00:00,16.987047612756285,17.074992037353248
synthetic_energy,energy,hist_gradient_boosting_ar,energy_2,2024-01-10 02:00:00,17.609999999999985,17.669988389122945
synthetic_energy,energy,hist_gradient_boosting_ar,energy_2,2024-01-10 03:00:00,18.14776695296637,18.167765549960254
synthetic_energy,energy,hist_gradient_boosting_ar,energy_2,2024-01-10 04:00:00,18.5650635094611,18.269579137027645
synthetic_energy,energy,hist_gradient_boosting_ar,energy_2,2024-01-10 05:00:00,18.834814565722667,18.288340501686122
synthetic_energy,energy,hist_gradient_boosting_ar,energy_2,2024-01-10 06:00:00,18.94,18.29097374080685
synthetic_energy,energy,hist_gradient_boosting_ar,energy_2,2024-01-10 07:00:00,18.87481456572267,18.29097374080685
synthetic_energy,energy,hist_gradient_boosting_ar,energy_2,2024-01-10 08:00:00,18.645063509461103,18.29097374080685
synthetic_energy,energy,hist_gradient_boosting_ar,energy_2,2024-01-10 09:00:00,18.267766952966376,18.279726933360543
synthetic_energy,energy,hist_gradient_boosting_ar,energy_2,2024-01-10 10:00:00,17.770000000000003,17.869545914290903
synthetic_energy,energy,hist_gradient_boosting_ar,energy_2,2024-01-10 11:00:00,17.18704761275632,17.246314894077415
synthetic_energy,energy,hist_gradient_boosting_ar,energy_2,2024-01-10 12:00:00,16.560000000000016,16.525722943175495
synthetic_energy,energy,hist_gradient_boosting_ar,energy_2,2024-01-10 13:00:00,15.93295238724371,15.95269333663351
synthetic_energy,energy,hist_gradient_boosting_ar,energy_2,2024-01-10 14:00:00,15.34999999999999,15.35211812488152
synthetic_energy,energy,hist_gradient_boosting_ar,energy_2,2024-01-10 15:00:00,14.852233047033636,14.862752779264904
synthetic_energy,energy,hist_gradient_boosting_ar,energy_2,2024-01-10 16:00:00,14.474936490538905,14.499026192255439
synthetic_energy,energy,hist_gradient_boosting_ar,energy_2,2024-01-10 17:00:00,14.245185434277328,14.22412564487085
synthetic_energy,energy,hist_gradient_boosting_ar,energy_2,2024-01-10 18:00:00,14.18,14.168984045168436
synthetic_energy,energy,hist_gradient_boosting_ar,energy_2,2024-01-10 19:00:00,14.285185434277327,14.313575191384492
synthetic_energy,energy,hist_gradient_boosting_ar,energy_2,2024-01-10 20:00:00,14.5549364905389,14.555118630528893
synthetic_energy,energy,hist_gradient_boosting_ar,energy_2,2024-01-10 21:00:00,14.972233047033619,14.975515777499039
synthetic_energy,energy,hist_gradient_boosting_ar,energy_2,2024-01-10 22:00:00,15.50999999999999,15.552889836134678
synthetic_energy,energy,hist_gradient_boosting_ar,energy_2,2024-01-10 23:00:00,16.132952387243687,16.18154699431597
synthetic_energy,energy,lightgbm_ar,energy_0,2024-01-10 00:00:00,14.319999999999995,14.331638722291178
synthetic_energy,energy,lightgbm_ar,energy_0,2024-01-10 01:00:00,14.987047612756283,14.946062720352746
synthetic_energy,energy,lightgbm_ar,energy_0,2024-01-10 02:00:00,15.609999999999985,15.601665631023659
synthetic_energy,energy,lightgbm_ar,energy_0,2024-01-10 03:00:00,16.14776695296637,16.312107991166545
synthetic_energy,energy,lightgbm_ar,energy_0,2024-01-10 04:00:00,16.5650635094611,16.36010074311943
synthetic_energy,energy,lightgbm_ar,energy_0,2024-01-10 05:00:00,16.834814565722667,16.39514918552156
synthetic_energy,energy,lightgbm_ar,energy_0,2024-01-10 06:00:00,16.94,16.327306836026565
synthetic_energy,energy,lightgbm_ar,energy_0,2024-01-10 07:00:00,16.87481456572267,16.327306836026565
synthetic_energy,energy,lightgbm_ar,energy_0,2024-01-10 08:00:00,16.645063509461103,16.327306836026565
synthetic_energy,energy,lightgbm_ar,energy_0,2024-01-10 09:00:00,16.267766952966376,16.323280268322705
synthetic_energy,energy,lightgbm_ar,energy_0,2024-01-10 10:00:00,15.770000000000003,15.780477599392048
synthetic_energy,energy,lightgbm_ar,energy_0,2024-01-10 11:00:00,15.18704761275632,15.190626584480691
synthetic_energy,energy,lightgbm_ar,energy_0,2024-01-10 12:00:00,14.560000000000015,14.535977587241028
synthetic_energy,energy,lightgbm_ar,energy_0,2024-01-10 13:00:00,13.93295238724371,13.955081387121014
synthetic_energy,energy,lightgbm_ar,energy_0,2024-01-10 14:00:00,13.34999999999999,13.362619927431917
synthetic_energy,energy,lightgbm_ar,energy_0,2024-01-10 15:00:00,12.852233047033636,12.800036243309377
synthetic_energy,energy,lightgbm_ar,energy_0,2024-01-10 16:00:00,12.474936490538903,12.492679641059084
synthetic_energy,energy,lightgbm_ar,energy_0,2024-01-10 17:00:00,12.245185434277328,12.214509882253314
synthetic_energy,energy,lightgbm_ar,energy_0,2024-01-10 18:00:00,12.18,12.161874792941898
synthetic_energy,energy,lightgbm_ar,energy_0,2024-01-10 19:00:00,12.285185434277327,12.308965948518725
synthetic_energy,energy,lightgbm_ar,energy_0,2024-01-10 20:00:00,12.554936490538902,12.550105143912003
synthetic_energy,energy,lightgbm_ar,energy_0,2024-01-10 21:00:00,12.972233047033619,12.973557456831172
synthetic_energy,energy,lightgbm_ar,energy_0,2024-01-10 22:00:00,13.50999999999999,13.54951322162069
synthetic_energy,energy,lightgbm_ar,energy_0,2024-01-10 23:00:00,14.132952387243687,14.163282259597233
synthetic_energy,energy,lightgbm_ar,energy_1,2024-01-10 00:00:00,15.319999999999995,15.331638722291178
synthetic_energy,energy,lightgbm_ar,energy_1,2024-01-10 01:00:00,15.987047612756283,15.946062720352746
synthetic_energy,energy,lightgbm_ar,energy_1,2024-01-10 02:00:00,16.609999999999985,16.601665631023657
synthetic_energy,energy,lightgbm_ar,energy_1,2024-01-10 03:00:00,17.14776695296637,17.312107991166545
synthetic_energy,energy,lightgbm_ar,energy_1,2024-01-10 04:00:00,17.5650635094611,17.36010074311943
synthetic_energy,energy,lightgbm_ar,energy_1,2024-01-10 05:00:00,17.834814565722667,17.39514918552156
synthetic_energy,energy,lightgbm_ar,energy_1,2024-01-10 06:00:00,17.94,17.327306836026565
synthetic_energy,energy,lightgbm_ar,energy_1,2024-01-10 07:00:00,17.87481456572267,17.327306836026565
synthetic_energy,energy,lightgbm_ar,energy_1,2024-01-10 08:00:00,17.645063509461103,17.327306836026565
synthetic_energy,energy,lightgbm_ar,energy_1,2024-01-10 09:00:00,17.267766952966376,17.323280268322705
synthetic_energy,energy,lightgbm_ar,energy_1,2024-01-10 10:00:00,16.770000000000003,16.780477599392047
synthetic_energy,energy,lightgbm_ar,energy_1,2024-01-10 11:00:00,16.18704761275632,16.19062658448069
synthetic_energy,energy,lightgbm_ar,energy_1,2024-01-10 12:00:00,15.560000000000015,15.535977587241028
synthetic_energy,energy,lightgbm_ar,energy_1,2024-01-10 13:00:00,14.93295238724371,14.955081387121014
synthetic_energy,energy,lightgbm_ar,energy_1,2024-01-10 14:00:00,14.34999999999999,14.362619927431917
synthetic_energy,energy,lightgbm_ar,energy_1,2024-01-10 15:00:00,13.852233047033636,13.800036243309377
synthetic_energy,energy,lightgbm_ar,energy_1,2024-01-10 16:00:00,13.474936490538905,13.492679641059084
synthetic_energy,energy,lightgbm_ar,energy_1,2024-01-10 17:00:00,13.245185434277328,13.214509882253314
synthetic_energy,energy,lightgbm_ar,energy_1,2024-01-10 18:00:00,13.18,13.161874792941898
synthetic_energy,energy,lightgbm_ar,energy_1,2024-01-10 19:00:00,13.285185434277327,13.308965948518725
synthetic_energy,energy,lightgbm_ar,energy_1,2024-01-10 20:00:00,13.5549364905389,13.550105143912003
synthetic_energy,energy,lightgbm_ar,energy_1,2024-01-10 21:00:00,13.972233047033619,13.973557456831172
synthetic_energy,energy,lightgbm_ar,energy_1,2024-01-10 22:00:00,14.50999999999999,14.54951322162069
synthetic_energy,energy,lightgbm_ar,energy_1,2024-01-10 23:00:00,15.132952387243687,15.163282259597233
synthetic_energy,energy,lightgbm_ar,energy_2,2024-01-10 00:00:00,16.319999999999993,16.331638722291178
synthetic_energy,energy,lightgbm_ar,energy_2,2024-01-10 01:00:00,16.987047612756285,16.946062720352746
synthetic_energy,energy,lightgbm_ar,energy_2,2024-01-10 02:00:00,17.609999999999985,17.601665631023657
synthetic_energy,energy,lightgbm_ar,energy_2,2024-01-10 03:00:00,18.14776695296637,18.312107991166545
synthetic_energy,energy,lightgbm_ar,energy_2,2024-01-10 04:00:00,18.5650635094611,18.36010074311943
synthetic_energy,energy,lightgbm_ar,energy_2,2024-01-10 05:00:00,18.834814565722667,18.39514918552156
synthetic_energy,energy,lightgbm_ar,energy_2,2024-01-10 06:00:00,18.94,18.327306836026565
synthetic_energy,energy,lightgbm_ar,energy_2,2024-01-10 07:00:00,18.87481456572267,18.327306836026565
synthetic_energy,energy,lightgbm_ar,energy_2,2024-01-10 08:00:00,18.645063509461103,18.327306836026565
synthetic_energy,energy,lightgbm_ar,energy_2,2024-01-10 09:00:00,18.267766952966376,18.323280268322705
synthetic_energy,energy,lightgbm_ar,energy_2,2024-01-10 10:00:00,17.770000000000003,17.780477599392047
synthetic_energy,energy,lightgbm_ar,energy_2,2024-01-10 11:00:00,17.18704761275632,17.19062658448069
synthetic_energy,energy,lightgbm_ar,energy_2,2024-01-10 12:00:00,16.560000000000016,16.535977587241028
synthetic_energy,energy,lightgbm_ar,energy_2,2024-01-10 13:00:00,15.93295238724371,15.955081387121014
synthetic_energy,energy,lightgbm_ar,energy_2,2024-01-10 14:00:00,15.34999999999999,15.362619927431917
synthetic_energy,energy,lightgbm_ar,energy_2,2024-01-10 15:00:00,14.852233047033636,14.800036243309377
synthetic_energy,energy,lightgbm_ar,energy_2,2024-01-10 16:00:00,14.474936490538905,14.492679641059084
synthetic_energy,energy,lightgbm_ar,energy_2,2024-01-10 17:00:00,14.245185434277328,14.214509882253314
synthetic_energy,energy,lightgbm_ar,energy_2,2024-01-10 18:00:00,14.18,14.161874792941898
synthetic_energy,energy,lightgbm_ar,energy_2,2024-01-10 19:00:00,14.285185434277327,14.308965948518725
synthetic_energy,energy,lightgbm_ar,energy_2,2024-01-10 20:00:00,14.5549364905389,14.550105143912003
synthetic_energy,energy,lightgbm_ar,energy_2,2024-01-10 21:00:00,14.972233047033619,14.973557456831172
synthetic_energy,energy,lightgbm_ar,energy_2,2024-01-10 22:00:00,15.50999999999999,15.54951322162069
synthetic_energy,energy,lightgbm_ar,energy_2,2024-01-10 23:00:00,16.132952387243687,16.16328225959723
synthetic_energy,energy,xgboost_ar,energy_0,2024-01-10 00:00:00,14.319999999999995,14.244045764506568
synthetic_energy,energy,xgboost_ar,energy_0,2024-01-10 01:00:00,14.987047612756283,14.953316668890233
synthetic_energy,energy,xgboost_ar,energy_0,2024-01-10 02:00:00,15.609999999999985,15.603045106638412
synthetic_energy,energy,xgboost_ar,energy_0,2024-01-10 03:00:00,16.14776695296637,16.081538349953163
synthetic_energy,energy,xgboost_ar,energy_0,2024-01-10 04:00:00,16.5650635094611,16.44290815563208
synthetic_energy,energy,xgboost_ar,energy_0,2024-01-10 05:00:00,16.834814565722667,16.434601623231963
synthetic_energy,energy,xgboost_ar,energy_0,2024-01-10 06:00:00,16.94,16.432986134096073
synthetic_energy,energy,xgboost_ar,energy_0,2024-01-10 07:00:00,16.87481456572267,16.432986134096073
synthetic_energy,energy,xgboost_ar,energy_0,2024-01-10 08:00:00,16.645063509461103,16.432986134096073
synthetic_energy,energy,xgboost_ar,energy_0,2024-01-10 09:00:00,16.267766952966376,16.16093567236376
synthetic_energy,energy,xgboost_ar,energy_0,2024-01-10 10:00:00,15.770000000000003,15.682771800620406
synthetic_energy,energy,xgboost_ar,energy_0,2024-01-10 11:00:00,15.18704761275632,15.128406413747928
synthetic_energy,energy,xgboost_ar,energy_0,2024-01-10 12:00:00,14.560000000000015,14.538807774409191
synthetic_energy,energy,xgboost_ar,energy_0,2024-01-10 13:00:00,13.93295238724371,13.867019283557786
synthetic_energy,energy,xgboost_ar,energy_0,2024-01-10 14:00:00,13.34999999999999,13.267517099335045
synthetic_energy,energy,xgboost_ar,energy_0,2024-01-10 15:00:00,12.852233047033636,12.787094382621268
synthetic_energy,energy,xgboost_ar,energy_0,2024-01-10 16:00:00,12.474936490538903,12.400341978272817
synthetic_energy,energy,xgboost_ar,energy_0,2024-01-10 17:00:00,12.245185434277328,12.213371940189536
synthetic_energy,energy,xgboost_ar,energy_0,2024-01-10 18:00:00,12.18,12.160461551940097
synthetic_energy,energy,xgboost_ar,energy_0,2024-01-10 19:00:00,12.285185434277327,12.213371940189536
synthetic_energy,energy,xgboost_ar,energy_0,2024-01-10 20:00:00,12.554936490538902,12.55015758010608
synthetic_energy,energy,xgboost_ar,energy_0,2024-01-10 21:00:00,12.972233047033619,12.889975113854337
synthetic_energy,energy,xgboost_ar,energy_0,2024-01-10 22:00:00,13.50999999999999,13.452475574549178
synthetic_energy,energy,xgboost_ar,energy_0,2024-01-10 23:00:00,14.132952387243687,14.079165350153
synthetic_energy,energy,xgboost_ar,energy_1,2024-01-10 00:00:00,15.319999999999995,15.244045764506568
synthetic_energy,energy,xgboost_ar,energy_1,2024-01-10 01:00:00,15.987047612756283,15.953316668890233
synthetic_energy,energy,xgboost_ar,energy_1,2024-01-10 02:00:00,16.609999999999985,16.60304510663841
synthetic_energy,energy,xgboost_ar,energy_1,2024-01-10 03:00:00,17.14776695296637,17.081538349953163
synthetic_energy,energy,xgboost_ar,energy_1,2024-01-10 04:00:00,17.5650635094611,17.44290815563208
synthetic_energy,energy,xgboost_ar,energy_1,2024-01-10 05:00:00,17.834814565722667,17.434601623231963
synthetic_energy,energy,xgboost_ar,energy_1,2024-01-10 06:00:00,17.94,17.432986134096073
synthetic_energy,energy,xgboost_ar,energy_1,2024-01-10 07:00:00,17.87481456572267,17.432986134096073
synthetic_energy,energy,xgboost_ar,energy_1,2024-01-10 08:00:00,17.645063509461103,17.432986134096073
synthetic_energy,energy,xgboost_ar,energy_1,2024-01-10 09:00:00,17.267766952966376,17.16093567236376
synthetic_energy,energy,xgboost_ar,energy_1,2024-01-10 10:00:00,16.770000000000003,16.682771800620408
synthetic_energy,energy,xgboost_ar,energy_1,2024-01-10 11:00:00,16.18704761275632,16.12840641374793
synthetic_energy,energy,xgboost_ar,energy_1,2024-01-10 12:00:00,15.560000000000015,15.538807774409191
synthetic_energy,energy,xgboost_ar,energy_1,2024-01-10 13:00:00,14.93295238724371,14.867019283557786
synthetic_energy,energy,xgboost_ar,energy_1,2024-01-10 14:00:00,14.34999999999999,14.267517099335045
synthetic_energy,energy,xgboost_ar,energy_1,2024-01-10 15:00:00,13.852233047033636,13.787094382621268
synthetic_energy,energy,xgboost_ar,energy_1,2024-01-10 16:00:00,13.474936490538905,13.400341978272817
synthetic_energy,energy,xgboost_ar,energy_1,2024-01-10 17:00:00,13.245185434277328,13.213371940189536
synthetic_energy,energy,xgboost_ar,energy_1,2024-01-10 18:00:00,13.18,13.160461551940097
synthetic_energy,energy,xgboost_ar,energy_1,2024-01-10 19:00:00,13.285185434277327,13.213371940189536
synthetic_energy,energy,xgboost_ar,energy_1,2024-01-10 20:00:00,13.5549364905389,13.55015758010608
synthetic_energy,energy,xgboost_ar,energy_1,2024-01-10 21:00:00,13.972233047033619,13.889975113854337
synthetic_energy,energy,xgboost_ar,energy_1,2024-01-10 22:00:00,14.50999999999999,14.452475574549178
synthetic_energy,energy,xgboost_ar,energy_1,2024-01-10 23:00:00,15.132952387243687,15.079165350153
synthetic_energy,energy,xgboost_ar,energy_2,2024-01-10 00:00:00,16.319999999999993,16.24404576450657
synthetic_energy,energy,xgboost_ar,energy_2,2024-01-10 01:00:00,16.987047612756285,16.95331666889023
synthetic_energy,energy,xgboost_ar,energy_2,2024-01-10 02:00:00,17.609999999999985,17.60304510663841
synthetic_energy,energy,xgboost_ar,energy_2,2024-01-10 03:00:00,18.14776695296637,18.081538349953163
synthetic_energy,energy,xgboost_ar,energy_2,2024-01-10 04:00:00,18.5650635094611,18.44290815563208
synthetic_energy,energy,xgboost_ar,energy_2,2024-01-10 05:00:00,18.834814565722667,18.434601623231963
synthetic_energy,energy,xgboost_ar,energy_2,2024-01-10 06:00:00,18.94,18.432986134096073
synthetic_energy,energy,xgboost_ar,energy_2,2024-01-10 07:00:00,18.87481456572267,18.432986134096073
synthetic_energy,energy,xgboost_ar,energy_2,2024-01-10 08:00:00,18.645063509461103,18.432986134096073
synthetic_energy,energy,xgboost_ar,energy_2,2024-01-10 09:00:00,18.267766952966376,18.16093567236376
synthetic_energy,energy,xgboost_ar,energy_2,2024-01-10 10:00:00,17.770000000000003,17.682771800620408
synthetic_energy,energy,xgboost_ar,energy_2,2024-01-10 11:00:00,17.18704761275632,17.12840641374793
synthetic_energy,energy,xgboost_ar,energy_2,2024-01-10 12:00:00,16.560000000000016,16.538807774409193
synthetic_energy,energy,xgboost_ar,energy_2,2024-01-10 13:00:00,15.93295238724371,15.867019283557786
synthetic_energy,energy,xgboost_ar,energy_2,2024-01-10 14:00:00,15.34999999999999,15.267517099335045
synthetic_energy,energy,xgboost_ar,energy_2,2024-01-10 15:00:00,14.852233047033636,14.787094382621268
synthetic_energy,energy,xgboost_ar,energy_2,2024-01-10 16:00:00,14.474936490538905,14.400341978272817
synthetic_energy,energy,xgboost_ar,energy_2,2024-01-10 17:00:00,14.245185434277328,14.213371940189536
synthetic_energy,energy,xgboost_ar,energy_2,2024-01-10 18:00:00,14.18,14.160461551940097
synthetic_energy,energy,xgboost_ar,energy_2,2024-01-10 19:00:00,14.285185434277327,14.213371940189536
synthetic_energy,energy,xgboost_ar,energy_2,2024-01-10 20:00:00,14.5549364905389,14.55015758010608
synthetic_energy,energy,xgboost_ar,energy_2,2024-01-10 21:00:00,14.972233047033619,14.889975113854337
synthetic_energy,energy,xgboost_ar,energy_2,2024-01-10 22:00:00,15.50999999999999,15.452475574549178
synthetic_energy,energy,xgboost_ar,energy_2,2024-01-10 23:00:00,16.132952387243687,16.079165350153
synthetic_energy,energy,tabpfn_ts,energy_0,2024-01-10 00:00:00,14.319999999999995,13.95766544342041
synthetic_energy,energy,tabpfn_ts,energy_0,2024-01-10 01:00:00,14.987047612756283,14.711981773376465
synthetic_energy,energy,tabpfn_ts,energy_0,2024-01-10 02:00:00,15.609999999999985,15.380267143249512
synthetic_energy,energy,tabpfn_ts,energy_0,2024-01-10 03:00:00,16.14776695296637,15.931305885314941
synthetic_energy,energy,tabpfn_ts,energy_0,2024-01-10 04:00:00,16.5650635094611,16.3587646484375
synthetic_energy,energy,tabpfn_ts,energy_0,2024-01-10 05:00:00,16.834814565722667,16.605514526367188
synthetic_energy,energy,tabpfn_ts,energy_0,2024-01-10 06:00:00,16.94,16.692949295043945
synthetic_energy,energy,tabpfn_ts,energy_0,2024-01-10 07:00:00,16.87481456572267,16.61669158935547
synthetic_energy,energy,tabpfn_ts,energy_0,2024-01-10 08:00:00,16.645063509461103,16.414173126220703
synthetic_energy,energy,tabpfn_ts,energy_0,2024-01-10 09:00:00,16.267766952966376,16.042356491088867
synthetic_energy,energy,tabpfn_ts,energy_0,2024-01-10 10:00:00,15.770000000000003,15.547475814819336
synthetic_energy,energy,tabpfn_ts,energy_0,2024-01-10 11:00:00,15.18704761275632,14.963736534118652
synthetic_energy,energy,tabpfn_ts,energy_0,2024-01-10 12:00:00,14.560000000000015,14.293868064880371
synthetic_energy,energy,tabpfn_ts,energy_0,2024-01-10 13:00:00,13.93295238724371,13.635479927062988
synthetic_energy,energy,tabpfn_ts,energy_0,2024-01-10 14:00:00,13.34999999999999,13.014054298400879
synthetic_energy,energy,tabpfn_ts,energy_0,2024-01-10 15:00:00,12.852233047033636,12.49024486541748
synthetic_energy,energy,tabpfn_ts,energy_0,2024-01-10 16:00:00,12.474936490538903,12.087282180786133
synthetic_energy,energy,tabpfn_ts,energy_0,2024-01-10 17:00:00,12.245185434277328,11.843714714050293
synthetic_energy,energy,tabpfn_ts,energy_0,2024-01-10 18:00:00,12.18,11.798174858093262
synthetic_energy,energy,tabpfn_ts,energy_0,2024-01-10 19:00:00,12.285185434277327,11.856871604919434
synthetic_energy,energy,tabpfn_ts,energy_0,2024-01-10 20:00:00,12.554936490538902,12.090906143188477
synthetic_energy,energy,tabpfn_ts,energy_0,2024-01-10 21:00:00,12.972233047033619,12.515143394470215
synthetic_energy,energy,tabpfn_ts,energy_0,2024-01-10 22:00:00,13.50999999999999,13.044133186340332
synthetic_energy,energy,tabpfn_ts,energy_0,2024-01-10 23:00:00,14.132952387243687,13.64989948272705
synthetic_energy,energy,tabpfn_ts,energy_1,2024-01-10 00:00:00,15.319999999999995,14.95766544342041
synthetic_energy,energy,tabpfn_ts,energy_1,2024-01-10 01:00:00,15.987047612756283,15.711981773376465
synthetic_energy,energy,tabpfn_ts,energy_1,2024-01-10 02:00:00,16.609999999999985,16.380266189575195
synthetic_energy,energy,tabpfn_ts,energy_1,2024-01-10 03:00:00,17.14776695296637,16.931306838989258
synthetic_energy,energy,tabpfn_ts,energy_1,2024-01-10 04:00:00,17.5650635094611,17.3587646484375
synthetic_energy,energy,tabpfn_ts,energy_1,2024-01-10 05:00:00,17.834814565722667,17.605514526367188
synthetic_energy,energy,tabpfn_ts,energy_1,2024-01-10 06:00:00,17.94,17.692949295043945
synthetic_energy,energy,tabpfn_ts,energy_1,2024-01-10 07:00:00,17.87481456572267,17.61669158935547
synthetic_energy,energy,tabpfn_ts,energy_1,2024-01-10 08:00:00,17.645063509461103,17.414173126220703
synthetic_energy,energy,tabpfn_ts,energy_1,2024-01-10 09:00:00,17.267766952966376,17.042356491088867
synthetic_energy,energy,tabpfn_ts,energy_1,2024-01-10 10:00:00,16.770000000000003,16.54747772216797
synthetic_energy,energy,tabpfn_ts,energy_1,2024-01-10 11:00:00,16.18704761275632,15.963736534118652
synthetic_energy,energy,tabpfn_ts,energy_1,2024-01-10 12:00:00,15.560000000000015,15.293868064880371
synthetic_energy,energy,tabpfn_ts,energy_1,2024-01-10 13:00:00,14.93295238724371,14.635479927062988
synthetic_energy,energy,tabpfn_ts,energy_1,2024-01-10 14:00:00,14.34999999999999,14.014054298400879
synthetic_energy,energy,tabpfn_ts,energy_1,2024-01-10 15:00:00,13.852233047033636,13.49024486541748
synthetic_energy,energy,tabpfn_ts,energy_1,2024-01-10 16:00:00,13.474936490538905,13.087282180786133
synthetic_energy,energy,tabpfn_ts,energy_1,2024-01-10 17:00:00,13.245185434277328,12.843714714050293
synthetic_energy,energy,tabpfn_ts,energy_1,2024-01-10 18:00:00,13.18,12.798174858093262
synthetic_energy,energy,tabpfn_ts,energy_1,2024-01-10 19:00:00,13.285185434277327,12.856871604919434
synthetic_energy,energy,tabpfn_ts,energy_1,2024-01-10 20:00:00,13.5549364905389,13.090906143188477
synthetic_energy,energy,tabpfn_ts,energy_1,2024-01-10 21:00:00,13.972233047033619,13.515143394470215
synthetic_energy,energy,tabpfn_ts,energy_1,2024-01-10 22:00:00,14.50999999999999,14.044133186340332
synthetic_energy,energy,tabpfn_ts,energy_1,2024-01-10 23:00:00,15.132952387243687,14.64989948272705
synthetic_energy,energy,tabpfn_ts,energy_2,2024-01-10 00:00:00,16.319999999999993,15.95766544342041
synthetic_energy,energy,tabpfn_ts,energy_2,2024-01-10 01:00:00,16.987047612756285,16.71198272705078
synthetic_energy,energy,tabpfn_ts,energy_2,2024-01-10 02:00:00,17.609999999999985,17.380266189575195
synthetic_energy,energy,tabpfn_ts,energy_2,2024-01-10 03:00:00,18.14776695296637,17.931306838989258
synthetic_energy,energy,tabpfn_ts,energy_2,2024-01-10 04:00:00,18.5650635094611,18.3587646484375
synthetic_energy,energy,tabpfn_ts,energy_2,2024-01-10 05:00:00,18.834814565722667,18.605514526367188
synthetic_energy,energy,tabpfn_ts,energy_2,2024-01-10 06:00:00,18.94,18.692949295043945
synthetic_energy,energy,tabpfn_ts,energy_2,2024-01-10 07:00:00,18.87481456572267,18.61669158935547
synthetic_energy,energy,tabpfn_ts,energy_2,2024-01-10 08:00:00,18.645063509461103,18.414173126220703
synthetic_energy,energy,tabpfn_ts,energy_2,2024-01-10 09:00:00,18.267766952966376,18.042356491088867
synthetic_energy,energy,tabpfn_ts,energy_2,2024-01-10 10:00:00,17.770000000000003,17.54747772216797
synthetic_energy,energy,tabpfn_ts,energy_2,2024-01-10 11:00:00,17.18704761275632,16.96373748779297
synthetic_energy,energy,tabpfn_ts,energy_2,2024-01-10 12:00:00,16.560000000000016,16.293869018554688
synthetic_energy,energy,tabpfn_ts,energy_2,2024-01-10 13:00:00,15.93295238724371,15.635479927062988
synthetic_energy,energy,tabpfn_ts,energy_2,2024-01-10 14:00:00,15.34999999999999,15.014054298400879
synthetic_energy,energy,tabpfn_ts,energy_2,2024-01-10 15:00:00,14.852233047033636,14.49024486541748
synthetic_energy,energy,tabpfn_ts,energy_2,2024-01-10 16:00:00,14.474936490538905,14.087282180786133
synthetic_energy,energy,tabpfn_ts,energy_2,2024-01-10 17:00:00,14.245185434277328,13.843714714050293
synthetic_energy,energy,tabpfn_ts,energy_2,2024-01-10 18:00:00,14.18,13.798174858093262
synthetic_energy,energy,tabpfn_ts,energy_2,2024-01-10 19:00:00,14.285185434277327,13.856871604919434
synthetic_energy,energy,tabpfn_ts,energy_2,2024-01-10 20:00:00,14.5549364905389,14.090906143188477
synthetic_energy,energy,tabpfn_ts,energy_2,2024-01-10 21:00:00,14.972233047033619,14.515143394470215
synthetic_energy,energy,tabpfn_ts,energy_2,2024-01-10 22:00:00,15.50999999999999,15.044133186340332
synthetic_energy,energy,tabpfn_ts,energy_2,2024-01-10 23:00:00,16.132952387243687,15.64989948272705
synthetic_traffic,traffic,dummy_mean,traffic_0,2024-01-10 00:00:00,32.92478373654545,30.35189805941707
synthetic_traffic,traffic,dummy_mean,traffic_0,2024-01-10 01:00:00,34.96832983968731,30.35189805941707
synthetic_traffic,traffic,dummy_mean,traffic_0,2024-01-10 02:00:00,36.86671841735838,30.35189805941707
synthetic_traffic,traffic,dummy_mean,traffic_0,2024-01-10 03:00:00,38.48850424041749,30.35189805941707
synthetic_traffic,traffic,dummy_mean,traffic_0,2024-01-10 04:00:00,39.720824476208136,30.35189805941707
synthetic_traffic,traffic,dummy_mean,traffic_0,2024-01-10 05:00:00,40.47709337792247,30.35189805941707
synthetic_traffic,traffic,dummy_mean,traffic_0,2024-01-10 06:00:00,40.702906603707255,30.35189805941707
synthetic_traffic,traffic,dummy_mean,traffic_0,2024-01-10 07:00:00,40.37975279082637,30.35189805941707
synthetic_traffic,traffic,dummy_mean,traffic_0,2024-01-10 08:00:00,39.526279441628844,30.35189805941707
synthetic_traffic,traffic,dummy_mean,traffic_0,2024-01-10 09:00:00,38.197026847177256,30.35189805941707
synthetic_traffic,traffic,dummy_mean,traffic_0,2024-01-10 10:00:00,36.478716322947996,30.35189805941707
synthetic_traffic,traffic,dummy_mean,traffic_0,2024-01-10 11:00:00,34.48434570012023,30.35189805941707
synthetic_traffic,traffic,dummy_mean,traffic_0,2024-01-10 12:00:00,32.345494447404135,30.35189805941707
synthetic_traffic,traffic,dummy_mean,traffic_0,2024-01-10 13:00:00,30.20336280861623,30.35189805941707
synthetic_traffic,traffic,dummy_mean,traffic_0,2024-01-10 14:00:00,28.19915561548945,30.35189805941707
synthetic_traffic,traffic,dummy_mean,traffic_0,2024-01-10 15:00:00,26.46446609406727,30.35189805941707
synthetic_traffic,traffic,dummy_mean,traffic_0,2024-01-10 16:00:00,25.11231498303725,30.35189805941707
synthetic_traffic,traffic,dummy_mean,traffic_0,2024-01-10 17:00:00,24.229455623521815,30.35189805941707
synthetic_traffic,traffic,dummy_mean,traffic_0,2024-01-10 18:00:00,23.870469405576202,30.35189805941707
synthetic_traffic,traffic,dummy_mean,traffic_0,2024-01-10 19:00:00,24.054053946407954,30.35189805941707
synthetic_traffic,traffic,dummy_mean,traffic_0,2024-01-10 20:00:00,24.761756943915355,30.35189805941707
synthetic_traffic,traffic,dummy_mean,traffic_0,2024-01-10 21:00:00,25.939241980053595,30.35189805941707
synthetic_traffic,traffic,dummy_mean,traffic_0,2024-01-10 22:00:00,27.499999999999968,30.35189805941707
synthetic_traffic,traffic,dummy_mean,traffic_0,2024-01-10 23:00:00,29.33125352399899,30.35189805941707
synthetic_traffic,traffic,dummy_mean,traffic_1,2024-01-10 00:00:00,33.92478373654545,31.35189805941707
synthetic_traffic,traffic,dummy_mean,traffic_1,2024-01-10 01:00:00,35.96832983968731,31.35189805941707
synthetic_traffic,traffic,dummy_mean,traffic_1,2024-01-10 02:00:00,37.86671841735838,31.35189805941707
synthetic_traffic,traffic,dummy_mean,traffic_1,2024-01-10 03:00:00,39.48850424041749,31.35189805941707
synthetic_traffic,traffic,dummy_mean,traffic_1,2024-01-10 04:00:00,40.720824476208136,31.35189805941707
synthetic_traffic,traffic,dummy_mean,traffic_1,2024-01-10 05:00:00,41.47709337792247,31.35189805941707
synthetic_traffic,traffic,dummy_mean,traffic_1,2024-01-10 06:00:00,41.702906603707255,31.35189805941707
synthetic_traffic,traffic,dummy_mean,traffic_1,2024-01-10 07:00:00,41.37975279082637,31.35189805941707
synthetic_traffic,traffic,dummy_mean,traffic_1,2024-01-10 08:00:00,40.526279441628844,31.35189805941707
synthetic_traffic,traffic,dummy_mean,traffic_1,2024-01-10 09:00:00,39.197026847177256,31.35189805941707
synthetic_traffic,traffic,dummy_mean,traffic_1,2024-01-10 10:00:00,37.478716322947996,31.35189805941707
synthetic_traffic,traffic,dummy_mean,traffic_1,2024-01-10 11:00:00,35.48434570012023,31.35189805941707
synthetic_traffic,traffic,dummy_mean,traffic_1,2024-01-10 12:00:00,33.345494447404135,31.35189805941707
synthetic_traffic,traffic,dummy_mean,traffic_1,2024-01-10 13:00:00,31.20336280861623,31.35189805941707
synthetic_traffic,traffic,dummy_mean,traffic_1,2024-01-10 14:00:00,29.19915561548945,31.35189805941707
synthetic_traffic,traffic,dummy_mean,traffic_1,2024-01-10 15:00:00,27.46446609406727,31.35189805941707
synthetic_traffic,traffic,dummy_mean,traffic_1,2024-01-10 16:00:00,26.11231498303725,31.35189805941707
synthetic_traffic,traffic,dummy_mean,traffic_1,2024-01-10 17:00:00,25.229455623521815,31.35189805941707
synthetic_traffic,traffic,dummy_mean,traffic_1,2024-01-10 18:00:00,24.870469405576202,31.35189805941707
synthetic_traffic,traffic,dummy_mean,traffic_1,2024-01-10 19:00:00,25.054053946407954,31.35189805941707
synthetic_traffic,traffic,dummy_mean,traffic_1,2024-01-10 20:00:00,25.761756943915355,31.35189805941707
synthetic_traffic,traffic,dummy_mean,traffic_1,2024-01-10 21:00:00,26.939241980053595,31.35189805941707
synthetic_traffic,traffic,dummy_mean,traffic_1,2024-01-10 22:00:00,28.499999999999968,31.35189805941707
synthetic_traffic,traffic,dummy_mean,traffic_1,2024-01-10 23:00:00,30.33125352399899,31.35189805941707
synthetic_traffic,traffic,dummy_mean,traffic_2,2024-01-10 00:00:00,34.92478373654545,32.351898059417074
synthetic_traffic,traffic,dummy_mean,traffic_2,2024-01-10 01:00:00,36.96832983968731,32.351898059417074
synthetic_traffic,traffic,dummy_mean,traffic_2,2024-01-10 02:00:00,38.86671841735838,32.351898059417074
synthetic_traffic,traffic,dummy_mean,traffic_2,2024-01-10 03:00:00,40.48850424041749,32.351898059417074
synthetic_traffic,traffic,dummy_mean,traffic_2,2024-01-10 04:00:00,41.720824476208136,32.351898059417074
synthetic_traffic,traffic,dummy_mean,traffic_2,2024-01-10 05:00:00,42.47709337792247,32.351898059417074
synthetic_traffic,traffic,dummy_mean,traffic_2,2024-01-10 06:00:00,42.702906603707255,32.351898059417074
synthetic_traffic,traffic,dummy_mean,traffic_2,2024-01-10 07:00:00,42.37975279082637,32.351898059417074
synthetic_traffic,traffic,dummy_mean,traffic_2,2024-01-10 08:00:00,41.526279441628844,32.351898059417074
synthetic_traffic,traffic,dummy_mean,traffic_2,2024-01-10 09:00:00,40.197026847177256,32.351898059417074
synthetic_traffic,traffic,dummy_mean,traffic_2,2024-01-10 10:00:00,38.478716322947996,32.351898059417074
synthetic_traffic,traffic,dummy_mean,traffic_2,2024-01-10 11:00:00,36.48434570012023,32.351898059417074
synthetic_traffic,traffic,dummy_mean,traffic_2,2024-01-10 12:00:00,34.345494447404135,32.351898059417074
synthetic_traffic,traffic,dummy_mean,traffic_2,2024-01-10 13:00:00,32.203362808616234,32.351898059417074
synthetic_traffic,traffic,dummy_mean,traffic_2,2024-01-10 14:00:00,30.19915561548945,32.351898059417074
synthetic_traffic,traffic,dummy_mean,traffic_2,2024-01-10 15:00:00,28.46446609406727,32.351898059417074
synthetic_traffic,traffic,dummy_mean,traffic_2,2024-01-10 16:00:00,27.11231498303725,32.351898059417074
synthetic_traffic,traffic,dummy_mean,traffic_2,2024-01-10 17:00:00,26.229455623521815,32.351898059417074
synthetic_traffic,traffic,dummy_mean,traffic_2,2024-01-10 18:00:00,25.870469405576202,32.351898059417074
synthetic_traffic,traffic,dummy_mean,traffic_2,2024-01-10 19:00:00,26.054053946407954,32.351898059417074
synthetic_traffic,traffic,dummy_mean,traffic_2,2024-01-10 20:00:00,26.761756943915355,32.351898059417074
synthetic_traffic,traffic,dummy_mean,traffic_2,2024-01-10 21:00:00,27.939241980053595,32.351898059417074
synthetic_traffic,traffic,dummy_mean,traffic_2,2024-01-10 22:00:00,29.499999999999968,32.351898059417074
synthetic_traffic,traffic,dummy_mean,traffic_2,2024-01-10 23:00:00,31.33125352399899,32.351898059417074
synthetic_traffic,traffic,seasonal_naive,traffic_0,2024-01-10 00:00:00,32.92478373654545,32.34549444740407
synthetic_traffic,traffic,seasonal_naive,traffic_0,2024-01-10 01:00:00,34.96832983968731,34.484345700120166
synthetic_traffic,traffic,seasonal_naive,traffic_0,2024-01-10 02:00:00,36.86671841735838,36.47871632294794
synthetic_traffic,traffic,seasonal_naive,traffic_0,2024-01-10 03:00:00,38.48850424041749,38.197026847177206
synthetic_traffic,traffic,seasonal_naive,traffic_0,2024-01-10 04:00:00,39.720824476208136,39.526279441628816
synthetic_traffic,traffic,seasonal_naive,traffic_0,2024-01-10 05:00:00,40.47709337792247,40.37975279082636
synthetic_traffic,traffic,seasonal_naive,traffic_0,2024-01-10 06:00:00,40.702906603707255,40.702906603707255
synthetic_traffic,traffic,seasonal_naive,traffic_0,2024-01-10 07:00:00,40.37975279082637,40.47709337792247
synthetic_traffic,traffic,seasonal_naive,traffic_0,2024-01-10 08:00:00,39.526279441628844,39.720824476208115
synthetic_traffic,traffic,seasonal_naive,traffic_0,2024-01-10 09:00:00,38.197026847177256,38.4885042404175
synthetic_traffic,traffic,seasonal_naive,traffic_0,2024-01-10 10:00:00,36.478716322947996,36.86671841735843
synthetic_traffic,traffic,seasonal_naive,traffic_0,2024-01-10 11:00:00,34.48434570012023,34.96832983968737
synthetic_traffic,traffic,seasonal_naive,traffic_0,2024-01-10 12:00:00,32.345494447404135,32.924783736545514
synthetic_traffic,traffic,seasonal_naive,traffic_0,2024-01-10 13:00:00,30.20336280861623,30.87714705887973
synthetic_traffic,traffic,seasonal_naive,traffic_0,2024-01-10 14:00:00,28.19915561548945,28.966492478675402
synthetic_traffic,traffic,seasonal_naive,traffic_0,2024-01-10 15:00:00,26.46446609406727,27.324282380187395
synthetic_traffic,traffic,seasonal_naive,traffic_0,2024-01-10 16:00:00,25.11231498303725,26.06340816126803
synthetic_traffic,traffic,seasonal_naive,traffic_0,2024-01-10 17:00:00,24.229455623521815,25.270495504052647
synthetic_traffic,traffic,seasonal_naive,traffic_0,2024-01-10 18:00:00,23.870469405576202,25.0
synthetic_traffic,traffic,seasonal_naive,traffic_0,2024-01-10 19:00:00,24.054053946407954,25.270495504052647
synthetic_traffic,traffic,seasonal_naive,traffic_0,2024-01-10 20:00:00,24.761756943915355,26.063408161268026
synthetic_traffic,traffic,seasonal_naive,traffic_0,2024-01-10 21:00:00,25.939241980053595,27.324282380187352
synthetic_traffic,traffic,seasonal_naive,traffic_0,2024-01-10 22:00:00,27.499999999999968,28.96649247867535
synthetic_traffic,traffic,seasonal_naive,traffic_0,2024-01-10 23:00:00,29.33125352399899,30.87714705887967
synthetic_traffic,traffic,seasonal_naive,traffic_1,2024-01-10 00:00:00,33.92478373654545,33.34549444740407
synthetic_traffic,traffic,seasonal_naive,traffic_1,2024-01-10 01:00:00,35.96832983968731,35.484345700120166
synthetic_traffic,traffic,seasonal_naive,traffic_1,2024-01-10 02:00:00,37.86671841735838,37.47871632294794
synthetic_traffic,traffic,seasonal_naive,traffic_1,2024-01-10 03:00:00,39.48850424041749,39.197026847177206
synthetic_traffic,traffic,seasonal_naive,traffic_1,2024-01-10 04:00:00,40.720824476208136,40.526279441628816
synthetic_traffic,traffic,seasonal_naive,traffic_1,2024-01-10 05:00:00,41.47709337792247,41.37975279082636
synthetic_traffic,traffic,seasonal_naive,traffic_1,2024-01-10 06:00:00,41.702906603707255,41.702906603707255
synthetic_traffic,traffic,seasonal_naive,traffic_1,2024-01-10 07:00:00,41.37975279082637,41.47709337792247
synthetic_traffic,traffic,seasonal_naive,traffic_1,2024-01-10 08:00:00,40.526279441628844,40.720824476208115
synthetic_traffic,traffic,seasonal_naive,traffic_1,2024-01-10 09:00:00,39.197026847177256,39.4885042404175
synthetic_traffic,traffic,seasonal_naive,traffic_1,2024-01-10 10:00:00,37.478716322947996,37.86671841735843
synthetic_traffic,traffic,seasonal_naive,traffic_1,2024-01-10 11:00:00,35.48434570012023,35.96832983968737
synthetic_traffic,traffic,seasonal_naive,traffic_1,2024-01-10 12:00:00,33.345494447404135,33.924783736545514
synthetic_traffic,traffic,seasonal_naive,traffic_1,2024-01-10 13:00:00,31.20336280861623,31.87714705887973
synthetic_traffic,traffic,seasonal_naive,traffic_1,2024-01-10 14:00:00,29.19915561548945,29.966492478675402
synthetic_traffic,traffic,seasonal_naive,traffic_1,2024-01-10 15:00:00,27.46446609406727,28.324282380187395
synthetic_traffic,traffic,seasonal_naive,traffic_1,2024-01-10 16:00:00,26.11231498303725,27.06340816126803
synthetic_traffic,traffic,seasonal_naive,traffic_1,2024-01-10 17:00:00,25.229455623521815,26.270495504052647
synthetic_traffic,traffic,seasonal_naive,traffic_1,2024-01-10 18:00:00,24.870469405576202,26.0
synthetic_traffic,traffic,seasonal_naive,traffic_1,2024-01-10 19:00:00,25.054053946407954,26.270495504052647
synthetic_traffic,traffic,seasonal_naive,traffic_1,2024-01-10 20:00:00,25.761756943915355,27.063408161268026
synthetic_traffic,traffic,seasonal_naive,traffic_1,2024-01-10 21:00:00,26.939241980053595,28.324282380187352
synthetic_traffic,traffic,seasonal_naive,traffic_1,2024-01-10 22:00:00,28.499999999999968,29.96649247867535
synthetic_traffic,traffic,seasonal_naive,traffic_1,2024-01-10 23:00:00,30.33125352399899,31.87714705887967
synthetic_traffic,traffic,seasonal_naive,traffic_2,2024-01-10 00:00:00,34.92478373654545,34.34549444740407
synthetic_traffic,traffic,seasonal_naive,traffic_2,2024-01-10 01:00:00,36.96832983968731,36.484345700120166
synthetic_traffic,traffic,seasonal_naive,traffic_2,2024-01-10 02:00:00,38.86671841735838,38.47871632294794
synthetic_traffic,traffic,seasonal_naive,traffic_2,2024-01-10 03:00:00,40.48850424041749,40.197026847177206
synthetic_traffic,traffic,seasonal_naive,traffic_2,2024-01-10 04:00:00,41.720824476208136,41.526279441628816
synthetic_traffic,traffic,seasonal_naive,traffic_2,2024-01-10 05:00:00,42.47709337792247,42.37975279082636
synthetic_traffic,traffic,seasonal_naive,traffic_2,2024-01-10 06:00:00,42.702906603707255,42.702906603707255
synthetic_traffic,traffic,seasonal_naive,traffic_2,2024-01-10 07:00:00,42.37975279082637,42.47709337792247
synthetic_traffic,traffic,seasonal_naive,traffic_2,2024-01-10 08:00:00,41.526279441628844,41.720824476208115
synthetic_traffic,traffic,seasonal_naive,traffic_2,2024-01-10 09:00:00,40.197026847177256,40.4885042404175
synthetic_traffic,traffic,seasonal_naive,traffic_2,2024-01-10 10:00:00,38.478716322947996,38.86671841735843
synthetic_traffic,traffic,seasonal_naive,traffic_2,2024-01-10 11:00:00,36.48434570012023,36.96832983968737
synthetic_traffic,traffic,seasonal_naive,traffic_2,2024-01-10 12:00:00,34.345494447404135,34.924783736545514
synthetic_traffic,traffic,seasonal_naive,traffic_2,2024-01-10 13:00:00,32.203362808616234,32.87714705887973
synthetic_traffic,traffic,seasonal_naive,traffic_2,2024-01-10 14:00:00,30.19915561548945,30.966492478675402
synthetic_traffic,traffic,seasonal_naive,traffic_2,2024-01-10 15:00:00,28.46446609406727,29.324282380187395
synthetic_traffic,traffic,seasonal_naive,traffic_2,2024-01-10 16:00:00,27.11231498303725,28.06340816126803
synthetic_traffic,traffic,seasonal_naive,traffic_2,2024-01-10 17:00:00,26.229455623521815,27.270495504052647
synthetic_traffic,traffic,seasonal_naive,traffic_2,2024-01-10 18:00:00,25.870469405576202,27.0
synthetic_traffic,traffic,seasonal_naive,traffic_2,2024-01-10 19:00:00,26.054053946407954,27.270495504052647
synthetic_traffic,traffic,seasonal_naive,traffic_2,2024-01-10 20:00:00,26.761756943915355,28.063408161268026
synthetic_traffic,traffic,seasonal_naive,traffic_2,2024-01-10 21:00:00,27.939241980053595,29.324282380187352
synthetic_traffic,traffic,seasonal_naive,traffic_2,2024-01-10 22:00:00,29.499999999999968,30.96649247867535
synthetic_traffic,traffic,seasonal_naive,traffic_2,2024-01-10 23:00:00,31.33125352399899,32.87714705887967
synthetic_traffic,traffic,moving_average,traffic_0,2024-01-10 00:00:00,32.92478373654545,32.81518447533656
synthetic_traffic,traffic,moving_average,traffic_0,2024-01-10 01:00:00,34.96832983968731,32.81518447533656
synthetic_traffic,traffic,moving_average,traffic_0,2024-01-10 02:00:00,36.86671841735838,32.81518447533656
synthetic_traffic,traffic,moving_average,traffic_0,2024-01-10 03:00:00,38.48850424041749,32.81518447533656
synthetic_traffic,traffic,moving_average,traffic_0,2024-01-10 04:00:00,39.720824476208136,32.81518447533656
synthetic_traffic,traffic,moving_average,traffic_0,2024-01-10 05:00:00,40.47709337792247,32.81518447533656
synthetic_traffic,traffic,moving_average,traffic_0,2024-01-10 06:00:00,40.702906603707255,32.81518447533656
synthetic_traffic,traffic,moving_average,traffic_0,2024-01-10 07:00:00,40.37975279082637,32.81518447533656
synthetic_traffic,traffic,moving_average,traffic_0,2024-01-10 08:00:00,39.526279441628844,32.81518447533656
synthetic_traffic,traffic,moving_average,traffic_0,2024-01-10 09:00:00,38.197026847177256,32.81518447533656
synthetic_traffic,traffic,moving_average,traffic_0,2024-01-10 10:00:00,36.478716322947996,32.81518447533656
synthetic_traffic,traffic,moving_average,traffic_0,2024-01-10 11:00:00,34.48434570012023,32.81518447533656
synthetic_traffic,traffic,moving_average,traffic_0,2024-01-10 12:00:00,32.345494447404135,32.81518447533656
synthetic_traffic,traffic,moving_average,traffic_0,2024-01-10 13:00:00,30.20336280861623,32.81518447533656
synthetic_traffic,traffic,moving_average,traffic_0,2024-01-10 14:00:00,28.19915561548945,32.81518447533656
synthetic_traffic,traffic,moving_average,traffic_0,2024-01-10 15:00:00,26.46446609406727,32.81518447533656
synthetic_traffic,traffic,moving_average,traffic_0,2024-01-10 16:00:00,25.11231498303725,32.81518447533656
synthetic_traffic,traffic,moving_average,traffic_0,2024-01-10 17:00:00,24.229455623521815,32.81518447533656
synthetic_traffic,traffic,moving_average,traffic_0,2024-01-10 18:00:00,23.870469405576202,32.81518447533656
synthetic_traffic,traffic,moving_average,traffic_0,2024-01-10 19:00:00,24.054053946407954,32.81518447533656
synthetic_traffic,traffic,moving_average,traffic_0,2024-01-10 20:00:00,24.761756943915355,32.81518447533656
synthetic_traffic,traffic,moving_average,traffic_0,2024-01-10 21:00:00,25.939241980053595,32.81518447533656
synthetic_traffic,traffic,moving_average,traffic_0,2024-01-10 22:00:00,27.499999999999968,32.81518447533656
synthetic_traffic,traffic,moving_average,traffic_0,2024-01-10 23:00:00,29.33125352399899,32.81518447533656
synthetic_traffic,traffic,moving_average,traffic_1,2024-01-10 00:00:00,33.92478373654545,33.81518447533656
synthetic_traffic,traffic,moving_average,traffic_1,2024-01-10 01:00:00,35.96832983968731,33.81518447533656
synthetic_traffic,traffic,moving_average,traffic_1,2024-01-10 02:00:00,37.86671841735838,33.81518447533656
synthetic_traffic,traffic,moving_average,traffic_1,2024-01-10 03:00:00,39.48850424041749,33.81518447533656
synthetic_traffic,traffic,moving_average,traffic_1,2024-01-10 04:00:00,40.720824476208136,33.81518447533656
synthetic_traffic,traffic,moving_average,traffic_1,2024-01-10 05:00:00,41.47709337792247,33.81518447533656
synthetic_traffic,traffic,moving_average,traffic_1,2024-01-10 06:00:00,41.702906603707255,33.81518447533656
synthetic_traffic,traffic,moving_average,traffic_1,2024-01-10 07:00:00,41.37975279082637,33.81518447533656
synthetic_traffic,traffic,moving_average,traffic_1,2024-01-10 08:00:00,40.526279441628844,33.81518447533656
synthetic_traffic,traffic,moving_average,traffic_1,2024-01-10 09:00:00,39.197026847177256,33.81518447533656
synthetic_traffic,traffic,moving_average,traffic_1,2024-01-10 10:00:00,37.478716322947996,33.81518447533656
synthetic_traffic,traffic,moving_average,traffic_1,2024-01-10 11:00:00,35.48434570012023,33.81518447533656
synthetic_traffic,traffic,moving_average,traffic_1,2024-01-10 12:00:00,33.345494447404135,33.81518447533656
synthetic_traffic,traffic,moving_average,traffic_1,2024-01-10 13:00:00,31.20336280861623,33.81518447533656
synthetic_traffic,traffic,moving_average,traffic_1,2024-01-10 14:00:00,29.19915561548945,33.81518447533656
synthetic_traffic,traffic,moving_average,traffic_1,2024-01-10 15:00:00,27.46446609406727,33.81518447533656
synthetic_traffic,traffic,moving_average,traffic_1,2024-01-10 16:00:00,26.11231498303725,33.81518447533656
synthetic_traffic,traffic,moving_average,traffic_1,2024-01-10 17:00:00,25.229455623521815,33.81518447533656
synthetic_traffic,traffic,moving_average,traffic_1,2024-01-10 18:00:00,24.870469405576202,33.81518447533656
synthetic_traffic,traffic,moving_average,traffic_1,2024-01-10 19:00:00,25.054053946407954,33.81518447533656
synthetic_traffic,traffic,moving_average,traffic_1,2024-01-10 20:00:00,25.761756943915355,33.81518447533656
synthetic_traffic,traffic,moving_average,traffic_1,2024-01-10 21:00:00,26.939241980053595,33.81518447533656
synthetic_traffic,traffic,moving_average,traffic_1,2024-01-10 22:00:00,28.499999999999968,33.81518447533656
synthetic_traffic,traffic,moving_average,traffic_1,2024-01-10 23:00:00,30.33125352399899,33.81518447533656
synthetic_traffic,traffic,moving_average,traffic_2,2024-01-10 00:00:00,34.92478373654545,34.81518447533656
synthetic_traffic,traffic,moving_average,traffic_2,2024-01-10 01:00:00,36.96832983968731,34.81518447533656
synthetic_traffic,traffic,moving_average,traffic_2,2024-01-10 02:00:00,38.86671841735838,34.81518447533656
synthetic_traffic,traffic,moving_average,traffic_2,2024-01-10 03:00:00,40.48850424041749,34.81518447533656
synthetic_traffic,traffic,moving_average,traffic_2,2024-01-10 04:00:00,41.720824476208136,34.81518447533656
synthetic_traffic,traffic,moving_average,traffic_2,2024-01-10 05:00:00,42.47709337792247,34.81518447533656
synthetic_traffic,traffic,moving_average,traffic_2,2024-01-10 06:00:00,42.702906603707255,34.81518447533656
synthetic_traffic,traffic,moving_average,traffic_2,2024-01-10 07:00:00,42.37975279082637,34.81518447533656
synthetic_traffic,traffic,moving_average,traffic_2,2024-01-10 08:00:00,41.526279441628844,34.81518447533656
synthetic_traffic,traffic,moving_average,traffic_2,2024-01-10 09:00:00,40.197026847177256,34.81518447533656
synthetic_traffic,traffic,moving_average,traffic_2,2024-01-10 10:00:00,38.478716322947996,34.81518447533656
synthetic_traffic,traffic,moving_average,traffic_2,2024-01-10 11:00:00,36.48434570012023,34.81518447533656
synthetic_traffic,traffic,moving_average,traffic_2,2024-01-10 12:00:00,34.345494447404135,34.81518447533656
synthetic_traffic,traffic,moving_average,traffic_2,2024-01-10 13:00:00,32.203362808616234,34.81518447533656
synthetic_traffic,traffic,moving_average,traffic_2,2024-01-10 14:00:00,30.19915561548945,34.81518447533656
synthetic_traffic,traffic,moving_average,traffic_2,2024-01-10 15:00:00,28.46446609406727,34.81518447533656
synthetic_traffic,traffic,moving_average,traffic_2,2024-01-10 16:00:00,27.11231498303725,34.81518447533656
synthetic_traffic,traffic,moving_average,traffic_2,2024-01-10 17:00:00,26.229455623521815,34.81518447533656
synthetic_traffic,traffic,moving_average,traffic_2,2024-01-10 18:00:00,25.870469405576202,34.81518447533656
synthetic_traffic,traffic,moving_average,traffic_2,2024-01-10 19:00:00,26.054053946407954,34.81518447533656
synthetic_traffic,traffic,moving_average,traffic_2,2024-01-10 20:00:00,26.761756943915355,34.81518447533656
synthetic_traffic,traffic,moving_average,traffic_2,2024-01-10 21:00:00,27.939241980053595,34.81518447533656
synthetic_traffic,traffic,moving_average,traffic_2,2024-01-10 22:00:00,29.499999999999968,34.81518447533656
synthetic_traffic,traffic,moving_average,traffic_2,2024-01-10 23:00:00,31.33125352399899,34.81518447533656
synthetic_traffic,traffic,linear_trend,traffic_0,2024-01-10 00:00:00,32.92478373654545,28.924238175021042
synthetic_traffic,traffic,linear_trend,traffic_0,2024-01-10 01:00:00,34.96832983968731,28.909443772073935
synthetic_traffic,traffic,linear_trend,traffic_0,2024-01-10 02:00:00,36.86671841735838,28.894649369126824
synthetic_traffic,traffic,linear_trend,traffic_0,2024-01-10 03:00:00,38.48850424041749,28.879854966179714
synthetic_traffic,traffic,linear_trend,traffic_0,2024-01-10 04:00:00,39.720824476208136,28.865060563232607
synthetic_traffic,traffic,linear_trend,traffic_0,2024-01-10 05:00:00,40.47709337792247,28.850266160285496
synthetic_traffic,traffic,linear_trend,traffic_0,2024-01-10 06:00:00,40.702906603707255,28.83547175733839
synthetic_traffic,traffic,linear_trend,traffic_0,2024-01-10 07:00:00,40.37975279082637,28.82067735439128
synthetic_traffic,traffic,linear_trend,traffic_0,2024-01-10 08:00:00,39.526279441628844,28.80588295144417
synthetic_traffic,traffic,linear_trend,traffic_0,2024-01-10 09:00:00,38.197026847177256,28.79108854849706
synthetic_traffic,traffic,linear_trend,traffic_0,2024-01-10 10:00:00,36.478716322947996,28.77629414554995
synthetic_traffic,traffic,linear_trend,traffic_0,2024-01-10 11:00:00,34.48434570012023,28.761499742602844
synthetic_traffic,traffic,linear_trend,traffic_0,2024-01-10 12:00:00,32.345494447404135,28.746705339655733
synthetic_traffic,traffic,linear_trend,traffic_0,2024-01-10 13:00:00,30.20336280861623,28.731910936708626
synthetic_traffic,traffic,linear_trend,traffic_0,2024-01-10 14:00:00,28.19915561548945,28.717116533761516
synthetic_traffic,traffic,linear_trend,traffic_0,2024-01-10 15:00:00,26.46446609406727,28.70232213081441
synthetic_traffic,traffic,linear_trend,traffic_0,2024-01-10 16:00:00,25.11231498303725,28.687527727867298
synthetic_traffic,traffic,linear_trend,traffic_0,2024-01-10 17:00:00,24.229455623521815,28.672733324920188
synthetic_traffic,traffic,linear_trend,traffic_0,2024-01-10 18:00:00,23.870469405576202,28.65793892197308
synthetic_traffic,traffic,linear_trend,traffic_0,2024-01-10 19:00:00,24.054053946407954,28.64314451902597
synthetic_traffic,traffic,linear_trend,traffic_0,2024-01-10 20:00:00,24.761756943915355,28.628350116078863
synthetic_traffic,traffic,linear_trend,traffic_0,2024-01-10 21:00:00,25.939241980053595,28.613555713131753
synthetic_traffic,traffic,linear_trend,traffic_0,2024-01-10 22:00:00,27.499999999999968,28.598761310184642
synthetic_traffic,traffic,linear_trend,traffic_0,2024-01-10 23:00:00,29.33125352399899,28.583966907237535
synthetic_traffic,traffic,linear_trend,traffic_1,2024-01-10 00:00:00,33.92478373654545,29.924238175021042
synthetic_traffic,traffic,linear_trend,traffic_1,2024-01-10 01:00:00,35.96832983968731,29.90944377207393
synthetic_traffic,traffic,linear_trend,traffic_1,2024-01-10 02:00:00,37.86671841735838,29.894649369126824
synthetic_traffic,traffic,linear_trend,traffic_1,2024-01-10 03:00:00,39.48850424041749,29.879854966179714
synthetic_traffic,traffic,linear_trend,traffic_1,2024-01-10 04:00:00,40.720824476208136,29.865060563232603
synthetic_traffic,traffic,linear_trend,traffic_1,2024-01-10 05:00:00,41.47709337792247,29.850266160285496
synthetic_traffic,traffic,linear_trend,traffic_1,2024-01-10 06:00:00,41.702906603707255,29.835471757338386
synthetic_traffic,traffic,linear_trend,traffic_1,2024-01-10 07:00:00,41.37975279082637,29.82067735439128
synthetic_traffic,traffic,linear_trend,traffic_1,2024-01-10 08:00:00,40.526279441628844,29.80588295144417
synthetic_traffic,traffic,linear_trend,traffic_1,2024-01-10 09:00:00,39.197026847177256,29.79108854849706
synthetic_traffic,traffic,linear_trend,traffic_1,2024-01-10 10:00:00,37.478716322947996,29.77629414554995
synthetic_traffic,traffic,linear_trend,traffic_1,2024-01-10 11:00:00,35.48434570012023,29.761499742602844
synthetic_traffic,traffic,linear_trend,traffic_1,2024-01-10 12:00:00,33.345494447404135,29.746705339655733
synthetic_traffic,traffic,linear_trend,traffic_1,2024-01-10 13:00:00,31.20336280861623,29.731910936708623
synthetic_traffic,traffic,linear_trend,traffic_1,2024-01-10 14:00:00,29.19915561548945,29.717116533761516
synthetic_traffic,traffic,linear_trend,traffic_1,2024-01-10 15:00:00,27.46446609406727,29.702322130814405
synthetic_traffic,traffic,linear_trend,traffic_1,2024-01-10 16:00:00,26.11231498303725,29.687527727867298
synthetic_traffic,traffic,linear_trend,traffic_1,2024-01-10 17:00:00,25.229455623521815,29.672733324920188
synthetic_traffic,traffic,linear_trend,traffic_1,2024-01-10 18:00:00,24.870469405576202,29.657938921973077
synthetic_traffic,traffic,linear_trend,traffic_1,2024-01-10 19:00:00,25.054053946407954,29.64314451902597
synthetic_traffic,traffic,linear_trend,traffic_1,2024-01-10 20:00:00,25.761756943915355,29.62835011607886
synthetic_traffic,traffic,linear_trend,traffic_1,2024-01-10 21:00:00,26.939241980053595,29.613555713131753
synthetic_traffic,traffic,linear_trend,traffic_1,2024-01-10 22:00:00,28.499999999999968,29.598761310184642
synthetic_traffic,traffic,linear_trend,traffic_1,2024-01-10 23:00:00,30.33125352399899,29.58396690723753
synthetic_traffic,traffic,linear_trend,traffic_2,2024-01-10 00:00:00,34.92478373654545,30.924238175021053
synthetic_traffic,traffic,linear_trend,traffic_2,2024-01-10 01:00:00,36.96832983968731,30.909443772073946
synthetic_traffic,traffic,linear_trend,traffic_2,2024-01-10 02:00:00,38.86671841735838,30.894649369126835
synthetic_traffic,traffic,linear_trend,traffic_2,2024-01-10 03:00:00,40.48850424041749,30.879854966179728
synthetic_traffic,traffic,linear_trend,traffic_2,2024-01-10 04:00:00,41.720824476208136,30.865060563232618
synthetic_traffic,traffic,linear_trend,traffic_2,2024-01-10 05:00:00,42.47709337792247,30.850266160285507
synthetic_traffic,traffic,linear_trend,traffic_2,2024-01-10 06:00:00,42.702906603707255,30.8354717573384
synthetic_traffic,traffic,linear_trend,traffic_2,2024-01-10 07:00:00,42.37975279082637,30.82067735439129
synthetic_traffic,traffic,linear_trend,traffic_2,2024-01-10 08:00:00,41.526279441628844,30.805882951444183
synthetic_traffic,traffic,linear_trend,traffic_2,2024-01-10 09:00:00,40.197026847177256,30.791088548497072
synthetic_traffic,traffic,linear_trend,traffic_2,2024-01-10 10:00:00,38.478716322947996,30.776294145549965
synthetic_traffic,traffic,linear_trend,traffic_2,2024-01-10 11:00:00,36.48434570012023,30.761499742602854
synthetic_traffic,traffic,linear_trend,traffic_2,2024-01-10 12:00:00,34.345494447404135,30.746705339655747
synthetic_traffic,traffic,linear_trend,traffic_2,2024-01-10 13:00:00,32.203362808616234,30.731910936708637
synthetic_traffic,traffic,linear_trend,traffic_2,2024-01-10 14:00:00,30.19915561548945,30.717116533761526
synthetic_traffic,traffic,linear_trend,traffic_2,2024-01-10 15:00:00,28.46446609406727,30.70232213081442
synthetic_traffic,traffic,linear_trend,traffic_2,2024-01-10 16:00:00,27.11231498303725,30.68752772786731
synthetic_traffic,traffic,linear_trend,traffic_2,2024-01-10 17:00:00,26.229455623521815,30.672733324920202
synthetic_traffic,traffic,linear_trend,traffic_2,2024-01-10 18:00:00,25.870469405576202,30.65793892197309
synthetic_traffic,traffic,linear_trend,traffic_2,2024-01-10 19:00:00,26.054053946407954,30.64314451902598
synthetic_traffic,traffic,linear_trend,traffic_2,2024-01-10 20:00:00,26.761756943915355,30.628350116078874
synthetic_traffic,traffic,linear_trend,traffic_2,2024-01-10 21:00:00,27.939241980053595,30.613555713131763
synthetic_traffic,traffic,linear_trend,traffic_2,2024-01-10 22:00:00,29.499999999999968,30.598761310184656
synthetic_traffic,traffic,linear_trend,traffic_2,2024-01-10 23:00:00,31.33125352399899,30.583966907237546
synthetic_traffic,traffic,ridge_ar,traffic_0,2024-01-10 00:00:00,32.92478373654545,32.82029850396274
synthetic_traffic,traffic,ridge_ar,traffic_0,2024-01-10 01:00:00,34.96832983968731,34.76899026073259
synthetic_traffic,traffic,ridge_ar,traffic_0,2024-01-10 02:00:00,36.86671841735838,36.565255729506305
synthetic_traffic,traffic,ridge_ar,traffic_0,2024-01-10 03:00:00,38.48850424041749,38.132808349173345
synthetic_traffic,traffic,ridge_ar,traffic_0,2024-01-10 04:00:00,39.720824476208136,39.35217078893122
synthetic_traffic,traffic,ridge_ar,traffic_0,2024-01-10 05:00:00,40.47709337792247,40.14857285629294
synthetic_traffic,traffic,ridge_ar,traffic_0,2024-01-10 06:00:00,40.702906603707255,40.4505242437356
synthetic_traffic,traffic,ridge_ar,traffic_0,2024-01-10 07:00:00,40.37975279082637,40.22829797217801
synthetic_traffic,traffic,ridge_ar,traffic_0,2024-01-10 08:00:00,39.526279441628844,39.480442224504536
synthetic_traffic,traffic,ridge_ar,traffic_0,2024-01-10 09:00:00,38.197026847177256,38.247913248316
synthetic_traffic,traffic,ridge_ar,traffic_0,2024-01-10 10:00:00,36.478716322947996,36.60542368285548
synthetic_traffic,traffic,ridge_ar,traffic_0,2024-01-10 11:00:00,34.48434570012023,34.660956464727626
synthetic_traffic,traffic,ridge_ar,traffic_0,2024-01-10 12:00:00,32.345494447404135,32.54493723320584
synthetic_traffic,traffic,ridge_ar,traffic_0,2024-01-10 13:00:00,30.20336280861623,30.401806581683303
synthetic_traffic,traffic,ridge_ar,traffic_0,2024-01-10 14:00:00,28.19915561548945,28.377778137734133
synthetic_traffic,traffic,ridge_ar,traffic_0,2024-01-10 15:00:00,26.46446609406727,26.610389097658896
synthetic_traffic,traffic,ridge_ar,traffic_0,2024-01-10 16:00:00,25.11231498303725,25.218001869821872
synthetic_traffic,traffic,ridge_ar,traffic_0,2024-01-10 17:00:00,24.229455623521815,24.291732055428877
synthetic_traffic,traffic,ridge_ar,traffic_0,2024-01-10 18:00:00,23.870469405576202,23.88924053655326
synthetic_traffic,traffic,ridge_ar,traffic_0,2024-01-10 19:00:00,24.054053946407954,24.0313292737119
synthetic_traffic,traffic,ridge_ar,traffic_0,2024-01-10 20:00:00,24.761756943915355,24.70100833531693
synthetic_traffic,traffic,ridge_ar,traffic_0,2024-01-10 21:00:00,25.939241980053595,25.84520093420069
synthetic_traffic,traffic,ridge_ar,traffic_0,2024-01-10 22:00:00,27.499999999999968,27.378713936831442
synthetic_traffic,traffic,ridge_ar,traffic_0,2024-01-10 23:00:00,29.33125352399899,29.190252113681208
synthetic_traffic,traffic,ridge_ar,traffic_1,2024-01-10 00:00:00,33.92478373654545,33.82029850396274
synthetic_traffic,traffic,ridge_ar,traffic_1,2024-01-10 01:00:00,35.96832983968731,35.76899026073259
synthetic_traffic,traffic,ridge_ar,traffic_1,2024-01-10 02:00:00,37.86671841735838,37.565255729506305
synthetic_traffic,traffic,ridge_ar,traffic_1,2024-01-10 03:00:00,39.48850424041749,39.132808349173345
synthetic_traffic,traffic,ridge_ar,traffic_1,2024-01-10 04:00:00,40.720824476208136,40.35217078893122
synthetic_traffic,traffic,ridge_ar,traffic_1,2024-01-10 05:00:00,41.47709337792247,41.14857285629294
synthetic_traffic,traffic,ridge_ar,traffic_1,2024-01-10 06:00:00,41.702906603707255,41.4505242437356
synthetic_traffic,traffic,ridge_ar,traffic_1,2024-01-10 07:00:00,41.37975279082637,41.22829797217801
synthetic_traffic,traffic,ridge_ar,traffic_1,2024-01-10 08:00:00,40.526279441628844,40.480442224504536
synthetic_traffic,traffic,ridge_ar,traffic_1,2024-01-10 09:00:00,39.197026847177256,39.247913248316
synthetic_traffic,traffic,ridge_ar,traffic_1,2024-01-10 10:00:00,37.478716322947996,37.60542368285548
synthetic_traffic,traffic,ridge_ar,traffic_1,2024-01-10 11:00:00,35.48434570012023,35.660956464727626
synthetic_traffic,traffic,ridge_ar,traffic_1,2024-01-10 12:00:00,33.345494447404135,33.54493723320584
synthetic_traffic,traffic,ridge_ar,traffic_1,2024-01-10 13:00:00,31.20336280861623,31.401806581683303
synthetic_traffic,traffic,ridge_ar,traffic_1,2024-01-10 14:00:00,29.19915561548945,29.377778137734133
synthetic_traffic,traffic,ridge_ar,traffic_1,2024-01-10 15:00:00,27.46446609406727,27.610389097658896
synthetic_traffic,traffic,ridge_ar,traffic_1,2024-01-10 16:00:00,26.11231498303725,26.218001869821872
synthetic_traffic,traffic,ridge_ar,traffic_1,2024-01-10 17:00:00,25.229455623521815,25.291732055428877
synthetic_traffic,traffic,ridge_ar,traffic_1,2024-01-10 18:00:00,24.870469405576202,24.88924053655326
synthetic_traffic,traffic,ridge_ar,traffic_1,2024-01-10 19:00:00,25.054053946407954,25.0313292737119
synthetic_traffic,traffic,ridge_ar,traffic_1,2024-01-10 20:00:00,25.761756943915355,25.701008335316928
synthetic_traffic,traffic,ridge_ar,traffic_1,2024-01-10 21:00:00,26.939241980053595,26.84520093420069
synthetic_traffic,traffic,ridge_ar,traffic_1,2024-01-10 22:00:00,28.499999999999968,28.378713936831442
synthetic_traffic,traffic,ridge_ar,traffic_1,2024-01-10 23:00:00,30.33125352399899,30.19025211368121
synthetic_traffic,traffic,ridge_ar,traffic_2,2024-01-10 00:00:00,34.92478373654545,34.82029850396274
synthetic_traffic,traffic,ridge_ar,traffic_2,2024-01-10 01:00:00,36.96832983968731,36.76899026073259
synthetic_traffic,traffic,ridge_ar,traffic_2,2024-01-10 02:00:00,38.86671841735838,38.565255729506305
synthetic_traffic,traffic,ridge_ar,traffic_2,2024-01-10 03:00:00,40.48850424041749,40.132808349173345
synthetic_traffic,traffic,ridge_ar,traffic_2,2024-01-10 04:00:00,41.720824476208136,41.35217078893122
synthetic_traffic,traffic,ridge_ar,traffic_2,2024-01-10 05:00:00,42.47709337792247,42.14857285629294
synthetic_traffic,traffic,ridge_ar,traffic_2,2024-01-10 06:00:00,42.702906603707255,42.4505242437356
synthetic_traffic,traffic,ridge_ar,traffic_2,2024-01-10 07:00:00,42.37975279082637,42.22829797217801
synthetic_traffic,traffic,ridge_ar,traffic_2,2024-01-10 08:00:00,41.526279441628844,41.480442224504536
synthetic_traffic,traffic,ridge_ar,traffic_2,2024-01-10 09:00:00,40.197026847177256,40.247913248316
synthetic_traffic,traffic,ridge_ar,traffic_2,2024-01-10 10:00:00,38.478716322947996,38.60542368285548
synthetic_traffic,traffic,ridge_ar,traffic_2,2024-01-10 11:00:00,36.48434570012023,36.660956464727626
synthetic_traffic,traffic,ridge_ar,traffic_2,2024-01-10 12:00:00,34.345494447404135,34.54493723320584
synthetic_traffic,traffic,ridge_ar,traffic_2,2024-01-10 13:00:00,32.203362808616234,32.4018065816833
synthetic_traffic,traffic,ridge_ar,traffic_2,2024-01-10 14:00:00,30.19915561548945,30.377778137734133
synthetic_traffic,traffic,ridge_ar,traffic_2,2024-01-10 15:00:00,28.46446609406727,28.610389097658896
synthetic_traffic,traffic,ridge_ar,traffic_2,2024-01-10 16:00:00,27.11231498303725,27.218001869821872
synthetic_traffic,traffic,ridge_ar,traffic_2,2024-01-10 17:00:00,26.229455623521815,26.291732055428877
synthetic_traffic,traffic,ridge_ar,traffic_2,2024-01-10 18:00:00,25.870469405576202,25.88924053655326
synthetic_traffic,traffic,ridge_ar,traffic_2,2024-01-10 19:00:00,26.054053946407954,26.0313292737119
synthetic_traffic,traffic,ridge_ar,traffic_2,2024-01-10 20:00:00,26.761756943915355,26.701008335316928
synthetic_traffic,traffic,ridge_ar,traffic_2,2024-01-10 21:00:00,27.939241980053595,27.84520093420069
synthetic_traffic,traffic,ridge_ar,traffic_2,2024-01-10 22:00:00,29.499999999999968,29.378713936831442
synthetic_traffic,traffic,ridge_ar,traffic_2,2024-01-10 23:00:00,31.33125352399899,31.19025211368121
synthetic_traffic,traffic,hist_gradient_boosting_ar,traffic_0,2024-01-10 00:00:00,32.92478373654545,31.61777323320476
synthetic_traffic,traffic,hist_gradient_boosting_ar,traffic_0,2024-01-10 01:00:00,34.96832983968731,33.751039491377334
synthetic_traffic,traffic,hist_gradient_boosting_ar,traffic_0,2024-01-10 02:00:00,36.86671841735838,35.31340246462856
synthetic_traffic,traffic,hist_gradient_boosting_ar,traffic_0,2024-01-10 03:00:00,38.48850424041749,36.905572995920885
synthetic_traffic,traffic,hist_gradient_boosting_ar,traffic_0,2024-01-10 04:00:00,39.720824476208136,37.7617171786652
synthetic_traffic,traffic,hist_gradient_boosting_ar,traffic_0,2024-01-10 05:00:00,40.47709337792247,37.8896165433541
synthetic_traffic,traffic,hist_gradient_boosting_ar,traffic_0,2024-01-10 06:00:00,40.702906603707255,37.4138644774963
synthetic_traffic,traffic,hist_gradient_boosting_ar,traffic_0,2024-01-10 07:00:00,40.37975279082637,36.59930093913718
synthetic_traffic,traffic,hist_gradient_boosting_ar,traffic_0,2024-01-10 08:00:00,39.526279441628844,36.155647095979745
synthetic_traffic,traffic,hist_gradient_boosting_ar,traffic_0,2024-01-10 09:00:00,38.197026847177256,35.06514626593264
synthetic_traffic,traffic,hist_gradient_boosting_ar,traffic_0,2024-01-10 10:00:00,36.478716322947996,33.93631639227333
synthetic_traffic,traffic,hist_gradient_boosting_ar,traffic_0,2024-01-10 11:00:00,34.48434570012023,32.384074976921795
synthetic_traffic,traffic,hist_gradient_boosting_ar,traffic_0,2024-01-10 12:00:00,32.345494447404135,30.910532636131784
synthetic_traffic,traffic,hist_gradient_boosting_ar,traffic_0,2024-01-10 13:00:00,30.20336280861623,29.707274797081034
synthetic_traffic,traffic,hist_gradient_boosting_ar,traffic_0,2024-01-10 14:00:00,28.19915561548945,29.36802540821826
synthetic_traffic,traffic,hist_gradient_boosting_ar,traffic_0,2024-01-10 15:00:00,26.46446609406727,29.13585817477748
synthetic_traffic,traffic,hist_gradient_boosting_ar,traffic_0,2024-01-10 16:00:00,25.11231498303725,27.694620880829017
synthetic_traffic,traffic,hist_gradient_boosting_ar,traffic_0,2024-01-10 17:00:00,24.229455623521815,25.352484554577487
synthetic_traffic,traffic,hist_gradient_boosting_ar,traffic_0,2024-01-10 18:00:00,23.870469405576202,23.656607301893416
synthetic_traffic,traffic,hist_gradient_boosting_ar,traffic_0,2024-01-10 19:00:00,24.054053946407954,23.053685980920882
synthetic_traffic,traffic,hist_gradient_boosting_ar,traffic_0,2024-01-10 20:00:00,24.761756943915355,22.67508220229135
synthetic_traffic,traffic,hist_gradient_boosting_ar,traffic_0,2024-01-10 21:00:00,25.939241980053595,22.396531858649524
synthetic_traffic,traffic,hist_gradient_boosting_ar,traffic_0,2024-01-10 22:00:00,27.499999999999968,24.56112049661641
synthetic_traffic,traffic,hist_gradient_boosting_ar,traffic_0,2024-01-10 23:00:00,29.33125352399899,27.404662565692547
synthetic_traffic,traffic,hist_gradient_boosting_ar,traffic_1,2024-01-10 00:00:00,33.92478373654545,32.61777323320476
synthetic_traffic,traffic,hist_gradient_boosting_ar,traffic_1,2024-01-10 01:00:00,35.96832983968731,34.751039491377334
synthetic_traffic,traffic,hist_gradient_boosting_ar,traffic_1,2024-01-10 02:00:00,37.86671841735838,36.31340246462856
synthetic_traffic,traffic,hist_gradient_boosting_ar,traffic_1,2024-01-10 03:00:00,39.48850424041749,37.905572995920885
synthetic_traffic,traffic,hist_gradient_boosting_ar,traffic_1,2024-01-10 04:00:00,40.720824476208136,38.7617171786652
synthetic_traffic,traffic,hist_gradient_boosting_ar,traffic_1,2024-01-10 05:00:00,41.47709337792247,38.8896165433541
synthetic_traffic,traffic,hist_gradient_boosting_ar,traffic_1,2024-01-10 06:00:00,41.702906603707255,38.4138644774963
synthetic_traffic,traffic,hist_gradient_boosting_ar,traffic_1,2024-01-10 07:00:00,41.37975279082637,37.59930093913718
synthetic_traffic,traffic,hist_gradient_boosting_ar,traffic_1,2024-01-10 08:00:00,40.526279441628844,37.155647095979745
synthetic_traffic,traffic,hist_gradient_boosting_ar,traffic_1,2024-01-10 09:00:00,39.197026847177256,36.06514626593264
synthetic_traffic,traffic,hist_gradient_boosting_ar,traffic_1,2024-01-10 10:00:00,37.478716322947996,34.93631639227333
synthetic_traffic,traffic,hist_gradient_boosting_ar,traffic_1,2024-01-10 11:00:00,35.48434570012023,33.384074976921795
synthetic_traffic,traffic,hist_gradient_boosting_ar,traffic_1,2024-01-10 12:00:00,33.345494447404135,31.910532636131784
synthetic_traffic,traffic,hist_gradient_boosting_ar,traffic_1,2024-01-10 13:00:00,31.20336280861623,30.707274797081034
synthetic_traffic,traffic,hist_gradient_boosting_ar,traffic_1,2024-01-10 14:00:00,29.19915561548945,30.36802540821826
synthetic_traffic,traffic,hist_gradient_boosting_ar,traffic_1,2024-01-10 15:00:00,27.46446609406727,30.13585817477748
synthetic_traffic,traffic,hist_gradient_boosting_ar,traffic_1,2024-01-10 16:00:00,26.11231498303725,28.694620880829017
synthetic_traffic,traffic,hist_gradient_boosting_ar,traffic_1,2024-01-10 17:00:00,25.229455623521815,26.352484554577487
synthetic_traffic,traffic,hist_gradient_boosting_ar,traffic_1,2024-01-10 18:00:00,24.870469405576202,24.656607301893416
synthetic_traffic,traffic,hist_gradient_boosting_ar,traffic_1,2024-01-10 19:00:00,25.054053946407954,24.053685980920882
synthetic_traffic,traffic,hist_gradient_boosting_ar,traffic_1,2024-01-10 20:00:00,25.761756943915355,23.67508220229135
synthetic_traffic,traffic,hist_gradient_boosting_ar,traffic_1,2024-01-10 21:00:00,26.939241980053595,23.396531858649524
synthetic_traffic,traffic,hist_gradient_boosting_ar,traffic_1,2024-01-10 22:00:00,28.499999999999968,25.56112049661641
synthetic_traffic,traffic,hist_gradient_boosting_ar,traffic_1,2024-01-10 23:00:00,30.33125352399899,28.404662565692547
synthetic_traffic,traffic,hist_gradient_boosting_ar,traffic_2,2024-01-10 00:00:00,34.92478373654545,33.61777323320476
synthetic_traffic,traffic,hist_gradient_boosting_ar,traffic_2,2024-01-10 01:00:00,36.96832983968731,35.751039491377334
synthetic_traffic,traffic,hist_gradient_boosting_ar,traffic_2,2024-01-10 02:00:00,38.86671841735838,37.31340246462856
synthetic_traffic,traffic,hist_gradient_boosting_ar,traffic_2,2024-01-10 03:00:00,40.48850424041749,38.905572995920885
synthetic_traffic,traffic,hist_gradient_boosting_ar,traffic_2,2024-01-10 04:00:00,41.720824476208136,39.7617171786652
synthetic_traffic,traffic,hist_gradient_boosting_ar,traffic_2,2024-01-10 05:00:00,42.47709337792247,39.8896165433541
synthetic_traffic,traffic,hist_gradient_boosting_ar,traffic_2,2024-01-10 06:00:00,42.702906603707255,39.4138644774963
synthetic_traffic,traffic,hist_gradient_boosting_ar,traffic_2,2024-01-10 07:00:00,42.37975279082637,38.59930093913718
synthetic_traffic,traffic,hist_gradient_boosting_ar,traffic_2,2024-01-10 08:00:00,41.526279441628844,38.155647095979745
synthetic_traffic,traffic,hist_gradient_boosting_ar,traffic_2,2024-01-10 09:00:00,40.197026847177256,37.06514626593264
synthetic_traffic,traffic,hist_gradient_boosting_ar,traffic_2,2024-01-10 10:00:00,38.478716322947996,35.93631639227333
synthetic_traffic,traffic,hist_gradient_boosting_ar,traffic_2,2024-01-10 11:00:00,36.48434570012023,34.384074976921795
synthetic_traffic,traffic,hist_gradient_boosting_ar,traffic_2,2024-01-10 12:00:00,34.345494447404135,32.910532636131784
synthetic_traffic,traffic,hist_gradient_boosting_ar,traffic_2,2024-01-10 13:00:00,32.203362808616234,31.707274797081034
synthetic_traffic,traffic,hist_gradient_boosting_ar,traffic_2,2024-01-10 14:00:00,30.19915561548945,31.36802540821826
synthetic_traffic,traffic,hist_gradient_boosting_ar,traffic_2,2024-01-10 15:00:00,28.46446609406727,31.13585817477748
synthetic_traffic,traffic,hist_gradient_boosting_ar,traffic_2,2024-01-10 16:00:00,27.11231498303725,29.694620880829017
synthetic_traffic,traffic,hist_gradient_boosting_ar,traffic_2,2024-01-10 17:00:00,26.229455623521815,27.352484554577487
synthetic_traffic,traffic,hist_gradient_boosting_ar,traffic_2,2024-01-10 18:00:00,25.870469405576202,25.656607301893416
synthetic_traffic,traffic,hist_gradient_boosting_ar,traffic_2,2024-01-10 19:00:00,26.054053946407954,25.053685980920882
synthetic_traffic,traffic,hist_gradient_boosting_ar,traffic_2,2024-01-10 20:00:00,26.761756943915355,24.67508220229135
synthetic_traffic,traffic,hist_gradient_boosting_ar,traffic_2,2024-01-10 21:00:00,27.939241980053595,24.396531858649524
synthetic_traffic,traffic,hist_gradient_boosting_ar,traffic_2,2024-01-10 22:00:00,29.499999999999968,26.56112049661641
synthetic_traffic,traffic,hist_gradient_boosting_ar,traffic_2,2024-01-10 23:00:00,31.33125352399899,29.404662565692547
synthetic_traffic,traffic,lightgbm_ar,traffic_0,2024-01-10 00:00:00,32.92478373654545,32.31567487763023
synthetic_traffic,traffic,lightgbm_ar,traffic_0,2024-01-10 01:00:00,34.96832983968731,34.24383097760525
synthetic_traffic,traffic,lightgbm_ar,traffic_0,2024-01-10 02:00:00,36.86671841735838,35.94297743525225
synthetic_traffic,traffic,lightgbm_ar,traffic_0,2024-01-10 03:00:00,38.48850424041749,36.52961339926609
synthetic_traffic,traffic,lightgbm_ar,traffic_0,2024-01-10 04:00:00,39.720824476208136,37.29618999637461
synthetic_traffic,traffic,lightgbm_ar,traffic_0,2024-01-10 05:00:00,40.47709337792247,37.700792532484144
synthetic_traffic,traffic,lightgbm_ar,traffic_0,2024-01-10 06:00:00,40.702906603707255,37.95549010187949
synthetic_traffic,traffic,lightgbm_ar,traffic_0,2024-01-10 07:00:00,40.37975279082637,37.99641765542383
synthetic_traffic,traffic,lightgbm_ar,traffic_0,2024-01-10 08:00:00,39.526279441628844,38.03162293318677
synthetic_traffic,traffic,lightgbm_ar,traffic_0,2024-01-10 09:00:00,38.197026847177256,38.24053651780281
synthetic_traffic,traffic,lightgbm_ar,traffic_0,2024-01-10 10:00:00,36.478716322947996,38.044566884865205
synthetic_traffic,traffic,lightgbm_ar,traffic_0,2024-01-10 11:00:00,34.48434570012023,37.565986617633925
synthetic_traffic,traffic,lightgbm_ar,traffic_0,2024-01-10 12:00:00,32.345494447404135,35.511516099270644
synthetic_traffic,traffic,lightgbm_ar,traffic_0,2024-01-10 13:00:00,30.20336280861623,33.07819139920308
synthetic_traffic,traffic,lightgbm_ar,traffic_0,2024-01-10 14:00:00,28.19915561548945,30.63592802226439
synthetic_traffic,traffic,lightgbm_ar,traffic_0,2024-01-10 15:00:00,26.46446609406727,28.482836236299114
synthetic_traffic,traffic,lightgbm_ar,traffic_0,2024-01-10 16:00:00,25.11231498303725,27.060696996099583
synthetic_traffic,traffic,lightgbm_ar,traffic_0,2024-01-10 17:00:00,24.229455623521815,25.629420975992485
synthetic_traffic,traffic,lightgbm_ar,traffic_0,2024-01-10 18:00:00,23.870469405576202,24.620443429048912
synthetic_traffic,traffic,lightgbm_ar,traffic_0,2024-01-10 19:00:00,24.054053946407954,24.7757976148178
synthetic_traffic,traffic,lightgbm_ar,traffic_0,2024-01-10 20:00:00,24.761756943915355,26.083643983400876
synthetic_traffic,traffic,lightgbm_ar,traffic_0,2024-01-10 21:00:00,25.939241980053595,27.571195982418683
synthetic_traffic,traffic,lightgbm_ar,traffic_0,2024-01-10 22:00:00,27.499999999999968,29.236131392479113
synthetic_traffic,traffic,lightgbm_ar,traffic_0,2024-01-10 23:00:00,29.33125352399899,31.27382645286646
synthetic_traffic,traffic,lightgbm_ar,traffic_1,2024-01-10 00:00:00,33.92478373654545,33.31567487763023
synthetic_traffic,traffic,lightgbm_ar,traffic_1,2024-01-10 01:00:00,35.96832983968731,35.24383097760525
synthetic_traffic,traffic,lightgbm_ar,traffic_1,2024-01-10 02:00:00,37.86671841735838,36.94297743525225
synthetic_traffic,traffic,lightgbm_ar,traffic_1,2024-01-10 03:00:00,39.48850424041749,37.52961339926609
synthetic_traffic,traffic,lightgbm_ar,traffic_1,2024-01-10 04:00:00,40.720824476208136,38.29618999637461
synthetic_traffic,traffic,lightgbm_ar,traffic_1,2024-01-10 05:00:00,41.47709337792247,38.700792532484144
synthetic_traffic,traffic,lightgbm_ar,traffic_1,2024-01-10 06:00:00,41.702906603707255,38.95549010187949
synthetic_traffic,traffic,lightgbm_ar,traffic_1,2024-01-10 07:00:00,41.37975279082637,38.99641765542383
synthetic_traffic,traffic,lightgbm_ar,traffic_1,2024-01-10 08:00:00,40.526279441628844,39.03162293318677
synthetic_traffic,traffic,lightgbm_ar,traffic_1,2024-01-10 09:00:00,39.197026847177256,39.24053651780281
synthetic_traffic,traffic,lightgbm_ar,traffic_1,2024-01-10 10:00:00,37.478716322947996,39.044566884865205
synthetic_traffic,traffic,lightgbm_ar,traffic_1,2024-01-10 11:00:00,35.48434570012023,38.565986617633925
synthetic_traffic,traffic,lightgbm_ar,traffic_1,2024-01-10 12:00:00,33.345494447404135,36.511516099270644
synthetic_traffic,traffic,lightgbm_ar,traffic_1,2024-01-10 13:00:00,31.20336280861623,34.07819139920308
synthetic_traffic,traffic,lightgbm_ar,traffic_1,2024-01-10 14:00:00,29.19915561548945,31.63592802226439
synthetic_traffic,traffic,lightgbm_ar,traffic_1,2024-01-10 15:00:00,27.46446609406727,29.482836236299114
synthetic_traffic,traffic,lightgbm_ar,traffic_1,2024-01-10 16:00:00,26.11231498303725,28.060696996099583
synthetic_traffic,traffic,lightgbm_ar,traffic_1,2024-01-10 17:00:00,25.229455623521815,26.629420975992485
synthetic_traffic,traffic,lightgbm_ar,traffic_1,2024-01-10 18:00:00,24.870469405576202,25.620443429048912
synthetic_traffic,traffic,lightgbm_ar,traffic_1,2024-01-10 19:00:00,25.054053946407954,25.7757976148178
synthetic_traffic,traffic,lightgbm_ar,traffic_1,2024-01-10 20:00:00,25.761756943915355,27.083643983400876
synthetic_traffic,traffic,lightgbm_ar,traffic_1,2024-01-10 21:00:00,26.939241980053595,28.571195982418683
synthetic_traffic,traffic,lightgbm_ar,traffic_1,2024-01-10 22:00:00,28.499999999999968,30.236131392479113
synthetic_traffic,traffic,lightgbm_ar,traffic_1,2024-01-10 23:00:00,30.33125352399899,32.27382645286646
synthetic_traffic,traffic,lightgbm_ar,traffic_2,2024-01-10 00:00:00,34.92478373654545,34.31567487763023
synthetic_traffic,traffic,lightgbm_ar,traffic_2,2024-01-10 01:00:00,36.96832983968731,36.24383097760525
synthetic_traffic,traffic,lightgbm_ar,traffic_2,2024-01-10 02:00:00,38.86671841735838,37.94297743525225
synthetic_traffic,traffic,lightgbm_ar,traffic_2,2024-01-10 03:00:00,40.48850424041749,38.52961339926609
synthetic_traffic,traffic,lightgbm_ar,traffic_2,2024-01-10 04:00:00,41.720824476208136,39.29618999637461
synthetic_traffic,traffic,lightgbm_ar,traffic_2,2024-01-10 05:00:00,42.47709337792247,39.700792532484144
synthetic_traffic,traffic,lightgbm_ar,traffic_2,2024-01-10 06:00:00,42.702906603707255,39.95549010187949
synthetic_traffic,traffic,lightgbm_ar,traffic_2,2024-01-10 07:00:00,42.37975279082637,39.99641765542383
synthetic_traffic,traffic,lightgbm_ar,traffic_2,2024-01-10 08:00:00,41.526279441628844,40.03162293318677
synthetic_traffic,traffic,lightgbm_ar,traffic_2,2024-01-10 09:00:00,40.197026847177256,40.24053651780281
synthetic_traffic,traffic,lightgbm_ar,traffic_2,2024-01-10 10:00:00,38.478716322947996,40.044566884865205
synthetic_traffic,traffic,lightgbm_ar,traffic_2,2024-01-10 11:00:00,36.48434570012023,39.565986617633925
synthetic_traffic,traffic,lightgbm_ar,traffic_2,2024-01-10 12:00:00,34.345494447404135,37.511516099270644
synthetic_traffic,traffic,lightgbm_ar,traffic_2,2024-01-10 13:00:00,32.203362808616234,35.07819139920308
synthetic_traffic,traffic,lightgbm_ar,traffic_2,2024-01-10 14:00:00,30.19915561548945,32.63592802226439
synthetic_traffic,traffic,lightgbm_ar,traffic_2,2024-01-10 15:00:00,28.46446609406727,30.482836236299114
synthetic_traffic,traffic,lightgbm_ar,traffic_2,2024-01-10 16:00:00,27.11231498303725,29.060696996099583
synthetic_traffic,traffic,lightgbm_ar,traffic_2,2024-01-10 17:00:00,26.229455623521815,27.629420975992485
synthetic_traffic,traffic,lightgbm_ar,traffic_2,2024-01-10 18:00:00,25.870469405576202,26.620443429048912
synthetic_traffic,traffic,lightgbm_ar,traffic_2,2024-01-10 19:00:00,26.054053946407954,26.7757976148178
synthetic_traffic,traffic,lightgbm_ar,traffic_2,2024-01-10 20:00:00,26.761756943915355,28.083643983400876
synthetic_traffic,traffic,lightgbm_ar,traffic_2,2024-01-10 21:00:00,27.939241980053595,29.571195982418683
synthetic_traffic,traffic,lightgbm_ar,traffic_2,2024-01-10 22:00:00,29.499999999999968,31.236131392479113
synthetic_traffic,traffic,lightgbm_ar,traffic_2,2024-01-10 23:00:00,31.33125352399899,33.27382645286646
synthetic_traffic,traffic,xgboost_ar,traffic_0,2024-01-10 00:00:00,32.92478373654545,32.28730384874571
synthetic_traffic,traffic,xgboost_ar,traffic_0,2024-01-10 01:00:00,34.96832983968731,34.38683061253609
synthetic_traffic,traffic,xgboost_ar,traffic_0,2024-01-10 02:00:00,36.86671841735838,35.7282476068602
synthetic_traffic,traffic,xgboost_ar,traffic_0,2024-01-10 03:00:00,38.48850424041749,36.436897807321586
synthetic_traffic,traffic,xgboost_ar,traffic_0,2024-01-10 04:00:00,39.720824476208136,36.32692737609083
synthetic_traffic,traffic,xgboost_ar,traffic_0,2024-01-10 05:00:00,40.47709337792247,35.600928686865245
synthetic_traffic,traffic,xgboost_ar,traffic_0,2024-01-10 06:00:00,40.702906603707255,34.06399888448285
synthetic_traffic,traffic,xgboost_ar,traffic_0,2024-01-10 07:00:00,40.37975279082637,32.55662582677925
synthetic_traffic,traffic,xgboost_ar,traffic_0,2024-01-10 08:00:00,39.526279441628844,31.59328512333395
synthetic_traffic,traffic,xgboost_ar,traffic_0,2024-01-10 09:00:00,38.197026847177256,31.123965866879498
synthetic_traffic,traffic,xgboost_ar,traffic_0,2024-01-10 10:00:00,36.478716322947996,31.472978677766488
synthetic_traffic,traffic,xgboost_ar,traffic_0,2024-01-10 11:00:00,34.48434570012023,32.27912232799243
synthetic_traffic,traffic,xgboost_ar,traffic_0,2024-01-10 12:00:00,32.345494447404135,33.5107936105739
synthetic_traffic,traffic,xgboost_ar,traffic_0,2024-01-10 13:00:00,30.20336280861623,32.924381613655214
synthetic_traffic,traffic,xgboost_ar,traffic_0,2024-01-10 14:00:00,28.19915561548945,31.293102811167305
synthetic_traffic,traffic,xgboost_ar,traffic_0,2024-01-10 15:00:00,26.46446609406727,28.8572358104801
synthetic_traffic,traffic,xgboost_ar,traffic_0,2024-01-10 16:00:00,25.11231498303725,26.47716489123374
synthetic_traffic,traffic,xgboost_ar,traffic_0,2024-01-10 17:00:00,24.229455623521815,24.976081995317294
synthetic_traffic,traffic,xgboost_ar,traffic_0,2024-01-10 18:00:00,23.870469405576202,23.440734968398495
synthetic_traffic,traffic,xgboost_ar,traffic_0,2024-01-10 19:00:00,24.054053946407954,22.57668745450254
synthetic_traffic,traffic,xgboost_ar,traffic_0,2024-01-10 20:00:00,24.761756943915355,22.251825315536674
synthetic_traffic,traffic,xgboost_ar,traffic_0,2024-01-10 21:00:00,25.939241980053595,22.607568889903785
synthetic_traffic,traffic,xgboost_ar,traffic_0,2024-01-10 22:00:00,27.499999999999968,23.402985701450547
synthetic_traffic,traffic,xgboost_ar,traffic_0,2024-01-10 23:00:00,29.33125352399899,26.471144717467222
synthetic_traffic,traffic,xgboost_ar,traffic_1,2024-01-10 00:00:00,33.92478373654545,33.28730384874571
synthetic_traffic,traffic,xgboost_ar,traffic_1,2024-01-10 01:00:00,35.96832983968731,35.38683061253609
synthetic_traffic,traffic,xgboost_ar,traffic_1,2024-01-10 02:00:00,37.86671841735838,36.7282476068602
synthetic_traffic,traffic,xgboost_ar,traffic_1,2024-01-10 03:00:00,39.48850424041749,37.436897807321586
synthetic_traffic,traffic,xgboost_ar,traffic_1,2024-01-10 04:00:00,40.720824476208136,37.32692737609083
synthetic_traffic,traffic,xgboost_ar,traffic_1,2024-01-10 05:00:00,41.47709337792247,36.600928686865245
synthetic_traffic,traffic,xgboost_ar,traffic_1,2024-01-10 06:00:00,41.702906603707255,35.06399888448285
synthetic_traffic,traffic,xgboost_ar,traffic_1,2024-01-10 07:00:00,41.37975279082637,33.55662582677925
synthetic_traffic,traffic,xgboost_ar,traffic_1,2024-01-10 08:00:00,40.526279441628844,32.59328512333395
synthetic_traffic,traffic,xgboost_ar,traffic_1,2024-01-10 09:00:00,39.197026847177256,32.1239658668795
synthetic_traffic,traffic,xgboost_ar,traffic_1,2024-01-10 10:00:00,37.478716322947996,32.472978677766484
synthetic_traffic,traffic,xgboost_ar,traffic_1,2024-01-10 11:00:00,35.48434570012023,33.27912232799243
synthetic_traffic,traffic,xgboost_ar,traffic_1,2024-01-10 12:00:00,33.345494447404135,34.5107936105739
synthetic_traffic,traffic,xgboost_ar,traffic_1,2024-01-10 13:00:00,31.20336280861623,33.924381613655214
synthetic_traffic,traffic,xgboost_ar,traffic_1,2024-01-10 14:00:00,29.19915561548945,32.29310281116731
synthetic_traffic,traffic,xgboost_ar,traffic_1,2024-01-10 15:00:00,27.46446609406727,29.8572358104801
synthetic_traffic,traffic,xgboost_ar,traffic_1,2024-01-10 16:00:00,26.11231498303725,27.47716489123374
synthetic_traffic,traffic,xgboost_ar,traffic_1,2024-01-10 17:00:00,25.229455623521815,25.976081995317294
synthetic_traffic,traffic,xgboost_ar,traffic_1,2024-01-10 18:00:00,24.870469405576202,24.440734968398495
synthetic_traffic,traffic,xgboost_ar,traffic_1,2024-01-10 19:00:00,25.054053946407954,23.57668745450254
synthetic_traffic,traffic,xgboost_ar,traffic_1,2024-01-10 20:00:00,25.761756943915355,23.251825315536674
synthetic_traffic,traffic,xgboost_ar,traffic_1,2024-01-10 21:00:00,26.939241980053595,23.607568889903785
synthetic_traffic,traffic,xgboost_ar,traffic_1,2024-01-10 22:00:00,28.499999999999968,24.402985701450547
synthetic_traffic,traffic,xgboost_ar,traffic_1,2024-01-10 23:00:00,30.33125352399899,27.471144717467222
synthetic_traffic,traffic,xgboost_ar,traffic_2,2024-01-10 00:00:00,34.92478373654545,34.28730384874571
synthetic_traffic,traffic,xgboost_ar,traffic_2,2024-01-10 01:00:00,36.96832983968731,36.38683061253609
synthetic_traffic,traffic,xgboost_ar,traffic_2,2024-01-10 02:00:00,38.86671841735838,37.7282476068602
synthetic_traffic,traffic,xgboost_ar,traffic_2,2024-01-10 03:00:00,40.48850424041749,38.436897807321586
synthetic_traffic,traffic,xgboost_ar,traffic_2,2024-01-10 04:00:00,41.720824476208136,38.32692737609083
synthetic_traffic,traffic,xgboost_ar,traffic_2,2024-01-10 05:00:00,42.47709337792247,37.600928686865245
synthetic_traffic,traffic,xgboost_ar,traffic_2,2024-01-10 06:00:00,42.702906603707255,36.06399888448285
synthetic_traffic,traffic,xgboost_ar,traffic_2,2024-01-10 07:00:00,42.37975279082637,34.55662582677925
synthetic_traffic,traffic,xgboost_ar,traffic_2,2024-01-10 08:00:00,41.526279441628844,33.59328512333395
synthetic_traffic,traffic,xgboost_ar,traffic_2,2024-01-10 09:00:00,40.197026847177256,33.1239658668795
synthetic_traffic,traffic,xgboost_ar,traffic_2,2024-01-10 10:00:00,38.478716322947996,33.472978677766484
synthetic_traffic,traffic,xgboost_ar,traffic_2,2024-01-10 11:00:00,36.48434570012023,34.27912232799243
synthetic_traffic,traffic,xgboost_ar,traffic_2,2024-01-10 12:00:00,34.345494447404135,35.5107936105739
synthetic_traffic,traffic,xgboost_ar,traffic_2,2024-01-10 13:00:00,32.203362808616234,34.924381613655214
synthetic_traffic,traffic,xgboost_ar,traffic_2,2024-01-10 14:00:00,30.19915561548945,33.29310281116731
synthetic_traffic,traffic,xgboost_ar,traffic_2,2024-01-10 15:00:00,28.46446609406727,30.8572358104801
synthetic_traffic,traffic,xgboost_ar,traffic_2,2024-01-10 16:00:00,27.11231498303725,28.47716489123374
synthetic_traffic,traffic,xgboost_ar,traffic_2,2024-01-10 17:00:00,26.229455623521815,26.976081995317294
synthetic_traffic,traffic,xgboost_ar,traffic_2,2024-01-10 18:00:00,25.870469405576202,25.440734968398495
synthetic_traffic,traffic,xgboost_ar,traffic_2,2024-01-10 19:00:00,26.054053946407954,24.57668745450254
synthetic_traffic,traffic,xgboost_ar,traffic_2,2024-01-10 20:00:00,26.761756943915355,24.251825315536674
synthetic_traffic,traffic,xgboost_ar,traffic_2,2024-01-10 21:00:00,27.939241980053595,24.607568889903785
synthetic_traffic,traffic,xgboost_ar,traffic_2,2024-01-10 22:00:00,29.499999999999968,25.402985701450547
synthetic_traffic,traffic,xgboost_ar,traffic_2,2024-01-10 23:00:00,31.33125352399899,28.471144717467222
synthetic_traffic,traffic,tabpfn_ts,traffic_0,2024-01-10 00:00:00,32.92478373654545,32.3585090637207
synthetic_traffic,traffic,tabpfn_ts,traffic_0,2024-01-10 01:00:00,34.96832983968731,34.348899841308594
synthetic_traffic,traffic,tabpfn_ts,traffic_0,2024-01-10 02:00:00,36.86671841735838,36.34944152832031
synthetic_traffic,traffic,tabpfn_ts,traffic_0,2024-01-10 03:00:00,38.48850424041749,38.021549224853516
synthetic_traffic,traffic,tabpfn_ts,traffic_0,2024-01-10 04:00:00,39.720824476208136,39.45393753051758
synthetic_traffic,traffic,tabpfn_ts,traffic_0,2024-01-10 05:00:00,40.47709337792247,40.40977478027344
synthetic_traffic,traffic,tabpfn_ts,traffic_0,2024-01-10 06:00:00,40.702906603707255,40.816898345947266
synthetic_traffic,traffic,tabpfn_ts,traffic_0,2024-01-10 07:00:00,40.37975279082637,40.59383010864258
synthetic_traffic,traffic,tabpfn_ts,traffic_0,2024-01-10 08:00:00,39.526279441628844,39.63201141357422
synthetic_traffic,traffic,tabpfn_ts,traffic_0,2024-01-10 09:00:00,38.197026847177256,38.238868713378906
synthetic_traffic,traffic,tabpfn_ts,traffic_0,2024-01-10 10:00:00,36.478716322947996,36.4195671081543
synthetic_traffic,traffic,tabpfn_ts,traffic_0,2024-01-10 11:00:00,34.48434570012023,34.33864212036133
synthetic_traffic,traffic,tabpfn_ts,traffic_0,2024-01-10 12:00:00,32.345494447404135,32.32517623901367
synthetic_traffic,traffic,tabpfn_ts,traffic_0,2024-01-10 13:00:00,30.20336280861623,30.346723556518555
synthetic_traffic,traffic,tabpfn_ts,traffic_0,2024-01-10 14:00:00,28.19915561548945,28.264963150024414
synthetic_traffic,traffic,tabpfn_ts,traffic_0,2024-01-10 15:00:00,26.46446609406727,26.615236282348633
synthetic_traffic,traffic,tabpfn_ts,traffic_0,2024-01-10 16:00:00,25.11231498303725,25.101411819458008
synthetic_traffic,traffic,tabpfn_ts,traffic_0,2024-01-10 17:00:00,24.229455623521815,24.3255672454834
synthetic_traffic,traffic,tabpfn_ts,traffic_0,2024-01-10 18:00:00,23.870469405576202,23.928556442260742
synthetic_traffic,traffic,tabpfn_ts,traffic_0,2024-01-10 19:00:00,24.054053946407954,23.966405868530273
synthetic_traffic,traffic,tabpfn_ts,traffic_0,2024-01-10 20:00:00,24.761756943915355,24.66421127319336
synthetic_traffic,traffic,tabpfn_ts,traffic_0,2024-01-10 21:00:00,25.939241980053595,26.178409576416016
synthetic_traffic,traffic,tabpfn_ts,traffic_0,2024-01-10 22:00:00,27.499999999999968,28.145221710205078
synthetic_traffic,traffic,tabpfn_ts,traffic_0,2024-01-10 23:00:00,29.33125352399899,30.240549087524414
synthetic_traffic,traffic,tabpfn_ts,traffic_1,2024-01-10 00:00:00,33.92478373654545,33.3585090637207
synthetic_traffic,traffic,tabpfn_ts,traffic_1,2024-01-10 01:00:00,35.96832983968731,35.348899841308594
synthetic_traffic,traffic,tabpfn_ts,traffic_1,2024-01-10 02:00:00,37.86671841735838,37.34944152832031
synthetic_traffic,traffic,tabpfn_ts,traffic_1,2024-01-10 03:00:00,39.48850424041749,39.021549224853516
synthetic_traffic,traffic,tabpfn_ts,traffic_1,2024-01-10 04:00:00,40.720824476208136,40.45393753051758
synthetic_traffic,traffic,tabpfn_ts,traffic_1,2024-01-10 05:00:00,41.47709337792247,41.40977478027344
synthetic_traffic,traffic,tabpfn_ts,traffic_1,2024-01-10 06:00:00,41.702906603707255,41.816898345947266
synthetic_traffic,traffic,tabpfn_ts,traffic_1,2024-01-10 07:00:00,41.37975279082637,41.59383010864258
synthetic_traffic,traffic,tabpfn_ts,traffic_1,2024-01-10 08:00:00,40.526279441628844,40.63201141357422
synthetic_traffic,traffic,tabpfn_ts,traffic_1,2024-01-10 09:00:00,39.197026847177256,39.238868713378906
synthetic_traffic,traffic,tabpfn_ts,traffic_1,2024-01-10 10:00:00,37.478716322947996,37.4195671081543
synthetic_traffic,traffic,tabpfn_ts,traffic_1,2024-01-10 11:00:00,35.48434570012023,35.33864212036133
synthetic_traffic,traffic,tabpfn_ts,traffic_1,2024-01-10 12:00:00,33.345494447404135,33.32517623901367
synthetic_traffic,traffic,tabpfn_ts,traffic_1,2024-01-10 13:00:00,31.20336280861623,31.346723556518555
synthetic_traffic,traffic,tabpfn_ts,traffic_1,2024-01-10 14:00:00,29.19915561548945,29.264963150024414
synthetic_traffic,traffic,tabpfn_ts,traffic_1,2024-01-10 15:00:00,27.46446609406727,27.615236282348633
synthetic_traffic,traffic,tabpfn_ts,traffic_1,2024-01-10 16:00:00,26.11231498303725,26.101411819458008
synthetic_traffic,traffic,tabpfn_ts,traffic_1,2024-01-10 17:00:00,25.229455623521815,25.3255672454834
synthetic_traffic,traffic,tabpfn_ts,traffic_1,2024-01-10 18:00:00,24.870469405576202,24.928556442260742
synthetic_traffic,traffic,tabpfn_ts,traffic_1,2024-01-10 19:00:00,25.054053946407954,24.966405868530273
synthetic_traffic,traffic,tabpfn_ts,traffic_1,2024-01-10 20:00:00,25.761756943915355,25.66421127319336
synthetic_traffic,traffic,tabpfn_ts,traffic_1,2024-01-10 21:00:00,26.939241980053595,27.178409576416016
synthetic_traffic,traffic,tabpfn_ts,traffic_1,2024-01-10 22:00:00,28.499999999999968,29.145221710205078
synthetic_traffic,traffic,tabpfn_ts,traffic_1,2024-01-10 23:00:00,30.33125352399899,31.240549087524414
synthetic_traffic,traffic,tabpfn_ts,traffic_2,2024-01-10 00:00:00,34.92478373654545,34.3585090637207
synthetic_traffic,traffic,tabpfn_ts,traffic_2,2024-01-10 01:00:00,36.96832983968731,36.348899841308594
synthetic_traffic,traffic,tabpfn_ts,traffic_2,2024-01-10 02:00:00,38.86671841735838,38.34944152832031
synthetic_traffic,traffic,tabpfn_ts,traffic_2,2024-01-10 03:00:00,40.48850424041749,40.021549224853516
synthetic_traffic,traffic,tabpfn_ts,traffic_2,2024-01-10 04:00:00,41.720824476208136,41.45393753051758
synthetic_traffic,traffic,tabpfn_ts,traffic_2,2024-01-10 05:00:00,42.47709337792247,42.40977478027344
synthetic_traffic,traffic,tabpfn_ts,traffic_2,2024-01-10 06:00:00,42.702906603707255,42.816898345947266
synthetic_traffic,traffic,tabpfn_ts,traffic_2,2024-01-10 07:00:00,42.37975279082637,42.59383010864258
synthetic_traffic,traffic,tabpfn_ts,traffic_2,2024-01-10 08:00:00,41.526279441628844,41.63201141357422
synthetic_traffic,traffic,tabpfn_ts,traffic_2,2024-01-10 09:00:00,40.197026847177256,40.238868713378906
synthetic_traffic,traffic,tabpfn_ts,traffic_2,2024-01-10 10:00:00,38.478716322947996,38.4195671081543
synthetic_traffic,traffic,tabpfn_ts,traffic_2,2024-01-10 11:00:00,36.48434570012023,36.33864212036133
synthetic_traffic,traffic,tabpfn_ts,traffic_2,2024-01-10 12:00:00,34.345494447404135,34.32517623901367
synthetic_traffic,traffic,tabpfn_ts,traffic_2,2024-01-10 13:00:00,32.203362808616234,32.34672546386719
synthetic_traffic,traffic,tabpfn_ts,traffic_2,2024-01-10 14:00:00,30.19915561548945,30.264963150024414
synthetic_traffic,traffic,tabpfn_ts,traffic_2,2024-01-10 15:00:00,28.46446609406727,28.615236282348633
synthetic_traffic,traffic,tabpfn_ts,traffic_2,2024-01-10 16:00:00,27.11231498303725,27.101411819458008
synthetic_traffic,traffic,tabpfn_ts,traffic_2,2024-01-10 17:00:00,26.229455623521815,26.3255672454834
synthetic_traffic,traffic,tabpfn_ts,traffic_2,2024-01-10 18:00:00,25.870469405576202,25.928556442260742
synthetic_traffic,traffic,tabpfn_ts,traffic_2,2024-01-10 19:00:00,26.054053946407954,25.966405868530273
synthetic_traffic,traffic,tabpfn_ts,traffic_2,2024-01-10 20:00:00,26.761756943915355,26.66421127319336
synthetic_traffic,traffic,tabpfn_ts,traffic_2,2024-01-10 21:00:00,27.939241980053595,28.178409576416016
synthetic_traffic,traffic,tabpfn_ts,traffic_2,2024-01-10 22:00:00,29.499999999999968,30.145221710205078
synthetic_traffic,traffic,tabpfn_ts,traffic_2,2024-01-10 23:00:00,31.33125352399899,32.24054718017578
synthetic_weather,weather,dummy_mean,weather_0,2024-01-09 04:00:00,22.080127018922212,17.951669349743174
synthetic_weather,weather,dummy_mean,weather_0,2024-01-09 04:10:00,22.264044094228257,17.951669349743174
synthetic_weather,weather,dummy_mean,weather_0,2024-01-09 04:20:00,22.444714846349765,17.951669349743174
synthetic_weather,weather,dummy_mean,weather_0,2024-01-09 04:30:00,22.619397662556413,17.951669349743174
synthetic_weather,weather,dummy_mean,weather_0,2024-01-09 04:40:00,22.785287192763008,17.951669349743174
synthetic_weather,weather,dummy_mean,weather_0,2024-01-09 04:50:00,22.93959482540397,17.951669349743174
synthetic_weather,weather,dummy_mean,weather_0,2024-01-09 05:00:00,23.079629131445337,17.951669349743174
synthetic_weather,weather,dummy_mean,weather_0,2024-01-09 05:10:00,23.20287384044293,17.951669349743174
synthetic_weather,weather,dummy_mean,weather_0,2024-01-09 05:20:00,23.307060986620524,17.951669349743174
synthetic_weather,weather,dummy_mean,weather_0,2024-01-09 05:30:00,23.390237008761265,17.951669349743174
synthetic_weather,weather,dummy_mean,weather_0,2024-01-09 05:40:00,23.450819800851676,17.951669349743174
synthetic_weather,weather,dummy_mean,weather_0,2024-01-09 05:50:00,23.48764498441539,17.951669349743174
synthetic_weather,weather,dummy_mean,weather_0,2024-01-09 06:00:00,23.5,17.951669349743174
synthetic_weather,weather,dummy_mean,weather_0,2024-01-09 06:10:00,23.48764498441539,17.951669349743174
synthetic_weather,weather,dummy_mean,weather_0,2024-01-09 06:20:00,23.450819800851686,17.951669349743174
synthetic_weather,weather,dummy_mean,weather_0,2024-01-09 06:30:00,23.39023700876128,17.951669349743174
synthetic_weather,weather,dummy_mean,weather_0,2024-01-09 06:40:00,23.307060986620538,17.951669349743174
synthetic_weather,weather,dummy_mean,weather_0,2024-01-09 06:50:00,23.20287384044295,17.951669349743174
synthetic_weather,weather,dummy_mean,weather_0,2024-01-09 07:00:00,23.07962913144536,17.951669349743174
synthetic_weather,weather,dummy_mean,weather_0,2024-01-09 07:10:00,22.93959482540397,17.951669349743174
synthetic_weather,weather,dummy_mean,weather_0,2024-01-09 07:20:00,22.78528719276301,17.951669349743174
synthetic_weather,weather,dummy_mean,weather_0,2024-01-09 07:30:00,22.61939766255644,17.951669349743174
synthetic_weather,weather,dummy_mean,weather_0,2024-01-09 07:40:00,22.444714846349797,17.951669349743174
synthetic_weather,weather,dummy_mean,weather_0,2024-01-09 07:50:00,22.26404409422829,17.951669349743174
synthetic_weather,weather,dummy_mean,weather_1,2024-01-09 04:00:00,23.080127018922212,18.951669349743174
synthetic_weather,weather,dummy_mean,weather_1,2024-01-09 04:10:00,23.264044094228257,18.951669349743174
synthetic_weather,weather,dummy_mean,weather_1,2024-01-09 04:20:00,23.444714846349765,18.951669349743174
synthetic_weather,weather,dummy_mean,weather_1,2024-01-09 04:30:00,23.619397662556413,18.951669349743174
synthetic_weather,weather,dummy_mean,weather_1,2024-01-09 04:40:00,23.785287192763008,18.951669349743174
synthetic_weather,weather,dummy_mean,weather_1,2024-01-09 04:50:00,23.93959482540397,18.951669349743174
synthetic_weather,weather,dummy_mean,weather_1,2024-01-09 05:00:00,24.079629131445337,18.951669349743174
synthetic_weather,weather,dummy_mean,weather_1,2024-01-09 05:10:00,24.20287384044293,18.951669349743174
synthetic_weather,weather,dummy_mean,weather_1,2024-01-09 05:20:00,24.307060986620524,18.951669349743174
synthetic_weather,weather,dummy_mean,weather_1,2024-01-09 05:30:00,24.390237008761265,18.951669349743174
synthetic_weather,weather,dummy_mean,weather_1,2024-01-09 05:40:00,24.450819800851676,18.951669349743174
synthetic_weather,weather,dummy_mean,weather_1,2024-01-09 05:50:00,24.48764498441539,18.951669349743174
synthetic_weather,weather,dummy_mean,weather_1,2024-01-09 06:00:00,24.5,18.951669349743174
synthetic_weather,weather,dummy_mean,weather_1,2024-01-09 06:10:00,24.48764498441539,18.951669349743174
synthetic_weather,weather,dummy_mean,weather_1,2024-01-09 06:20:00,24.450819800851686,18.951669349743174
synthetic_weather,weather,dummy_mean,weather_1,2024-01-09 06:30:00,24.39023700876128,18.951669349743174
synthetic_weather,weather,dummy_mean,weather_1,2024-01-09 06:40:00,24.307060986620538,18.951669349743174
synthetic_weather,weather,dummy_mean,weather_1,2024-01-09 06:50:00,24.20287384044295,18.951669349743174
synthetic_weather,weather,dummy_mean,weather_1,2024-01-09 07:00:00,24.07962913144536,18.951669349743174
synthetic_weather,weather,dummy_mean,weather_1,2024-01-09 07:10:00,23.93959482540397,18.951669349743174
synthetic_weather,weather,dummy_mean,weather_1,2024-01-09 07:20:00,23.78528719276301,18.951669349743174
synthetic_weather,weather,dummy_mean,weather_1,2024-01-09 07:30:00,23.61939766255644,18.951669349743174
synthetic_weather,weather,dummy_mean,weather_1,2024-01-09 07:40:00,23.444714846349797,18.951669349743174
synthetic_weather,weather,dummy_mean,weather_1,2024-01-09 07:50:00,23.26404409422829,18.951669349743174
synthetic_weather,weather,seasonal_naive,weather_0,2024-01-09 04:00:00,22.080127018922212,18.49999999999999
synthetic_weather,weather,seasonal_naive,weather_0,2024-01-09 04:10:00,22.264044094228257,18.71050081333277
synthetic_weather,weather,seasonal_naive,weather_0,2024-01-09 04:20:00,22.444714846349765,18.90562502413126
synthetic_weather,weather,seasonal_naive,weather_0,2024-01-09 04:30:00,22.619397662556413,19.085643662992485
synthetic_weather,weather,seasonal_naive,weather_0,2024-01-09 04:40:00,22.785287192763008,19.25126310989412
synthetic_weather,weather,seasonal_naive,weather_0,2024-01-09 04:50:00,22.93959482540397,19.40359187453376
synthetic_weather,weather,seasonal_naive,weather_0,2024-01-09 05:00:00,23.079629131445337,19.544095225512603
synthetic_weather,weather,seasonal_naive,weather_0,2024-01-09 05:10:00,23.20287384044293,19.674539069184195
synthetic_weather,weather,seasonal_naive,weather_0,2024-01-09 05:20:00,23.307060986620524,19.796924805461803
synthetic_weather,weather,seasonal_naive,weather_0,2024-01-09 05:30:00,23.390237008761265,19.91341716182544
synthetic_weather,weather,seasonal_naive,weather_0,2024-01-09 05:40:00,23.450819800851676,20.02626721987004
synthetic_weather,weather,seasonal_naive,weather_0,2024-01-09 05:50:00,23.48764498441539,20.137732994512323
synthetic_weather,weather,seasonal_naive,weather_0,2024-01-09 06:00:00,23.5,20.249999999999982
synthetic_weather,weather,seasonal_naive,weather_0,2024-01-09 06:10:00,23.48764498441539,20.36510423689085
synthetic_weather,weather,seasonal_naive,weather_0,2024-01-09 06:20:00,23.450819800851686,20.484859960195738
synthetic_weather,weather,seasonal_naive,weather_0,2024-01-09 06:30:00,23.39023700876128,20.610794443151377
synthetic_weather,weather,seasonal_naive,weather_0,2024-01-09 06:40:00,23.307060986620538,20.744091738039735
synthetic_weather,weather,seasonal_naive,weather_0,2024-01-09 06:50:00,23.20287384044295,20.88554716157221
synthetic_weather,weather,seasonal_naive,weather_0,2024-01-09 07:00:00,23.07962913144536,21.03553390593272
synthetic_weather,weather,seasonal_naive,weather_0,2024-01-09 07:10:00,22.93959482540397,21.193982807544497
synthetic_weather,weather,seasonal_naive,weather_0,2024-01-09 07:20:00,22.78528719276301,21.36037590520191
synthetic_weather,weather,seasonal_naive,weather_0,2024-01-09 07:30:00,22.61939766255644,21.533753999563952
synthetic_weather,weather,seasonal_naive,weather_0,2024-01-09 07:40:00,22.444714846349797,21.712737999885466
synthetic_weather,weather,seasonal_naive,weather_0,2024-01-09 07:50:00,22.26404409422829,21.89556342422115
synthetic_weather,weather,seasonal_naive,weather_1,2024-01-09 04:00:00,23.080127018922212,19.49999999999999
synthetic_weather,weather,seasonal_naive,weather_1,2024-01-09 04:10:00,23.264044094228257,19.71050081333277
synthetic_weather,weather,seasonal_naive,weather_1,2024-01-09 04:20:00,23.444714846349765,19.90562502413126
synthetic_weather,weather,seasonal_naive,weather_1,2024-01-09 04:30:00,23.619397662556413,20.085643662992485
synthetic_weather,weather,seasonal_naive,weather_1,2024-01-09 04:40:00,23.785287192763008,20.25126310989412
synthetic_weather,weather,seasonal_naive,weather_1,2024-01-09 04:50:00,23.93959482540397,20.40359187453376
synthetic_weather,weather,seasonal_naive,weather_1,2024-01-09 05:00:00,24.079629131445337,20.544095225512603
synthetic_weather,weather,seasonal_naive,weather_1,2024-01-09 05:10:00,24.20287384044293,20.674539069184195
synthetic_weather,weather,seasonal_naive,weather_1,2024-01-09 05:20:00,24.307060986620524,20.796924805461803
synthetic_weather,weather,seasonal_naive,weather_1,2024-01-09 05:30:00,24.390237008761265,20.91341716182544
synthetic_weather,weather,seasonal_naive,weather_1,2024-01-09 05:40:00,24.450819800851676,21.02626721987004
synthetic_weather,weather,seasonal_naive,weather_1,2024-01-09 05:50:00,24.48764498441539,21.137732994512323
synthetic_weather,weather,seasonal_naive,weather_1,2024-01-09 06:00:00,24.5,21.249999999999982
synthetic_weather,weather,seasonal_naive,weather_1,2024-01-09 06:10:00,24.48764498441539,21.36510423689085
synthetic_weather,weather,seasonal_naive,weather_1,2024-01-09 06:20:00,24.450819800851686,21.484859960195738
synthetic_weather,weather,seasonal_naive,weather_1,2024-01-09 06:30:00,24.39023700876128,21.610794443151377
synthetic_weather,weather,seasonal_naive,weather_1,2024-01-09 06:40:00,24.307060986620538,21.744091738039735
synthetic_weather,weather,seasonal_naive,weather_1,2024-01-09 06:50:00,24.20287384044295,21.88554716157221
synthetic_weather,weather,seasonal_naive,weather_1,2024-01-09 07:00:00,24.07962913144536,22.03553390593272
synthetic_weather,weather,seasonal_naive,weather_1,2024-01-09 07:10:00,23.93959482540397,22.193982807544497
synthetic_weather,weather,seasonal_naive,weather_1,2024-01-09 07:20:00,23.78528719276301,22.36037590520191
synthetic_weather,weather,seasonal_naive,weather_1,2024-01-09 07:30:00,23.61939766255644,22.533753999563952
synthetic_weather,weather,seasonal_naive,weather_1,2024-01-09 07:40:00,23.444714846349797,22.712737999885466
synthetic_weather,weather,seasonal_naive,weather_1,2024-01-09 07:50:00,23.26404409422829,22.89556342422115
synthetic_weather,weather,moving_average,weather_0,2024-01-09 04:00:00,22.080127018922212,20.209247772643767
synthetic_weather,weather,moving_average,weather_0,2024-01-09 04:10:00,22.264044094228257,20.209247772643767
synthetic_weather,weather,moving_average,weather_0,2024-01-09 04:20:00,22.444714846349765,20.209247772643767
synthetic_weather,weather,moving_average,weather_0,2024-01-09 04:30:00,22.619397662556413,20.209247772643767
synthetic_weather,weather,moving_average,weather_0,2024-01-09 04:40:00,22.785287192763008,20.209247772643767
synthetic_weather,weather,moving_average,weather_0,2024-01-09 04:50:00,22.93959482540397,20.209247772643767
synthetic_weather,weather,moving_average,weather_0,2024-01-09 05:00:00,23.079629131445337,20.209247772643767
synthetic_weather,weather,moving_average,weather_0,2024-01-09 05:10:00,23.20287384044293,20.209247772643767
synthetic_weather,weather,moving_average,weather_0,2024-01-09 05:20:00,23.307060986620524,20.209247772643767
synthetic_weather,weather,moving_average,weather_0,2024-01-09 05:30:00,23.390237008761265,20.209247772643767
synthetic_weather,weather,moving_average,weather_0,2024-01-09 05:40:00,23.450819800851676,20.209247772643767
synthetic_weather,weather,moving_average,weather_0,2024-01-09 05:50:00,23.48764498441539,20.209247772643767
synthetic_weather,weather,moving_average,weather_0,2024-01-09 06:00:00,23.5,20.209247772643767
synthetic_weather,weather,moving_average,weather_0,2024-01-09 06:10:00,23.48764498441539,20.209247772643767
synthetic_weather,weather,moving_average,weather_0,2024-01-09 06:20:00,23.450819800851686,20.209247772643767
synthetic_weather,weather,moving_average,weather_0,2024-01-09 06:30:00,23.39023700876128,20.209247772643767
synthetic_weather,weather,moving_average,weather_0,2024-01-09 06:40:00,23.307060986620538,20.209247772643767
synthetic_weather,weather,moving_average,weather_0,2024-01-09 06:50:00,23.20287384044295,20.209247772643767
synthetic_weather,weather,moving_average,weather_0,2024-01-09 07:00:00,23.07962913144536,20.209247772643767
synthetic_weather,weather,moving_average,weather_0,2024-01-09 07:10:00,22.93959482540397,20.209247772643767
synthetic_weather,weather,moving_average,weather_0,2024-01-09 07:20:00,22.78528719276301,20.209247772643767
synthetic_weather,weather,moving_average,weather_0,2024-01-09 07:30:00,22.61939766255644,20.209247772643767
synthetic_weather,weather,moving_average,weather_0,2024-01-09 07:40:00,22.444714846349797,20.209247772643767
synthetic_weather,weather,moving_average,weather_0,2024-01-09 07:50:00,22.26404409422829,20.209247772643767
synthetic_weather,weather,moving_average,weather_1,2024-01-09 04:00:00,23.080127018922212,21.209247772643767
synthetic_weather,weather,moving_average,weather_1,2024-01-09 04:10:00,23.264044094228257,21.209247772643767
synthetic_weather,weather,moving_average,weather_1,2024-01-09 04:20:00,23.444714846349765,21.209247772643767
synthetic_weather,weather,moving_average,weather_1,2024-01-09 04:30:00,23.619397662556413,21.209247772643767
synthetic_weather,weather,moving_average,weather_1,2024-01-09 04:40:00,23.785287192763008,21.209247772643767
synthetic_weather,weather,moving_average,weather_1,2024-01-09 04:50:00,23.93959482540397,21.209247772643767
synthetic_weather,weather,moving_average,weather_1,2024-01-09 05:00:00,24.079629131445337,21.209247772643767
synthetic_weather,weather,moving_average,weather_1,2024-01-09 05:10:00,24.20287384044293,21.209247772643767
synthetic_weather,weather,moving_average,weather_1,2024-01-09 05:20:00,24.307060986620524,21.209247772643767
synthetic_weather,weather,moving_average,weather_1,2024-01-09 05:30:00,24.390237008761265,21.209247772643767
synthetic_weather,weather,moving_average,weather_1,2024-01-09 05:40:00,24.450819800851676,21.209247772643767
synthetic_weather,weather,moving_average,weather_1,2024-01-09 05:50:00,24.48764498441539,21.209247772643767
synthetic_weather,weather,moving_average,weather_1,2024-01-09 06:00:00,24.5,21.209247772643767
synthetic_weather,weather,moving_average,weather_1,2024-01-09 06:10:00,24.48764498441539,21.209247772643767
synthetic_weather,weather,moving_average,weather_1,2024-01-09 06:20:00,24.450819800851686,21.209247772643767
synthetic_weather,weather,moving_average,weather_1,2024-01-09 06:30:00,24.39023700876128,21.209247772643767
synthetic_weather,weather,moving_average,weather_1,2024-01-09 06:40:00,24.307060986620538,21.209247772643767
synthetic_weather,weather,moving_average,weather_1,2024-01-09 06:50:00,24.20287384044295,21.209247772643767
synthetic_weather,weather,moving_average,weather_1,2024-01-09 07:00:00,24.07962913144536,21.209247772643767
synthetic_weather,weather,moving_average,weather_1,2024-01-09 07:10:00,23.93959482540397,21.209247772643767
synthetic_weather,weather,moving_average,weather_1,2024-01-09 07:20:00,23.78528719276301,21.209247772643767
synthetic_weather,weather,moving_average,weather_1,2024-01-09 07:30:00,23.61939766255644,21.209247772643767
synthetic_weather,weather,moving_average,weather_1,2024-01-09 07:40:00,23.444714846349797,21.209247772643767
synthetic_weather,weather,moving_average,weather_1,2024-01-09 07:50:00,23.26404409422829,21.209247772643767
synthetic_weather,weather,linear_trend,weather_0,2024-01-09 04:00:00,22.080127018922212,16.89961235431522
synthetic_weather,weather,linear_trend,weather_0,2024-01-09 04:10:00,22.264044094228257,16.88871020928488
synthetic_weather,weather,linear_trend,weather_0,2024-01-09 04:20:00,22.444714846349765,16.877808064254538
synthetic_weather,weather,linear_trend,weather_0,2024-01-09 04:30:00,22.619397662556413,16.866905919224198
synthetic_weather,weather,linear_trend,weather_0,2024-01-09 04:40:00,22.785287192763008,16.856003774193855
synthetic_weather,weather,linear_trend,weather_0,2024-01-09 04:50:00,22.93959482540397,16.845101629163516
synthetic_weather,weather,linear_trend,weather_0,2024-01-09 05:00:00,23.079629131445337,16.834199484133173
synthetic_weather,weather,linear_trend,weather_0,2024-01-09 05:10:00,23.20287384044293,16.82329733910283
synthetic_weather,weather,linear_trend,weather_0,2024-01-09 05:20:00,23.307060986620524,16.81239519407249
synthetic_weather,weather,linear_trend,weather_0,2024-01-09 05:30:00,23.390237008761265,16.801493049042147
synthetic_weather,weather,linear_trend,weather_0,2024-01-09 05:40:00,23.450819800851676,16.790590904011808
synthetic_weather,weather,linear_trend,weather_0,2024-01-09 05:50:00,23.48764498441539,16.779688758981465
synthetic_weather,weather,linear_trend,weather_0,2024-01-09 06:00:00,23.5,16.768786613951125
synthetic_weather,weather,linear_trend,weather_0,2024-01-09 06:10:00,23.48764498441539,16.757884468920782
synthetic_weather,weather,linear_trend,weather_0,2024-01-09 06:20:00,23.450819800851686,16.746982323890443
synthetic_weather,weather,linear_trend,weather_0,2024-01-09 06:30:00,23.39023700876128,16.7360801788601
synthetic_weather,weather,linear_trend,weather_0,2024-01-09 06:40:00,23.307060986620538,16.725178033829756
synthetic_weather,weather,linear_trend,weather_0,2024-01-09 06:50:00,23.20287384044295,16.714275888799417
synthetic_weather,weather,linear_trend,weather_0,2024-01-09 07:00:00,23.07962913144536,16.703373743769077
synthetic_weather,weather,linear_trend,weather_0,2024-01-09 07:10:00,22.93959482540397,16.692471598738734
synthetic_weather,weather,linear_trend,weather_0,2024-01-09 07:20:00,22.78528719276301,16.68156945370839
synthetic_weather,weather,linear_trend,weather_0,2024-01-09 07:30:00,22.61939766255644,16.670667308678052
synthetic_weather,weather,linear_trend,weather_0,2024-01-09 07:40:00,22.444714846349797,16.65976516364771
synthetic_weather,weather,linear_trend,weather_0,2024-01-09 07:50:00,22.26404409422829,16.64886301861737
synthetic_weather,weather,linear_trend,weather_1,2024-01-09 04:00:00,23.080127018922212,17.899612354315217
synthetic_weather,weather,linear_trend,weather_1,2024-01-09 04:10:00,23.264044094228257,17.888710209284874
synthetic_weather,weather,linear_trend,weather_1,2024-01-09 04:20:00,23.444714846349765,17.87780806425453
synthetic_weather,weather,linear_trend,weather_1,2024-01-09 04:30:00,23.619397662556413,17.86690591922419
synthetic_weather,weather,linear_trend,weather_1,2024-01-09 04:40:00,23.785287192763008,17.856003774193848
synthetic_weather,weather,linear_trend,weather_1,2024-01-09 04:50:00,23.93959482540397,17.84510162916351
synthetic_weather,weather,linear_trend,weather_1,2024-01-09 05:00:00,24.079629131445337,17.834199484133165
synthetic_weather,weather,linear_trend,weather_1,2024-01-09 05:10:00,24.20287384044293,17.823297339102826
synthetic_weather,weather,linear_trend,weather_1,2024-01-09 05:20:00,24.307060986620524,17.812395194072483
synthetic_weather,weather,linear_trend,weather_1,2024-01-09 05:30:00,24.390237008761265,17.801493049042143
synthetic_weather,weather,linear_trend,weather_1,2024-01-09 05:40:00,24.450819800851676,17.7905909040118
synthetic_weather,weather,linear_trend,weather_1,2024-01-09 05:50:00,24.48764498441539,17.779688758981457
synthetic_weather,weather,linear_trend,weather_1,2024-01-09 06:00:00,24.5,17.768786613951118
synthetic_weather,weather,linear_trend,weather_1,2024-01-09 06:10:00,24.48764498441539,17.757884468920775
synthetic_weather,weather,linear_trend,weather_1,2024-01-09 06:20:00,24.450819800851686,17.746982323890435
synthetic_weather,weather,linear_trend,weather_1,2024-01-09 06:30:00,24.39023700876128,17.736080178860092
synthetic_weather,weather,linear_trend,weather_1,2024-01-09 06:40:00,24.307060986620538,17.725178033829753
synthetic_weather,weather,linear_trend,weather_1,2024-01-09 06:50:00,24.20287384044295,17.71427588879941
synthetic_weather,weather,linear_trend,weather_1,2024-01-09 07:00:00,24.07962913144536,17.70337374376907
synthetic_weather,weather,linear_trend,weather_1,2024-01-09 07:10:00,23.93959482540397,17.692471598738727
synthetic_weather,weather,linear_trend,weather_1,2024-01-09 07:20:00,23.78528719276301,17.681569453708384
synthetic_weather,weather,linear_trend,weather_1,2024-01-09 07:30:00,23.61939766255644,17.670667308678045
synthetic_weather,weather,linear_trend,weather_1,2024-01-09 07:40:00,23.444714846349797,17.6597651636477
synthetic_weather,weather,linear_trend,weather_1,2024-01-09 07:50:00,23.26404409422829,17.648863018617362
synthetic_weather,weather,ridge_ar,weather_0,2024-01-09 04:00:00,22.080127018922212,22.08508493715539
synthetic_weather,weather,ridge_ar,weather_0,2024-01-09 04:10:00,22.264044094228257,22.258088510219363
synthetic_weather,weather,ridge_ar,weather_0,2024-01-09 04:20:00,22.444714846349765,22.424334481705024
synthetic_weather,weather,ridge_ar,weather_0,2024-01-09 04:30:00,22.619397662556413,22.58072315968836
synthetic_weather,weather,ridge_ar,weather_0,2024-01-09 04:40:00,22.785287192763008,22.72333090422001
synthetic_weather,weather,ridge_ar,weather_0,2024-01-09 04:50:00,22.93959482540397,22.852095736918052
synthetic_weather,weather,ridge_ar,weather_0,2024-01-09 05:00:00,23.079629131445337,22.96509187521862
synthetic_weather,weather,ridge_ar,weather_0,2024-01-09 05:10:00,23.20287384044293,23.060795464134905
synthetic_weather,weather,ridge_ar,weather_0,2024-01-09 05:20:00,23.307060986620524,23.138290310687996
synthetic_weather,weather,ridge_ar,weather_0,2024-01-09 05:30:00,23.390237008761265,23.196640325524527
synthetic_weather,weather,ridge_ar,weather_0,2024-01-09 05:40:00,23.450819800851676,23.23526370223993
synthetic_weather,weather,ridge_ar,weather_0,2024-01-09 05:50:00,23.48764498441539,23.25391513895267
synthetic_weather,weather,ridge_ar,weather_0,2024-01-09 06:00:00,23.5,23.252627729351133
synthetic_weather,weather,ridge_ar,weather_0,2024-01-09 06:10:00,23.48764498441539,23.23176167989495
synthetic_weather,weather,ridge_ar,weather_0,2024-01-09 06:20:00,23.450819800851686,23.19198348738601
synthetic_weather,weather,ridge_ar,weather_0,2024-01-09 06:30:00,23.39023700876128,23.134242133477965
synthetic_weather,weather,ridge_ar,weather_0,2024-01-09 06:40:00,23.307060986620538,23.059748785589072
synthetic_weather,weather,ridge_ar,weather_0,2024-01-09 06:50:00,23.20287384044295,22.969940472251047
synthetic_weather,weather,ridge_ar,weather_0,2024-01-09 07:00:00,23.07962913144536,22.866439246683914
synthetic_weather,weather,ridge_ar,weather_0,2024-01-09 07:10:00,22.93959482540397,22.75100710225621
synthetic_weather,weather,ridge_ar,weather_0,2024-01-09 07:20:00,22.78528719276301,22.625495948937523
synthetic_weather,weather,ridge_ar,weather_0,2024-01-09 07:30:00,22.61939766255644,22.491795642786073
synthetic_weather,weather,ridge_ar,weather_0,2024-01-09 07:40:00,22.444714846349797,22.351781313293905
synthetic_weather,weather,ridge_ar,weather_0,2024-01-09 07:50:00,22.26404409422829,22.207261414807817
synthetic_weather,weather,ridge_ar,weather_1,2024-01-09 04:00:00,23.080127018922212,23.08508493715539
synthetic_weather,weather,ridge_ar,weather_1,2024-01-09 04:10:00,23.264044094228257,23.258088510219363
synthetic_weather,weather,ridge_ar,weather_1,2024-01-09 04:20:00,23.444714846349765,23.424334481705024
synthetic_weather,weather,ridge_ar,weather_1,2024-01-09 04:30:00,23.619397662556413,23.58072315968836
synthetic_weather,weather,ridge_ar,weather_1,2024-01-09 04:40:00,23.785287192763008,23.72333090422001
synthetic_weather,weather,ridge_ar,weather_1,2024-01-09 04:50:00,23.93959482540397,23.852095736918052
synthetic_weather,weather,ridge_ar,weather_1,2024-01-09 05:00:00,24.079629131445337,23.96509187521862
synthetic_weather,weather,ridge_ar,weather_1,2024-01-09 05:10:00,24.20287384044293,24.060795464134905
synthetic_weather,weather,ridge_ar,weather_1,2024-01-09 05:20:00,24.307060986620524,24.138290310687996
synthetic_weather,weather,ridge_ar,weather_1,2024-01-09 05:30:00,24.390237008761265,24.196640325524527
synthetic_weather,weather,ridge_ar,weather_1,2024-01-09 05:40:00,24.450819800851676,24.23526370223993
synthetic_weather,weather,ridge_ar,weather_1,2024-01-09 05:50:00,24.48764498441539,24.25391513895267
synthetic_weather,weather,ridge_ar,weather_1,2024-01-09 06:00:00,24.5,24.252627729351133
synthetic_weather,weather,ridge_ar,weather_1,2024-01-09 06:10:00,24.48764498441539,24.23176167989495
synthetic_weather,weather,ridge_ar,weather_1,2024-01-09 06:20:00,24.450819800851686,24.19198348738601
synthetic_weather,weather,ridge_ar,weather_1,2024-01-09 06:30:00,24.39023700876128,24.134242133477965
synthetic_weather,weather,ridge_ar,weather_1,2024-01-09 06:40:00,24.307060986620538,24.059748785589072
synthetic_weather,weather,ridge_ar,weather_1,2024-01-09 06:50:00,24.20287384044295,23.969940472251047
synthetic_weather,weather,ridge_ar,weather_1,2024-01-09 07:00:00,24.07962913144536,23.866439246683914
synthetic_weather,weather,ridge_ar,weather_1,2024-01-09 07:10:00,23.93959482540397,23.75100710225621
synthetic_weather,weather,ridge_ar,weather_1,2024-01-09 07:20:00,23.78528719276301,23.625495948937523
synthetic_weather,weather,ridge_ar,weather_1,2024-01-09 07:30:00,23.61939766255644,23.491795642786073
synthetic_weather,weather,ridge_ar,weather_1,2024-01-09 07:40:00,23.444714846349797,23.351781313293905
synthetic_weather,weather,ridge_ar,weather_1,2024-01-09 07:50:00,23.26404409422829,23.207261414807817
synthetic_weather,weather,hist_gradient_boosting_ar,weather_0,2024-01-09 04:00:00,22.080127018922212,22.088400853099774
synthetic_weather,weather,hist_gradient_boosting_ar,weather_0,2024-01-09 04:10:00,22.264044094228257,22.2736714872108
synthetic_weather,weather,hist_gradient_boosting_ar,weather_0,2024-01-09 04:20:00,22.444714846349765,22.440008561419607
synthetic_weather,weather,hist_gradient_boosting_ar,weather_0,2024-01-09 04:30:00,22.619397662556413,22.636418250019435
synthetic_weather,weather,hist_gradient_boosting_ar,weather_0,2024-01-09 04:40:00,22.785287192763008,22.779908169643914
synthetic_weather,weather,hist_gradient_boosting_ar,weather_0,2024-01-09 04:50:00,22.93959482540397,22.94080204664216
synthetic_weather,weather,hist_gradient_boosting_ar,weather_0,2024-01-09 05:00:00,23.079629131445337,23.074917346847748
synthetic_weather,weather,hist_gradient_boosting_ar,weather_0,2024-01-09 05:10:00,23.20287384044293,23.196873035636255
synthetic_weather,weather,hist_gradient_boosting_ar,weather_0,2024-01-09 05:20:00,23.307060986620524,23.35164980242867
synthetic_weather,weather,hist_gradient_boosting_ar,weather_0,2024-01-09 05:30:00,23.390237008761265,23.400201178974115
synthetic_weather,weather,hist_gradient_boosting_ar,weather_0,2024-01-09 05:40:00,23.450819800851676,23.443611429619335
synthetic_weather,weather,hist_gradient_boosting_ar,weather_0,2024-01-09 05:50:00,23.48764498441539,23.44519774034898
synthetic_weather,weather,hist_gradient_boosting_ar,weather_0,2024-01-09 06:00:00,23.5,23.44519774034898
synthetic_weather,weather,hist_gradient_boosting_ar,weather_0,2024-01-09 06:10:00,23.48764498441539,23.44519774034898
synthetic_weather,weather,hist_gradient_boosting_ar,weather_0,2024-01-09 06:20:00,23.450819800851686,23.433508084005787
synthetic_weather,weather,hist_gradient_boosting_ar,weather_0,2024-01-09 06:30:00,23.39023700876128,23.38697674922287
synthetic_weather,weather,hist_gradient_boosting_ar,weather_0,2024-01-09 06:40:00,23.307060986620538,23.313385089462315
synthetic_weather,weather,hist_gradient_boosting_ar,weather_0,2024-01-09 06:50:00,23.20287384044295,23.229860582654254
synthetic_weather,weather,hist_gradient_boosting_ar,weather_0,2024-01-09 07:00:00,23.07962913144536,23.125569548344473
synthetic_weather,weather,hist_gradient_boosting_ar,weather_0,2024-01-09 07:10:00,22.93959482540397,22.94495772202458
synthetic_weather,weather,hist_gradient_boosting_ar,weather_0,2024-01-09 07:20:00,22.78528719276301,22.775210859896184
synthetic_weather,weather,hist_gradient_boosting_ar,weather_0,2024-01-09 07:30:00,22.61939766255644,22.598865424747693
synthetic_weather,weather,hist_gradient_boosting_ar,weather_0,2024-01-09 07:40:00,22.444714846349797,22.439931718317215
synthetic_weather,weather,hist_gradient_boosting_ar,weather_0,2024-01-09 07:50:00,22.26404409422829,22.246786704550875
synthetic_weather,weather,hist_gradient_boosting_ar,weather_1,2024-01-09 04:00:00,23.080127018922212,23.088400853099774
synthetic_weather,weather,hist_gradient_boosting_ar,weather_1,2024-01-09 04:10:00,23.264044094228257,23.2736714872108
synthetic_weather,weather,hist_gradient_boosting_ar,weather_1,2024-01-09 04:20:00,23.444714846349765,23.440008561419607
synthetic_weather,weather,hist_gradient_boosting_ar,weather_1,2024-01-09 04:30:00,23.619397662556413,23.636418250019435
synthetic_weather,weather,hist_gradient_boosting_ar,weather_1,2024-01-09 04:40:00,23.785287192763008,23.779908169643914
synthetic_weather,weather,hist_gradient_boosting_ar,weather_1,2024-01-09 04:50:00,23.93959482540397,23.94080204664216
synthetic_weather,weather,hist_gradient_boosting_ar,weather_1,2024-01-09 05:00:00,24.079629131445337,24.074917346847748
synthetic_weather,weather,hist_gradient_boosting_ar,weather_1,2024-01-09 05:10:00,24.20287384044293,24.196873035636255
synthetic_weather,weather,hist_gradient_boosting_ar,weather_1,2024-01-09 05:20:00,24.307060986620524,24.35164980242867
synthetic_weather,weather,hist_gradient_boosting_ar,weather_1,2024-01-09 05:30:00,24.390237008761265,24.400201178974115
synthetic_weather,weather,hist_gradient_boosting_ar,weather_1,2024-01-09 05:40:00,24.450819800851676,24.443611429619335
synthetic_weather,weather,hist_gradient_boosting_ar,weather_1,2024-01-09 05:50:00,24.48764498441539,24.44519774034898
synthetic_weather,weather,hist_gradient_boosting_ar,weather_1,2024-01-09 06:00:00,24.5,24.44519774034898
synthetic_weather,weather,hist_gradient_boosting_ar,weather_1,2024-01-09 06:10:00,24.48764498441539,24.44519774034898
synthetic_weather,weather,hist_gradient_boosting_ar,weather_1,2024-01-09 06:20:00,24.450819800851686,24.433508084005787
synthetic_weather,weather,hist_gradient_boosting_ar,weather_1,2024-01-09 06:30:00,24.39023700876128,24.38697674922287
synthetic_weather,weather,hist_gradient_boosting_ar,weather_1,2024-01-09 06:40:00,24.307060986620538,24.313385089462315
synthetic_weather,weather,hist_gradient_boosting_ar,weather_1,2024-01-09 06:50:00,24.20287384044295,24.229860582654254
synthetic_weather,weather,hist_gradient_boosting_ar,weather_1,2024-01-09 07:00:00,24.07962913144536,24.125569548344473
synthetic_weather,weather,hist_gradient_boosting_ar,weather_1,2024-01-09 07:10:00,23.93959482540397,23.94495772202458
synthetic_weather,weather,hist_gradient_boosting_ar,weather_1,2024-01-09 07:20:00,23.78528719276301,23.775210859896184
synthetic_weather,weather,hist_gradient_boosting_ar,weather_1,2024-01-09 07:30:00,23.61939766255644,23.598865424747693
synthetic_weather,weather,hist_gradient_boosting_ar,weather_1,2024-01-09 07:40:00,23.444714846349797,23.439931718317215
synthetic_weather,weather,hist_gradient_boosting_ar,weather_1,2024-01-09 07:50:00,23.26404409422829,23.246786704550875
synthetic_weather,weather,lightgbm_ar,weather_0,2024-01-09 04:00:00,22.080127018922212,22.07765199022844
synthetic_weather,weather,lightgbm_ar,weather_0,2024-01-09 04:10:00,22.264044094228257,22.260488669911496
synthetic_weather,weather,lightgbm_ar,weather_0,2024-01-09 04:20:00,22.444714846349765,22.441705388736818
synthetic_weather,weather,lightgbm_ar,weather_0,2024-01-09 04:30:00,22.619397662556413,22.61836098400242
synthetic_weather,weather,lightgbm_ar,weather_0,2024-01-09 04:40:00,22.785287192763008,22.782294063452937
synthetic_weather,weather,lightgbm_ar,weather_0,2024-01-09 04:50:00,22.93959482540397,22.944330441249615
synthetic_weather,weather,lightgbm_ar,weather_0,2024-01-09 05:00:00,23.079629131445337,23.08153793767359
synthetic_weather,weather,lightgbm_ar,weather_0,2024-01-09 05:10:00,23.20287384044293,23.19941707952868
synthetic_weather,weather,lightgbm_ar,weather_0,2024-01-09 05:20:00,23.307060986620524,23.310459482046408
synthetic_weather,weather,lightgbm_ar,weather_0,2024-01-09 05:30:00,23.390237008761265,23.385309147542216
synthetic_weather,weather,lightgbm_ar,weather_0,2024-01-09 05:40:00,23.450819800851676,23.457962896615108
synthetic_weather,weather,lightgbm_ar,weather_0,2024-01-09 05:50:00,23.48764498441539,23.486764453765517
synthetic_weather,weather,lightgbm_ar,weather_0,2024-01-09 06:00:00,23.5,23.48569393220759
synthetic_weather,weather,lightgbm_ar,weather_0,2024-01-09 06:10:00,23.48764498441539,23.48395519811851
synthetic_weather,weather,lightgbm_ar,weather_0,2024-01-09 06:20:00,23.450819800851686,23.453494197090954
synthetic_weather,weather,lightgbm_ar,weather_0,2024-01-09 06:30:00,23.39023700876128,23.388502281784735
synthetic_weather,weather,lightgbm_ar,weather_0,2024-01-09 06:40:00,23.307060986620538,23.309245930829682
synthetic_weather,weather,lightgbm_ar,weather_0,2024-01-09 06:50:00,23.20287384044295,23.208253597354968
synthetic_weather,weather,lightgbm_ar,weather_0,2024-01-09 07:00:00,23.07962913144536,23.085844138815638
synthetic_weather,weather,lightgbm_ar,weather_0,2024-01-09 07:10:00,22.93959482540397,22.931149192175532
synthetic_weather,weather,lightgbm_ar,weather_0,2024-01-09 07:20:00,22.78528719276301,22.774357952037914
synthetic_weather,weather,lightgbm_ar,weather_0,2024-01-09 07:30:00,22.61939766255644,22.62281496624992
synthetic_weather,weather,lightgbm_ar,weather_0,2024-01-09 07:40:00,22.444714846349797,22.44702867280334
synthetic_weather,weather,lightgbm_ar,weather_0,2024-01-09 07:50:00,22.26404409422829,22.26274919239237
synthetic_weather,weather,lightgbm_ar,weather_1,2024-01-09 04:00:00,23.080127018922212,23.07765199022844
synthetic_weather,weather,lightgbm_ar,weather_1,2024-01-09 04:10:00,23.264044094228257,23.260488669911496
synthetic_weather,weather,lightgbm_ar,weather_1,2024-01-09 04:20:00,23.444714846349765,23.441705388736818
synthetic_weather,weather,lightgbm_ar,weather_1,2024-01-09 04:30:00,23.619397662556413,23.61836098400242
synthetic_weather,weather,lightgbm_ar,weather_1,2024-01-09 04:40:00,23.785287192763008,23.782294063452937
synthetic_weather,weather,lightgbm_ar,weather_1,2024-01-09 04:50:00,23.93959482540397,23.944330441249615
synthetic_weather,weather,lightgbm_ar,weather_1,2024-01-09 05:00:00,24.079629131445337,24.08153793767359
synthetic_weather,weather,lightgbm_ar,weather_1,2024-01-09 05:10:00,24.20287384044293,24.19941707952868
synthetic_weather,weather,lightgbm_ar,weather_1,2024-01-09 05:20:00,24.307060986620524,24.310459482046408
synthetic_weather,weather,lightgbm_ar,weather_1,2024-01-09 05:30:00,24.390237008761265,24.385309147542216
synthetic_weather,weather,lightgbm_ar,weather_1,2024-01-09 05:40:00,24.450819800851676,24.457962896615108
synthetic_weather,weather,lightgbm_ar,weather_1,2024-01-09 05:50:00,24.48764498441539,24.486764453765517
synthetic_weather,weather,lightgbm_ar,weather_1,2024-01-09 06:00:00,24.5,24.48569393220759
synthetic_weather,weather,lightgbm_ar,weather_1,2024-01-09 06:10:00,24.48764498441539,24.48395519811851
synthetic_weather,weather,lightgbm_ar,weather_1,2024-01-09 06:20:00,24.450819800851686,24.453494197090954
synthetic_weather,weather,lightgbm_ar,weather_1,2024-01-09 06:30:00,24.39023700876128,24.388502281784735
synthetic_weather,weather,lightgbm_ar,weather_1,2024-01-09 06:40:00,24.307060986620538,24.309245930829682
synthetic_weather,weather,lightgbm_ar,weather_1,2024-01-09 06:50:00,24.20287384044295,24.208253597354968
synthetic_weather,weather,lightgbm_ar,weather_1,2024-01-09 07:00:00,24.07962913144536,24.085844138815638
synthetic_weather,weather,lightgbm_ar,weather_1,2024-01-09 07:10:00,23.93959482540397,23.931149192175532
synthetic_weather,weather,lightgbm_ar,weather_1,2024-01-09 07:20:00,23.78528719276301,23.774357952037914
synthetic_weather,weather,lightgbm_ar,weather_1,2024-01-09 07:30:00,23.61939766255644,23.62281496624992
synthetic_weather,weather,lightgbm_ar,weather_1,2024-01-09 07:40:00,23.444714846349797,23.44702867280334
synthetic_weather,weather,lightgbm_ar,weather_1,2024-01-09 07:50:00,23.26404409422829,23.26274919239237
synthetic_weather,weather,xgboost_ar,weather_0,2024-01-09 04:00:00,22.080127018922212,22.075318188876743
synthetic_weather,weather,xgboost_ar,weather_0,2024-01-09 04:10:00,22.264044094228257,22.085140224575635
synthetic_weather,weather,xgboost_ar,weather_0,2024-01-09 04:20:00,22.444714846349765,22.257969665785943
synthetic_weather,weather,xgboost_ar,weather_0,2024-01-09 04:30:00,22.619397662556413,22.314790991558166
synthetic_weather,weather,xgboost_ar,weather_0,2024-01-09 04:40:00,22.785287192763008,22.430975382441726
synthetic_weather,weather,xgboost_ar,weather_0,2024-01-09 04:50:00,22.93959482540397,22.44554239977889
synthetic_weather,weather,xgboost_ar,weather_0,2024-01-09 05:00:00,23.079629131445337,22.604862476324897
synthetic_weather,weather,xgboost_ar,weather_0,2024-01-09 05:10:00,23.20287384044293,22.605141947190617
synthetic_weather,weather,xgboost_ar,weather_0,2024-01-09 05:20:00,23.307060986620524,22.60457979315037
synthetic_weather,weather,xgboost_ar,weather_0,2024-01-09 05:30:00,23.390237008761265,22.601266698160323
synthetic_weather,weather,xgboost_ar,weather_0,2024-01-09 05:40:00,23.450819800851676,22.60077842722251
synthetic_weather,weather,xgboost_ar,weather_0,2024-01-09 05:50:00,23.48764498441539,22.60077842722251
synthetic_weather,weather,xgboost_ar,weather_0,2024-01-09 06:00:00,23.5,22.60077842722251
synthetic_weather,weather,xgboost_ar,weather_0,2024-01-09 06:10:00,23.48764498441539,22.60077842722251
synthetic_weather,weather,xgboost_ar,weather_0,2024-01-09 06:20:00,23.450819800851686,22.600551156374813
synthetic_weather,weather,xgboost_ar,weather_0,2024-01-09 06:30:00,23.39023700876128,22.600551156374813
synthetic_weather,weather,xgboost_ar,weather_0,2024-01-09 06:40:00,23.307060986620538,22.571560069442146
synthetic_weather,weather,xgboost_ar,weather_0,2024-01-09 06:50:00,23.20287384044295,22.538372101060446
synthetic_weather,weather,xgboost_ar,weather_0,2024-01-09 07:00:00,23.07962913144536,22.493118299282074
synthetic_weather,weather,xgboost_ar,weather_0,2024-01-09 07:10:00,22.93959482540397,22.43025100680701
synthetic_weather,weather,xgboost_ar,weather_0,2024-01-09 07:20:00,22.78528719276301,22.233660518931323
synthetic_weather,weather,xgboost_ar,weather_0,2024-01-09 07:30:00,22.61939766255644,22.05157440837117
synthetic_weather,weather,xgboost_ar,weather_0,2024-01-09 07:40:00,22.444714846349797,21.857114082769414
synthetic_weather,weather,xgboost_ar,weather_0,2024-01-09 07:50:00,22.26404409422829,21.605628851325143
synthetic_weather,weather,xgboost_ar,weather_1,2024-01-09 04:00:00,23.080127018922212,23.075318188876743
synthetic_weather,weather,xgboost_ar,weather_1,2024-01-09 04:10:00,23.264044094228257,23.085140224575635
synthetic_weather,weather,xgboost_ar,weather_1,2024-01-09 04:20:00,23.444714846349765,23.257969665785943
synthetic_weather,weather,xgboost_ar,weather_1,2024-01-09 04:30:00,23.619397662556413,23.314790991558166
synthetic_weather,weather,xgboost_ar,weather_1,2024-01-09 04:40:00,23.785287192763008,23.430975382441726
synthetic_weather,weather,xgboost_ar,weather_1,2024-01-09 04:50:00,23.93959482540397,23.44554239977889
synthetic_weather,weather,xgboost_ar,weather_1,2024-01-09 05:00:00,24.079629131445337,23.604862476324897
synthetic_weather,weather,xgboost_ar,weather_1,2024-01-09 05:10:00,24.20287384044293,23.605141947190617
synthetic_weather,weather,xgboost_ar,weather_1,2024-01-09 05:20:00,24.307060986620524,23.60457979315037
synthetic_weather,weather,xgboost_ar,weather_1,2024-01-09 05:30:00,24.390237008761265,23.601266698160323
synthetic_weather,weather,xgboost_ar,weather_1,2024-01-09 05:40:00,24.450819800851676,23.60077842722251
synthetic_weather,weather,xgboost_ar,weather_1,2024-01-09 05:50:00,24.48764498441539,23.60077842722251
synthetic_weather,weather,xgboost_ar,weather_1,2024-01-09 06:00:00,24.5,23.60077842722251
synthetic_weather,weather,xgboost_ar,weather_1,2024-01-09 06:10:00,24.48764498441539,23.60077842722251
synthetic_weather,weather,xgboost_ar,weather_1,2024-01-09 06:20:00,24.450819800851686,23.600551156374813
synthetic_weather,weather,xgboost_ar,weather_1,2024-01-09 06:30:00,24.39023700876128,23.600551156374813
synthetic_weather,weather,xgboost_ar,weather_1,2024-01-09 06:40:00,24.307060986620538,23.571560069442146
synthetic_weather,weather,xgboost_ar,weather_1,2024-01-09 06:50:00,24.20287384044295,23.538372101060446
synthetic_weather,weather,xgboost_ar,weather_1,2024-01-09 07:00:00,24.07962913144536,23.493118299282074
synthetic_weather,weather,xgboost_ar,weather_1,2024-01-09 07:10:00,23.93959482540397,23.43025100680701
synthetic_weather,weather,xgboost_ar,weather_1,2024-01-09 07:20:00,23.78528719276301,23.233660518931323
synthetic_weather,weather,xgboost_ar,weather_1,2024-01-09 07:30:00,23.61939766255644,23.05157440837117
synthetic_weather,weather,xgboost_ar,weather_1,2024-01-09 07:40:00,23.444714846349797,22.857114082769414
synthetic_weather,weather,xgboost_ar,weather_1,2024-01-09 07:50:00,23.26404409422829,22.605628851325143
synthetic_weather,weather,tabpfn_ts,weather_0,2024-01-09 04:00:00,22.080127018922212,22.000444412231445
synthetic_weather,weather,tabpfn_ts,weather_0,2024-01-09 04:10:00,22.264044094228257,22.011058807373047
synthetic_weather,weather,tabpfn_ts,weather_0,2024-01-09 04:20:00,22.444714846349765,21.98329734802246
synthetic_weather,weather,tabpfn_ts,weather_0,2024-01-09 04:30:00,22.619397662556413,21.930938720703125
synthetic_weather,weather,tabpfn_ts,weather_0,2024-01-09 04:40:00,22.785287192763008,21.833690643310547
synthetic_weather,weather,tabpfn_ts,weather_0,2024-01-09 04:50:00,22.93959482540397,21.821611404418945
synthetic_weather,weather,tabpfn_ts,weather_0,2024-01-09 05:00:00,23.079629131445337,21.939132690429688
synthetic_weather,weather,tabpfn_ts,weather_0,2024-01-09 05:10:00,23.20287384044293,21.922494888305664
synthetic_weather,weather,tabpfn_ts,weather_0,2024-01-09 05:20:00,23.307060986620524,21.93264389038086
synthetic_weather,weather,tabpfn_ts,weather_0,2024-01-09 05:30:00,23.390237008761265,21.946395874023438
synthetic_weather,weather,tabpfn_ts,weather_0,2024-01-09 05:40:00,23.450819800851676,21.9140625
synthetic_weather,weather,tabpfn_ts,weather_0,2024-01-09 05:50:00,23.48764498441539,21.862001419067383
synthetic_weather,weather,tabpfn_ts,weather_0,2024-01-09 06:00:00,23.5,21.931489944458008
synthetic_weather,weather,tabpfn_ts,weather_0,2024-01-09 06:10:00,23.48764498441539,21.866806030273438
synthetic_weather,weather,tabpfn_ts,weather_0,2024-01-09 06:20:00,23.450819800851686,21.804563522338867
synthetic_weather,weather,tabpfn_ts,weather_0,2024-01-09 06:30:00,23.39023700876128,21.738224029541016
synthetic_weather,weather,tabpfn_ts,weather_0,2024-01-09 06:40:00,23.307060986620538,21.634552001953125
synthetic_weather,weather,tabpfn_ts,weather_0,2024-01-09 06:50:00,23.20287384044295,21.569122314453125
synthetic_weather,weather,tabpfn_ts,weather_0,2024-01-09 07:00:00,23.07962913144536,21.30480194091797
synthetic_weather,weather,tabpfn_ts,weather_0,2024-01-09 07:10:00,22.93959482540397,21.23103141784668
synthetic_weather,weather,tabpfn_ts,weather_0,2024-01-09 07:20:00,22.78528719276301,21.169038772583008
synthetic_weather,weather,tabpfn_ts,weather_0,2024-01-09 07:30:00,22.61939766255644,21.087915420532227
synthetic_weather,weather,tabpfn_ts,weather_0,2024-01-09 07:40:00,22.444714846349797,21.010644912719727
synthetic_weather,weather,tabpfn_ts,weather_0,2024-01-09 07:50:00,22.26404409422829,20.92189598083496
synthetic_weather,weather,tabpfn_ts,weather_1,2024-01-09 04:00:00,23.080127018922212,23.000444412231445
synthetic_weather,weather,tabpfn_ts,weather_1,2024-01-09 04:10:00,23.264044094228257,23.011058807373047
synthetic_weather,weather,tabpfn_ts,weather_1,2024-01-09 04:20:00,23.444714846349765,22.98329734802246
synthetic_weather,weather,tabpfn_ts,weather_1,2024-01-09 04:30:00,23.619397662556413,22.930938720703125
synthetic_weather,weather,tabpfn_ts,weather_1,2024-01-09 04:40:00,23.785287192763008,22.833690643310547
synthetic_weather,weather,tabpfn_ts,weather_1,2024-01-09 04:50:00,23.93959482540397,22.821611404418945
synthetic_weather,weather,tabpfn_ts,weather_1,2024-01-09 05:00:00,24.079629131445337,22.939132690429688
synthetic_weather,weather,tabpfn_ts,weather_1,2024-01-09 05:10:00,24.20287384044293,22.922494888305664
synthetic_weather,weather,tabpfn_ts,weather_1,2024-01-09 05:20:00,24.307060986620524,22.93264389038086
synthetic_weather,weather,tabpfn_ts,weather_1,2024-01-09 05:30:00,24.390237008761265,22.946395874023438
synthetic_weather,weather,tabpfn_ts,weather_1,2024-01-09 05:40:00,24.450819800851676,22.9140625
synthetic_weather,weather,tabpfn_ts,weather_1,2024-01-09 05:50:00,24.48764498441539,22.862001419067383
synthetic_weather,weather,tabpfn_ts,weather_1,2024-01-09 06:00:00,24.5,22.931489944458008
synthetic_weather,weather,tabpfn_ts,weather_1,2024-01-09 06:10:00,24.48764498441539,22.866806030273438
synthetic_weather,weather,tabpfn_ts,weather_1,2024-01-09 06:20:00,24.450819800851686,22.804563522338867
synthetic_weather,weather,tabpfn_ts,weather_1,2024-01-09 06:30:00,24.39023700876128,22.738224029541016
synthetic_weather,weather,tabpfn_ts,weather_1,2024-01-09 06:40:00,24.307060986620538,22.634552001953125
synthetic_weather,weather,tabpfn_ts,weather_1,2024-01-09 06:50:00,24.20287384044295,22.569122314453125
synthetic_weather,weather,tabpfn_ts,weather_1,2024-01-09 07:00:00,24.07962913144536,22.30480194091797
synthetic_weather,weather,tabpfn_ts,weather_1,2024-01-09 07:10:00,23.93959482540397,22.23103141784668
synthetic_weather,weather,tabpfn_ts,weather_1,2024-01-09 07:20:00,23.78528719276301,22.169038772583008
synthetic_weather,weather,tabpfn_ts,weather_1,2024-01-09 07:30:00,23.61939766255644,22.087915420532227
synthetic_weather,weather,tabpfn_ts,weather_1,2024-01-09 07:40:00,23.444714846349797,22.010644912719727
synthetic_weather,weather,tabpfn_ts,weather_1,2024-01-09 07:50:00,23.26404409422829,21.92189598083496
synthetic_exchange,economics,dummy_mean,exchange_0,2025-01-31 00:00:00,4.9252893008705945,3.995912767972403
synthetic_exchange,economics,dummy_mean,exchange_0,2025-02-01 00:00:00,4.892005767025455,3.995912767972403
synthetic_exchange,economics,dummy_mean,exchange_0,2025-02-02 00:00:00,4.917453481402558,3.995912767972403
synthetic_exchange,economics,dummy_mean,exchange_0,2025-02-03 00:00:00,4.9899999999999975,3.995912767972403
synthetic_exchange,economics,dummy_mean,exchange_0,2025-02-04 00:00:00,5.062546518597442,3.995912767972403
synthetic_exchange,economics,dummy_mean,exchange_0,2025-02-05 00:00:00,5.0879942329745464,3.995912767972403
synthetic_exchange,economics,dummy_mean,exchange_0,2025-02-06 00:00:00,5.054710699129407,3.995912767972403
synthetic_exchange,economics,dummy_mean,exchange_0,2025-02-07 00:00:00,4.9952893008706,3.995912767972403
synthetic_exchange,economics,dummy_mean,exchange_0,2025-02-08 00:00:00,4.962005767025454,3.995912767972403
synthetic_exchange,economics,dummy_mean,exchange_0,2025-02-09 00:00:00,4.987453481402556,3.995912767972403
synthetic_exchange,economics,dummy_mean,exchange_0,2025-02-10 00:00:00,5.0600000000000005,3.995912767972403
synthetic_exchange,economics,dummy_mean,exchange_0,2025-02-11 00:00:00,5.132546518597444,3.995912767972403
synthetic_exchange,economics,dummy_mean,exchange_0,2025-02-12 00:00:00,5.157994232974546,3.995912767972403
synthetic_exchange,economics,dummy_mean,exchange_0,2025-02-13 00:00:00,5.124710699129404,3.995912767972403
synthetic_exchange,economics,dummy_mean,exchange_0,2025-02-14 00:00:00,5.065289300870597,3.995912767972403
synthetic_exchange,economics,dummy_mean,exchange_0,2025-02-15 00:00:00,5.0320057670254545,3.995912767972403
synthetic_exchange,economics,dummy_mean,exchange_0,2025-02-16 00:00:00,5.057453481402556,3.995912767972403
synthetic_exchange,economics,dummy_mean,exchange_0,2025-02-17 00:00:00,5.129999999999998,3.995912767972403
synthetic_exchange,economics,dummy_mean,exchange_0,2025-02-18 00:00:00,5.2025465185974396,3.995912767972403
synthetic_exchange,economics,dummy_mean,exchange_0,2025-02-19 00:00:00,5.227994232974547,3.995912767972403
synthetic_exchange,economics,dummy_mean,exchange_0,2025-02-20 00:00:00,5.194710699129402,3.995912767972403
synthetic_exchange,economics,dummy_mean,exchange_0,2025-02-21 00:00:00,5.135289300870594,3.995912767972403
synthetic_exchange,economics,dummy_mean,exchange_0,2025-02-22 00:00:00,5.102005767025453,3.995912767972403
synthetic_exchange,economics,dummy_mean,exchange_0,2025-02-23 00:00:00,5.127453481402558,3.995912767972403
synthetic_exchange,economics,dummy_mean,exchange_1,2025-01-31 00:00:00,4.955289300870595,4.025912767972403
synthetic_exchange,economics,dummy_mean,exchange_1,2025-02-01 00:00:00,4.922005767025455,4.025912767972403
synthetic_exchange,economics,dummy_mean,exchange_1,2025-02-02 00:00:00,4.947453481402558,4.025912767972403
synthetic_exchange,economics,dummy_mean,exchange_1,2025-02-03 00:00:00,5.019999999999998,4.025912767972403
synthetic_exchange,economics,dummy_mean,exchange_1,2025-02-04 00:00:00,5.092546518597442,4.025912767972403
synthetic_exchange,economics,dummy_mean,exchange_1,2025-02-05 00:00:00,5.117994232974547,4.025912767972403
synthetic_exchange,economics,dummy_mean,exchange_1,2025-02-06 00:00:00,5.084710699129407,4.025912767972403
synthetic_exchange,economics,dummy_mean,exchange_1,2025-02-07 00:00:00,5.0252893008706,4.025912767972403
synthetic_exchange,economics,dummy_mean,exchange_1,2025-02-08 00:00:00,4.9920057670254545,4.025912767972403
synthetic_exchange,economics,dummy_mean,exchange_1,2025-02-09 00:00:00,5.017453481402557,4.025912767972403
synthetic_exchange,economics,dummy_mean,exchange_1,2025-02-10 00:00:00,5.090000000000001,4.025912767972403
synthetic_exchange,economics,dummy_mean,exchange_1,2025-02-11 00:00:00,5.162546518597444,4.025912767972403
synthetic_exchange,economics,dummy_mean,exchange_1,2025-02-12 00:00:00,5.187994232974546,4.025912767972403
synthetic_exchange,economics,dummy_mean,exchange_1,2025-02-13 00:00:00,5.154710699129404,4.025912767972403
synthetic_exchange,economics,dummy_mean,exchange_1,2025-02-14 00:00:00,5.095289300870597,4.025912767972403
synthetic_exchange,economics,dummy_mean,exchange_1,2025-02-15 00:00:00,5.062005767025455,4.025912767972403
synthetic_exchange,economics,dummy_mean,exchange_1,2025-02-16 00:00:00,5.087453481402556,4.025912767972403
synthetic_exchange,economics,dummy_mean,exchange_1,2025-02-17 00:00:00,5.159999999999998,4.025912767972403
synthetic_exchange,economics,dummy_mean,exchange_1,2025-02-18 00:00:00,5.23254651859744,4.025912767972403
synthetic_exchange,economics,dummy_mean,exchange_1,2025-02-19 00:00:00,5.257994232974547,4.025912767972403
synthetic_exchange,economics,dummy_mean,exchange_1,2025-02-20 00:00:00,5.224710699129402,4.025912767972403
synthetic_exchange,economics,dummy_mean,exchange_1,2025-02-21 00:00:00,5.165289300870595,4.025912767972403
synthetic_exchange,economics,dummy_mean,exchange_1,2025-02-22 00:00:00,5.132005767025453,4.025912767972403
synthetic_exchange,economics,dummy_mean,exchange_1,2025-02-23 00:00:00,5.157453481402558,4.025912767972403
synthetic_exchange,economics,dummy_mean,exchange_2,2025-01-31 00:00:00,4.985289300870594,4.055912767972403
synthetic_exchange,economics,dummy_mean,exchange_2,2025-02-01 00:00:00,4.9520057670254545,4.055912767972403
synthetic_exchange,economics,dummy_mean,exchange_2,2025-02-02 00:00:00,4.9774534814025575,4.055912767972403
synthetic_exchange,economics,dummy_mean,exchange_2,2025-02-03 00:00:00,5.049999999999997,4.055912767972403
synthetic_exchange,economics,dummy_mean,exchange_2,2025-02-04 00:00:00,5.122546518597441,4.055912767972403
synthetic_exchange,economics,dummy_mean,exchange_2,2025-02-05 00:00:00,5.147994232974546,4.055912767972403
synthetic_exchange,economics,dummy_mean,exchange_2,2025-02-06 00:00:00,5.1147106991294065,4.055912767972403
synthetic_exchange,economics,dummy_mean,exchange_2,2025-02-07 00:00:00,5.0552893008706,4.055912767972403
synthetic_exchange,economics,dummy_mean,exchange_2,2025-02-08 00:00:00,5.022005767025454,4.055912767972403
synthetic_exchange,economics,dummy_mean,exchange_2,2025-02-09 00:00:00,5.047453481402556,4.055912767972403
synthetic_exchange,economics,dummy_mean,exchange_2,2025-02-10 00:00:00,5.12,4.055912767972403
synthetic_exchange,economics,dummy_mean,exchange_2,2025-02-11 00:00:00,5.192546518597443,4.055912767972403
synthetic_exchange,economics,dummy_mean,exchange_2,2025-02-12 00:00:00,5.2179942329745455,4.055912767972403
synthetic_exchange,economics,dummy_mean,exchange_2,2025-02-13 00:00:00,5.184710699129403,4.055912767972403
synthetic_exchange,economics,dummy_mean,exchange_2,2025-02-14 00:00:00,5.125289300870596,4.055912767972403
synthetic_exchange,economics,dummy_mean,exchange_2,2025-02-15 00:00:00,5.092005767025454,4.055912767972403
synthetic_exchange,economics,dummy_mean,exchange_2,2025-02-16 00:00:00,5.117453481402555,4.055912767972403
synthetic_exchange,economics,dummy_mean,exchange_2,2025-02-17 00:00:00,5.189999999999998,4.055912767972403
synthetic_exchange,economics,dummy_mean,exchange_2,2025-02-18 00:00:00,5.262546518597439,4.055912767972403
synthetic_exchange,economics,dummy_mean,exchange_2,2025-02-19 00:00:00,5.287994232974547,4.055912767972403
synthetic_exchange,economics,dummy_mean,exchange_2,2025-02-20 00:00:00,5.254710699129402,4.055912767972403
synthetic_exchange,economics,dummy_mean,exchange_2,2025-02-21 00:00:00,5.195289300870594,4.055912767972403
synthetic_exchange,economics,dummy_mean,exchange_2,2025-02-22 00:00:00,5.162005767025453,4.055912767972403
synthetic_exchange,economics,dummy_mean,exchange_2,2025-02-23 00:00:00,5.1874534814025575,4.055912767972403
synthetic_exchange,economics,seasonal_naive,exchange_0,2025-01-31 00:00:00,4.9252893008705945,4.7825465185974405
synthetic_exchange,economics,seasonal_naive,exchange_0,2025-02-01 00:00:00,4.892005767025455,4.807994232974547
synthetic_exchange,economics,seasonal_naive,exchange_0,2025-02-02 00:00:00,4.917453481402558,4.774710699129405
synthetic_exchange,economics,seasonal_naive,exchange_0,2025-02-03 00:00:00,4.9899999999999975,4.715289300870598
synthetic_exchange,economics,seasonal_naive,exchange_0,2025-02-04 00:00:00,5.062546518597442,4.682005767025454
synthetic_exchange,economics,seasonal_naive,exchange_0,2025-02-05 00:00:00,5.0879942329745464,4.707453481402554
synthetic_exchange,economics,seasonal_naive,exchange_0,2025-02-06 00:00:00,5.054710699129407,4.780000000000003
synthetic_exchange,economics,seasonal_naive,exchange_0,2025-02-07 00:00:00,4.9952893008706,4.852546518597442
synthetic_exchange,economics,seasonal_naive,exchange_0,2025-02-08 00:00:00,4.962005767025454,4.8779942329745465
synthetic_exchange,economics,seasonal_naive,exchange_0,2025-02-09 00:00:00,4.987453481402556,4.844710699129407
synthetic_exchange,economics,seasonal_naive,exchange_0,2025-02-10 00:00:00,5.0600000000000005,4.785289300870596
synthetic_exchange,economics,seasonal_naive,exchange_0,2025-02-11 00:00:00,5.132546518597444,4.752005767025455
synthetic_exchange,economics,seasonal_naive,exchange_0,2025-02-12 00:00:00,5.157994232974546,4.777453481402556
synthetic_exchange,economics,seasonal_naive,exchange_0,2025-02-13 00:00:00,5.124710699129404,4.8500000000000005
synthetic_exchange,economics,seasonal_naive,exchange_0,2025-02-14 00:00:00,5.065289300870597,4.92254651859744
synthetic_exchange,economics,seasonal_naive,exchange_0,2025-02-15 00:00:00,5.0320057670254545,4.947994232974546
synthetic_exchange,economics,seasonal_naive,exchange_0,2025-02-16 00:00:00,5.057453481402556,4.914710699129407
synthetic_exchange,economics,seasonal_naive,exchange_0,2025-02-17 00:00:00,5.129999999999998,4.855289300870598
synthetic_exchange,economics,seasonal_naive,exchange_0,2025-02-18 00:00:00,5.2025465185974396,4.8220057670254555
synthetic_exchange,economics,seasonal_naive,exchange_0,2025-02-19 00:00:00,5.227994232974547,4.8474534814025585
synthetic_exchange,economics,seasonal_naive,exchange_0,2025-02-20 00:00:00,5.194710699129402,4.919999999999999
synthetic_exchange,economics,seasonal_naive,exchange_0,2025-02-21 00:00:00,5.135289300870594,4.992546518597442
synthetic_exchange,economics,seasonal_naive,exchange_0,2025-02-22 00:00:00,5.102005767025453,5.017994232974546
synthetic_exchange,economics,seasonal_naive,exchange_0,2025-02-23 00:00:00,5.127453481402558,4.984710699129406
synthetic_exchange,economics,seasonal_naive,exchange_1,2025-01-31 00:00:00,4.955289300870595,4.812546518597441
synthetic_exchange,economics,seasonal_naive,exchange_1,2025-02-01 00:00:00,4.922005767025455,4.837994232974547
synthetic_exchange,economics,seasonal_naive,exchange_1,2025-02-02 00:00:00,4.947453481402558,4.804710699129405
synthetic_exchange,economics,seasonal_naive,exchange_1,2025-02-03 00:00:00,5.019999999999998,4.745289300870598
synthetic_exchange,economics,seasonal_naive,exchange_1,2025-02-04 00:00:00,5.092546518597442,4.712005767025454
synthetic_exchange,economics,seasonal_naive,exchange_1,2025-02-05 00:00:00,5.117994232974547,4.737453481402555
synthetic_exchange,economics,seasonal_naive,exchange_1,2025-02-06 00:00:00,5.084710699129407,4.810000000000003
synthetic_exchange,economics,seasonal_naive,exchange_1,2025-02-07 00:00:00,5.0252893008706,4.882546518597442
synthetic_exchange,economics,seasonal_naive,exchange_1,2025-02-08 00:00:00,4.9920057670254545,4.907994232974547
synthetic_exchange,economics,seasonal_naive,exchange_1,2025-02-09 00:00:00,5.017453481402557,4.874710699129407
synthetic_exchange,economics,seasonal_naive,exchange_1,2025-02-10 00:00:00,5.090000000000001,4.815289300870596
synthetic_exchange,economics,seasonal_naive,exchange_1,2025-02-11 00:00:00,5.162546518597444,4.782005767025455
synthetic_exchange,economics,seasonal_naive,exchange_1,2025-02-12 00:00:00,5.187994232974546,4.807453481402557
synthetic_exchange,economics,seasonal_naive,exchange_1,2025-02-13 00:00:00,5.154710699129404,4.880000000000001
synthetic_exchange,economics,seasonal_naive,exchange_1,2025-02-14 00:00:00,5.095289300870597,4.95254651859744
synthetic_exchange,economics,seasonal_naive,exchange_1,2025-02-15 00:00:00,5.062005767025455,4.977994232974546
synthetic_exchange,economics,seasonal_naive,exchange_1,2025-02-16 00:00:00,5.087453481402556,4.944710699129407
synthetic_exchange,economics,seasonal_naive,exchange_1,2025-02-17 00:00:00,5.159999999999998,4.885289300870598
synthetic_exchange,economics,seasonal_naive,exchange_1,2025-02-18 00:00:00,5.23254651859744,4.852005767025456
synthetic_exchange,economics,seasonal_naive,exchange_1,2025-02-19 00:00:00,5.257994232974547,4.877453481402559
synthetic_exchange,economics,seasonal_naive,exchange_1,2025-02-20 00:00:00,5.224710699129402,4.949999999999999
synthetic_exchange,economics,seasonal_naive,exchange_1,2025-02-21 00:00:00,5.165289300870595,5.0225465185974425
synthetic_exchange,economics,seasonal_naive,exchange_1,2025-02-22 00:00:00,5.132005767025453,5.047994232974546
synthetic_exchange,economics,seasonal_naive,exchange_1,2025-02-23 00:00:00,5.157453481402558,5.014710699129406
synthetic_exchange,economics,seasonal_naive,exchange_2,2025-01-31 00:00:00,4.985289300870594,4.84254651859744
synthetic_exchange,economics,seasonal_naive,exchange_2,2025-02-01 00:00:00,4.9520057670254545,4.867994232974547
synthetic_exchange,economics,seasonal_naive,exchange_2,2025-02-02 00:00:00,4.9774534814025575,4.834710699129404
synthetic_exchange,economics,seasonal_naive,exchange_2,2025-02-03 00:00:00,5.049999999999997,4.775289300870598
synthetic_exchange,economics,seasonal_naive,exchange_2,2025-02-04 00:00:00,5.122546518597441,4.742005767025454
synthetic_exchange,economics,seasonal_naive,exchange_2,2025-02-05 00:00:00,5.147994232974546,4.767453481402554
synthetic_exchange,economics,seasonal_naive,exchange_2,2025-02-06 00:00:00,5.1147106991294065,4.8400000000000025
synthetic_exchange,economics,seasonal_naive,exchange_2,2025-02-07 00:00:00,5.0552893008706,4.912546518597441
synthetic_exchange,economics,seasonal_naive,exchange_2,2025-02-08 00:00:00,5.022005767025454,4.937994232974546
synthetic_exchange,economics,seasonal_naive,exchange_2,2025-02-09 00:00:00,5.047453481402556,4.9047106991294065
synthetic_exchange,economics,seasonal_naive,exchange_2,2025-02-10 00:00:00,5.12,4.845289300870595
synthetic_exchange,economics,seasonal_naive,exchange_2,2025-02-11 00:00:00,5.192546518597443,4.812005767025455
synthetic_exchange,economics,seasonal_naive,exchange_2,2025-02-12 00:00:00,5.2179942329745455,4.837453481402556
synthetic_exchange,economics,seasonal_naive,exchange_2,2025-02-13 00:00:00,5.184710699129403,4.91
synthetic_exchange,economics,seasonal_naive,exchange_2,2025-02-14 00:00:00,5.125289300870596,4.98254651859744
synthetic_exchange,economics,seasonal_naive,exchange_2,2025-02-15 00:00:00,5.092005767025454,5.0079942329745455
synthetic_exchange,economics,seasonal_naive,exchange_2,2025-02-16 00:00:00,5.117453481402555,4.974710699129407
synthetic_exchange,economics,seasonal_naive,exchange_2,2025-02-17 00:00:00,5.189999999999998,4.915289300870597
synthetic_exchange,economics,seasonal_naive,exchange_2,2025-02-18 00:00:00,5.262546518597439,4.882005767025455
synthetic_exchange,economics,seasonal_naive,exchange_2,2025-02-19 00:00:00,5.287994232974547,4.907453481402558
synthetic_exchange,economics,seasonal_naive,exchange_2,2025-02-20 00:00:00,5.254710699129402,4.979999999999999
synthetic_exchange,economics,seasonal_naive,exchange_2,2025-02-21 00:00:00,5.195289300870594,5.052546518597442
synthetic_exchange,economics,seasonal_naive,exchange_2,2025-02-22 00:00:00,5.162005767025453,5.077994232974546
synthetic_exchange,economics,seasonal_naive,exchange_2,2025-02-23 00:00:00,5.1874534814025575,5.044710699129405
synthetic_exchange,economics,moving_average,exchange_0,2025-01-31 00:00:00,4.9252893008705945,4.842302143779225
synthetic_exchange,economics,moving_average,exchange_0,2025-02-01 00:00:00,4.892005767025455,4.842302143779225
synthetic_exchange,economics,moving_average,exchange_0,2025-02-02 00:00:00,4.917453481402558,4.842302143779225
synthetic_exchange,economics,moving_average,exchange_0,2025-02-03 00:00:00,4.9899999999999975,4.842302143779225
synthetic_exchange,economics,moving_average,exchange_0,2025-02-04 00:00:00,5.062546518597442,4.842302143779225
synthetic_exchange,economics,moving_average,exchange_0,2025-02-05 00:00:00,5.0879942329745464,4.842302143779225
synthetic_exchange,economics,moving_average,exchange_0,2025-02-06 00:00:00,5.054710699129407,4.842302143779225
synthetic_exchange,economics,moving_average,exchange_0,2025-02-07 00:00:00,4.9952893008706,4.842302143779225
synthetic_exchange,economics,moving_average,exchange_0,2025-02-08 00:00:00,4.962005767025454,4.842302143779225
synthetic_exchange,economics,moving_average,exchange_0,2025-02-09 00:00:00,4.987453481402556,4.842302143779225
synthetic_exchange,economics,moving_average,exchange_0,2025-02-10 00:00:00,5.0600000000000005,4.842302143779225
synthetic_exchange,economics,moving_average,exchange_0,2025-02-11 00:00:00,5.132546518597444,4.842302143779225
synthetic_exchange,economics,moving_average,exchange_0,2025-02-12 00:00:00,5.157994232974546,4.842302143779225
synthetic_exchange,economics,moving_average,exchange_0,2025-02-13 00:00:00,5.124710699129404,4.842302143779225
synthetic_exchange,economics,moving_average,exchange_0,2025-02-14 00:00:00,5.065289300870597,4.842302143779225
synthetic_exchange,economics,moving_average,exchange_0,2025-02-15 00:00:00,5.0320057670254545,4.842302143779225
synthetic_exchange,economics,moving_average,exchange_0,2025-02-16 00:00:00,5.057453481402556,4.842302143779225
synthetic_exchange,economics,moving_average,exchange_0,2025-02-17 00:00:00,5.129999999999998,4.842302143779225
synthetic_exchange,economics,moving_average,exchange_0,2025-02-18 00:00:00,5.2025465185974396,4.842302143779225
synthetic_exchange,economics,moving_average,exchange_0,2025-02-19 00:00:00,5.227994232974547,4.842302143779225
synthetic_exchange,economics,moving_average,exchange_0,2025-02-20 00:00:00,5.194710699129402,4.842302143779225
synthetic_exchange,economics,moving_average,exchange_0,2025-02-21 00:00:00,5.135289300870594,4.842302143779225
synthetic_exchange,economics,moving_average,exchange_0,2025-02-22 00:00:00,5.102005767025453,4.842302143779225
synthetic_exchange,economics,moving_average,exchange_0,2025-02-23 00:00:00,5.127453481402558,4.842302143779225
synthetic_exchange,economics,moving_average,exchange_1,2025-01-31 00:00:00,4.955289300870595,4.872302143779225
synthetic_exchange,economics,moving_average,exchange_1,2025-02-01 00:00:00,4.922005767025455,4.872302143779225
synthetic_exchange,economics,moving_average,exchange_1,2025-02-02 00:00:00,4.947453481402558,4.872302143779225
synthetic_exchange,economics,moving_average,exchange_1,2025-02-03 00:00:00,5.019999999999998,4.872302143779225
synthetic_exchange,economics,moving_average,exchange_1,2025-02-04 00:00:00,5.092546518597442,4.872302143779225
synthetic_exchange,economics,moving_average,exchange_1,2025-02-05 00:00:00,5.117994232974547,4.872302143779225
synthetic_exchange,economics,moving_average,exchange_1,2025-02-06 00:00:00,5.084710699129407,4.872302143779225
synthetic_exchange,economics,moving_average,exchange_1,2025-02-07 00:00:00,5.0252893008706,4.872302143779225
synthetic_exchange,economics,moving_average,exchange_1,2025-02-08 00:00:00,4.9920057670254545,4.872302143779225
synthetic_exchange,economics,moving_average,exchange_1,2025-02-09 00:00:00,5.017453481402557,4.872302143779225
synthetic_exchange,economics,moving_average,exchange_1,2025-02-10 00:00:00,5.090000000000001,4.872302143779225
synthetic_exchange,economics,moving_average,exchange_1,2025-02-11 00:00:00,5.162546518597444,4.872302143779225
synthetic_exchange,economics,moving_average,exchange_1,2025-02-12 00:00:00,5.187994232974546,4.872302143779225
synthetic_exchange,economics,moving_average,exchange_1,2025-02-13 00:00:00,5.154710699129404,4.872302143779225
synthetic_exchange,economics,moving_average,exchange_1,2025-02-14 00:00:00,5.095289300870597,4.872302143779225
synthetic_exchange,economics,moving_average,exchange_1,2025-02-15 00:00:00,5.062005767025455,4.872302143779225
synthetic_exchange,economics,moving_average,exchange_1,2025-02-16 00:00:00,5.087453481402556,4.872302143779225
synthetic_exchange,economics,moving_average,exchange_1,2025-02-17 00:00:00,5.159999999999998,4.872302143779225
synthetic_exchange,economics,moving_average,exchange_1,2025-02-18 00:00:00,5.23254651859744,4.872302143779225
synthetic_exchange,economics,moving_average,exchange_1,2025-02-19 00:00:00,5.257994232974547,4.872302143779225
synthetic_exchange,economics,moving_average,exchange_1,2025-02-20 00:00:00,5.224710699129402,4.872302143779225
synthetic_exchange,economics,moving_average,exchange_1,2025-02-21 00:00:00,5.165289300870595,4.872302143779225
synthetic_exchange,economics,moving_average,exchange_1,2025-02-22 00:00:00,5.132005767025453,4.872302143779225
synthetic_exchange,economics,moving_average,exchange_1,2025-02-23 00:00:00,5.157453481402558,4.872302143779225
synthetic_exchange,economics,moving_average,exchange_2,2025-01-31 00:00:00,4.985289300870594,4.902302143779225
synthetic_exchange,economics,moving_average,exchange_2,2025-02-01 00:00:00,4.9520057670254545,4.902302143779225
synthetic_exchange,economics,moving_average,exchange_2,2025-02-02 00:00:00,4.9774534814025575,4.902302143779225
synthetic_exchange,economics,moving_average,exchange_2,2025-02-03 00:00:00,5.049999999999997,4.902302143779225
synthetic_exchange,economics,moving_average,exchange_2,2025-02-04 00:00:00,5.122546518597441,4.902302143779225
synthetic_exchange,economics,moving_average,exchange_2,2025-02-05 00:00:00,5.147994232974546,4.902302143779225
synthetic_exchange,economics,moving_average,exchange_2,2025-02-06 00:00:00,5.1147106991294065,4.902302143779225
synthetic_exchange,economics,moving_average,exchange_2,2025-02-07 00:00:00,5.0552893008706,4.902302143779225
synthetic_exchange,economics,moving_average,exchange_2,2025-02-08 00:00:00,5.022005767025454,4.902302143779225
synthetic_exchange,economics,moving_average,exchange_2,2025-02-09 00:00:00,5.047453481402556,4.902302143779225
synthetic_exchange,economics,moving_average,exchange_2,2025-02-10 00:00:00,5.12,4.902302143779225
synthetic_exchange,economics,moving_average,exchange_2,2025-02-11 00:00:00,5.192546518597443,4.902302143779225
synthetic_exchange,economics,moving_average,exchange_2,2025-02-12 00:00:00,5.2179942329745455,4.902302143779225
synthetic_exchange,economics,moving_average,exchange_2,2025-02-13 00:00:00,5.184710699129403,4.902302143779225
synthetic_exchange,economics,moving_average,exchange_2,2025-02-14 00:00:00,5.125289300870596,4.902302143779225
synthetic_exchange,economics,moving_average,exchange_2,2025-02-15 00:00:00,5.092005767025454,4.902302143779225
synthetic_exchange,economics,moving_average,exchange_2,2025-02-16 00:00:00,5.117453481402555,4.902302143779225
synthetic_exchange,economics,moving_average,exchange_2,2025-02-17 00:00:00,5.189999999999998,4.902302143779225
synthetic_exchange,economics,moving_average,exchange_2,2025-02-18 00:00:00,5.262546518597439,4.902302143779225
synthetic_exchange,economics,moving_average,exchange_2,2025-02-19 00:00:00,5.287994232974547,4.902302143779225
synthetic_exchange,economics,moving_average,exchange_2,2025-02-20 00:00:00,5.254710699129402,4.902302143779225
synthetic_exchange,economics,moving_average,exchange_2,2025-02-21 00:00:00,5.195289300870594,4.902302143779225
synthetic_exchange,economics,moving_average,exchange_2,2025-02-22 00:00:00,5.162005767025453,4.902302143779225
synthetic_exchange,economics,moving_average,exchange_2,2025-02-23 00:00:00,5.1874534814025575,4.902302143779225
synthetic_exchange,economics,linear_trend,exchange_0,2025-01-31 00:00:00,4.9252893008705945,4.961049372114045
synthetic_exchange,economics,linear_trend,exchange_0,2025-02-01 00:00:00,4.892005767025455,4.971050787701006
synthetic_exchange,economics,linear_trend,exchange_0,2025-02-02 00:00:00,4.917453481402558,4.981052203287966
synthetic_exchange,economics,linear_trend,exchange_0,2025-02-03 00:00:00,4.9899999999999975,4.9910536188749255
synthetic_exchange,economics,linear_trend,exchange_0,2025-02-04 00:00:00,5.062546518597442,5.001055034461886
synthetic_exchange,economics,linear_trend,exchange_0,2025-02-05 00:00:00,5.0879942329745464,5.011056450048846
synthetic_exchange,economics,linear_trend,exchange_0,2025-02-06 00:00:00,5.054710699129407,5.021057865635806
synthetic_exchange,economics,linear_trend,exchange_0,2025-02-07 00:00:00,4.9952893008706,5.031059281222766
synthetic_exchange,economics,linear_trend,exchange_0,2025-02-08 00:00:00,4.962005767025454,5.041060696809726
synthetic_exchange,economics,linear_trend,exchange_0,2025-02-09 00:00:00,4.987453481402556,5.051062112396686
synthetic_exchange,economics,linear_trend,exchange_0,2025-02-10 00:00:00,5.0600000000000005,5.061063527983646
synthetic_exchange,economics,linear_trend,exchange_0,2025-02-11 00:00:00,5.132546518597444,5.071064943570606
synthetic_exchange,economics,linear_trend,exchange_0,2025-02-12 00:00:00,5.157994232974546,5.081066359157566
synthetic_exchange,economics,linear_trend,exchange_0,2025-02-13 00:00:00,5.124710699129404,5.091067774744526
synthetic_exchange,economics,linear_trend,exchange_0,2025-02-14 00:00:00,5.065289300870597,5.101069190331486
synthetic_exchange,economics,linear_trend,exchange_0,2025-02-15 00:00:00,5.0320057670254545,5.111070605918446
synthetic_exchange,economics,linear_trend,exchange_0,2025-02-16 00:00:00,5.057453481402556,5.121072021505407
synthetic_exchange,economics,linear_trend,exchange_0,2025-02-17 00:00:00,5.129999999999998,5.1310734370923665
synthetic_exchange,economics,linear_trend,exchange_0,2025-02-18 00:00:00,5.2025465185974396,5.141074852679326
synthetic_exchange,economics,linear_trend,exchange_0,2025-02-19 00:00:00,5.227994232974547,5.151076268266287
synthetic_exchange,economics,linear_trend,exchange_0,2025-02-20 00:00:00,5.194710699129402,5.161077683853247
synthetic_exchange,economics,linear_trend,exchange_0,2025-02-21 00:00:00,5.135289300870594,5.171079099440206
synthetic_exchange,economics,linear_trend,exchange_0,2025-02-22 00:00:00,5.102005767025453,5.181080515027167
synthetic_exchange,economics,linear_trend,exchange_0,2025-02-23 00:00:00,5.127453481402558,5.191081930614127
synthetic_exchange,economics,linear_trend,exchange_1,2025-01-31 00:00:00,4.955289300870595,4.991049372114047
synthetic_exchange,economics,linear_trend,exchange_1,2025-02-01 00:00:00,4.922005767025455,5.001050787701008
synthetic_exchange,economics,linear_trend,exchange_1,2025-02-02 00:00:00,4.947453481402558,5.011052203287967
synthetic_exchange,economics,linear_trend,exchange_1,2025-02-03 00:00:00,5.019999999999998,5.0210536188749275
synthetic_exchange,economics,linear_trend,exchange_1,2025-02-04 00:00:00,5.092546518597442,5.031055034461888
synthetic_exchange,economics,linear_trend,exchange_1,2025-02-05 00:00:00,5.117994232974547,5.041056450048847
synthetic_exchange,economics,linear_trend,exchange_1,2025-02-06 00:00:00,5.084710699129407,5.051057865635808
synthetic_exchange,economics,linear_trend,exchange_1,2025-02-07 00:00:00,5.0252893008706,5.061059281222768
synthetic_exchange,economics,linear_trend,exchange_1,2025-02-08 00:00:00,4.9920057670254545,5.071060696809727
synthetic_exchange,economics,linear_trend,exchange_1,2025-02-09 00:00:00,5.017453481402557,5.081062112396688
synthetic_exchange,economics,linear_trend,exchange_1,2025-02-10 00:00:00,5.090000000000001,5.091063527983648
synthetic_exchange,economics,linear_trend,exchange_1,2025-02-11 00:00:00,5.162546518597444,5.1010649435706075
synthetic_exchange,economics,linear_trend,exchange_1,2025-02-12 00:00:00,5.187994232974546,5.111066359157568
synthetic_exchange,economics,linear_trend,exchange_1,2025-02-13 00:00:00,5.154710699129404,5.121067774744528
synthetic_exchange,economics,linear_trend,exchange_1,2025-02-14 00:00:00,5.095289300870597,5.131069190331488
synthetic_exchange,economics,linear_trend,exchange_1,2025-02-15 00:00:00,5.062005767025455,5.141070605918448
synthetic_exchange,economics,linear_trend,exchange_1,2025-02-16 00:00:00,5.087453481402556,5.151072021505408
synthetic_exchange,economics,linear_trend,exchange_1,2025-02-17 00:00:00,5.159999999999998,5.161073437092368
synthetic_exchange,economics,linear_trend,exchange_1,2025-02-18 00:00:00,5.23254651859744,5.171074852679328
synthetic_exchange,economics,linear_trend,exchange_1,2025-02-19 00:00:00,5.257994232974547,5.181076268266288
synthetic_exchange,economics,linear_trend,exchange_1,2025-02-20 00:00:00,5.224710699129402,5.191077683853248
synthetic_exchange,economics,linear_trend,exchange_1,2025-02-21 00:00:00,5.165289300870595,5.201079099440208
synthetic_exchange,economics,linear_trend,exchange_1,2025-02-22 00:00:00,5.132005767025453,5.211080515027168
synthetic_exchange,economics,linear_trend,exchange_1,2025-02-23 00:00:00,5.157453481402558,5.221081930614128
synthetic_exchange,economics,linear_trend,exchange_2,2025-01-31 00:00:00,4.985289300870594,5.021049372114046
synthetic_exchange,economics,linear_trend,exchange_2,2025-02-01 00:00:00,4.9520057670254545,5.031050787701005
synthetic_exchange,economics,linear_trend,exchange_2,2025-02-02 00:00:00,4.9774534814025575,5.041052203287966
synthetic_exchange,economics,linear_trend,exchange_2,2025-02-03 00:00:00,5.049999999999997,5.051053618874926
synthetic_exchange,economics,linear_trend,exchange_2,2025-02-04 00:00:00,5.122546518597441,5.061055034461885
synthetic_exchange,economics,linear_trend,exchange_2,2025-02-05 00:00:00,5.147994232974546,5.071056450048846
synthetic_exchange,economics,linear_trend,exchange_2,2025-02-06 00:00:00,5.1147106991294065,5.081057865635806
synthetic_exchange,economics,linear_trend,exchange_2,2025-02-07 00:00:00,5.0552893008706,5.0910592812227655
synthetic_exchange,economics,linear_trend,exchange_2,2025-02-08 00:00:00,5.022005767025454,5.101060696809726
synthetic_exchange,economics,linear_trend,exchange_2,2025-02-09 00:00:00,5.047453481402556,5.111062112396686
synthetic_exchange,economics,linear_trend,exchange_2,2025-02-10 00:00:00,5.12,5.121063527983646
synthetic_exchange,economics,linear_trend,exchange_2,2025-02-11 00:00:00,5.192546518597443,5.131064943570606
synthetic_exchange,economics,linear_trend,exchange_2,2025-02-12 00:00:00,5.2179942329745455,5.141066359157566
synthetic_exchange,economics,linear_trend,exchange_2,2025-02-13 00:00:00,5.184710699129403,5.151067774744526
synthetic_exchange,economics,linear_trend,exchange_2,2025-02-14 00:00:00,5.125289300870596,5.161069190331486
synthetic_exchange,economics,linear_trend,exchange_2,2025-02-15 00:00:00,5.092005767025454,5.171070605918446
synthetic_exchange,economics,linear_trend,exchange_2,2025-02-16 00:00:00,5.117453481402555,5.181072021505406
synthetic_exchange,economics,linear_trend,exchange_2,2025-02-17 00:00:00,5.189999999999998,5.191073437092366
synthetic_exchange,economics,linear_trend,exchange_2,2025-02-18 00:00:00,5.262546518597439,5.2010748526793265
synthetic_exchange,economics,linear_trend,exchange_2,2025-02-19 00:00:00,5.287994232974547,5.211076268266286
synthetic_exchange,economics,linear_trend,exchange_2,2025-02-20 00:00:00,5.254710699129402,5.221077683853246
synthetic_exchange,economics,linear_trend,exchange_2,2025-02-21 00:00:00,5.195289300870594,5.2310790994402065
synthetic_exchange,economics,linear_trend,exchange_2,2025-02-22 00:00:00,5.162005767025453,5.241080515027166
synthetic_exchange,economics,linear_trend,exchange_2,2025-02-23 00:00:00,5.1874534814025575,5.251081930614126
synthetic_exchange,economics,ridge_ar,exchange_0,2025-01-31 00:00:00,4.9252893008705945,4.927053796255844
synthetic_exchange,economics,ridge_ar,exchange_0,2025-02-01 00:00:00,4.892005767025455,4.897288817999767
synthetic_exchange,economics,ridge_ar,exchange_0,2025-02-02 00:00:00,4.917453481402558,4.923934151229283
synthetic_exchange,economics,ridge_ar,exchange_0,2025-02-03 00:00:00,4.9899999999999975,4.993619414940063
synthetic_exchange,economics,ridge_ar,exchange_0,2025-02-04 00:00:00,5.062546518597442,5.060588033066006
synthetic_exchange,economics,ridge_ar,exchange_0,2025-02-05 00:00:00,5.0879942329745464,5.081567031480549
synthetic_exchange,economics,ridge_ar,exchange_0,2025-02-06 00:00:00,5.054710699129407,5.048080632807496
synthetic_exchange,economics,ridge_ar,exchange_0,2025-02-07 00:00:00,4.9952893008706,4.992912132818953
synthetic_exchange,economics,ridge_ar,exchange_0,2025-02-08 00:00:00,4.962005767025454,4.965190773475842
synthetic_exchange,economics,ridge_ar,exchange_0,2025-02-09 00:00:00,4.987453481402556,4.993326612973465
synthetic_exchange,economics,ridge_ar,exchange_0,2025-02-10 00:00:00,5.0600000000000005,5.063695639963558
synthetic_exchange,economics,ridge_ar,exchange_0,2025-02-11 00:00:00,5.132546518597444,5.13090727271093
synthetic_exchange,economics,ridge_ar,exchange_0,2025-02-12 00:00:00,5.157994232974546,5.151865309812412
synthetic_exchange,economics,ridge_ar,exchange_0,2025-02-13 00:00:00,5.124710699129404,5.118286490484887
synthetic_exchange,economics,ridge_ar,exchange_0,2025-02-14 00:00:00,5.065289300870597,5.063023970790123
synthetic_exchange,economics,ridge_ar,exchange_0,2025-02-15 00:00:00,5.0320057670254545,5.03524293833302
synthetic_exchange,economics,ridge_ar,exchange_0,2025-02-16 00:00:00,5.057453481402556,5.063349459533297
synthetic_exchange,economics,ridge_ar,exchange_0,2025-02-17 00:00:00,5.129999999999998,5.133709589940803
synthetic_exchange,economics,ridge_ar,exchange_0,2025-02-18 00:00:00,5.2025465185974396,5.200920404489041
synthetic_exchange,economics,ridge_ar,exchange_0,2025-02-19 00:00:00,5.227994232974547,5.221878886040263
synthetic_exchange,economics,ridge_ar,exchange_0,2025-02-20 00:00:00,5.194710699129402,5.188299317876552
synthetic_exchange,economics,ridge_ar,exchange_0,2025-02-21 00:00:00,5.135289300870594,5.133035711748133
synthetic_exchange,economics,ridge_ar,exchange_0,2025-02-22 00:00:00,5.102005767025453,5.105254455233888
synthetic_exchange,economics,ridge_ar,exchange_0,2025-02-23 00:00:00,5.127453481402558,5.133361664661397
synthetic_exchange,economics,ridge_ar,exchange_1,2025-01-31 00:00:00,4.955289300870595,4.957053796255844
synthetic_exchange,economics,ridge_ar,exchange_1,2025-02-01 00:00:00,4.922005767025455,4.927288817999767
synthetic_exchange,economics,ridge_ar,exchange_1,2025-02-02 00:00:00,4.947453481402558,4.953934151229284
synthetic_exchange,economics,ridge_ar,exchange_1,2025-02-03 00:00:00,5.019999999999998,5.023619414940064
synthetic_exchange,economics,ridge_ar,exchange_1,2025-02-04 00:00:00,5.092546518597442,5.090588033066006
synthetic_exchange,economics,ridge_ar,exchange_1,2025-02-05 00:00:00,5.117994232974547,5.111567031480549
synthetic_exchange,economics,ridge_ar,exchange_1,2025-02-06 00:00:00,5.084710699129407,5.078080632807497
synthetic_exchange,economics,ridge_ar,exchange_1,2025-02-07 00:00:00,5.0252893008706,5.022912132818953
synthetic_exchange,economics,ridge_ar,exchange_1,2025-02-08 00:00:00,4.9920057670254545,4.9951907734758425
synthetic_exchange,economics,ridge_ar,exchange_1,2025-02-09 00:00:00,5.017453481402557,5.023326612973466
synthetic_exchange,economics,ridge_ar,exchange_1,2025-02-10 00:00:00,5.090000000000001,5.093695639963558
synthetic_exchange,economics,ridge_ar,exchange_1,2025-02-11 00:00:00,5.162546518597444,5.160907272710931
synthetic_exchange,economics,ridge_ar,exchange_1,2025-02-12 00:00:00,5.187994232974546,5.181865309812413
synthetic_exchange,economics,ridge_ar,exchange_1,2025-02-13 00:00:00,5.154710699129404,5.148286490484887
synthetic_exchange,economics,ridge_ar,exchange_1,2025-02-14 00:00:00,5.095289300870597,5.0930239707901235
synthetic_exchange,economics,ridge_ar,exchange_1,2025-02-15 00:00:00,5.062005767025455,5.065242938333021
synthetic_exchange,economics,ridge_ar,exchange_1,2025-02-16 00:00:00,5.087453481402556,5.093349459533297
synthetic_exchange,economics,ridge_ar,exchange_1,2025-02-17 00:00:00,5.159999999999998,5.163709589940803
synthetic_exchange,economics,ridge_ar,exchange_1,2025-02-18 00:00:00,5.23254651859744,5.2309204044890425
synthetic_exchange,economics,ridge_ar,exchange_1,2025-02-19 00:00:00,5.257994232974547,5.251878886040263
synthetic_exchange,economics,ridge_ar,exchange_1,2025-02-20 00:00:00,5.224710699129402,5.2182993178765535
synthetic_exchange,economics,ridge_ar,exchange_1,2025-02-21 00:00:00,5.165289300870595,5.163035711748134
synthetic_exchange,economics,ridge_ar,exchange_1,2025-02-22 00:00:00,5.132005767025453,5.135254455233889
synthetic_exchange,economics,ridge_ar,exchange_1,2025-02-23 00:00:00,5.157453481402558,5.163361664661397
synthetic_exchange,economics,ridge_ar,exchange_2,2025-01-31 00:00:00,4.985289300870594,4.987053796255843
synthetic_exchange,economics,ridge_ar,exchange_2,2025-02-01 00:00:00,4.9520057670254545,4.957288817999767
synthetic_exchange,economics,ridge_ar,exchange_2,2025-02-02 00:00:00,4.9774534814025575,4.983934151229283
synthetic_exchange,economics,ridge_ar,exchange_2,2025-02-03 00:00:00,5.049999999999997,5.053619414940062
synthetic_exchange,economics,ridge_ar,exchange_2,2025-02-04 00:00:00,5.122546518597441,5.120588033066006
synthetic_exchange,economics,ridge_ar,exchange_2,2025-02-05 00:00:00,5.147994232974546,5.141567031480548
synthetic_exchange,economics,ridge_ar,exchange_2,2025-02-06 00:00:00,5.1147106991294065,5.1080806328074955
synthetic_exchange,economics,ridge_ar,exchange_2,2025-02-07 00:00:00,5.0552893008706,5.052912132818952
synthetic_exchange,economics,ridge_ar,exchange_2,2025-02-08 00:00:00,5.022005767025454,5.025190773475842
synthetic_exchange,economics,ridge_ar,exchange_2,2025-02-09 00:00:00,5.047453481402556,5.053326612973464
synthetic_exchange,economics,ridge_ar,exchange_2,2025-02-10 00:00:00,5.12,5.123695639963557
synthetic_exchange,economics,ridge_ar,exchange_2,2025-02-11 00:00:00,5.192546518597443,5.1909072727109296
synthetic_exchange,economics,ridge_ar,exchange_2,2025-02-12 00:00:00,5.2179942329745455,5.211865309812412
synthetic_exchange,economics,ridge_ar,exchange_2,2025-02-13 00:00:00,5.184710699129403,5.178286490484886
synthetic_exchange,economics,ridge_ar,exchange_2,2025-02-14 00:00:00,5.125289300870596,5.123023970790122
synthetic_exchange,economics,ridge_ar,exchange_2,2025-02-15 00:00:00,5.092005767025454,5.095242938333019
synthetic_exchange,economics,ridge_ar,exchange_2,2025-02-16 00:00:00,5.117453481402555,5.123349459533296
synthetic_exchange,economics,ridge_ar,exchange_2,2025-02-17 00:00:00,5.189999999999998,5.193709589940802
synthetic_exchange,economics,ridge_ar,exchange_2,2025-02-18 00:00:00,5.262546518597439,5.260920404489041
synthetic_exchange,economics,ridge_ar,exchange_2,2025-02-19 00:00:00,5.287994232974547,5.281878886040262
synthetic_exchange,economics,ridge_ar,exchange_2,2025-02-20 00:00:00,5.254710699129402,5.248299317876552
synthetic_exchange,economics,ridge_ar,exchange_2,2025-02-21 00:00:00,5.195289300870594,5.1930357117481325
synthetic_exchange,economics,ridge_ar,exchange_2,2025-02-22 00:00:00,5.162005767025453,5.165254455233887
synthetic_exchange,economics,ridge_ar,exchange_2,2025-02-23 00:00:00,5.1874534814025575,5.193361664661396
synthetic_exchange,economics,hist_gradient_boosting_ar,exchange_0,2025-01-31 00:00:00,4.9252893008705945,4.9204332050998225
synthetic_exchange,economics,hist_gradient_boosting_ar,exchange_0,2025-02-01 00:00:00,4.892005767025455,4.972689323153144
synthetic_exchange,economics,hist_gradient_boosting_ar,exchange_0,2025-02-02 00:00:00,4.917453481402558,4.972689323153144
synthetic_exchange,economics,hist_gradient_boosting_ar,exchange_0,2025-02-03 00:00:00,4.9899999999999975,4.972689323153144
synthetic_exchange,economics,hist_gradient_boosting_ar,exchange_0,2025-02-04 00:00:00,5.062546518597442,4.972689323153144
synthetic_exchange,economics,hist_gradient_boosting_ar,exchange_0,2025-02-05 00:00:00,5.0879942329745464,4.972689323153144
synthetic_exchange,economics,hist_gradient_boosting_ar,exchange_0,2025-02-06 00:00:00,5.054710699129407,4.972689323153144
synthetic_exchange,economics,hist_gradient_boosting_ar,exchange_0,2025-02-07 00:00:00,4.9952893008706,4.972689323153144
synthetic_exchange,economics,hist_gradient_boosting_ar,exchange_0,2025-02-08 00:00:00,4.962005767025454,4.972689323153144
synthetic_exchange,economics,hist_gradient_boosting_ar,exchange_0,2025-02-09 00:00:00,4.987453481402556,4.972689323153144
synthetic_exchange,economics,hist_gradient_boosting_ar,exchange_0,2025-02-10 00:00:00,5.0600000000000005,4.972689323153144
synthetic_exchange,economics,hist_gradient_boosting_ar,exchange_0,2025-02-11 00:00:00,5.132546518597444,4.972689323153144
synthetic_exchange,economics,hist_gradient_boosting_ar,exchange_0,2025-02-12 00:00:00,5.157994232974546,4.972689323153144
synthetic_exchange,economics,hist_gradient_boosting_ar,exchange_0,2025-02-13 00:00:00,5.124710699129404,4.972689323153144
synthetic_exchange,economics,hist_gradient_boosting_ar,exchange_0,2025-02-14 00:00:00,5.065289300870597,4.972689323153144
synthetic_exchange,economics,hist_gradient_boosting_ar,exchange_0,2025-02-15 00:00:00,5.0320057670254545,4.972689323153144
synthetic_exchange,economics,hist_gradient_boosting_ar,exchange_0,2025-02-16 00:00:00,5.057453481402556,4.972689323153144
synthetic_exchange,economics,hist_gradient_boosting_ar,exchange_0,2025-02-17 00:00:00,5.129999999999998,4.972689323153144
synthetic_exchange,economics,hist_gradient_boosting_ar,exchange_0,2025-02-18 00:00:00,5.2025465185974396,4.972689323153144
synthetic_exchange,economics,hist_gradient_boosting_ar,exchange_0,2025-02-19 00:00:00,5.227994232974547,4.972689323153144
synthetic_exchange,economics,hist_gradient_boosting_ar,exchange_0,2025-02-20 00:00:00,5.194710699129402,4.972689323153144
synthetic_exchange,economics,hist_gradient_boosting_ar,exchange_0,2025-02-21 00:00:00,5.135289300870594,4.972689323153144
synthetic_exchange,economics,hist_gradient_boosting_ar,exchange_0,2025-02-22 00:00:00,5.102005767025453,4.972689323153144
synthetic_exchange,economics,hist_gradient_boosting_ar,exchange_0,2025-02-23 00:00:00,5.127453481402558,4.972689323153144
synthetic_exchange,economics,hist_gradient_boosting_ar,exchange_1,2025-01-31 00:00:00,4.955289300870595,4.950433205099823
synthetic_exchange,economics,hist_gradient_boosting_ar,exchange_1,2025-02-01 00:00:00,4.922005767025455,5.002689323153144
synthetic_exchange,economics,hist_gradient_boosting_ar,exchange_1,2025-02-02 00:00:00,4.947453481402558,5.002689323153144
synthetic_exchange,economics,hist_gradient_boosting_ar,exchange_1,2025-02-03 00:00:00,5.019999999999998,5.002689323153144
synthetic_exchange,economics,hist_gradient_boosting_ar,exchange_1,2025-02-04 00:00:00,5.092546518597442,5.002689323153144
synthetic_exchange,economics,hist_gradient_boosting_ar,exchange_1,2025-02-05 00:00:00,5.117994232974547,5.002689323153144
synthetic_exchange,economics,hist_gradient_boosting_ar,exchange_1,2025-02-06 00:00:00,5.084710699129407,5.002689323153144
synthetic_exchange,economics,hist_gradient_boosting_ar,exchange_1,2025-02-07 00:00:00,5.0252893008706,5.002689323153144
synthetic_exchange,economics,hist_gradient_boosting_ar,exchange_1,2025-02-08 00:00:00,4.9920057670254545,5.002689323153144
synthetic_exchange,economics,hist_gradient_boosting_ar,exchange_1,2025-02-09 00:00:00,5.017453481402557,5.002689323153144
synthetic_exchange,economics,hist_gradient_boosting_ar,exchange_1,2025-02-10 00:00:00,5.090000000000001,5.002689323153144
synthetic_exchange,economics,hist_gradient_boosting_ar,exchange_1,2025-02-11 00:00:00,5.162546518597444,5.002689323153144
synthetic_exchange,economics,hist_gradient_boosting_ar,exchange_1,2025-02-12 00:00:00,5.187994232974546,5.002689323153144
synthetic_exchange,economics,hist_gradient_boosting_ar,exchange_1,2025-02-13 00:00:00,5.154710699129404,5.002689323153144
synthetic_exchange,economics,hist_gradient_boosting_ar,exchange_1,2025-02-14 00:00:00,5.095289300870597,5.002689323153144
synthetic_exchange,economics,hist_gradient_boosting_ar,exchange_1,2025-02-15 00:00:00,5.062005767025455,5.002689323153144
synthetic_exchange,economics,hist_gradient_boosting_ar,exchange_1,2025-02-16 00:00:00,5.087453481402556,5.002689323153144
synthetic_exchange,economics,hist_gradient_boosting_ar,exchange_1,2025-02-17 00:00:00,5.159999999999998,5.002689323153144
synthetic_exchange,economics,hist_gradient_boosting_ar,exchange_1,2025-02-18 00:00:00,5.23254651859744,5.002689323153144
synthetic_exchange,economics,hist_gradient_boosting_ar,exchange_1,2025-02-19 00:00:00,5.257994232974547,5.002689323153144
synthetic_exchange,economics,hist_gradient_boosting_ar,exchange_1,2025-02-20 00:00:00,5.224710699129402,5.002689323153144
synthetic_exchange,economics,hist_gradient_boosting_ar,exchange_1,2025-02-21 00:00:00,5.165289300870595,5.002689323153144
synthetic_exchange,economics,hist_gradient_boosting_ar,exchange_1,2025-02-22 00:00:00,5.132005767025453,5.002689323153144
synthetic_exchange,economics,hist_gradient_boosting_ar,exchange_1,2025-02-23 00:00:00,5.157453481402558,5.002689323153144
synthetic_exchange,economics,hist_gradient_boosting_ar,exchange_2,2025-01-31 00:00:00,4.985289300870594,4.980433205099821
synthetic_exchange,economics,hist_gradient_boosting_ar,exchange_2,2025-02-01 00:00:00,4.9520057670254545,5.032689323153143
synthetic_exchange,economics,hist_gradient_boosting_ar,exchange_2,2025-02-02 00:00:00,4.9774534814025575,5.032689323153143
synthetic_exchange,economics,hist_gradient_boosting_ar,exchange_2,2025-02-03 00:00:00,5.049999999999997,5.032689323153143
synthetic_exchange,economics,hist_gradient_boosting_ar,exchange_2,2025-02-04 00:00:00,5.122546518597441,5.032689323153143
synthetic_exchange,economics,hist_gradient_boosting_ar,exchange_2,2025-02-05 00:00:00,5.147994232974546,5.032689323153143
synthetic_exchange,economics,hist_gradient_boosting_ar,exchange_2,2025-02-06 00:00:00,5.1147106991294065,5.032689323153143
synthetic_exchange,economics,hist_gradient_boosting_ar,exchange_2,2025-02-07 00:00:00,5.0552893008706,5.032689323153143
synthetic_exchange,economics,hist_gradient_boosting_ar,exchange_2,2025-02-08 00:00:00,5.022005767025454,5.032689323153143
synthetic_exchange,economics,hist_gradient_boosting_ar,exchange_2,2025-02-09 00:00:00,5.047453481402556,5.032689323153143
synthetic_exchange,economics,hist_gradient_boosting_ar,exchange_2,2025-02-10 00:00:00,5.12,5.032689323153143
synthetic_exchange,economics,hist_gradient_boosting_ar,exchange_2,2025-02-11 00:00:00,5.192546518597443,5.032689323153143
synthetic_exchange,economics,hist_gradient_boosting_ar,exchange_2,2025-02-12 00:00:00,5.2179942329745455,5.032689323153143
synthetic_exchange,economics,hist_gradient_boosting_ar,exchange_2,2025-02-13 00:00:00,5.184710699129403,5.032689323153143
synthetic_exchange,economics,hist_gradient_boosting_ar,exchange_2,2025-02-14 00:00:00,5.125289300870596,5.032689323153143
synthetic_exchange,economics,hist_gradient_boosting_ar,exchange_2,2025-02-15 00:00:00,5.092005767025454,5.032689323153143
synthetic_exchange,economics,hist_gradient_boosting_ar,exchange_2,2025-02-16 00:00:00,5.117453481402555,5.032689323153143
synthetic_exchange,economics,hist_gradient_boosting_ar,exchange_2,2025-02-17 00:00:00,5.189999999999998,5.032689323153143
synthetic_exchange,economics,hist_gradient_boosting_ar,exchange_2,2025-02-18 00:00:00,5.262546518597439,5.032689323153143
synthetic_exchange,economics,hist_gradient_boosting_ar,exchange_2,2025-02-19 00:00:00,5.287994232974547,5.032689323153143
synthetic_exchange,economics,hist_gradient_boosting_ar,exchange_2,2025-02-20 00:00:00,5.254710699129402,5.032689323153143
synthetic_exchange,economics,hist_gradient_boosting_ar,exchange_2,2025-02-21 00:00:00,5.195289300870594,5.032689323153143
synthetic_exchange,economics,hist_gradient_boosting_ar,exchange_2,2025-02-22 00:00:00,5.162005767025453,5.032689323153143
synthetic_exchange,economics,hist_gradient_boosting_ar,exchange_2,2025-02-23 00:00:00,5.1874534814025575,5.032689323153143
synthetic_exchange,economics,lightgbm_ar,exchange_0,2025-01-31 00:00:00,4.9252893008705945,4.939776664424625
synthetic_exchange,economics,lightgbm_ar,exchange_0,2025-02-01 00:00:00,4.892005767025455,4.952363345278777
synthetic_exchange,economics,lightgbm_ar,exchange_0,2025-02-02 00:00:00,4.917453481402558,5.001219459819026
synthetic_exchange,economics,lightgbm_ar,exchange_0,2025-02-03 00:00:00,4.9899999999999975,5.001219459819026
synthetic_exchange,economics,lightgbm_ar,exchange_0,2025-02-04 00:00:00,5.062546518597442,5.001219459819026
synthetic_exchange,economics,lightgbm_ar,exchange_0,2025-02-05 00:00:00,5.0879942329745464,5.001219459819026
synthetic_exchange,economics,lightgbm_ar,exchange_0,2025-02-06 00:00:00,5.054710699129407,5.001219459819026
synthetic_exchange,economics,lightgbm_ar,exchange_0,2025-02-07 00:00:00,4.9952893008706,5.001219459819026
synthetic_exchange,economics,lightgbm_ar,exchange_0,2025-02-08 00:00:00,4.962005767025454,5.001219459819026
synthetic_exchange,economics,lightgbm_ar,exchange_0,2025-02-09 00:00:00,4.987453481402556,5.001219459819026
synthetic_exchange,economics,lightgbm_ar,exchange_0,2025-02-10 00:00:00,5.0600000000000005,5.001219459819026
synthetic_exchange,economics,lightgbm_ar,exchange_0,2025-02-11 00:00:00,5.132546518597444,5.001219459819026
synthetic_exchange,economics,lightgbm_ar,exchange_0,2025-02-12 00:00:00,5.157994232974546,5.001219459819026
synthetic_exchange,economics,lightgbm_ar,exchange_0,2025-02-13 00:00:00,5.124710699129404,5.001219459819026
synthetic_exchange,economics,lightgbm_ar,exchange_0,2025-02-14 00:00:00,5.065289300870597,5.001219459819026
synthetic_exchange,economics,lightgbm_ar,exchange_0,2025-02-15 00:00:00,5.0320057670254545,5.001219459819026
synthetic_exchange,economics,lightgbm_ar,exchange_0,2025-02-16 00:00:00,5.057453481402556,5.001219459819026
synthetic_exchange,economics,lightgbm_ar,exchange_0,2025-02-17 00:00:00,5.129999999999998,5.001219459819026
synthetic_exchange,economics,lightgbm_ar,exchange_0,2025-02-18 00:00:00,5.2025465185974396,5.001219459819026
synthetic_exchange,economics,lightgbm_ar,exchange_0,2025-02-19 00:00:00,5.227994232974547,5.001219459819026
synthetic_exchange,economics,lightgbm_ar,exchange_0,2025-02-20 00:00:00,5.194710699129402,5.001219459819026
synthetic_exchange,economics,lightgbm_ar,exchange_0,2025-02-21 00:00:00,5.135289300870594,5.001219459819026
synthetic_exchange,economics,lightgbm_ar,exchange_0,2025-02-22 00:00:00,5.102005767025453,5.001219459819026
synthetic_exchange,economics,lightgbm_ar,exchange_0,2025-02-23 00:00:00,5.127453481402558,5.001219459819026
synthetic_exchange,economics,lightgbm_ar,exchange_1,2025-01-31 00:00:00,4.955289300870595,4.969776664424625
synthetic_exchange,economics,lightgbm_ar,exchange_1,2025-02-01 00:00:00,4.922005767025455,4.9823633452787774
synthetic_exchange,economics,lightgbm_ar,exchange_1,2025-02-02 00:00:00,4.947453481402558,5.0312194598190265
synthetic_exchange,economics,lightgbm_ar,exchange_1,2025-02-03 00:00:00,5.019999999999998,5.0312194598190265
synthetic_exchange,economics,lightgbm_ar,exchange_1,2025-02-04 00:00:00,5.092546518597442,5.0312194598190265
synthetic_exchange,economics,lightgbm_ar,exchange_1,2025-02-05 00:00:00,5.117994232974547,5.0312194598190265
synthetic_exchange,economics,lightgbm_ar,exchange_1,2025-02-06 00:00:00,5.084710699129407,5.0312194598190265
synthetic_exchange,economics,lightgbm_ar,exchange_1,2025-02-07 00:00:00,5.0252893008706,5.0312194598190265
synthetic_exchange,economics,lightgbm_ar,exchange_1,2025-02-08 00:00:00,4.9920057670254545,5.0312194598190265
synthetic_exchange,economics,lightgbm_ar,exchange_1,2025-02-09 00:00:00,5.017453481402557,5.0312194598190265
synthetic_exchange,economics,lightgbm_ar,exchange_1,2025-02-10 00:00:00,5.090000000000001,5.0312194598190265
synthetic_exchange,economics,lightgbm_ar,exchange_1,2025-02-11 00:00:00,5.162546518597444,5.0312194598190265
synthetic_exchange,economics,lightgbm_ar,exchange_1,2025-02-12 00:00:00,5.187994232974546,5.0312194598190265
synthetic_exchange,economics,lightgbm_ar,exchange_1,2025-02-13 00:00:00,5.154710699129404,5.0312194598190265
synthetic_exchange,economics,lightgbm_ar,exchange_1,2025-02-14 00:00:00,5.095289300870597,5.0312194598190265
synthetic_exchange,economics,lightgbm_ar,exchange_1,2025-02-15 00:00:00,5.062005767025455,5.0312194598190265
synthetic_exchange,economics,lightgbm_ar,exchange_1,2025-02-16 00:00:00,5.087453481402556,5.0312194598190265
synthetic_exchange,economics,lightgbm_ar,exchange_1,2025-02-17 00:00:00,5.159999999999998,5.0312194598190265
synthetic_exchange,economics,lightgbm_ar,exchange_1,2025-02-18 00:00:00,5.23254651859744,5.0312194598190265
synthetic_exchange,economics,lightgbm_ar,exchange_1,2025-02-19 00:00:00,5.257994232974547,5.0312194598190265
synthetic_exchange,economics,lightgbm_ar,exchange_1,2025-02-20 00:00:00,5.224710699129402,5.0312194598190265
synthetic_exchange,economics,lightgbm_ar,exchange_1,2025-02-21 00:00:00,5.165289300870595,5.0312194598190265
synthetic_exchange,economics,lightgbm_ar,exchange_1,2025-02-22 00:00:00,5.132005767025453,5.0312194598190265
synthetic_exchange,economics,lightgbm_ar,exchange_1,2025-02-23 00:00:00,5.157453481402558,5.0312194598190265
synthetic_exchange,economics,lightgbm_ar,exchange_2,2025-01-31 00:00:00,4.985289300870594,4.9997766644246235
synthetic_exchange,economics,lightgbm_ar,exchange_2,2025-02-01 00:00:00,4.9520057670254545,5.012363345278776
synthetic_exchange,economics,lightgbm_ar,exchange_2,2025-02-02 00:00:00,4.9774534814025575,5.061219459819025
synthetic_exchange,economics,lightgbm_ar,exchange_2,2025-02-03 00:00:00,5.049999999999997,5.061219459819025
synthetic_exchange,economics,lightgbm_ar,exchange_2,2025-02-04 00:00:00,5.122546518597441,5.061219459819025
synthetic_exchange,economics,lightgbm_ar,exchange_2,2025-02-05 00:00:00,5.147994232974546,5.061219459819025
synthetic_exchange,economics,lightgbm_ar,exchange_2,2025-02-06 00:00:00,5.1147106991294065,5.061219459819025
synthetic_exchange,economics,lightgbm_ar,exchange_2,2025-02-07 00:00:00,5.0552893008706,5.061219459819025
synthetic_exchange,economics,lightgbm_ar,exchange_2,2025-02-08 00:00:00,5.022005767025454,5.061219459819025
synthetic_exchange,economics,lightgbm_ar,exchange_2,2025-02-09 00:00:00,5.047453481402556,5.061219459819025
synthetic_exchange,economics,lightgbm_ar,exchange_2,2025-02-10 00:00:00,5.12,5.061219459819025
synthetic_exchange,economics,lightgbm_ar,exchange_2,2025-02-11 00:00:00,5.192546518597443,5.061219459819025
synthetic_exchange,economics,lightgbm_ar,exchange_2,2025-02-12 00:00:00,5.2179942329745455,5.061219459819025
synthetic_exchange,economics,lightgbm_ar,exchange_2,2025-02-13 00:00:00,5.184710699129403,5.061219459819025
synthetic_exchange,economics,lightgbm_ar,exchange_2,2025-02-14 00:00:00,5.125289300870596,5.061219459819025
synthetic_exchange,economics,lightgbm_ar,exchange_2,2025-02-15 00:00:00,5.092005767025454,5.061219459819025
synthetic_exchange,economics,lightgbm_ar,exchange_2,2025-02-16 00:00:00,5.117453481402555,5.061219459819025
synthetic_exchange,economics,lightgbm_ar,exchange_2,2025-02-17 00:00:00,5.189999999999998,5.061219459819025
synthetic_exchange,economics,lightgbm_ar,exchange_2,2025-02-18 00:00:00,5.262546518597439,5.061219459819025
synthetic_exchange,economics,lightgbm_ar,exchange_2,2025-02-19 00:00:00,5.287994232974547,5.061219459819025
synthetic_exchange,economics,lightgbm_ar,exchange_2,2025-02-20 00:00:00,5.254710699129402,5.061219459819025
synthetic_exchange,economics,lightgbm_ar,exchange_2,2025-02-21 00:00:00,5.195289300870594,5.061219459819025
synthetic_exchange,economics,lightgbm_ar,exchange_2,2025-02-22 00:00:00,5.162005767025453,5.061219459819025
synthetic_exchange,economics,lightgbm_ar,exchange_2,2025-02-23 00:00:00,5.1874534814025575,5.061219459819025
synthetic_exchange,economics,xgboost_ar,exchange_0,2025-01-31 00:00:00,4.9252893008705945,4.941629893800465
synthetic_exchange,economics,xgboost_ar,exchange_0,2025-02-01 00:00:00,4.892005767025455,4.947081854062012
synthetic_exchange,economics,xgboost_ar,exchange_0,2025-02-02 00:00:00,4.917453481402558,4.9741532742239745
synthetic_exchange,economics,xgboost_ar,exchange_0,2025-02-03 00:00:00,4.9899999999999975,4.9887397937321705
synthetic_exchange,economics,xgboost_ar,exchange_0,2025-02-04 00:00:00,5.062546518597442,4.988942456241253
synthetic_exchange,economics,xgboost_ar,exchange_0,2025-02-05 00:00:00,5.0879942329745464,4.975257788219722
synthetic_exchange,economics,xgboost_ar,exchange_0,2025-02-06 00:00:00,5.054710699129407,4.9743559367330565
synthetic_exchange,economics,xgboost_ar,exchange_0,2025-02-07 00:00:00,4.9952893008706,4.971910502360104
synthetic_exchange,economics,xgboost_ar,exchange_0,2025-02-08 00:00:00,4.962005767025454,4.9743559367330565
synthetic_exchange,economics,xgboost_ar,exchange_0,2025-02-09 00:00:00,4.987453481402556,4.9743559367330565
synthetic_exchange,economics,xgboost_ar,exchange_0,2025-02-10 00:00:00,5.0600000000000005,4.9743559367330565
synthetic_exchange,economics,xgboost_ar,exchange_0,2025-02-11 00:00:00,5.132546518597444,4.9743559367330565
synthetic_exchange,economics,xgboost_ar,exchange_0,2025-02-12 00:00:00,5.157994232974546,4.9743559367330565
synthetic_exchange,economics,xgboost_ar,exchange_0,2025-02-13 00:00:00,5.124710699129404,4.9743559367330565
synthetic_exchange,economics,xgboost_ar,exchange_0,2025-02-14 00:00:00,5.065289300870597,4.9743559367330565
synthetic_exchange,economics,xgboost_ar,exchange_0,2025-02-15 00:00:00,5.0320057670254545,4.9743559367330565
synthetic_exchange,economics,xgboost_ar,exchange_0,2025-02-16 00:00:00,5.057453481402556,4.9743559367330565
synthetic_exchange,economics,xgboost_ar,exchange_0,2025-02-17 00:00:00,5.129999999999998,4.9743559367330565
synthetic_exchange,economics,xgboost_ar,exchange_0,2025-02-18 00:00:00,5.2025465185974396,4.9743559367330565
synthetic_exchange,economics,xgboost_ar,exchange_0,2025-02-19 00:00:00,5.227994232974547,4.9743559367330565
synthetic_exchange,economics,xgboost_ar,exchange_0,2025-02-20 00:00:00,5.194710699129402,4.9743559367330565
synthetic_exchange,economics,xgboost_ar,exchange_0,2025-02-21 00:00:00,5.135289300870594,4.9743559367330565
synthetic_exchange,economics,xgboost_ar,exchange_0,2025-02-22 00:00:00,5.102005767025453,4.9743559367330565
synthetic_exchange,economics,xgboost_ar,exchange_0,2025-02-23 00:00:00,5.127453481402558,4.9743559367330565
synthetic_exchange,economics,xgboost_ar,exchange_1,2025-01-31 00:00:00,4.955289300870595,4.971629893800465
synthetic_exchange,economics,xgboost_ar,exchange_1,2025-02-01 00:00:00,4.922005767025455,4.977081854062012
synthetic_exchange,economics,xgboost_ar,exchange_1,2025-02-02 00:00:00,4.947453481402558,5.004153274223975
synthetic_exchange,economics,xgboost_ar,exchange_1,2025-02-03 00:00:00,5.019999999999998,5.018739793732171
synthetic_exchange,economics,xgboost_ar,exchange_1,2025-02-04 00:00:00,5.092546518597442,5.018942456241254
synthetic_exchange,economics,xgboost_ar,exchange_1,2025-02-05 00:00:00,5.117994232974547,5.005257788219723
synthetic_exchange,economics,xgboost_ar,exchange_1,2025-02-06 00:00:00,5.084710699129407,5.004355936733057
synthetic_exchange,economics,xgboost_ar,exchange_1,2025-02-07 00:00:00,5.0252893008706,5.001910502360104
synthetic_exchange,economics,xgboost_ar,exchange_1,2025-02-08 00:00:00,4.9920057670254545,5.004355936733057
synthetic_exchange,economics,xgboost_ar,exchange_1,2025-02-09 00:00:00,5.017453481402557,5.004355936733057
synthetic_exchange,economics,xgboost_ar,exchange_1,2025-02-10 00:00:00,5.090000000000001,5.004355936733057
synthetic_exchange,economics,xgboost_ar,exchange_1,2025-02-11 00:00:00,5.162546518597444,5.004355936733057
synthetic_exchange,economics,xgboost_ar,exchange_1,2025-02-12 00:00:00,5.187994232974546,5.004355936733057
synthetic_exchange,economics,xgboost_ar,exchange_1,2025-02-13 00:00:00,5.154710699129404,5.004355936733057
synthetic_exchange,economics,xgboost_ar,exchange_1,2025-02-14 00:00:00,5.095289300870597,5.004355936733057
synthetic_exchange,economics,xgboost_ar,exchange_1,2025-02-15 00:00:00,5.062005767025455,5.004355936733057
synthetic_exchange,economics,xgboost_ar,exchange_1,2025-02-16 00:00:00,5.087453481402556,5.004355936733057
synthetic_exchange,economics,xgboost_ar,exchange_1,2025-02-17 00:00:00,5.159999999999998,5.004355936733057
synthetic_exchange,economics,xgboost_ar,exchange_1,2025-02-18 00:00:00,5.23254651859744,5.004355936733057
synthetic_exchange,economics,xgboost_ar,exchange_1,2025-02-19 00:00:00,5.257994232974547,5.004355936733057
synthetic_exchange,economics,xgboost_ar,exchange_1,2025-02-20 00:00:00,5.224710699129402,5.004355936733057
synthetic_exchange,economics,xgboost_ar,exchange_1,2025-02-21 00:00:00,5.165289300870595,5.004355936733057
synthetic_exchange,economics,xgboost_ar,exchange_1,2025-02-22 00:00:00,5.132005767025453,5.004355936733057
synthetic_exchange,economics,xgboost_ar,exchange_1,2025-02-23 00:00:00,5.157453481402558,5.004355936733057
synthetic_exchange,economics,xgboost_ar,exchange_2,2025-01-31 00:00:00,4.985289300870594,5.001629893800463
synthetic_exchange,economics,xgboost_ar,exchange_2,2025-02-01 00:00:00,4.9520057670254545,5.007081854062011
synthetic_exchange,economics,xgboost_ar,exchange_2,2025-02-02 00:00:00,4.9774534814025575,5.034153274223973
synthetic_exchange,economics,xgboost_ar,exchange_2,2025-02-03 00:00:00,5.049999999999997,5.048739793732169
synthetic_exchange,economics,xgboost_ar,exchange_2,2025-02-04 00:00:00,5.122546518597441,5.048942456241252
synthetic_exchange,economics,xgboost_ar,exchange_2,2025-02-05 00:00:00,5.147994232974546,5.035257788219721
synthetic_exchange,economics,xgboost_ar,exchange_2,2025-02-06 00:00:00,5.1147106991294065,5.034355936733055
synthetic_exchange,economics,xgboost_ar,exchange_2,2025-02-07 00:00:00,5.0552893008706,5.031910502360103
synthetic_exchange,economics,xgboost_ar,exchange_2,2025-02-08 00:00:00,5.022005767025454,5.034355936733055
synthetic_exchange,economics,xgboost_ar,exchange_2,2025-02-09 00:00:00,5.047453481402556,5.034355936733055
synthetic_exchange,economics,xgboost_ar,exchange_2,2025-02-10 00:00:00,5.12,5.034355936733055
synthetic_exchange,economics,xgboost_ar,exchange_2,2025-02-11 00:00:00,5.192546518597443,5.034355936733055
synthetic_exchange,economics,xgboost_ar,exchange_2,2025-02-12 00:00:00,5.2179942329745455,5.034355936733055
synthetic_exchange,economics,xgboost_ar,exchange_2,2025-02-13 00:00:00,5.184710699129403,5.034355936733055
synthetic_exchange,economics,xgboost_ar,exchange_2,2025-02-14 00:00:00,5.125289300870596,5.034355936733055
synthetic_exchange,economics,xgboost_ar,exchange_2,2025-02-15 00:00:00,5.092005767025454,5.034355936733055
synthetic_exchange,economics,xgboost_ar,exchange_2,2025-02-16 00:00:00,5.117453481402555,5.034355936733055
synthetic_exchange,economics,xgboost_ar,exchange_2,2025-02-17 00:00:00,5.189999999999998,5.034355936733055
synthetic_exchange,economics,xgboost_ar,exchange_2,2025-02-18 00:00:00,5.262546518597439,5.034355936733055
synthetic_exchange,economics,xgboost_ar,exchange_2,2025-02-19 00:00:00,5.287994232974547,5.034355936733055
synthetic_exchange,economics,xgboost_ar,exchange_2,2025-02-20 00:00:00,5.254710699129402,5.034355936733055
synthetic_exchange,economics,xgboost_ar,exchange_2,2025-02-21 00:00:00,5.195289300870594,5.034355936733055
synthetic_exchange,economics,xgboost_ar,exchange_2,2025-02-22 00:00:00,5.162005767025453,5.034355936733055
synthetic_exchange,economics,xgboost_ar,exchange_2,2025-02-23 00:00:00,5.1874534814025575,5.034355936733055
synthetic_exchange,economics,tabpfn_ts,exchange_0,2025-01-31 00:00:00,4.9252893008705945,4.9110236167907715
synthetic_exchange,economics,tabpfn_ts,exchange_0,2025-02-01 00:00:00,4.892005767025455,4.855775356292725
synthetic_exchange,economics,tabpfn_ts,exchange_0,2025-02-02 00:00:00,4.917453481402558,4.8827290534973145
synthetic_exchange,economics,tabpfn_ts,exchange_0,2025-02-03 00:00:00,4.9899999999999975,4.92758321762085
synthetic_exchange,economics,tabpfn_ts,exchange_0,2025-02-04 00:00:00,5.062546518597442,4.997744560241699
synthetic_exchange,economics,tabpfn_ts,exchange_0,2025-02-05 00:00:00,5.0879942329745464,5.012272357940674
synthetic_exchange,economics,tabpfn_ts,exchange_0,2025-02-06 00:00:00,5.054710699129407,4.998525619506836
synthetic_exchange,economics,tabpfn_ts,exchange_0,2025-02-07 00:00:00,4.9952893008706,4.933180332183838
synthetic_exchange,economics,tabpfn_ts,exchange_0,2025-02-08 00:00:00,4.962005767025454,4.906309604644775
synthetic_exchange,economics,tabpfn_ts,exchange_0,2025-02-09 00:00:00,4.987453481402556,4.930602550506592
synthetic_exchange,economics,tabpfn_ts,exchange_0,2025-02-10 00:00:00,5.0600000000000005,4.971461772918701
synthetic_exchange,economics,tabpfn_ts,exchange_0,2025-02-11 00:00:00,5.132546518597444,5.045963287353516
synthetic_exchange,economics,tabpfn_ts,exchange_0,2025-02-12 00:00:00,5.157994232974546,5.05801248550415
synthetic_exchange,economics,tabpfn_ts,exchange_0,2025-02-13 00:00:00,5.124710699129404,5.048578262329102
synthetic_exchange,economics,tabpfn_ts,exchange_0,2025-02-14 00:00:00,5.065289300870597,4.981636047363281
synthetic_exchange,economics,tabpfn_ts,exchange_0,2025-02-15 00:00:00,5.0320057670254545,4.95435094833374
synthetic_exchange,economics,tabpfn_ts,exchange_0,2025-02-16 00:00:00,5.057453481402556,4.9796881675720215
synthetic_exchange,economics,tabpfn_ts,exchange_0,2025-02-17 00:00:00,5.129999999999998,5.017510890960693
synthetic_exchange,economics,tabpfn_ts,exchange_0,2025-02-18 00:00:00,5.2025465185974396,5.080670356750488
synthetic_exchange,economics,tabpfn_ts,exchange_0,2025-02-19 00:00:00,5.227994232974547,5.1019415855407715
synthetic_exchange,economics,tabpfn_ts,exchange_0,2025-02-20 00:00:00,5.194710699129402,5.087510108947754
synthetic_exchange,economics,tabpfn_ts,exchange_0,2025-02-21 00:00:00,5.135289300870594,5.0290632247924805
synthetic_exchange,economics,tabpfn_ts,exchange_0,2025-02-22 00:00:00,5.102005767025453,4.998458385467529
synthetic_exchange,economics,tabpfn_ts,exchange_0,2025-02-23 00:00:00,5.127453481402558,5.023908615112305
synthetic_exchange,economics,tabpfn_ts,exchange_1,2025-01-31 00:00:00,4.955289300870595,4.941023826599121
synthetic_exchange,economics,tabpfn_ts,exchange_1,2025-02-01 00:00:00,4.922005767025455,4.885775089263916
synthetic_exchange,economics,tabpfn_ts,exchange_1,2025-02-02 00:00:00,4.947453481402558,4.912729263305664
synthetic_exchange,economics,tabpfn_ts,exchange_1,2025-02-03 00:00:00,5.019999999999998,4.957582950592041
synthetic_exchange,economics,tabpfn_ts,exchange_1,2025-02-04 00:00:00,5.092546518597442,5.027744770050049
synthetic_exchange,economics,tabpfn_ts,exchange_1,2025-02-05 00:00:00,5.117994232974547,5.042272567749023
synthetic_exchange,economics,tabpfn_ts,exchange_1,2025-02-06 00:00:00,5.084710699129407,5.0285258293151855
synthetic_exchange,economics,tabpfn_ts,exchange_1,2025-02-07 00:00:00,5.0252893008706,4.9631805419921875
synthetic_exchange,economics,tabpfn_ts,exchange_1,2025-02-08 00:00:00,4.9920057670254545,4.936309337615967
synthetic_exchange,economics,tabpfn_ts,exchange_1,2025-02-09 00:00:00,5.017453481402557,4.960602760314941
synthetic_exchange,economics,tabpfn_ts,exchange_1,2025-02-10 00:00:00,5.090000000000001,5.001461505889893
synthetic_exchange,economics,tabpfn_ts,exchange_1,2025-02-11 00:00:00,5.162546518597444,5.075963020324707
synthetic_exchange,economics,tabpfn_ts,exchange_1,2025-02-12 00:00:00,5.187994232974546,5.088012218475342
synthetic_exchange,economics,tabpfn_ts,exchange_1,2025-02-13 00:00:00,5.154710699129404,5.078578472137451
synthetic_exchange,economics,tabpfn_ts,exchange_1,2025-02-14 00:00:00,5.095289300870597,5.011635780334473
synthetic_exchange,economics,tabpfn_ts,exchange_1,2025-02-15 00:00:00,5.062005767025455,4.98435115814209
synthetic_exchange,economics,tabpfn_ts,exchange_1,2025-02-16 00:00:00,5.087453481402556,5.009687900543213
synthetic_exchange,economics,tabpfn_ts,exchange_1,2025-02-17 00:00:00,5.159999999999998,5.047511100769043
synthetic_exchange,economics,tabpfn_ts,exchange_1,2025-02-18 00:00:00,5.23254651859744,5.11067008972168
synthetic_exchange,economics,tabpfn_ts,exchange_1,2025-02-19 00:00:00,5.257994232974547,5.131941318511963
synthetic_exchange,economics,tabpfn_ts,exchange_1,2025-02-20 00:00:00,5.224710699129402,5.1175103187561035
synthetic_exchange,economics,tabpfn_ts,exchange_1,2025-02-21 00:00:00,5.165289300870595,5.059062957763672
synthetic_exchange,economics,tabpfn_ts,exchange_1,2025-02-22 00:00:00,5.132005767025453,5.028458595275879
synthetic_exchange,economics,tabpfn_ts,exchange_1,2025-02-23 00:00:00,5.157453481402558,5.053908348083496
synthetic_exchange,economics,tabpfn_ts,exchange_2,2025-01-31 00:00:00,4.985289300870594,4.971024036407471
synthetic_exchange,economics,tabpfn_ts,exchange_2,2025-02-01 00:00:00,4.9520057670254545,4.915775299072266
synthetic_exchange,economics,tabpfn_ts,exchange_2,2025-02-02 00:00:00,4.9774534814025575,4.9427289962768555
synthetic_exchange,economics,tabpfn_ts,exchange_2,2025-02-03 00:00:00,5.049999999999997,4.987583160400391
synthetic_exchange,economics,tabpfn_ts,exchange_2,2025-02-04 00:00:00,5.122546518597441,5.057744979858398
synthetic_exchange,economics,tabpfn_ts,exchange_2,2025-02-05 00:00:00,5.147994232974546,5.072272777557373
synthetic_exchange,economics,tabpfn_ts,exchange_2,2025-02-06 00:00:00,5.1147106991294065,5.058526039123535
synthetic_exchange,economics,tabpfn_ts,exchange_2,2025-02-07 00:00:00,5.0552893008706,4.993180751800537
synthetic_exchange,economics,tabpfn_ts,exchange_2,2025-02-08 00:00:00,5.022005767025454,4.966309547424316
synthetic_exchange,economics,tabpfn_ts,exchange_2,2025-02-09 00:00:00,5.047453481402556,4.990602970123291
synthetic_exchange,economics,tabpfn_ts,exchange_2,2025-02-10 00:00:00,5.12,5.031461715698242
synthetic_exchange,economics,tabpfn_ts,exchange_2,2025-02-11 00:00:00,5.192546518597443,5.105963230133057
synthetic_exchange,economics,tabpfn_ts,exchange_2,2025-02-12 00:00:00,5.2179942329745455,5.118012428283691
synthetic_exchange,economics,tabpfn_ts,exchange_2,2025-02-13 00:00:00,5.184710699129403,5.108578681945801
synthetic_exchange,economics,tabpfn_ts,exchange_2,2025-02-14 00:00:00,5.125289300870596,5.041635990142822
synthetic_exchange,economics,tabpfn_ts,exchange_2,2025-02-15 00:00:00,5.092005767025454,5.0143513679504395
synthetic_exchange,economics,tabpfn_ts,exchange_2,2025-02-16 00:00:00,5.117453481402555,5.0396881103515625
synthetic_exchange,economics,tabpfn_ts,exchange_2,2025-02-17 00:00:00,5.189999999999998,5.077511310577393
synthetic_exchange,economics,tabpfn_ts,exchange_2,2025-02-18 00:00:00,5.262546518597439,5.1406707763671875
synthetic_exchange,economics,tabpfn_ts,exchange_2,2025-02-19 00:00:00,5.287994232974547,5.1619415283203125
synthetic_exchange,economics,tabpfn_ts,exchange_2,2025-02-20 00:00:00,5.254710699129402,5.147510051727295
synthetic_exchange,economics,tabpfn_ts,exchange_2,2025-02-21 00:00:00,5.195289300870594,5.0890631675720215
synthetic_exchange,economics,tabpfn_ts,exchange_2,2025-02-22 00:00:00,5.162005767025453,5.05845832824707
synthetic_exchange,economics,tabpfn_ts,exchange_2,2025-02-23 00:00:00,5.1874534814025575,5.083908557891846
stock_provided,finance,dummy_mean,0002.HK_1h,2026-03-17 13:30:00,73.25,74.89270834128062
stock_provided,finance,dummy_mean,0002.HK_1h,2026-03-17 14:30:00,73.25,74.89270834128062
stock_provided,finance,dummy_mean,0002.HK_1h,2026-03-17 15:30:00,73.44999694824219,74.89270834128062
stock_provided,finance,dummy_mean,0002.HK_1h,2026-03-18 09:30:00,73.75,74.89270834128062
stock_provided,finance,dummy_mean,0002.HK_1h,2026-03-18 10:30:00,73.80000305175781,74.89270834128062
stock_provided,finance,dummy_mean,0002.HK_1h,2026-03-18 11:30:00,73.8499984741211,74.89270834128062
stock_provided,finance,dummy_mean,0002.HK_1h,2026-03-18 12:30:00,74.0999984741211,74.89270834128062
stock_provided,finance,dummy_mean,0002.HK_1h,2026-03-18 13:30:00,74.30000305175781,74.89270834128062
stock_provided,finance,dummy_mean,0002.HK_1h,2026-03-18 14:30:00,74.0999984741211,74.89270834128062
stock_provided,finance,dummy_mean,0002.HK_1h,2026-03-18 15:30:00,74.30000305175781,74.89270834128062
stock_provided,finance,dummy_mean,0002.HK_1h,2026-03-19 09:30:00,73.94999694824219,74.89270834128062
stock_provided,finance,dummy_mean,0002.HK_1h,2026-03-19 10:30:00,73.6500015258789,74.89270834128062
stock_provided,finance,dummy_mean,0002.HK_1h,2026-03-19 11:30:00,73.75,74.89270834128062
stock_provided,finance,dummy_mean,0002.HK_1h,2026-03-19 12:30:00,73.5999984741211,74.89270834128062
stock_provided,finance,dummy_mean,0002.HK_1h,2026-03-19 13:30:00,73.55000305175781,74.89270834128062
stock_provided,finance,dummy_mean,0002.HK_1h,2026-03-19 14:30:00,73.75,74.89270834128062
stock_provided,finance,dummy_mean,0002.HK_1h,2026-03-19 15:30:00,73.75,74.89270834128062
stock_provided,finance,dummy_mean,0002.HK_1h,2026-03-20 09:30:00,73.5999984741211,74.89270834128062
stock_provided,finance,dummy_mean,0002.HK_1h,2026-03-20 10:30:00,73.55000305175781,74.89270834128062
stock_provided,finance,dummy_mean,0002.HK_1h,2026-03-20 11:30:00,73.6500015258789,74.89270834128062
stock_provided,finance,dummy_mean,0002.HK_1h,2026-03-20 12:30:00,73.55000305175781,74.89270834128062
stock_provided,finance,dummy_mean,0002.HK_1h,2026-03-20 13:30:00,73.5,74.89270834128062
stock_provided,finance,dummy_mean,0002.HK_1h,2026-03-20 14:30:00,73.6500015258789,74.89270834128062
stock_provided,finance,dummy_mean,0002.HK_1h,2026-03-20 15:30:00,73.5999984741211,74.89270834128062
stock_provided,finance,dummy_mean,0003.HK_1h,2026-03-17 13:30:00,7.260000228881836,7.548854179680347
stock_provided,finance,dummy_mean,0003.HK_1h,2026-03-17 14:30:00,7.269999980926514,7.548854179680347
stock_provided,finance,dummy_mean,0003.HK_1h,2026-03-17 15:30:00,7.260000228881836,7.548854179680347
stock_provided,finance,dummy_mean,0003.HK_1h,2026-03-18 09:30:00,7.25,7.548854179680347
stock_provided,finance,dummy_mean,0003.HK_1h,2026-03-18 10:30:00,7.239999771118164,7.548854179680347
stock_provided,finance,dummy_mean,0003.HK_1h,2026-03-18 11:30:00,7.239999771118164,7.548854179680347
stock_provided,finance,dummy_mean,0003.HK_1h,2026-03-18 12:30:00,7.269999980926514,7.548854179680347
stock_provided,finance,dummy_mean,0003.HK_1h,2026-03-18 13:30:00,7.289999961853027,7.548854179680347
stock_provided,finance,dummy_mean,0003.HK_1h,2026-03-18 14:30:00,7.300000190734863,7.548854179680347
stock_provided,finance,dummy_mean,0003.HK_1h,2026-03-18 15:30:00,7.289999961853027,7.548854179680347
stock_provided,finance,dummy_mean,0003.HK_1h,2026-03-19 09:30:00,7.340000152587891,7.548854179680347
stock_provided,finance,dummy_mean,0003.HK_1h,2026-03-19 10:30:00,7.340000152587891,7.548854179680347
stock_provided,finance,dummy_mean,0003.HK_1h,2026-03-19 11:30:00,7.360000133514404,7.548854179680347
stock_provided,finance,dummy_mean,0003.HK_1h,2026-03-19 12:30:00,7.380000114440918,7.548854179680347
stock_provided,finance,dummy_mean,0003.HK_1h,2026-03-19 13:30:00,7.389999866485596,7.548854179680347
stock_provided,finance,dummy_mean,0003.HK_1h,2026-03-19 14:30:00,7.389999866485596,7.548854179680347
stock_provided,finance,dummy_mean,0003.HK_1h,2026-03-19 15:30:00,7.420000076293945,7.548854179680347
stock_provided,finance,dummy_mean,0003.HK_1h,2026-03-20 09:30:00,7.389999866485596,7.548854179680347
stock_provided,finance,dummy_mean,0003.HK_1h,2026-03-20 10:30:00,7.349999904632568,7.548854179680347
stock_provided,finance,dummy_mean,0003.HK_1h,2026-03-20 11:30:00,7.340000152587891,7.548854179680347
stock_provided,finance,dummy_mean,0003.HK_1h,2026-03-20 12:30:00,7.349999904632568,7.548854179680347
stock_provided,finance,dummy_mean,0003.HK_1h,2026-03-20 13:30:00,7.320000171661377,7.548854179680347
stock_provided,finance,dummy_mean,0003.HK_1h,2026-03-20 14:30:00,7.329999923706055,7.548854179680347
stock_provided,finance,dummy_mean,0003.HK_1h,2026-03-20 15:30:00,7.340000152587891,7.548854179680347
stock_provided,finance,dummy_mean,0006.HK_1h,2026-03-17 13:30:00,61.5,61.981770753860474
stock_provided,finance,dummy_mean,0006.HK_1h,2026-03-17 14:30:00,61.34999847412109,61.981770753860474
stock_provided,finance,dummy_mean,0006.HK_1h,2026-03-17 15:30:00,61.45000076293945,61.981770753860474
stock_provided,finance,dummy_mean,0006.HK_1h,2026-03-18 09:30:00,61.900001525878906,61.981770753860474
stock_provided,finance,dummy_mean,0006.HK_1h,2026-03-18 10:30:00,61.84999847412109,61.981770753860474
stock_provided,finance,dummy_mean,0006.HK_1h,2026-03-18 11:30:00,61.900001525878906,61.981770753860474
stock_provided,finance,dummy_mean,0006.HK_1h,2026-03-18 12:30:00,62.20000076293945,61.981770753860474
stock_provided,finance,dummy_mean,0006.HK_1h,2026-03-18 13:30:00,62.54999923706055,61.981770753860474
stock_provided,finance,dummy_mean,0006.HK_1h,2026-03-18 14:30:00,62.25,61.981770753860474
stock_provided,finance,dummy_mean,0006.HK_1h,2026-03-18 15:30:00,62.25,61.981770753860474
stock_provided,finance,dummy_mean,0006.HK_1h,2026-03-19 09:30:00,62.45000076293945,61.981770753860474
stock_provided,finance,dummy_mean,0006.HK_1h,2026-03-19 10:30:00,61.95000076293945,61.981770753860474
stock_provided,finance,dummy_mean,0006.HK_1h,2026-03-19 11:30:00,62.04999923706055,61.981770753860474
stock_provided,finance,dummy_mean,0006.HK_1h,2026-03-19 12:30:00,62.400001525878906,61.981770753860474
stock_provided,finance,dummy_mean,0006.HK_1h,2026-03-19 13:30:00,62.20000076293945,61.981770753860474
stock_provided,finance,dummy_mean,0006.HK_1h,2026-03-19 14:30:00,62.25,61.981770753860474
stock_provided,finance,dummy_mean,0006.HK_1h,2026-03-19 15:30:00,62.0,61.981770753860474
stock_provided,finance,dummy_mean,0006.HK_1h,2026-03-20 09:30:00,61.900001525878906,61.981770753860474
stock_provided,finance,dummy_mean,0006.HK_1h,2026-03-20 10:30:00,62.0,61.981770753860474
stock_provided,finance,dummy_mean,0006.HK_1h,2026-03-20 11:30:00,62.09999847412109,61.981770753860474
stock_provided,finance,dummy_mean,0006.HK_1h,2026-03-20 12:30:00,61.95000076293945,61.981770753860474
stock_provided,finance,dummy_mean,0006.HK_1h,2026-03-20 13:30:00,61.900001525878906,61.981770753860474
stock_provided,finance,dummy_mean,0006.HK_1h,2026-03-20 14:30:00,61.900001525878906,61.981770753860474
stock_provided,finance,dummy_mean,0006.HK_1h,2026-03-20 15:30:00,61.79999923706055,61.981770753860474
stock_provided,finance,seasonal_naive,0002.HK_1h,2026-03-17 13:30:00,73.25,72.94999694824219
stock_provided,finance,seasonal_naive,0002.HK_1h,2026-03-17 14:30:00,73.25,72.8499984741211
stock_provided,finance,seasonal_naive,0002.HK_1h,2026-03-17 15:30:00,73.44999694824219,73.0
stock_provided,finance,seasonal_naive,0002.HK_1h,2026-03-18 09:30:00,73.75,73.0
stock_provided,finance,seasonal_naive,0002.HK_1h,2026-03-18 10:30:00,73.80000305175781,73.0
stock_provided,finance,seasonal_naive,0002.HK_1h,2026-03-18 11:30:00,73.8499984741211,73.1500015258789
stock_provided,finance,seasonal_naive,0002.HK_1h,2026-03-18 12:30:00,74.0999984741211,73.9000015258789
stock_provided,finance,seasonal_naive,0002.HK_1h,2026-03-18 13:30:00,74.30000305175781,73.94999694824219
stock_provided,finance,seasonal_naive,0002.HK_1h,2026-03-18 14:30:00,74.0999984741211,74.0
stock_provided,finance,seasonal_naive,0002.HK_1h,2026-03-18 15:30:00,74.30000305175781,73.94999694824219
stock_provided,finance,seasonal_naive,0002.HK_1h,2026-03-19 09:30:00,73.94999694824219,73.94999694824219
stock_provided,finance,seasonal_naive,0002.HK_1h,2026-03-19 10:30:00,73.6500015258789,73.6500015258789
stock_provided,finance,seasonal_naive,0002.HK_1h,2026-03-19 11:30:00,73.75,73.5999984741211
stock_provided,finance,seasonal_naive,0002.HK_1h,2026-03-19 12:30:00,73.5999984741211,73.19999694824219
stock_provided,finance,seasonal_naive,0002.HK_1h,2026-03-19 13:30:00,73.55000305175781,73.19999694824219
stock_provided,finance,seasonal_naive,0002.HK_1h,2026-03-19 14:30:00,73.75,73.1500015258789
stock_provided,finance,seasonal_naive,0002.HK_1h,2026-03-19 15:30:00,73.75,72.80000305175781
stock_provided,finance,seasonal_naive,0002.HK_1h,2026-03-20 09:30:00,73.5999984741211,73.0999984741211
stock_provided,finance,seasonal_naive,0002.HK_1h,2026-03-20 10:30:00,73.55000305175781,73.05000305175781
stock_provided,finance,seasonal_naive,0002.HK_1h,2026-03-20 11:30:00,73.6500015258789,73.0999984741211
stock_provided,finance,seasonal_naive,0002.HK_1h,2026-03-20 12:30:00,73.55000305175781,73.30000305175781
stock_provided,finance,seasonal_naive,0002.HK_1h,2026-03-20 13:30:00,73.5,73.0999984741211
stock_provided,finance,seasonal_naive,0002.HK_1h,2026-03-20 14:30:00,73.6500015258789,73.19999694824219
stock_provided,finance,seasonal_naive,0002.HK_1h,2026-03-20 15:30:00,73.5999984741211,73.19999694824219
stock_provided,finance,seasonal_naive,0003.HK_1h,2026-03-17 13:30:00,7.260000228881836,7.440000057220459
stock_provided,finance,seasonal_naive,0003.HK_1h,2026-03-17 14:30:00,7.269999980926514,7.480000019073486
stock_provided,finance,seasonal_naive,0003.HK_1h,2026-03-17 15:30:00,7.260000228881836,7.460000038146973
stock_provided,finance,seasonal_naive,0003.HK_1h,2026-03-18 09:30:00,7.25,7.46999979019165
stock_provided,finance,seasonal_naive,0003.HK_1h,2026-03-18 10:30:00,7.239999771118164,7.489999771118164
stock_provided,finance,seasonal_naive,0003.HK_1h,2026-03-18 11:30:00,7.239999771118164,7.489999771118164
stock_provided,finance,seasonal_naive,0003.HK_1h,2026-03-18 12:30:00,7.269999980926514,7.510000228881836
stock_provided,finance,seasonal_naive,0003.HK_1h,2026-03-18 13:30:00,7.289999961853027,7.510000228881836
stock_provided,finance,seasonal_naive,0003.HK_1h,2026-03-18 14:30:00,7.300000190734863,7.489999771118164
stock_provided,finance,seasonal_naive,0003.HK_1h,2026-03-18 15:30:00,7.289999961853027,7.489999771118164
stock_provided,finance,seasonal_naive,0003.HK_1h,2026-03-19 09:30:00,7.340000152587891,7.489999771118164
stock_provided,finance,seasonal_naive,0003.HK_1h,2026-03-19 10:30:00,7.340000152587891,7.460000038146973
stock_provided,finance,seasonal_naive,0003.HK_1h,2026-03-19 11:30:00,7.360000133514404,7.460000038146973
stock_provided,finance,seasonal_naive,0003.HK_1h,2026-03-19 12:30:00,7.380000114440918,7.369999885559082
stock_provided,finance,seasonal_naive,0003.HK_1h,2026-03-19 13:30:00,7.389999866485596,7.309999942779541
stock_provided,finance,seasonal_naive,0003.HK_1h,2026-03-19 14:30:00,7.389999866485596,7.340000152587891
stock_provided,finance,seasonal_naive,0003.HK_1h,2026-03-19 15:30:00,7.420000076293945,7.309999942779541
stock_provided,finance,seasonal_naive,0003.HK_1h,2026-03-20 09:30:00,7.389999866485596,7.329999923706055
stock_provided,finance,seasonal_naive,0003.HK_1h,2026-03-20 10:30:00,7.349999904632568,7.329999923706055
stock_provided,finance,seasonal_naive,0003.HK_1h,2026-03-20 11:30:00,7.340000152587891,7.340000152587891
stock_provided,finance,seasonal_naive,0003.HK_1h,2026-03-20 12:30:00,7.349999904632568,7.309999942779541
stock_provided,finance,seasonal_naive,0003.HK_1h,2026-03-20 13:30:00,7.320000171661377,7.269999980926514
stock_provided,finance,seasonal_naive,0003.HK_1h,2026-03-20 14:30:00,7.329999923706055,7.289999961853027
stock_provided,finance,seasonal_naive,0003.HK_1h,2026-03-20 15:30:00,7.340000152587891,7.289999961853027
stock_provided,finance,seasonal_naive,0006.HK_1h,2026-03-17 13:30:00,61.5,61.20000076293945
stock_provided,finance,seasonal_naive,0006.HK_1h,2026-03-17 14:30:00,61.34999847412109,61.09999847412109
stock_provided,finance,seasonal_naive,0006.HK_1h,2026-03-17 15:30:00,61.45000076293945,61.09999847412109
stock_provided,finance,seasonal_naive,0006.HK_1h,2026-03-18 09:30:00,61.900001525878906,61.34999847412109
stock_provided,finance,seasonal_naive,0006.HK_1h,2026-03-18 10:30:00,61.84999847412109,61.59999847412109
stock_provided,finance,seasonal_naive,0006.HK_1h,2026-03-18 11:30:00,61.900001525878906,61.70000076293945
stock_provided,finance,seasonal_naive,0006.HK_1h,2026-03-18 12:30:00,62.20000076293945,61.900001525878906
stock_provided,finance,seasonal_naive,0006.HK_1h,2026-03-18 13:30:00,62.54999923706055,61.75
stock_provided,finance,seasonal_naive,0006.HK_1h,2026-03-18 14:30:00,62.25,61.79999923706055
stock_provided,finance,seasonal_naive,0006.HK_1h,2026-03-18 15:30:00,62.25,61.54999923706055
stock_provided,finance,seasonal_naive,0006.HK_1h,2026-03-19 09:30:00,62.45000076293945,61.75
stock_provided,finance,seasonal_naive,0006.HK_1h,2026-03-19 10:30:00,61.95000076293945,61.650001525878906
stock_provided,finance,seasonal_naive,0006.HK_1h,2026-03-19 11:30:00,62.04999923706055,61.70000076293945
stock_provided,finance,seasonal_naive,0006.HK_1h,2026-03-19 12:30:00,62.400001525878906,60.95000076293945
stock_provided,finance,seasonal_naive,0006.HK_1h,2026-03-19 13:30:00,62.20000076293945,61.150001525878906
stock_provided,finance,seasonal_naive,0006.HK_1h,2026-03-19 14:30:00,62.25,61.25
stock_provided,finance,seasonal_naive,0006.HK_1h,2026-03-19 15:30:00,62.0,60.79999923706055
stock_provided,finance,seasonal_naive,0006.HK_1h,2026-03-20 09:30:00,61.900001525878906,61.20000076293945
stock_provided,finance,seasonal_naive,0006.HK_1h,2026-03-20 10:30:00,62.0,61.09999847412109
stock_provided,finance,seasonal_naive,0006.HK_1h,2026-03-20 11:30:00,62.09999847412109,61.20000076293945
stock_provided,finance,seasonal_naive,0006.HK_1h,2026-03-20 12:30:00,61.95000076293945,61.59999847412109
stock_provided,finance,seasonal_naive,0006.HK_1h,2026-03-20 13:30:00,61.900001525878906,61.5
stock_provided,finance,seasonal_naive,0006.HK_1h,2026-03-20 14:30:00,61.900001525878906,61.59999847412109
stock_provided,finance,seasonal_naive,0006.HK_1h,2026-03-20 15:30:00,61.79999923706055,61.54999923706055
stock_provided,finance,moving_average,0002.HK_1h,2026-03-17 13:30:00,73.25,73.30624930063884
stock_provided,finance,moving_average,0002.HK_1h,2026-03-17 14:30:00,73.25,73.30624930063884
stock_provided,finance,moving_average,0002.HK_1h,2026-03-17 15:30:00,73.44999694824219,73.30624930063884
stock_provided,finance,moving_average,0002.HK_1h,2026-03-18 09:30:00,73.75,73.30624930063884
stock_provided,finance,moving_average,0002.HK_1h,2026-03-18 10:30:00,73.80000305175781,73.30624930063884
stock_provided,finance,moving_average,0002.HK_1h,2026-03-18 11:30:00,73.8499984741211,73.30624930063884
stock_provided,finance,moving_average,0002.HK_1h,2026-03-18 12:30:00,74.0999984741211,73.30624930063884
stock_provided,finance,moving_average,0002.HK_1h,2026-03-18 13:30:00,74.30000305175781,73.30624930063884
stock_provided,finance,moving_average,0002.HK_1h,2026-03-18 14:30:00,74.0999984741211,73.30624930063884
stock_provided,finance,moving_average,0002.HK_1h,2026-03-18 15:30:00,74.30000305175781,73.30624930063884
stock_provided,finance,moving_average,0002.HK_1h,2026-03-19 09:30:00,73.94999694824219,73.30624930063884
stock_provided,finance,moving_average,0002.HK_1h,2026-03-19 10:30:00,73.6500015258789,73.30624930063884
stock_provided,finance,moving_average,0002.HK_1h,2026-03-19 11:30:00,73.75,73.30624930063884
stock_provided,finance,moving_average,0002.HK_1h,2026-03-19 12:30:00,73.5999984741211,73.30624930063884
stock_provided,finance,moving_average,0002.HK_1h,2026-03-19 13:30:00,73.55000305175781,73.30624930063884
stock_provided,finance,moving_average,0002.HK_1h,2026-03-19 14:30:00,73.75,73.30624930063884
stock_provided,finance,moving_average,0002.HK_1h,2026-03-19 15:30:00,73.75,73.30624930063884
stock_provided,finance,moving_average,0002.HK_1h,2026-03-20 09:30:00,73.5999984741211,73.30624930063884
stock_provided,finance,moving_average,0002.HK_1h,2026-03-20 10:30:00,73.55000305175781,73.30624930063884
stock_provided,finance,moving_average,0002.HK_1h,2026-03-20 11:30:00,73.6500015258789,73.30624930063884
stock_provided,finance,moving_average,0002.HK_1h,2026-03-20 12:30:00,73.55000305175781,73.30624930063884
stock_provided,finance,moving_average,0002.HK_1h,2026-03-20 13:30:00,73.5,73.30624930063884
stock_provided,finance,moving_average,0002.HK_1h,2026-03-20 14:30:00,73.6500015258789,73.30624930063884
stock_provided,finance,moving_average,0002.HK_1h,2026-03-20 15:30:00,73.5999984741211,73.30624930063884
stock_provided,finance,moving_average,0003.HK_1h,2026-03-17 13:30:00,7.260000228881836,7.405416627724965
stock_provided,finance,moving_average,0003.HK_1h,2026-03-17 14:30:00,7.269999980926514,7.405416627724965
stock_provided,finance,moving_average,0003.HK_1h,2026-03-17 15:30:00,7.260000228881836,7.405416627724965
stock_provided,finance,moving_average,0003.HK_1h,2026-03-18 09:30:00,7.25,7.405416627724965
stock_provided,finance,moving_average,0003.HK_1h,2026-03-18 10:30:00,7.239999771118164,7.405416627724965
stock_provided,finance,moving_average,0003.HK_1h,2026-03-18 11:30:00,7.239999771118164,7.405416627724965
stock_provided,finance,moving_average,0003.HK_1h,2026-03-18 12:30:00,7.269999980926514,7.405416627724965
stock_provided,finance,moving_average,0003.HK_1h,2026-03-18 13:30:00,7.289999961853027,7.405416627724965
stock_provided,finance,moving_average,0003.HK_1h,2026-03-18 14:30:00,7.300000190734863,7.405416627724965
stock_provided,finance,moving_average,0003.HK_1h,2026-03-18 15:30:00,7.289999961853027,7.405416627724965
stock_provided,finance,moving_average,0003.HK_1h,2026-03-19 09:30:00,7.340000152587891,7.405416627724965
stock_provided,finance,moving_average,0003.HK_1h,2026-03-19 10:30:00,7.340000152587891,7.405416627724965
stock_provided,finance,moving_average,0003.HK_1h,2026-03-19 11:30:00,7.360000133514404,7.405416627724965
stock_provided,finance,moving_average,0003.HK_1h,2026-03-19 12:30:00,7.380000114440918,7.405416627724965
stock_provided,finance,moving_average,0003.HK_1h,2026-03-19 13:30:00,7.389999866485596,7.405416627724965
stock_provided,finance,moving_average,0003.HK_1h,2026-03-19 14:30:00,7.389999866485596,7.405416627724965
stock_provided,finance,moving_average,0003.HK_1h,2026-03-19 15:30:00,7.420000076293945,7.405416627724965
stock_provided,finance,moving_average,0003.HK_1h,2026-03-20 09:30:00,7.389999866485596,7.405416627724965
stock_provided,finance,moving_average,0003.HK_1h,2026-03-20 10:30:00,7.349999904632568,7.405416627724965
stock_provided,finance,moving_average,0003.HK_1h,2026-03-20 11:30:00,7.340000152587891,7.405416627724965
stock_provided,finance,moving_average,0003.HK_1h,2026-03-20 12:30:00,7.349999904632568,7.405416627724965
stock_provided,finance,moving_average,0003.HK_1h,2026-03-20 13:30:00,7.320000171661377,7.405416627724965
stock_provided,finance,moving_average,0003.HK_1h,2026-03-20 14:30:00,7.329999923706055,7.405416627724965
stock_provided,finance,moving_average,0003.HK_1h,2026-03-20 15:30:00,7.340000152587891,7.405416627724965
stock_provided,finance,moving_average,0006.HK_1h,2026-03-17 13:30:00,61.5,61.41874980926514
stock_provided,finance,moving_average,0006.HK_1h,2026-03-17 14:30:00,61.34999847412109,61.41874980926514
stock_provided,finance,moving_average,0006.HK_1h,2026-03-17 15:30:00,61.45000076293945,61.41874980926514
stock_provided,finance,moving_average,0006.HK_1h,2026-03-18 09:30:00,61.900001525878906,61.41874980926514
stock_provided,finance,moving_average,0006.HK_1h,2026-03-18 10:30:00,61.84999847412109,61.41874980926514
stock_provided,finance,moving_average,0006.HK_1h,2026-03-18 11:30:00,61.900001525878906,61.41874980926514
stock_provided,finance,moving_average,0006.HK_1h,2026-03-18 12:30:00,62.20000076293945,61.41874980926514
stock_provided,finance,moving_average,0006.HK_1h,2026-03-18 13:30:00,62.54999923706055,61.41874980926514
stock_provided,finance,moving_average,0006.HK_1h,2026-03-18 14:30:00,62.25,61.41874980926514
stock_provided,finance,moving_average,0006.HK_1h,2026-03-18 15:30:00,62.25,61.41874980926514
stock_provided,finance,moving_average,0006.HK_1h,2026-03-19 09:30:00,62.45000076293945,61.41874980926514
stock_provided,finance,moving_average,0006.HK_1h,2026-03-19 10:30:00,61.95000076293945,61.41874980926514
stock_provided,finance,moving_average,0006.HK_1h,2026-03-19 11:30:00,62.04999923706055,61.41874980926514
stock_provided,finance,moving_average,0006.HK_1h,2026-03-19 12:30:00,62.400001525878906,61.41874980926514
stock_provided,finance,moving_average,0006.HK_1h,2026-03-19 13:30:00,62.20000076293945,61.41874980926514
stock_provided,finance,moving_average,0006.HK_1h,2026-03-19 14:30:00,62.25,61.41874980926514
stock_provided,finance,moving_average,0006.HK_1h,2026-03-19 15:30:00,62.0,61.41874980926514
stock_provided,finance,moving_average,0006.HK_1h,2026-03-20 09:30:00,61.900001525878906,61.41874980926514
stock_provided,finance,moving_average,0006.HK_1h,2026-03-20 10:30:00,62.0,61.41874980926514
stock_provided,finance,moving_average,0006.HK_1h,2026-03-20 11:30:00,62.09999847412109,61.41874980926514
stock_provided,finance,moving_average,0006.HK_1h,2026-03-20 12:30:00,61.95000076293945,61.41874980926514
stock_provided,finance,moving_average,0006.HK_1h,2026-03-20 13:30:00,61.900001525878906,61.41874980926514
stock_provided,finance,moving_average,0006.HK_1h,2026-03-20 14:30:00,61.900001525878906,61.41874980926514
stock_provided,finance,moving_average,0006.HK_1h,2026-03-20 15:30:00,61.79999923706055,61.41874980926514
stock_provided,finance,linear_trend,0002.HK_1h,2026-03-17 13:30:00,73.25,73.6542997863696
stock_provided,finance,linear_trend,0002.HK_1h,2026-03-17 14:30:00,73.25,73.64146653709592
stock_provided,finance,linear_trend,0002.HK_1h,2026-03-17 15:30:00,73.44999694824219,73.62863328782223
stock_provided,finance,linear_trend,0002.HK_1h,2026-03-18 09:30:00,73.75,73.61580003854854
stock_provided,finance,linear_trend,0002.HK_1h,2026-03-18 10:30:00,73.80000305175781,73.60296678927484
stock_provided,finance,linear_trend,0002.HK_1h,2026-03-18 11:30:00,73.8499984741211,73.59013354000116
stock_provided,finance,linear_trend,0002.HK_1h,2026-03-18 12:30:00,74.0999984741211,73.57730029072748
stock_provided,finance,linear_trend,0002.HK_1h,2026-03-18 13:30:00,74.30000305175781,73.56446704145378
stock_provided,finance,linear_trend,0002.HK_1h,2026-03-18 14:30:00,74.0999984741211,73.5516337921801
stock_provided,finance,linear_trend,0002.HK_1h,2026-03-18 15:30:00,74.30000305175781,73.5388005429064
stock_provided,finance,linear_trend,0002.HK_1h,2026-03-19 09:30:00,73.94999694824219,73.52596729363272
stock_provided,finance,linear_trend,0002.HK_1h,2026-03-19 10:30:00,73.6500015258789,73.51313404435903
stock_provided,finance,linear_trend,0002.HK_1h,2026-03-19 11:30:00,73.75,73.50030079508534
stock_provided,finance,linear_trend,0002.HK_1h,2026-03-19 12:30:00,73.5999984741211,73.48746754581165
stock_provided,finance,linear_trend,0002.HK_1h,2026-03-19 13:30:00,73.55000305175781,73.47463429653796
stock_provided,finance,linear_trend,0002.HK_1h,2026-03-19 14:30:00,73.75,73.46180104726427
stock_provided,finance,linear_trend,0002.HK_1h,2026-03-19 15:30:00,73.75,73.44896779799058
stock_provided,finance,linear_trend,0002.HK_1h,2026-03-20 09:30:00,73.5999984741211,73.4361345487169
stock_provided,finance,linear_trend,0002.HK_1h,2026-03-20 10:30:00,73.55000305175781,73.42330129944321
stock_provided,finance,linear_trend,0002.HK_1h,2026-03-20 11:30:00,73.6500015258789,73.41046805016951
stock_provided,finance,linear_trend,0002.HK_1h,2026-03-20 12:30:00,73.55000305175781,73.39763480089583
stock_provided,finance,linear_trend,0002.HK_1h,2026-03-20 13:30:00,73.5,73.38480155162213
stock_provided,finance,linear_trend,0002.HK_1h,2026-03-20 14:30:00,73.6500015258789,73.37196830234845
stock_provided,finance,linear_trend,0002.HK_1h,2026-03-20 15:30:00,73.5999984741211,73.35913505307477
stock_provided,finance,linear_trend,0003.HK_1h,2026-03-17 13:30:00,7.260000228881836,7.463037733476199
stock_provided,finance,linear_trend,0003.HK_1h,2026-03-17 14:30:00,7.269999980926514,7.4621484438782275
stock_provided,finance,linear_trend,0003.HK_1h,2026-03-17 15:30:00,7.260000228881836,7.461259154280257
stock_provided,finance,linear_trend,0003.HK_1h,2026-03-18 09:30:00,7.25,7.460369864682287
stock_provided,finance,linear_trend,0003.HK_1h,2026-03-18 10:30:00,7.239999771118164,7.459480575084316
stock_provided,finance,linear_trend,0003.HK_1h,2026-03-18 11:30:00,7.239999771118164,7.458591285486346
stock_provided,finance,linear_trend,0003.HK_1h,2026-03-18 12:30:00,7.269999980926514,7.4577019958883755
stock_provided,finance,linear_trend,0003.HK_1h,2026-03-18 13:30:00,7.289999961853027,7.456812706290405
stock_provided,finance,linear_trend,0003.HK_1h,2026-03-18 14:30:00,7.300000190734863,7.455923416692435
stock_provided,finance,linear_trend,0003.HK_1h,2026-03-18 15:30:00,7.289999961853027,7.455034127094464
stock_provided,finance,linear_trend,0003.HK_1h,2026-03-19 09:30:00,7.340000152587891,7.454144837496494
stock_provided,finance,linear_trend,0003.HK_1h,2026-03-19 10:30:00,7.340000152587891,7.453255547898523
stock_provided,finance,linear_trend,0003.HK_1h,2026-03-19 11:30:00,7.360000133514404,7.452366258300553
stock_provided,finance,linear_trend,0003.HK_1h,2026-03-19 12:30:00,7.380000114440918,7.451476968702583
stock_provided,finance,linear_trend,0003.HK_1h,2026-03-19 13:30:00,7.389999866485596,7.450587679104612
stock_provided,finance,linear_trend,0003.HK_1h,2026-03-19 14:30:00,7.389999866485596,7.449698389506642
stock_provided,finance,linear_trend,0003.HK_1h,2026-03-19 15:30:00,7.420000076293945,7.448809099908671
stock_provided,finance,linear_trend,0003.HK_1h,2026-03-20 09:30:00,7.389999866485596,7.447919810310701
stock_provided,finance,linear_trend,0003.HK_1h,2026-03-20 10:30:00,7.349999904632568,7.4470305207127305
stock_provided,finance,linear_trend,0003.HK_1h,2026-03-20 11:30:00,7.340000152587891,7.44614123111476
stock_provided,finance,linear_trend,0003.HK_1h,2026-03-20 12:30:00,7.349999904632568,7.44525194151679
stock_provided,finance,linear_trend,0003.HK_1h,2026-03-20 13:30:00,7.320000171661377,7.444362651918819
stock_provided,finance,linear_trend,0003.HK_1h,2026-03-20 14:30:00,7.329999923706055,7.443473362320849
stock_provided,finance,linear_trend,0003.HK_1h,2026-03-20 15:30:00,7.340000152587891,7.4425840727228785
stock_provided,finance,linear_trend,0006.HK_1h,2026-03-17 13:30:00,61.5,62.330437270758665
stock_provided,finance,linear_trend,0006.HK_1h,2026-03-17 14:30:00,61.34999847412109,62.334050395286106
stock_provided,finance,linear_trend,0006.HK_1h,2026-03-17 15:30:00,61.45000076293945,62.337663519813546
stock_provided,finance,linear_trend,0006.HK_1h,2026-03-18 09:30:00,61.900001525878906,62.34127664434099
stock_provided,finance,linear_trend,0006.HK_1h,2026-03-18 10:30:00,61.84999847412109,62.344889768868434
stock_provided,finance,linear_trend,0006.HK_1h,2026-03-18 11:30:00,61.900001525878906,62.348502893395874
stock_provided,finance,linear_trend,0006.HK_1h,2026-03-18 12:30:00,62.20000076293945,62.352116017923315
stock_provided,finance,linear_trend,0006.HK_1h,2026-03-18 13:30:00,62.54999923706055,62.355729142450755
stock_provided,finance,linear_trend,0006.HK_1h,2026-03-18 14:30:00,62.25,62.3593422669782
stock_provided,finance,linear_trend,0006.HK_1h,2026-03-18 15:30:00,62.25,62.36295539150564
stock_provided,finance,linear_trend,0006.HK_1h,2026-03-19 09:30:00,62.45000076293945,62.366568516033084
stock_provided,finance,linear_trend,0006.HK_1h,2026-03-19 10:30:00,61.95000076293945,62.37018164056053
stock_provided,finance,linear_trend,0006.HK_1h,2026-03-19 11:30:00,62.04999923706055,62.37379476508797
stock_provided,finance,linear_trend,0006.HK_1h,2026-03-19 12:30:00,62.400001525878906,62.37740788961541
stock_provided,finance,linear_trend,0006.HK_1h,2026-03-19 13:30:00,62.20000076293945,62.38102101414285
stock_provided,finance,linear_trend,0006.HK_1h,2026-03-19 14:30:00,62.25,62.3846341386703
stock_provided,finance,linear_trend,0006.HK_1h,2026-03-19 15:30:00,62.0,62.38824726319774
stock_provided,finance,linear_trend,0006.HK_1h,2026-03-20 09:30:00,61.900001525878906,62.39186038772518
stock_provided,finance,linear_trend,0006.HK_1h,2026-03-20 10:30:00,62.0,62.39547351225263
stock_provided,finance,linear_trend,0006.HK_1h,2026-03-20 11:30:00,62.09999847412109,62.39908663678007
stock_provided,finance,linear_trend,0006.HK_1h,2026-03-20 12:30:00,61.95000076293945,62.40269976130751
stock_provided,finance,linear_trend,0006.HK_1h,2026-03-20 13:30:00,61.900001525878906,62.40631288583495
stock_provided,finance,linear_trend,0006.HK_1h,2026-03-20 14:30:00,61.900001525878906,62.4099260103624
stock_provided,finance,linear_trend,0006.HK_1h,2026-03-20 15:30:00,61.79999923706055,62.41353913488984
stock_provided,finance,ridge_ar,0002.HK_1h,2026-03-17 13:30:00,73.25,73.27822655083004
stock_provided,finance,ridge_ar,0002.HK_1h,2026-03-17 14:30:00,73.25,73.34259710985289
stock_provided,finance,ridge_ar,0002.HK_1h,2026-03-17 15:30:00,73.44999694824219,73.44747617075863
stock_provided,finance,ridge_ar,0002.HK_1h,2026-03-18 09:30:00,73.75,73.54625976132647
stock_provided,finance,ridge_ar,0002.HK_1h,2026-03-18 10:30:00,73.80000305175781,73.63638343528942
stock_provided,finance,ridge_ar,0002.HK_1h,2026-03-18 11:30:00,73.8499984741211,73.69535454720864
stock_provided,finance,ridge_ar,0002.HK_1h,2026-03-18 12:30:00,74.0999984741211,73.70167007673508
stock_provided,finance,ridge_ar,0002.HK_1h,2026-03-18 13:30:00,74.30000305175781,73.7114201056895
stock_provided,finance,ridge_ar,0002.HK_1h,2026-03-18 14:30:00,74.0999984741211,73.70941646085814
stock_provided,finance,ridge_ar,0002.HK_1h,2026-03-18 15:30:00,74.30000305175781,73.6754529485972
stock_provided,finance,ridge_ar,0002.HK_1h,2026-03-19 09:30:00,73.94999694824219,73.64690886052645
stock_provided,finance,ridge_ar,0002.HK_1h,2026-03-19 10:30:00,73.6500015258789,73.63263759784029
stock_provided,finance,ridge_ar,0002.HK_1h,2026-03-19 11:30:00,73.75,73.60843878979992
stock_provided,finance,ridge_ar,0002.HK_1h,2026-03-19 12:30:00,73.5999984741211,73.60160479949201
stock_provided,finance,ridge_ar,0002.HK_1h,2026-03-19 13:30:00,73.55000305175781,73.60112636815214
stock_provided,finance,ridge_ar,0002.HK_1h,2026-03-19 14:30:00,73.75,73.59855753400537
stock_provided,finance,ridge_ar,0002.HK_1h,2026-03-19 15:30:00,73.75,73.67794020306678
stock_provided,finance,ridge_ar,0002.HK_1h,2026-03-20 09:30:00,73.5999984741211,73.75102394444917
stock_provided,finance,ridge_ar,0002.HK_1h,2026-03-20 10:30:00,73.55000305175781,73.82856286195033
stock_provided,finance,ridge_ar,0002.HK_1h,2026-03-20 11:30:00,73.6500015258789,73.90582645034942
stock_provided,finance,ridge_ar,0002.HK_1h,2026-03-20 12:30:00,73.55000305175781,73.95743366467646
stock_provided,finance,ridge_ar,0002.HK_1h,2026-03-20 13:30:00,73.5,74.01742914448025
stock_provided,finance,ridge_ar,0002.HK_1h,2026-03-20 14:30:00,73.6500015258789,74.0567147112227
stock_provided,finance,ridge_ar,0002.HK_1h,2026-03-20 15:30:00,73.5999984741211,74.10258711328233
stock_provided,finance,ridge_ar,0003.HK_1h,2026-03-17 13:30:00,7.260000228881836,7.3015677339399785
stock_provided,finance,ridge_ar,0003.HK_1h,2026-03-17 14:30:00,7.269999980926514,7.3114428465320636
stock_provided,finance,ridge_ar,0003.HK_1h,2026-03-17 15:30:00,7.260000228881836,7.329314244853355
stock_provided,finance,ridge_ar,0003.HK_1h,2026-03-18 09:30:00,7.25,7.346495617349166
stock_provided,finance,ridge_ar,0003.HK_1h,2026-03-18 10:30:00,7.239999771118164,7.359934007598643
stock_provided,finance,ridge_ar,0003.HK_1h,2026-03-18 11:30:00,7.239999771118164,7.370235158355323
stock_provided,finance,ridge_ar,0003.HK_1h,2026-03-18 12:30:00,7.269999980926514,7.378634818744171
stock_provided,finance,ridge_ar,0003.HK_1h,2026-03-18 13:30:00,7.289999961853027,7.386572645406289
stock_provided,finance,ridge_ar,0003.HK_1h,2026-03-18 14:30:00,7.300000190734863,7.3953630065547244
stock_provided,finance,ridge_ar,0003.HK_1h,2026-03-18 15:30:00,7.289999961853027,7.401999372420556
stock_provided,finance,ridge_ar,0003.HK_1h,2026-03-19 09:30:00,7.340000152587891,7.407384063362934
stock_provided,finance,ridge_ar,0003.HK_1h,2026-03-19 10:30:00,7.340000152587891,7.41431486951815
stock_provided,finance,ridge_ar,0003.HK_1h,2026-03-19 11:30:00,7.360000133514404,7.4187860763457705
stock_provided,finance,ridge_ar,0003.HK_1h,2026-03-19 12:30:00,7.380000114440918,7.426967511509751
stock_provided,finance,ridge_ar,0003.HK_1h,2026-03-19 13:30:00,7.389999866485596,7.436353407595583
stock_provided,finance,ridge_ar,0003.HK_1h,2026-03-19 14:30:00,7.389999866485596,7.442754272760494
stock_provided,finance,ridge_ar,0003.HK_1h,2026-03-19 15:30:00,7.420000076293945,7.445762022348609
stock_provided,finance,ridge_ar,0003.HK_1h,2026-03-20 09:30:00,7.389999866485596,7.447819844075471
stock_provided,finance,ridge_ar,0003.HK_1h,2026-03-20 10:30:00,7.349999904632568,7.450877073644111
stock_provided,finance,ridge_ar,0003.HK_1h,2026-03-20 11:30:00,7.340000152587891,7.453050656088554
stock_provided,finance,ridge_ar,0003.HK_1h,2026-03-20 12:30:00,7.349999904632568,7.454917429275801
stock_provided,finance,ridge_ar,0003.HK_1h,2026-03-20 13:30:00,7.320000171661377,7.458527105205551
stock_provided,finance,ridge_ar,0003.HK_1h,2026-03-20 14:30:00,7.329999923706055,7.459651730183935
stock_provided,finance,ridge_ar,0003.HK_1h,2026-03-20 15:30:00,7.340000152587891,7.464800245066086
stock_provided,finance,ridge_ar,0006.HK_1h,2026-03-17 13:30:00,61.5,61.58354219865588
stock_provided,finance,ridge_ar,0006.HK_1h,2026-03-17 14:30:00,61.34999847412109,61.607973534526685
stock_provided,finance,ridge_ar,0006.HK_1h,2026-03-17 15:30:00,61.45000076293945,61.6978376126901
stock_provided,finance,ridge_ar,0006.HK_1h,2026-03-18 09:30:00,61.900001525878906,61.78018714028852
stock_provided,finance,ridge_ar,0006.HK_1h,2026-03-18 10:30:00,61.84999847412109,61.8305019875815
stock_provided,finance,ridge_ar,0006.HK_1h,2026-03-18 11:30:00,61.900001525878906,61.851731923523595
stock_provided,finance,ridge_ar,0006.HK_1h,2026-03-18 12:30:00,62.20000076293945,61.850562778256524
stock_provided,finance,ridge_ar,0006.HK_1h,2026-03-18 13:30:00,62.54999923706055,61.86848333791169
stock_provided,finance,ridge_ar,0006.HK_1h,2026-03-18 14:30:00,62.25,61.884604167039306
stock_provided,finance,ridge_ar,0006.HK_1h,2026-03-18 15:30:00,62.25,61.880790931022425
stock_provided,finance,ridge_ar,0006.HK_1h,2026-03-19 09:30:00,62.45000076293945,61.8564316752819
stock_provided,finance,ridge_ar,0006.HK_1h,2026-03-19 10:30:00,61.95000076293945,61.83665955514249
stock_provided,finance,ridge_ar,0006.HK_1h,2026-03-19 11:30:00,62.04999923706055,61.799811028559574
stock_provided,finance,ridge_ar,0006.HK_1h,2026-03-19 12:30:00,62.400001525878906,61.795591015264954
stock_provided,finance,ridge_ar,0006.HK_1h,2026-03-19 13:30:00,62.20000076293945,61.78599088713257
stock_provided,finance,ridge_ar,0006.HK_1h,2026-03-19 14:30:00,62.25,61.76409774950592
stock_provided,finance,ridge_ar,0006.HK_1h,2026-03-19 15:30:00,62.0,61.78242446636085
stock_provided,finance,ridge_ar,0006.HK_1h,2026-03-20 09:30:00,61.900001525878906,61.773829684306
stock_provided,finance,ridge_ar,0006.HK_1h,2026-03-20 10:30:00,62.0,61.75713773136184
stock_provided,finance,ridge_ar,0006.HK_1h,2026-03-20 11:30:00,62.09999847412109,61.73063829286853
stock_provided,finance,ridge_ar,0006.HK_1h,2026-03-20 12:30:00,61.95000076293945,61.68151205061809
stock_provided,finance,ridge_ar,0006.HK_1h,2026-03-20 13:30:00,61.900001525878906,61.63518594833531
stock_provided,finance,ridge_ar,0006.HK_1h,2026-03-20 14:30:00,61.900001525878906,61.57490119159252
stock_provided,finance,ridge_ar,0006.HK_1h,2026-03-20 15:30:00,61.79999923706055,61.57687345670686
stock_provided,finance,hist_gradient_boosting_ar,0002.HK_1h,2026-03-17 13:30:00,73.25,73.25184986270693
stock_provided,finance,hist_gradient_boosting_ar,0002.HK_1h,2026-03-17 14:30:00,73.25,73.30088357758622
stock_provided,finance,hist_gradient_boosting_ar,0002.HK_1h,2026-03-17 15:30:00,73.44999694824219,73.37610212266036
stock_provided,finance,hist_gradient_boosting_ar,0002.HK_1h,2026-03-18 09:30:00,73.75,73.44235775875042
stock_provided,finance,hist_gradient_boosting_ar,0002.HK_1h,2026-03-18 10:30:00,73.80000305175781,73.42550834098662
stock_provided,finance,hist_gradient_boosting_ar,0002.HK_1h,2026-03-18 11:30:00,73.8499984741211,73.43894804391037
stock_provided,finance,hist_gradient_boosting_ar,0002.HK_1h,2026-03-18 12:30:00,74.0999984741211,73.37220586460585
stock_provided,finance,hist_gradient_boosting_ar,0002.HK_1h,2026-03-18 13:30:00,74.30000305175781,73.37787167589148
stock_provided,finance,hist_gradient_boosting_ar,0002.HK_1h,2026-03-18 14:30:00,74.0999984741211,73.37037880519577
stock_provided,finance,hist_gradient_boosting_ar,0002.HK_1h,2026-03-18 15:30:00,74.30000305175781,73.22119334440595
stock_provided,finance,hist_gradient_boosting_ar,0002.HK_1h,2026-03-19 09:30:00,73.94999694824219,73.12494604100372
stock_provided,finance,hist_gradient_boosting_ar,0002.HK_1h,2026-03-19 10:30:00,73.6500015258789,73.02374724243911
stock_provided,finance,hist_gradient_boosting_ar,0002.HK_1h,2026-03-19 11:30:00,73.75,72.96988832321925
stock_provided,finance,hist_gradient_boosting_ar,0002.HK_1h,2026-03-19 12:30:00,73.5999984741211,73.1958348693697
stock_provided,finance,hist_gradient_boosting_ar,0002.HK_1h,2026-03-19 13:30:00,73.55000305175781,73.23602644356016
stock_provided,finance,hist_gradient_boosting_ar,0002.HK_1h,2026-03-19 14:30:00,73.75,73.2328956377956
stock_provided,finance,hist_gradient_boosting_ar,0002.HK_1h,2026-03-19 15:30:00,73.75,73.29360197552532
stock_provided,finance,hist_gradient_boosting_ar,0002.HK_1h,2026-03-20 09:30:00,73.5999984741211,73.3118689776892
stock_provided,finance,hist_gradient_boosting_ar,0002.HK_1h,2026-03-20 10:30:00,73.55000305175781,73.3118689776892
stock_provided,finance,hist_gradient_boosting_ar,0002.HK_1h,2026-03-20 11:30:00,73.6500015258789,73.3118689776892
stock_provided,finance,hist_gradient_boosting_ar,0002.HK_1h,2026-03-20 12:30:00,73.55000305175781,73.1791064448462
stock_provided,finance,hist_gradient_boosting_ar,0002.HK_1h,2026-03-20 13:30:00,73.5,73.29360197552532
stock_provided,finance,hist_gradient_boosting_ar,0002.HK_1h,2026-03-20 14:30:00,73.6500015258789,73.3118689776892
stock_provided,finance,hist_gradient_boosting_ar,0002.HK_1h,2026-03-20 15:30:00,73.5999984741211,73.3118689776892
stock_provided,finance,hist_gradient_boosting_ar,0003.HK_1h,2026-03-17 13:30:00,7.260000228881836,7.316840398065299
stock_provided,finance,hist_gradient_boosting_ar,0003.HK_1h,2026-03-17 14:30:00,7.269999980926514,7.328972229367495
stock_provided,finance,hist_gradient_boosting_ar,0003.HK_1h,2026-03-17 15:30:00,7.260000228881836,7.335926953618694
stock_provided,finance,hist_gradient_boosting_ar,0003.HK_1h,2026-03-18 09:30:00,7.25,7.336303192645873
stock_provided,finance,hist_gradient_boosting_ar,0003.HK_1h,2026-03-18 10:30:00,7.239999771118164,7.340994315038638
stock_provided,finance,hist_gradient_boosting_ar,0003.HK_1h,2026-03-18 11:30:00,7.239999771118164,7.340994315038638
stock_provided,finance,hist_gradient_boosting_ar,0003.HK_1h,2026-03-18 12:30:00,7.269999980926514,7.33309652868145
stock_provided,finance,hist_gradient_boosting_ar,0003.HK_1h,2026-03-18 13:30:00,7.289999961853027,7.33309652868145
stock_provided,finance,hist_gradient_boosting_ar,0003.HK_1h,2026-03-18 14:30:00,7.300000190734863,7.340994315038638
stock_provided,finance,hist_gradient_boosting_ar,0003.HK_1h,2026-03-18 15:30:00,7.289999961853027,7.340994315038638
stock_provided,finance,hist_gradient_boosting_ar,0003.HK_1h,2026-03-19 09:30:00,7.340000152587891,7.3444386678083315
stock_provided,finance,hist_gradient_boosting_ar,0003.HK_1h,2026-03-19 10:30:00,7.340000152587891,7.3393713063883865
stock_provided,finance,hist_gradient_boosting_ar,0003.HK_1h,2026-03-19 11:30:00,7.360000133514404,7.3393713063883865
stock_provided,finance,hist_gradient_boosting_ar,0003.HK_1h,2026-03-19 12:30:00,7.380000114440918,7.346169865662488
stock_provided,finance,hist_gradient_boosting_ar,0003.HK_1h,2026-03-19 13:30:00,7.389999866485596,7.3489558310486185
stock_provided,finance,hist_gradient_boosting_ar,0003.HK_1h,2026-03-19 14:30:00,7.389999866485596,7.3489558310486185
stock_provided,finance,hist_gradient_boosting_ar,0003.HK_1h,2026-03-19 15:30:00,7.420000076293945,7.336951195159967
stock_provided,finance,hist_gradient_boosting_ar,0003.HK_1h,2026-03-20 09:30:00,7.389999866485596,7.332863784359474
stock_provided,finance,hist_gradient_boosting_ar,0003.HK_1h,2026-03-20 10:30:00,7.349999904632568,7.332863784359474
stock_provided,finance,hist_gradient_boosting_ar,0003.HK_1h,2026-03-20 11:30:00,7.340000152587891,7.332863784359474
stock_provided,finance,hist_gradient_boosting_ar,0003.HK_1h,2026-03-20 12:30:00,7.349999904632568,7.333475160643843
stock_provided,finance,hist_gradient_boosting_ar,0003.HK_1h,2026-03-20 13:30:00,7.320000171661377,7.333755250349171
stock_provided,finance,hist_gradient_boosting_ar,0003.HK_1h,2026-03-20 14:30:00,7.329999923706055,7.334010500331265
stock_provided,finance,hist_gradient_boosting_ar,0003.HK_1h,2026-03-20 15:30:00,7.340000152587891,7.3456319049720635
stock_provided,finance,hist_gradient_boosting_ar,0006.HK_1h,2026-03-17 13:30:00,61.5,61.686956056460964
stock_provided,finance,hist_gradient_boosting_ar,0006.HK_1h,2026-03-17 14:30:00,61.34999847412109,61.772027332472206
stock_provided,finance,hist_gradient_boosting_ar,0006.HK_1h,2026-03-17 15:30:00,61.45000076293945,61.86963877488962
stock_provided,finance,hist_gradient_boosting_ar,0006.HK_1h,2026-03-18 09:30:00,61.900001525878906,61.79294706892152
stock_provided,finance,hist_gradient_boosting_ar,0006.HK_1h,2026-03-18 10:30:00,61.84999847412109,61.91907057375553
stock_provided,finance,hist_gradient_boosting_ar,0006.HK_1h,2026-03-18 11:30:00,61.900001525878906,61.74371380334879
stock_provided,finance,hist_gradient_boosting_ar,0006.HK_1h,2026-03-18 12:30:00,62.20000076293945,61.75866477423089
stock_provided,finance,hist_gradient_boosting_ar,0006.HK_1h,2026-03-18 13:30:00,62.54999923706055,61.84186884455306
stock_provided,finance,hist_gradient_boosting_ar,0006.HK_1h,2026-03-18 14:30:00,62.25,61.901017761750985
stock_provided,finance,hist_gradient_boosting_ar,0006.HK_1h,2026-03-18 15:30:00,62.25,61.82363201527564
stock_provided,finance,hist_gradient_boosting_ar,0006.HK_1h,2026-03-19 09:30:00,62.45000076293945,61.79834638873857
stock_provided,finance,hist_gradient_boosting_ar,0006.HK_1h,2026-03-19 10:30:00,61.95000076293945,61.82734219696267
stock_provided,finance,hist_gradient_boosting_ar,0006.HK_1h,2026-03-19 11:30:00,62.04999923706055,61.88036887592732
stock_provided,finance,hist_gradient_boosting_ar,0006.HK_1h,2026-03-19 12:30:00,62.400001525878906,61.832057458865066
stock_provided,finance,hist_gradient_boosting_ar,0006.HK_1h,2026-03-19 13:30:00,62.20000076293945,61.82615543144752
stock_provided,finance,hist_gradient_boosting_ar,0006.HK_1h,2026-03-19 14:30:00,62.25,61.81001248779794
stock_provided,finance,hist_gradient_boosting_ar,0006.HK_1h,2026-03-19 15:30:00,62.0,61.85492624101787
stock_provided,finance,hist_gradient_boosting_ar,0006.HK_1h,2026-03-20 09:30:00,61.900001525878906,61.77024677330488
stock_provided,finance,hist_gradient_boosting_ar,0006.HK_1h,2026-03-20 10:30:00,62.0,61.84949868401976
stock_provided,finance,hist_gradient_boosting_ar,0006.HK_1h,2026-03-20 11:30:00,62.09999847412109,61.76551159438429
stock_provided,finance,hist_gradient_boosting_ar,0006.HK_1h,2026-03-20 12:30:00,61.95000076293945,62.00971599006393
stock_provided,finance,hist_gradient_boosting_ar,0006.HK_1h,2026-03-20 13:30:00,61.900001525878906,62.07515274431202
stock_provided,finance,hist_gradient_boosting_ar,0006.HK_1h,2026-03-20 14:30:00,61.900001525878906,62.249315957878395
stock_provided,finance,hist_gradient_boosting_ar,0006.HK_1h,2026-03-20 15:30:00,61.79999923706055,62.04642111418163
stock_provided,finance,lightgbm_ar,0002.HK_1h,2026-03-17 13:30:00,73.25,73.14990468285961
stock_provided,finance,lightgbm_ar,0002.HK_1h,2026-03-17 14:30:00,73.25,73.24118041874
stock_provided,finance,lightgbm_ar,0002.HK_1h,2026-03-17 15:30:00,73.44999694824219,73.23438086309737
stock_provided,finance,lightgbm_ar,0002.HK_1h,2026-03-18 09:30:00,73.75,73.21432647030676
stock_provided,finance,lightgbm_ar,0002.HK_1h,2026-03-18 10:30:00,73.80000305175781,73.20903786113077
stock_provided,finance,lightgbm_ar,0002.HK_1h,2026-03-18 11:30:00,73.8499984741211,73.2783885860194
stock_provided,finance,lightgbm_ar,0002.HK_1h,2026-03-18 12:30:00,74.0999984741211,73.23419198356497
stock_provided,finance,lightgbm_ar,0002.HK_1h,2026-03-18 13:30:00,74.30000305175781,73.16695442601807
stock_provided,finance,lightgbm_ar,0002.HK_1h,2026-03-18 14:30:00,74.0999984741211,73.23127327156647
stock_provided,finance,lightgbm_ar,0002.HK_1h,2026-03-18 15:30:00,74.30000305175781,73.11296852202189
stock_provided,finance,lightgbm_ar,0002.HK_1h,2026-03-19 09:30:00,73.94999694824219,73.04114871333438
stock_provided,finance,lightgbm_ar,0002.HK_1h,2026-03-19 10:30:00,73.6500015258789,72.91703482258754
stock_provided,finance,lightgbm_ar,0002.HK_1h,2026-03-19 11:30:00,73.75,72.73248335440293
stock_provided,finance,lightgbm_ar,0002.HK_1h,2026-03-19 12:30:00,73.5999984741211,72.77432412882254
stock_provided,finance,lightgbm_ar,0002.HK_1h,2026-03-19 13:30:00,73.55000305175781,72.81075517994968
stock_provided,finance,lightgbm_ar,0002.HK_1h,2026-03-19 14:30:00,73.75,72.67329215178046
stock_provided,finance,lightgbm_ar,0002.HK_1h,2026-03-19 15:30:00,73.75,72.70401645782636
stock_provided,finance,lightgbm_ar,0002.HK_1h,2026-03-20 09:30:00,73.5999984741211,72.7088733250468
stock_provided,finance,lightgbm_ar,0002.HK_1h,2026-03-20 10:30:00,73.55000305175781,72.7088733250468
stock_provided,finance,lightgbm_ar,0002.HK_1h,2026-03-20 11:30:00,73.6500015258789,72.7088733250468
stock_provided,finance,lightgbm_ar,0002.HK_1h,2026-03-20 12:30:00,73.55000305175781,72.6797271862267
stock_provided,finance,lightgbm_ar,0002.HK_1h,2026-03-20 13:30:00,73.5,72.7088733250468
stock_provided,finance,lightgbm_ar,0002.HK_1h,2026-03-20 14:30:00,73.6500015258789,72.71445808345236
stock_provided,finance,lightgbm_ar,0002.HK_1h,2026-03-20 15:30:00,73.5999984741211,72.71445808345236
stock_provided,finance,lightgbm_ar,0003.HK_1h,2026-03-17 13:30:00,7.260000228881836,7.301706431632335
stock_provided,finance,lightgbm_ar,0003.HK_1h,2026-03-17 14:30:00,7.269999980926514,7.316369391997183
stock_provided,finance,lightgbm_ar,0003.HK_1h,2026-03-17 15:30:00,7.260000228881836,7.330949623415824
stock_provided,finance,lightgbm_ar,0003.HK_1h,2026-03-18 09:30:00,7.25,7.326996718132923
stock_provided,finance,lightgbm_ar,0003.HK_1h,2026-03-18 10:30:00,7.239999771118164,7.330614682541362
stock_provided,finance,lightgbm_ar,0003.HK_1h,2026-03-18 11:30:00,7.239999771118164,7.330614682541362
stock_provided,finance,lightgbm_ar,0003.HK_1h,2026-03-18 12:30:00,7.269999980926514,7.3274370141575735
stock_provided,finance,lightgbm_ar,0003.HK_1h,2026-03-18 13:30:00,7.289999961853027,7.3274370141575735
stock_provided,finance,lightgbm_ar,0003.HK_1h,2026-03-18 14:30:00,7.300000190734863,7.330614682541362
stock_provided,finance,lightgbm_ar,0003.HK_1h,2026-03-18 15:30:00,7.289999961853027,7.330614682541362
stock_provided,finance,lightgbm_ar,0003.HK_1h,2026-03-19 09:30:00,7.340000152587891,7.330614682541362
stock_provided,finance,lightgbm_ar,0003.HK_1h,2026-03-19 10:30:00,7.340000152587891,7.330949623415824
stock_provided,finance,lightgbm_ar,0003.HK_1h,2026-03-19 11:30:00,7.360000133514404,7.330949623415824
stock_provided,finance,lightgbm_ar,0003.HK_1h,2026-03-19 12:30:00,7.380000114440918,7.330373039008429
stock_provided,finance,lightgbm_ar,0003.HK_1h,2026-03-19 13:30:00,7.389999866485596,7.327546559045912
stock_provided,finance,lightgbm_ar,0003.HK_1h,2026-03-19 14:30:00,7.389999866485596,7.327727155425859
stock_provided,finance,lightgbm_ar,0003.HK_1h,2026-03-19 15:30:00,7.420000076293945,7.319142993557569
stock_provided,finance,lightgbm_ar,0003.HK_1h,2026-03-20 09:30:00,7.389999866485596,7.3168198124696
stock_provided,finance,lightgbm_ar,0003.HK_1h,2026-03-20 10:30:00,7.349999904632568,7.316035687132783
stock_provided,finance,lightgbm_ar,0003.HK_1h,2026-03-20 11:30:00,7.340000152587891,7.316035687132783
stock_provided,finance,lightgbm_ar,0003.HK_1h,2026-03-20 12:30:00,7.349999904632568,7.3168198124696
stock_provided,finance,lightgbm_ar,0003.HK_1h,2026-03-20 13:30:00,7.320000171661377,7.317173996566595
stock_provided,finance,lightgbm_ar,0003.HK_1h,2026-03-20 14:30:00,7.329999923706055,7.326663419686277
stock_provided,finance,lightgbm_ar,0003.HK_1h,2026-03-20 15:30:00,7.340000152587891,7.333536965496919
stock_provided,finance,lightgbm_ar,0006.HK_1h,2026-03-17 13:30:00,61.5,61.69142063428094
stock_provided,finance,lightgbm_ar,0006.HK_1h,2026-03-17 14:30:00,61.34999847412109,61.73004255629381
stock_provided,finance,lightgbm_ar,0006.HK_1h,2026-03-17 15:30:00,61.45000076293945,61.80394757364113
stock_provided,finance,lightgbm_ar,0006.HK_1h,2026-03-18 09:30:00,61.900001525878906,61.87297152461867
stock_provided,finance,lightgbm_ar,0006.HK_1h,2026-03-18 10:30:00,61.84999847412109,61.852417112296536
stock_provided,finance,lightgbm_ar,0006.HK_1h,2026-03-18 11:30:00,61.900001525878906,61.705921409083736
stock_provided,finance,lightgbm_ar,0006.HK_1h,2026-03-18 12:30:00,62.20000076293945,61.73627405266535
stock_provided,finance,lightgbm_ar,0006.HK_1h,2026-03-18 13:30:00,62.54999923706055,61.744727515034384
stock_provided,finance,lightgbm_ar,0006.HK_1h,2026-03-18 14:30:00,62.25,61.865128295380735
stock_provided,finance,lightgbm_ar,0006.HK_1h,2026-03-18 15:30:00,62.25,61.848574817189004
stock_provided,finance,lightgbm_ar,0006.HK_1h,2026-03-19 09:30:00,62.45000076293945,61.77537446776449
stock_provided,finance,lightgbm_ar,0006.HK_1h,2026-03-19 10:30:00,61.95000076293945,61.84118876772524
stock_provided,finance,lightgbm_ar,0006.HK_1h,2026-03-19 11:30:00,62.04999923706055,61.80250255482045
stock_provided,finance,lightgbm_ar,0006.HK_1h,2026-03-19 12:30:00,62.400001525878906,61.85578682738505
stock_provided,finance,lightgbm_ar,0006.HK_1h,2026-03-19 13:30:00,62.20000076293945,61.76495693203559
stock_provided,finance,lightgbm_ar,0006.HK_1h,2026-03-19 14:30:00,62.25,61.893142911110814
stock_provided,finance,lightgbm_ar,0006.HK_1h,2026-03-19 15:30:00,62.0,61.72634836727798
stock_provided,finance,lightgbm_ar,0006.HK_1h,2026-03-20 09:30:00,61.900001525878906,61.78025029663732
stock_provided,finance,lightgbm_ar,0006.HK_1h,2026-03-20 10:30:00,62.0,61.8823877141858
stock_provided,finance,lightgbm_ar,0006.HK_1h,2026-03-20 11:30:00,62.09999847412109,61.725437819201474
stock_provided,finance,lightgbm_ar,0006.HK_1h,2026-03-20 12:30:00,61.95000076293945,61.92703603563676
stock_provided,finance,lightgbm_ar,0006.HK_1h,2026-03-20 13:30:00,61.900001525878906,61.962279787992216
stock_provided,finance,lightgbm_ar,0006.HK_1h,2026-03-20 14:30:00,61.900001525878906,61.97132209016298
stock_provided,finance,lightgbm_ar,0006.HK_1h,2026-03-20 15:30:00,61.79999923706055,61.75388750116618
stock_provided,finance,xgboost_ar,0002.HK_1h,2026-03-17 13:30:00,73.25,73.01890379635825
stock_provided,finance,xgboost_ar,0002.HK_1h,2026-03-17 14:30:00,73.25,73.04547911793286
stock_provided,finance,xgboost_ar,0002.HK_1h,2026-03-17 15:30:00,73.44999694824219,73.06463342119594
stock_provided,finance,xgboost_ar,0002.HK_1h,2026-03-18 09:30:00,73.75,73.06463342119594
stock_provided,finance,xgboost_ar,0002.HK_1h,2026-03-18 10:30:00,73.80000305175781,73.05654557003827
stock_provided,finance,xgboost_ar,0002.HK_1h,2026-03-18 11:30:00,73.8499984741211,73.03503110930188
stock_provided,finance,xgboost_ar,0002.HK_1h,2026-03-18 12:30:00,74.0999984741211,72.9896479462978
stock_provided,finance,xgboost_ar,0002.HK_1h,2026-03-18 13:30:00,74.30000305175781,72.9958539211386
stock_provided,finance,xgboost_ar,0002.HK_1h,2026-03-18 14:30:00,74.0999984741211,72.98633471540043
stock_provided,finance,xgboost_ar,0002.HK_1h,2026-03-18 15:30:00,74.30000305175781,72.95976485469534
stock_provided,finance,xgboost_ar,0002.HK_1h,2026-03-19 09:30:00,73.94999694824219,72.86166579443304
stock_provided,finance,xgboost_ar,0002.HK_1h,2026-03-19 10:30:00,73.6500015258789,72.72457824938792
stock_provided,finance,xgboost_ar,0002.HK_1h,2026-03-19 11:30:00,73.75,72.31189199590392
stock_provided,finance,xgboost_ar,0002.HK_1h,2026-03-19 12:30:00,73.5999984741211,72.47053920554987
stock_provided,finance,xgboost_ar,0002.HK_1h,2026-03-19 13:30:00,73.55000305175781,72.5117124932177
stock_provided,finance,xgboost_ar,0002.HK_1h,2026-03-19 14:30:00,73.75,72.51757412989639
stock_provided,finance,xgboost_ar,0002.HK_1h,2026-03-19 15:30:00,73.75,72.70766502630421
stock_provided,finance,xgboost_ar,0002.HK_1h,2026-03-20 09:30:00,73.5999984741211,72.79559291368263
stock_provided,finance,xgboost_ar,0002.HK_1h,2026-03-20 10:30:00,73.55000305175781,72.81090124788737
stock_provided,finance,xgboost_ar,0002.HK_1h,2026-03-20 11:30:00,73.6500015258789,72.97639942174213
stock_provided,finance,xgboost_ar,0002.HK_1h,2026-03-20 12:30:00,73.55000305175781,73.28935153961163
stock_provided,finance,xgboost_ar,0002.HK_1h,2026-03-20 13:30:00,73.5,73.46373955399106
stock_provided,finance,xgboost_ar,0002.HK_1h,2026-03-20 14:30:00,73.6500015258789,73.57139119197201
stock_provided,finance,xgboost_ar,0002.HK_1h,2026-03-20 15:30:00,73.5999984741211,73.55554390028267
stock_provided,finance,xgboost_ar,0003.HK_1h,2026-03-17 13:30:00,7.260000228881836,7.296436516856197
stock_provided,finance,xgboost_ar,0003.HK_1h,2026-03-17 14:30:00,7.269999980926514,7.308179622033031
stock_provided,finance,xgboost_ar,0003.HK_1h,2026-03-17 15:30:00,7.260000228881836,7.322711952005268
stock_provided,finance,xgboost_ar,0003.HK_1h,2026-03-18 09:30:00,7.25,7.328013102344334
stock_provided,finance,xgboost_ar,0003.HK_1h,2026-03-18 10:30:00,7.239999771118164,7.329154815850605
stock_provided,finance,xgboost_ar,0003.HK_1h,2026-03-18 11:30:00,7.239999771118164,7.328385769475851
stock_provided,finance,xgboost_ar,0003.HK_1h,2026-03-18 12:30:00,7.269999980926514,7.32784236475129
stock_provided,finance,xgboost_ar,0003.HK_1h,2026-03-18 13:30:00,7.289999961853027,7.32784236475129
stock_provided,finance,xgboost_ar,0003.HK_1h,2026-03-18 14:30:00,7.300000190734863,7.329154815850605
stock_provided,finance,xgboost_ar,0003.HK_1h,2026-03-18 15:30:00,7.289999961853027,7.328385769475851
stock_provided,finance,xgboost_ar,0003.HK_1h,2026-03-19 09:30:00,7.340000152587891,7.328385769475851
stock_provided,finance,xgboost_ar,0003.HK_1h,2026-03-19 10:30:00,7.340000152587891,7.327402742719428
stock_provided,finance,xgboost_ar,0003.HK_1h,2026-03-19 11:30:00,7.360000133514404,7.327402742719428
stock_provided,finance,xgboost_ar,0003.HK_1h,2026-03-19 12:30:00,7.380000114440918,7.3444588023479
stock_provided,finance,xgboost_ar,0003.HK_1h,2026-03-19 13:30:00,7.389999866485596,7.335247555952129
stock_provided,finance,xgboost_ar,0003.HK_1h,2026-03-19 14:30:00,7.389999866485596,7.337332546612425
stock_provided,finance,xgboost_ar,0003.HK_1h,2026-03-19 15:30:00,7.420000076293945,7.334013552205992
stock_provided,finance,xgboost_ar,0003.HK_1h,2026-03-20 09:30:00,7.389999866485596,7.3323281482870675
stock_provided,finance,xgboost_ar,0003.HK_1h,2026-03-20 10:30:00,7.349999904632568,7.33196312980495
stock_provided,finance,xgboost_ar,0003.HK_1h,2026-03-20 11:30:00,7.340000152587891,7.3305682447049785
stock_provided,finance,xgboost_ar,0003.HK_1h,2026-03-20 12:30:00,7.349999904632568,7.326967302122383
stock_provided,finance,xgboost_ar,0003.HK_1h,2026-03-20 13:30:00,7.320000171661377,7.328335722116284
stock_provided,finance,xgboost_ar,0003.HK_1h,2026-03-20 14:30:00,7.329999923706055,7.327646720350864
stock_provided,finance,xgboost_ar,0003.HK_1h,2026-03-20 15:30:00,7.340000152587891,7.330275596211151
stock_provided,finance,xgboost_ar,0006.HK_1h,2026-03-17 13:30:00,61.5,61.62411397612925
stock_provided,finance,xgboost_ar,0006.HK_1h,2026-03-17 14:30:00,61.34999847412109,61.60564832674312
stock_provided,finance,xgboost_ar,0006.HK_1h,2026-03-17 15:30:00,61.45000076293945,61.60561333679369
stock_provided,finance,xgboost_ar,0006.HK_1h,2026-03-18 09:30:00,61.900001525878906,61.67251149295487
stock_provided,finance,xgboost_ar,0006.HK_1h,2026-03-18 10:30:00,61.84999847412109,61.74187136061481
stock_provided,finance,xgboost_ar,0006.HK_1h,2026-03-18 11:30:00,61.900001525878906,61.81390227499257
stock_provided,finance,xgboost_ar,0006.HK_1h,2026-03-18 12:30:00,62.20000076293945,61.76068081822167
stock_provided,finance,xgboost_ar,0006.HK_1h,2026-03-18 13:30:00,62.54999923706055,61.805112171968645
stock_provided,finance,xgboost_ar,0006.HK_1h,2026-03-18 14:30:00,62.25,61.79979308355291
stock_provided,finance,xgboost_ar,0006.HK_1h,2026-03-18 15:30:00,62.25,61.819218422392616
stock_provided,finance,xgboost_ar,0006.HK_1h,2026-03-19 09:30:00,62.45000076293945,61.80543096411922
stock_provided,finance,xgboost_ar,0006.HK_1h,2026-03-19 10:30:00,61.95000076293945,61.83110145095322
stock_provided,finance,xgboost_ar,0006.HK_1h,2026-03-19 11:30:00,62.04999923706055,61.82454653147305
stock_provided,finance,xgboost_ar,0006.HK_1h,2026-03-19 12:30:00,62.400001525878906,61.75279101473382
stock_provided,finance,xgboost_ar,0006.HK_1h,2026-03-19 13:30:00,62.20000076293945,61.72241199666482
stock_provided,finance,xgboost_ar,0006.HK_1h,2026-03-19 14:30:00,62.25,61.74366823982523
stock_provided,finance,xgboost_ar,0006.HK_1h,2026-03-19 15:30:00,62.0,61.72152401917074
stock_provided,finance,xgboost_ar,0006.HK_1h,2026-03-20 09:30:00,61.900001525878906,61.72243547829201
stock_provided,finance,xgboost_ar,0006.HK_1h,2026-03-20 10:30:00,62.0,61.70883461758282
stock_provided,finance,xgboost_ar,0006.HK_1h,2026-03-20 11:30:00,62.09999847412109,61.58948176115058
stock_provided,finance,xgboost_ar,0006.HK_1h,2026-03-20 12:30:00,61.95000076293945,61.57893990548889
stock_provided,finance,xgboost_ar,0006.HK_1h,2026-03-20 13:30:00,61.900001525878906,61.674032056185894
stock_provided,finance,xgboost_ar,0006.HK_1h,2026-03-20 14:30:00,61.900001525878906,61.675333333567714
stock_provided,finance,xgboost_ar,0006.HK_1h,2026-03-20 15:30:00,61.79999923706055,61.67726133790424
stock_provided,finance,tabpfn_ts,0002.HK_1h,2026-03-17 13:30:00,73.25,73.20951843261719
stock_provided,finance,tabpfn_ts,0002.HK_1h,2026-03-17 14:30:00,73.25,73.21251678466797
stock_provided,finance,tabpfn_ts,0002.HK_1h,2026-03-17 15:30:00,73.44999694824219,73.21240997314453
stock_provided,finance,tabpfn_ts,0002.HK_1h,2026-03-18 09:30:00,73.75,73.21414947509766
stock_provided,finance,tabpfn_ts,0002.HK_1h,2026-03-18 10:30:00,73.80000305175781,73.21086883544922
stock_provided,finance,tabpfn_ts,0002.HK_1h,2026-03-18 11:30:00,73.8499984741211,73.2077865600586
stock_provided,finance,tabpfn_ts,0002.HK_1h,2026-03-18 12:30:00,74.0999984741211,73.20097351074219
stock_provided,finance,tabpfn_ts,0002.HK_1h,2026-03-18 13:30:00,74.30000305175781,73.1985092163086
stock_provided,finance,tabpfn_ts,0002.HK_1h,2026-03-18 14:30:00,74.0999984741211,73.19252014160156
stock_provided,finance,tabpfn_ts,0002.HK_1h,2026-03-18 15:30:00,74.30000305175781,73.18807220458984
stock_provided,finance,tabpfn_ts,0002.HK_1h,2026-03-19 09:30:00,73.94999694824219,73.17501068115234
stock_provided,finance,tabpfn_ts,0002.HK_1h,2026-03-19 10:30:00,73.6500015258789,73.1669921875
stock_provided,finance,tabpfn_ts,0002.HK_1h,2026-03-19 11:30:00,73.75,73.16486358642578
stock_provided,finance,tabpfn_ts,0002.HK_1h,2026-03-19 12:30:00,73.5999984741211,73.16606140136719
stock_provided,finance,tabpfn_ts,0002.HK_1h,2026-03-19 13:30:00,73.55000305175781,73.17292022705078
stock_provided,finance,tabpfn_ts,0002.HK_1h,2026-03-19 14:30:00,73.75,73.17823791503906
stock_provided,finance,tabpfn_ts,0002.HK_1h,2026-03-19 15:30:00,73.75,73.18376922607422
stock_provided,finance,tabpfn_ts,0002.HK_1h,2026-03-20 09:30:00,73.5999984741211,73.20611572265625
stock_provided,finance,tabpfn_ts,0002.HK_1h,2026-03-20 10:30:00,73.55000305175781,73.20805358886719
stock_provided,finance,tabpfn_ts,0002.HK_1h,2026-03-20 11:30:00,73.6500015258789,73.21083068847656
stock_provided,finance,tabpfn_ts,0002.HK_1h,2026-03-20 12:30:00,73.55000305175781,73.21434020996094
stock_provided,finance,tabpfn_ts,0002.HK_1h,2026-03-20 13:30:00,73.5,73.21884155273438
stock_provided,finance,tabpfn_ts,0002.HK_1h,2026-03-20 14:30:00,73.6500015258789,73.21719360351562
stock_provided,finance,tabpfn_ts,0002.HK_1h,2026-03-20 15:30:00,73.5999984741211,73.21016693115234
stock_provided,finance,tabpfn_ts,0003.HK_1h,2026-03-17 13:30:00,7.260000228881836,7.283994197845459
stock_provided,finance,tabpfn_ts,0003.HK_1h,2026-03-17 14:30:00,7.269999980926514,7.284069538116455
stock_provided,finance,tabpfn_ts,0003.HK_1h,2026-03-17 15:30:00,7.260000228881836,7.284050941467285
stock_provided,finance,tabpfn_ts,0003.HK_1h,2026-03-18 09:30:00,7.25,7.285341739654541
stock_provided,finance,tabpfn_ts,0003.HK_1h,2026-03-18 10:30:00,7.239999771118164,7.288193702697754
stock_provided,finance,tabpfn_ts,0003.HK_1h,2026-03-18 11:30:00,7.239999771118164,7.290616512298584
stock_provided,finance,tabpfn_ts,0003.HK_1h,2026-03-18 12:30:00,7.269999980926514,7.292996883392334
stock_provided,finance,tabpfn_ts,0003.HK_1h,2026-03-18 13:30:00,7.289999961853027,7.297754764556885
stock_provided,finance,tabpfn_ts,0003.HK_1h,2026-03-18 14:30:00,7.300000190734863,7.301543235778809
stock_provided,finance,tabpfn_ts,0003.HK_1h,2026-03-18 15:30:00,7.289999961853027,7.304053783416748
stock_provided,finance,tabpfn_ts,0003.HK_1h,2026-03-19 09:30:00,7.340000152587891,7.307804107666016
stock_provided,finance,tabpfn_ts,0003.HK_1h,2026-03-19 10:30:00,7.340000152587891,7.309274673461914
stock_provided,finance,tabpfn_ts,0003.HK_1h,2026-03-19 11:30:00,7.360000133514404,7.309550762176514
stock_provided,finance,tabpfn_ts,0003.HK_1h,2026-03-19 12:30:00,7.380000114440918,7.310068607330322
stock_provided,finance,tabpfn_ts,0003.HK_1h,2026-03-19 13:30:00,7.389999866485596,7.310144424438477
stock_provided,finance,tabpfn_ts,0003.HK_1h,2026-03-19 14:30:00,7.389999866485596,7.312541484832764
stock_provided,finance,tabpfn_ts,0003.HK_1h,2026-03-19 15:30:00,7.420000076293945,7.316202640533447
stock_provided,finance,tabpfn_ts,0003.HK_1h,2026-03-20 09:30:00,7.389999866485596,7.328125
stock_provided,finance,tabpfn_ts,0003.HK_1h,2026-03-20 10:30:00,7.349999904632568,7.330088138580322
stock_provided,finance,tabpfn_ts,0003.HK_1h,2026-03-20 11:30:00,7.340000152587891,7.330331325531006
stock_provided,finance,tabpfn_ts,0003.HK_1h,2026-03-20 12:30:00,7.349999904632568,7.330666542053223
stock_provided,finance,tabpfn_ts,0003.HK_1h,2026-03-20 13:30:00,7.320000171661377,7.330200672149658
stock_provided,finance,tabpfn_ts,0003.HK_1h,2026-03-20 14:30:00,7.329999923706055,7.328719139099121
stock_provided,finance,tabpfn_ts,0003.HK_1h,2026-03-20 15:30:00,7.340000152587891,7.328488349914551
stock_provided,finance,tabpfn_ts,0006.HK_1h,2026-03-17 13:30:00,61.5,61.579654693603516
stock_provided,finance,tabpfn_ts,0006.HK_1h,2026-03-17 14:30:00,61.34999847412109,61.58180618286133
stock_provided,finance,tabpfn_ts,0006.HK_1h,2026-03-17 15:30:00,61.45000076293945,61.58260726928711
stock_provided,finance,tabpfn_ts,0006.HK_1h,2026-03-18 09:30:00,61.900001525878906,61.54924774169922
stock_provided,finance,tabpfn_ts,0006.HK_1h,2026-03-18 10:30:00,61.84999847412109,61.542381286621094
stock_provided,finance,tabpfn_ts,0006.HK_1h,2026-03-18 11:30:00,61.900001525878906,61.54103088378906
stock_provided,finance,tabpfn_ts,0006.HK_1h,2026-03-18 12:30:00,62.20000076293945,61.53211975097656
stock_provided,finance,tabpfn_ts,0006.HK_1h,2026-03-18 13:30:00,62.54999923706055,61.51093292236328
stock_provided,finance,tabpfn_ts,0006.HK_1h,2026-03-18 14:30:00,62.25,61.48408508300781
stock_provided,finance,tabpfn_ts,0006.HK_1h,2026-03-18 15:30:00,62.25,61.4608268737793
stock_provided,finance,tabpfn_ts,0006.HK_1h,2026-03-19 09:30:00,62.45000076293945,61.53236770629883
stock_provided,finance,tabpfn_ts,0006.HK_1h,2026-03-19 10:30:00,61.95000076293945,61.5306282043457
stock_provided,finance,tabpfn_ts,0006.HK_1h,2026-03-19 11:30:00,62.04999923706055,61.53279113769531
stock_provided,finance,tabpfn_ts,0006.HK_1h,2026-03-19 12:30:00,62.400001525878906,61.536338806152344
stock_provided,finance,tabpfn_ts,0006.HK_1h,2026-03-19 13:30:00,62.20000076293945,61.540000915527344
stock_provided,finance,tabpfn_ts,0006.HK_1h,2026-03-19 14:30:00,62.25,61.544986724853516
stock_provided,finance,tabpfn_ts,0006.HK_1h,2026-03-19 15:30:00,62.0,61.55066680908203
stock_provided,finance,tabpfn_ts,0006.HK_1h,2026-03-20 09:30:00,61.900001525878906,61.436058044433594
stock_provided,finance,tabpfn_ts,0006.HK_1h,2026-03-20 10:30:00,62.0,61.42363739013672
stock_provided,finance,tabpfn_ts,0006.HK_1h,2026-03-20 11:30:00,62.09999847412109,61.415069580078125
stock_provided,finance,tabpfn_ts,0006.HK_1h,2026-03-20 12:30:00,61.95000076293945,61.41480255126953
stock_provided,finance,tabpfn_ts,0006.HK_1h,2026-03-20 13:30:00,61.900001525878906,61.41764831542969
stock_provided,finance,tabpfn_ts,0006.HK_1h,2026-03-20 14:30:00,61.900001525878906,61.42548370361328
stock_provided,finance,tabpfn_ts,0006.HK_1h,2026-03-20 15:30:00,61.79999923706055,61.43765640258789
